{
  "params": {
    "accessPattern": "random",
    "accessType": "read",
    "blockSize": 1048576,
    "granularity": "page",
    "nonTemporal": true,
    "nthreads": 32,
    "path": "/dev/dax0.0",
    "set-affinity": true,
    "source": "devdax",
    "stripeSize": 274877906944,
    "totalSize": 274877906944
  },
  "results": {
    "IOPS": 67939.32493209283,
    "MIOPS": 0.06793932493209283,
    "MiB_per_sec": 67939.32493209283,
    "addr": 20400020914176,
    "byte_per_sec": 71239545579.99417,
    "success": true,
    "time": 3858.501689
  }
}
