{
  "params": {
    "accessPattern": "random",
    "accessType": "read",
    "blockSize": 2048,
    "granularity": "page",
    "nonTemporal": false,
    "nthreads": 1,
    "path": "/dev/dax0.0",
    "set-affinity": true,
    "source": "devdax",
    "stripeSize": 8589934592,
    "totalSize": 8589934592
  },
  "results": {
    "IOPS": 1087903.2885749023,
    "MIOPS": 1.0879032885749023,
    "MiB_per_sec": 2124.811110497856,
    "addr": 20466592907264,
    "byte_per_sec": 2228025935.0014,
    "success": true,
    "time": 3855.401527
  }
}
