{
  "params": {
    "accessPattern": "random",
    "accessType": "read",
    "blockSize": 256,
    "granularity": "page",
    "nonTemporal": false,
    "nthreads": 1,
    "path": "/dev/dax0.0",
    "set-affinity": true,
    "source": "devdax",
    "stripeSize": 8589934592,
    "totalSize": 8589934592
  },
  "results": {
    "IOPS": 2706031.123599579,
    "MIOPS": 2.7060311235995793,
    "MiB_per_sec": 660.6521297850535,
    "addr": 21148418965504,
    "byte_per_sec": 692743967.6414922,
    "success": true,
    "time": 12399.869206
  }
}
