{
  "params": {
    "accessPattern": "random",
    "accessType": "read",
    "blockSize": 1024,
    "granularity": "page",
    "nonTemporal": false,
    "nthreads": 16,
    "path": "/dev/dax0.0",
    "set-affinity": true,
    "source": "devdax",
    "stripeSize": 137438953472,
    "totalSize": 137438953472
  },
  "results": {
    "IOPS": 18382439.483183283,
    "MIOPS": 18.382439483183283,
    "MiB_per_sec": 17951.601057796175,
    "addr": 20423643234304,
    "byte_per_sec": 18823618030.779682,
    "success": true,
    "time": 7301.410029000001
  }
}
