{
  "params": {
    "accessPattern": "random",
    "accessType": "read",
    "blockSize": 64,
    "granularity": "page",
    "nonTemporal": true,
    "nthreads": 4,
    "path": "/dev/dax0.0",
    "set-affinity": true,
    "source": "devdax",
    "stripeSize": 34359738368,
    "totalSize": 34359738368
  },
  "results": {
    "IOPS": 21208765.211876515,
    "MIOPS": 21.208765211876514,
    "MiB_per_sec": 1294.4802985764475,
    "addr": 20418274525184,
    "byte_per_sec": 1357360973.560097,
    "success": true,
    "time": 25313.633615
  }
}
