{
  "params": {
    "accessPattern": "random",
    "accessType": "read",
    "blockSize": 2048,
    "granularity": "page",
    "nonTemporal": true,
    "nthreads": 32,
    "path": "/dev/dax0.0",
    "set-affinity": true,
    "source": "devdax",
    "stripeSize": 274877906944,
    "totalSize": 274877906944
  },
  "results": {
    "IOPS": 23003736.719153855,
    "MIOPS": 23.003736719153856,
    "MiB_per_sec": 44929.17327959737,
    "addr": 20595441926144,
    "byte_per_sec": 47111652800.827095,
    "success": true,
    "time": 5834.605466
  }
}
