{
  "params": {
    "accessPattern": "random",
    "accessType": "read",
    "blockSize": 128,
    "granularity": "page",
    "nonTemporal": true,
    "nthreads": 8,
    "path": "/dev/dax0.0",
    "set-affinity": true,
    "source": "devdax",
    "stripeSize": 68719476736,
    "totalSize": 68719476736
  },
  "results": {
    "IOPS": 37694512.702921115,
    "MIOPS": 37.694512702921116,
    "MiB_per_sec": 4601.3809451808,
    "addr": 20492362711040,
    "byte_per_sec": 4824897625.973903,
    "success": true,
    "time": 14242.680790999999
  }
}
