{
  "params": {
    "accessPattern": "random",
    "accessType": "read",
    "blockSize": 128,
    "granularity": "page",
    "nonTemporal": true,
    "nthreads": 2,
    "path": "/dev/dax0.0",
    "set-affinity": true,
    "source": "devdax",
    "stripeSize": 17179869184,
    "totalSize": 17179869184
  },
  "results": {
    "IOPS": 8965786.051545734,
    "MIOPS": 8.965786051545734,
    "MiB_per_sec": 1094.4563051203288,
    "addr": 20249697058816,
    "byte_per_sec": 1147620614.597854,
    "success": true,
    "time": 14969.990052
  }
}
