{
  "params": {
    "accessPattern": "random",
    "accessType": "read",
    "blockSize": 128,
    "granularity": "page",
    "nonTemporal": true,
    "nthreads": 4,
    "path": "/dev/dax0.0",
    "set-affinity": true,
    "source": "devdax",
    "stripeSize": 34359738368,
    "totalSize": 34359738368
  },
  "results": {
    "IOPS": 18350858.957225174,
    "MIOPS": 18.350858957225174,
    "MiB_per_sec": 2240.095087551901,
    "addr": 20669530112000,
    "byte_per_sec": 2348909946.524822,
    "success": true,
    "time": 14627.950475
  }
}
