{
  "params": {
    "accessPattern": "random",
    "accessType": "read",
    "blockSize": 512,
    "granularity": "page",
    "nonTemporal": false,
    "nthreads": 1,
    "path": "/dev/dax0.0",
    "set-affinity": true,
    "source": "devdax",
    "stripeSize": 8589934592,
    "totalSize": 8589934592
  },
  "results": {
    "IOPS": 2161153.2506115967,
    "MIOPS": 2.161153250611597,
    "MiB_per_sec": 1055.2506106501937,
    "addr": 21165598834688,
    "byte_per_sec": 1106510464.3131375,
    "success": true,
    "time": 7763.084823
  }
}
