{
  "params": {
    "accessPattern": "random",
    "accessType": "read",
    "blockSize": 1048576,
    "granularity": "page",
    "nonTemporal": false,
    "nthreads": 48,
    "path": "/dev/dax0.0",
    "set-affinity": true,
    "source": "devdax",
    "stripeSize": 412316860416,
    "totalSize": 412316860416
  },
  "results": {
    "IOPS": 60919.95085226076,
    "MIOPS": 0.060919950852260756,
    "MiB_per_sec": 60919.95085226076,
    "addr": 21240760762368,
    "byte_per_sec": 63879198384.860176,
    "success": true,
    "time": 6454.634229
  }
}
