{
  "params": {
    "accessPattern": "random",
    "accessType": "read",
    "blockSize": 65536,
    "granularity": "page",
    "nonTemporal": true,
    "nthreads": 48,
    "path": "/dev/dax0.0",
    "set-affinity": true,
    "source": "devdax",
    "stripeSize": 412316860416,
    "totalSize": 412316860416
  },
  "results": {
    "IOPS": 1122817.9745477776,
    "MIOPS": 1.1228179745477775,
    "MiB_per_sec": 70176.1234092361,
    "addr": 20431159427072,
    "byte_per_sec": 73584998779.96315,
    "success": true,
    "time": 5603.273319999999
  }
}
