{
  "params": {
    "accessPattern": "random",
    "accessType": "read",
    "blockSize": 32768,
    "granularity": "page",
    "nonTemporal": true,
    "nthreads": 16,
    "path": "/dev/dax0.0",
    "set-affinity": true,
    "source": "devdax",
    "stripeSize": 137438953472,
    "totalSize": 137438953472
  },
  "results": {
    "IOPS": 1332411.6364588316,
    "MIOPS": 1.3324116364588316,
    "MiB_per_sec": 41637.86363933849,
    "addr": 20458002972672,
    "byte_per_sec": 43660464503.482994,
    "success": true,
    "time": 3147.9040600000003
  }
}
