{
  "params": {
    "accessPattern": "random",
    "accessType": "read",
    "blockSize": 1024,
    "granularity": "page",
    "nonTemporal": true,
    "nthreads": 4,
    "path": "/dev/dax0.0",
    "set-affinity": true,
    "source": "devdax",
    "stripeSize": 34359738368,
    "totalSize": 34359738368
  },
  "results": {
    "IOPS": 7153223.77046933,
    "MIOPS": 7.153223770469331,
    "MiB_per_sec": 6985.570088348955,
    "addr": 20522427482112,
    "byte_per_sec": 7324901140.960594,
    "success": true,
    "time": 4690.812572999999
  }
}
