{
  "params": {
    "accessPattern": "random",
    "accessType": "read",
    "blockSize": 64,
    "granularity": "page",
    "nonTemporal": false,
    "nthreads": 4,
    "path": "/dev/dax0.0",
    "set-affinity": true,
    "source": "devdax",
    "stripeSize": 34359738368,
    "totalSize": 34359738368
  },
  "results": {
    "IOPS": 16580538.779070016,
    "MIOPS": 16.580538779070014,
    "MiB_per_sec": 1011.9957750897227,
    "addr": 21026012397568,
    "byte_per_sec": 1061154481.860481,
    "success": true,
    "time": 32379.581819000003
  }
}
