{
  "params": {
    "accessPattern": "random",
    "accessType": "read",
    "blockSize": 1024,
    "granularity": "page",
    "nonTemporal": true,
    "nthreads": 48,
    "path": "/dev/dax0.0",
    "set-affinity": true,
    "source": "devdax",
    "stripeSize": 412316860416,
    "totalSize": 412316860416
  },
  "results": {
    "IOPS": 48947710.355440095,
    "MIOPS": 48.947710355440094,
    "MiB_per_sec": 47800.49839398447,
    "addr": 21305185271808,
    "byte_per_sec": 50122455403.97066,
    "success": true,
    "time": 8226.190379
  }
}
