{
  "params": {
    "accessPattern": "random",
    "accessType": "read",
    "blockSize": 1048576,
    "granularity": "page",
    "nonTemporal": false,
    "nthreads": 32,
    "path": "/dev/dax0.0",
    "set-affinity": true,
    "source": "devdax",
    "stripeSize": 274877906944,
    "totalSize": 274877906944
  },
  "results": {
    "IOPS": 50653.750655357675,
    "MIOPS": 0.050653750655357675,
    "MiB_per_sec": 50653.750655357675,
    "addr": 20280835571712,
    "byte_per_sec": 53114307247.19233,
    "success": true,
    "time": 5175.214009
  }
}
