{
  "params": {
    "accessPattern": "random",
    "accessType": "read",
    "blockSize": 1024,
    "granularity": "page",
    "nonTemporal": false,
    "nthreads": 1,
    "path": "/dev/dax0.0",
    "set-affinity": true,
    "source": "devdax",
    "stripeSize": 8589934592,
    "totalSize": 8589934592
  },
  "results": {
    "IOPS": 1484696.6478776324,
    "MIOPS": 1.4846966478776324,
    "MiB_per_sec": 1449.8990701930004,
    "addr": 20471961616384,
    "byte_per_sec": 1520329367.4266956,
    "success": true,
    "time": 5650.048454
  }
}
