{
  "params": {
    "accessPattern": "random",
    "accessType": "read",
    "blockSize": 262144,
    "granularity": "page",
    "nonTemporal": false,
    "nthreads": 48,
    "path": "/dev/dax0.0",
    "set-affinity": true,
    "source": "devdax",
    "stripeSize": 412316860416,
    "totalSize": 412316860416
  },
  "results": {
    "IOPS": 248869.50284192624,
    "MIOPS": 0.24886950284192624,
    "MiB_per_sec": 62217.37571048156,
    "addr": 20410758332416,
    "byte_per_sec": 65239646952.99391,
    "success": true,
    "time": 6320.035127
  }
}
