{
  "params": {
    "accessPattern": "random",
    "accessType": "read",
    "blockSize": 16384,
    "granularity": "page",
    "nonTemporal": true,
    "nthreads": 16,
    "path": "/dev/dax0.0",
    "set-affinity": true,
    "source": "devdax",
    "stripeSize": 137438953472,
    "totalSize": 137438953472
  },
  "results": {
    "IOPS": 2599806.168745305,
    "MIOPS": 2.599806168745305,
    "MiB_per_sec": 40621.97138664539,
    "addr": 20643760308224,
    "byte_per_sec": 42595224268.723076,
    "success": true,
    "time": 3226.628239
  }
}
