{
  "params": {
    "accessPattern": "random",
    "accessType": "read",
    "blockSize": 256,
    "granularity": "page",
    "nonTemporal": true,
    "nthreads": 32,
    "path": "/dev/dax0.0",
    "set-affinity": true,
    "source": "devdax",
    "stripeSize": 274877906944,
    "totalSize": 274877906944
  },
  "results": {
    "IOPS": 119397043.94633351,
    "MIOPS": 119.39704394633351,
    "MiB_per_sec": 29149.66893221033,
    "addr": 20478404067328,
    "byte_per_sec": 30565643250.26138,
    "success": true,
    "time": 8993.035242
  }
}
