{
  "params": {
    "accessPattern": "random",
    "accessType": "read",
    "blockSize": 8192,
    "granularity": "page",
    "nonTemporal": false,
    "nthreads": 48,
    "path": "/dev/dax0.0",
    "set-affinity": true,
    "source": "devdax",
    "stripeSize": 412316860416,
    "totalSize": 412316860416
  },
  "results": {
    "IOPS": 8354285.302994508,
    "MIOPS": 8.354285302994509,
    "MiB_per_sec": 65267.853929644596,
    "addr": 20334522662912,
    "byte_per_sec": 68438305202.13101,
    "success": true,
    "time": 6024.650365
  }
}
