{
  "params": {
    "accessPattern": "random",
    "accessType": "read",
    "blockSize": 8192,
    "granularity": "page",
    "nonTemporal": false,
    "nthreads": 1,
    "path": "/dev/dax0.0",
    "set-affinity": true,
    "source": "devdax",
    "stripeSize": 8589934592,
    "totalSize": 8589934592
  },
  "results": {
    "IOPS": 306423.1301362546,
    "MIOPS": 0.3064231301362546,
    "MiB_per_sec": 2393.930704189489,
    "addr": 20468740390912,
    "byte_per_sec": 2510218282.0761976,
    "success": true,
    "time": 3421.9871049999997
  }
}
