{
  "params": {
    "accessPattern": "random",
    "accessType": "read",
    "blockSize": 32768,
    "granularity": "page",
    "nonTemporal": true,
    "nthreads": 1,
    "path": "/dev/dax0.0",
    "set-affinity": true,
    "source": "devdax",
    "stripeSize": 8589934592,
    "totalSize": 8589934592
  },
  "results": {
    "IOPS": 113165.67060861815,
    "MIOPS": 0.11316567060861815,
    "MiB_per_sec": 3536.427206519317,
    "addr": 20306605375488,
    "byte_per_sec": 3708212694.5031996,
    "success": true,
    "time": 2316.462215
  }
}
