{
  "params": {
    "accessPattern": "random",
    "accessType": "read",
    "blockSize": 128,
    "granularity": "page",
    "nonTemporal": true,
    "nthreads": 1,
    "path": "/dev/dax0.0",
    "set-affinity": true,
    "source": "devdax",
    "stripeSize": 8589934592,
    "totalSize": 8589934592
  },
  "results": {
    "IOPS": 4480151.8647303125,
    "MIOPS": 4.4801518647303125,
    "MiB_per_sec": 546.893538175087,
    "addr": 21132312838144,
    "byte_per_sec": 573459438.68548,
    "success": true,
    "time": 14979.149374
  }
}
