{
  "params": {
    "accessPattern": "random",
    "accessType": "read",
    "blockSize": 2048,
    "granularity": "page",
    "nonTemporal": false,
    "nthreads": 16,
    "path": "/dev/dax0.0",
    "set-affinity": true,
    "source": "devdax",
    "stripeSize": 137438953472,
    "totalSize": 137438953472
  },
  "results": {
    "IOPS": 11422023.711998397,
    "MIOPS": 11.422023711998397,
    "MiB_per_sec": 22308.64006249687,
    "addr": 21129091612672,
    "byte_per_sec": 23392304562.172718,
    "success": true,
    "time": 5875.39176
  }
}
