{
  "params": {
    "accessPattern": "random",
    "accessType": "read",
    "blockSize": 1024,
    "granularity": "page",
    "nonTemporal": true,
    "nthreads": 48,
    "path": "/dev/dax0.0",
    "set-affinity": true,
    "source": "devdax",
    "stripeSize": 412316860416,
    "totalSize": 412316860416
  },
  "results": {
    "IOPS": 48139485.233432256,
    "MIOPS": 48.139485233432254,
    "MiB_per_sec": 47011.21604827369,
    "addr": 21071109554176,
    "byte_per_sec": 49294832879.03463,
    "success": true,
    "time": 8364.301821
  }
}
