{
  "params": {
    "accessPattern": "random",
    "accessType": "read",
    "blockSize": 1048576,
    "granularity": "page",
    "nonTemporal": true,
    "nthreads": 1,
    "path": "/dev/dax0.0",
    "set-affinity": true,
    "source": "devdax",
    "stripeSize": 8589934592,
    "totalSize": 8589934592
  },
  "results": {
    "IOPS": 3564.5534910977553,
    "MIOPS": 0.003564553491097755,
    "MiB_per_sec": 3564.5534910977553,
    "addr": 20211042353152,
    "byte_per_sec": 3737705241.48132,
    "success": true,
    "time": 2298.184056
  }
}
