{
  "params": {
    "accessPattern": "random",
    "accessType": "read",
    "blockSize": 128,
    "granularity": "page",
    "nonTemporal": false,
    "nthreads": 48,
    "path": "/dev/dax0.0",
    "set-affinity": true,
    "source": "devdax",
    "stripeSize": 412316860416,
    "totalSize": 412316860416
  },
  "results": {
    "IOPS": 155128099.5095882,
    "MIOPS": 155.12809950958822,
    "MiB_per_sec": 18936.53558466653,
    "addr": 20850992480256,
    "byte_per_sec": 19856396737.22729,
    "success": true,
    "time": 20764.938668
  }
}
