{
  "params": {
    "accessPattern": "random",
    "accessType": "read",
    "blockSize": 131072,
    "granularity": "page",
    "nonTemporal": false,
    "nthreads": 8,
    "path": "/dev/dax0.0",
    "set-affinity": true,
    "source": "devdax",
    "stripeSize": 68719476736,
    "totalSize": 68719476736
  },
  "results": {
    "IOPS": 149589.9451879824,
    "MIOPS": 0.1495899451879824,
    "MiB_per_sec": 18698.7431484978,
    "addr": 21299816562688,
    "byte_per_sec": 19607053295.67923,
    "success": true,
    "time": 3504.834495
  }
}
