{
  "params": {
    "accessPattern": "random",
    "accessType": "read",
    "blockSize": 1048576,
    "granularity": "page",
    "nonTemporal": true,
    "nthreads": 8,
    "path": "/dev/dax0.0",
    "set-affinity": true,
    "source": "devdax",
    "stripeSize": 68719476736,
    "totalSize": 68719476736
  },
  "results": {
    "IOPS": 23982.198457895898,
    "MIOPS": 0.023982198457895898,
    "MiB_per_sec": 23982.198457895898,
    "addr": 20714627268608,
    "byte_per_sec": 25147157730.18665,
    "success": true,
    "time": 2732.69359
  }
}
