{
  "params": {
    "accessPattern": "random",
    "accessType": "read",
    "blockSize": 16384,
    "granularity": "page",
    "nonTemporal": true,
    "nthreads": 16,
    "path": "/dev/dax0.0",
    "set-affinity": true,
    "source": "devdax",
    "stripeSize": 137438953472,
    "totalSize": 137438953472
  },
  "results": {
    "IOPS": 2606728.663669904,
    "MIOPS": 2.6067286636699043,
    "MiB_per_sec": 40730.13536984225,
    "addr": 21220359667712,
    "byte_per_sec": 42708642425.56771,
    "success": true,
    "time": 3218.059523
  }
}
