{
  "params": {
    "accessPattern": "random",
    "accessType": "read",
    "blockSize": 256,
    "granularity": "page",
    "nonTemporal": false,
    "nthreads": 32,
    "path": "/dev/dax0.0",
    "set-affinity": true,
    "source": "devdax",
    "stripeSize": 274877906944,
    "totalSize": 274877906944
  },
  "results": {
    "IOPS": 85101686.10727465,
    "MIOPS": 85.10168610727465,
    "MiB_per_sec": 20776.77883478385,
    "addr": 20330227695616,
    "byte_per_sec": 21786031643.46231,
    "success": true,
    "time": 12617.162751
  }
}
