{
  "params": {
    "accessPattern": "random",
    "accessType": "read",
    "blockSize": 131072,
    "granularity": "page",
    "nonTemporal": false,
    "nthreads": 8,
    "path": "/dev/dax0.0",
    "set-affinity": true,
    "source": "devdax",
    "stripeSize": 68719476736,
    "totalSize": 68719476736
  },
  "results": {
    "IOPS": 148385.96013982486,
    "MIOPS": 0.14838596013982486,
    "MiB_per_sec": 18548.245017478108,
    "addr": 20591146958848,
    "byte_per_sec": 19449244567.447124,
    "success": true,
    "time": 3533.272282
  }
}
