{
  "params": {
    "accessPattern": "random",
    "accessType": "read",
    "blockSize": 65536,
    "granularity": "page",
    "nonTemporal": false,
    "nthreads": 8,
    "path": "/dev/dax0.0",
    "set-affinity": true,
    "source": "devdax",
    "stripeSize": 68719476736,
    "totalSize": 68719476736
  },
  "results": {
    "IOPS": 292636.4879334781,
    "MIOPS": 0.2926364879334781,
    "MiB_per_sec": 18289.78049584238,
    "addr": 20608326828032,
    "byte_per_sec": 19178224873.20842,
    "success": true,
    "time": 3583.2032
  }
}
