{
  "params": {
    "accessPattern": "random",
    "accessType": "read",
    "blockSize": 16384,
    "granularity": "page",
    "nonTemporal": true,
    "nthreads": 1,
    "path": "/dev/dax0.0",
    "set-affinity": true,
    "source": "devdax",
    "stripeSize": 8589934592,
    "totalSize": 8589934592
  },
  "results": {
    "IOPS": 221019.2262955068,
    "MIOPS": 0.22101922629550683,
    "MiB_per_sec": 3453.425410867294,
    "addr": 21172041285632,
    "byte_per_sec": 3621179003.6255836,
    "success": true,
    "time": 2372.1375230000003
  }
}
