{
  "params": {
    "accessPattern": "random",
    "accessType": "read",
    "blockSize": 64,
    "granularity": "page",
    "nonTemporal": false,
    "nthreads": 2,
    "path": "/dev/dax0.0",
    "set-affinity": true,
    "source": "devdax",
    "stripeSize": 17179869184,
    "totalSize": 17179869184
  },
  "results": {
    "IOPS": 8433644.913334409,
    "MIOPS": 8.433644913334408,
    "MiB_per_sec": 514.7488350423833,
    "addr": 21137681547264,
    "byte_per_sec": 539753274.4534022,
    "success": true,
    "time": 31829.115259000002
  }
}
