{
  "params": {
    "accessPattern": "random",
    "accessType": "read",
    "blockSize": 1048576,
    "granularity": "page",
    "nonTemporal": true,
    "nthreads": 4,
    "path": "/dev/dax0.0",
    "set-affinity": true,
    "source": "devdax",
    "stripeSize": 34359738368,
    "totalSize": 34359738368
  },
  "results": {
    "IOPS": 13078.317305236444,
    "MIOPS": 0.013078317305236443,
    "MiB_per_sec": 13078.317305236444,
    "addr": 21165598834688,
    "byte_per_sec": 13713609646.65561,
    "success": true,
    "time": 2505.521103
  }
}
