{
  "params": {
    "accessPattern": "random",
    "accessType": "read",
    "blockSize": 1024,
    "granularity": "page",
    "nonTemporal": false,
    "nthreads": 32,
    "path": "/dev/dax0.0",
    "set-affinity": true,
    "source": "devdax",
    "stripeSize": 274877906944,
    "totalSize": 274877906944
  },
  "results": {
    "IOPS": 30068104.132889282,
    "MIOPS": 30.06810413288928,
    "MiB_per_sec": 29363.38294227469,
    "addr": 20786567970816,
    "byte_per_sec": 30789738632.078625,
    "success": true,
    "time": 8927.581693
  }
}
