{
  "params": {
    "accessPattern": "random",
    "accessType": "read",
    "blockSize": 1024,
    "granularity": "page",
    "nonTemporal": true,
    "nthreads": 32,
    "path": "/dev/dax0.0",
    "set-affinity": true,
    "source": "devdax",
    "stripeSize": 274877906944,
    "totalSize": 274877906944
  },
  "results": {
    "IOPS": 35849305.6034955,
    "MIOPS": 35.8493056034955,
    "MiB_per_sec": 35009.087503413575,
    "addr": 20882130993152,
    "byte_per_sec": 36709688937.97939,
    "success": true,
    "time": 7487.884395
  }
}
