{
  "params": {
    "accessPattern": "random",
    "accessType": "read",
    "blockSize": 8192,
    "granularity": "page",
    "nonTemporal": true,
    "nthreads": 4,
    "path": "/dev/dax0.0",
    "set-affinity": true,
    "source": "devdax",
    "stripeSize": 34359738368,
    "totalSize": 34359738368
  },
  "results": {
    "IOPS": 1568027.8051458884,
    "MIOPS": 1.5680278051458885,
    "MiB_per_sec": 12250.217227702253,
    "addr": 20310900342784,
    "byte_per_sec": 12845283779.755117,
    "success": true,
    "time": 2674.891342
  }
}
