{
  "params": {
    "accessPattern": "random",
    "accessType": "read",
    "blockSize": 16384,
    "granularity": "page",
    "nonTemporal": true,
    "nthreads": 32,
    "path": "/dev/dax0.0",
    "set-affinity": true,
    "source": "devdax",
    "stripeSize": 274877906944,
    "totalSize": 274877906944
  },
  "results": {
    "IOPS": 4173469.4904490733,
    "MIOPS": 4.173469490449073,
    "MiB_per_sec": 65210.46078826677,
    "addr": 20331301437440,
    "byte_per_sec": 68378124131.51762,
    "success": true,
    "time": 4019.9685269999995
  }
}
