{
  "params": {
    "accessPattern": "random",
    "accessType": "read",
    "blockSize": 64,
    "granularity": "page",
    "nonTemporal": true,
    "nthreads": 8,
    "path": "/dev/dax0.0",
    "set-affinity": true,
    "source": "devdax",
    "stripeSize": 68719476736,
    "totalSize": 68719476736
  },
  "results": {
    "IOPS": 37694261.40838833,
    "MIOPS": 37.69426140838833,
    "MiB_per_sec": 2300.675134789327,
    "addr": 21061445877760,
    "byte_per_sec": 2412432730.136853,
    "success": true,
    "time": 28485.551484
  }
}
