{
  "params": {
    "accessPattern": "random",
    "accessType": "read",
    "blockSize": 128,
    "granularity": "page",
    "nonTemporal": true,
    "nthreads": 2,
    "path": "/dev/dax0.0",
    "set-affinity": true,
    "source": "devdax",
    "stripeSize": 17179869184,
    "totalSize": 17179869184
  },
  "results": {
    "IOPS": 10809289.768891687,
    "MIOPS": 10.809289768891686,
    "MiB_per_sec": 1319.493379991661,
    "addr": 20939039309824,
    "byte_per_sec": 1383589090.418136,
    "success": true,
    "time": 12416.886851
  }
}
