{
  "params": {
    "accessPattern": "random",
    "accessType": "read",
    "blockSize": 65536,
    "granularity": "page",
    "nonTemporal": true,
    "nthreads": 1,
    "path": "/dev/dax0.0",
    "set-affinity": true,
    "source": "devdax",
    "stripeSize": 8589934592,
    "totalSize": 8589934592
  },
  "results": {
    "IOPS": 57072.82867060794,
    "MIOPS": 0.057072828670607936,
    "MiB_per_sec": 3567.051791912996,
    "addr": 20315195310080,
    "byte_per_sec": 3740324899.756962,
    "success": true,
    "time": 2296.574448
  }
}
