{
  "params": {
    "accessPattern": "random",
    "accessType": "read",
    "blockSize": 131072,
    "granularity": "page",
    "nonTemporal": true,
    "nthreads": 16,
    "path": "/dev/dax0.0",
    "set-affinity": true,
    "source": "devdax",
    "stripeSize": 137438953472,
    "totalSize": 137438953472
  },
  "results": {
    "IOPS": 334196.7976596199,
    "MIOPS": 0.3341967976596199,
    "MiB_per_sec": 41774.599707452486,
    "addr": 20220706029568,
    "byte_per_sec": 43803842662.8417,
    "success": true,
    "time": 3137.600382
  }
}
