{
  "params": {
    "accessPattern": "random",
    "accessType": "read",
    "blockSize": 64,
    "granularity": "page",
    "nonTemporal": false,
    "nthreads": 48,
    "path": "/dev/dax0.0",
    "set-affinity": true,
    "source": "devdax",
    "stripeSize": 412316860416,
    "totalSize": 412316860416
  },
  "results": {
    "IOPS": 191257689.41598222,
    "MIOPS": 191.2576894159822,
    "MiB_per_sec": 11673.442957518446,
    "addr": 20291572989952,
    "byte_per_sec": 12240492122.622862,
    "success": true,
    "time": 33684.663679000005
  }
}
