{
  "params": {
    "accessPattern": "random",
    "accessType": "read",
    "blockSize": 131072,
    "granularity": "page",
    "nonTemporal": false,
    "nthreads": 48,
    "path": "/dev/dax0.0",
    "set-affinity": true,
    "source": "devdax",
    "stripeSize": 412316860416,
    "totalSize": 412316860416
  },
  "results": {
    "IOPS": 500410.50245533016,
    "MIOPS": 0.5004105024553301,
    "MiB_per_sec": 62551.31280691627,
    "addr": 20787641712640,
    "byte_per_sec": 65589805377.825035,
    "success": true,
    "time": 6286.294921
  }
}
