{
  "params": {
    "accessPattern": "sequential",
    "accessType": "read",
    "blockSize": 16384,
    "granularity": "page",
    "nonTemporal": false,
    "nthreads": 2,
    "path": "/dev/dax0.0",
    "set-affinity": true,
    "source": "devdax",
    "stripeSize": 17179869184,
    "totalSize": 17179869184
  },
  "results": {
    "IOPS": 315354.8471609842,
    "MIOPS": 0.31535484716098416,
    "MiB_per_sec": 4927.419486890378,
    "addr": 20750060748800,
    "byte_per_sec": 5166773815.885565,
    "success": true,
    "time": 3325.067014
  }
}
