{
  "params": {
    "accessPattern": "sequential",
    "accessType": "read",
    "blockSize": 8192,
    "granularity": "page",
    "nonTemporal": true,
    "nthreads": 32,
    "path": "/dev/dax0.0",
    "set-affinity": true,
    "source": "devdax",
    "stripeSize": 274877906944,
    "totalSize": 274877906944
  },
  "results": {
    "IOPS": 8722944.875839116,
    "MIOPS": 8.722944875839117,
    "MiB_per_sec": 68148.0068424931,
    "addr": 20725364686848,
    "byte_per_sec": 71458364422.87404,
    "success": true,
    "time": 3846.686237
  }
}
