{
  "params": {
    "accessPattern": "sequential",
    "accessType": "read",
    "blockSize": 65536,
    "granularity": "page",
    "nonTemporal": false,
    "nthreads": 2,
    "path": "/dev/dax0.0",
    "set-affinity": true,
    "source": "devdax",
    "stripeSize": 17179869184,
    "totalSize": 17179869184
  },
  "results": {
    "IOPS": 79831.37541716191,
    "MIOPS": 0.07983137541716191,
    "MiB_per_sec": 4989.460963572619,
    "addr": 21210695991296,
    "byte_per_sec": 5231829019.339123,
    "success": true,
    "time": 3283.7214519999998
  }
}
