{
  "params": {
    "accessPattern": "sequential",
    "accessType": "read",
    "blockSize": 16384,
    "granularity": "page",
    "nonTemporal": false,
    "nthreads": 8,
    "path": "/dev/dax0.0",
    "set-affinity": true,
    "source": "devdax",
    "stripeSize": 68719476736,
    "totalSize": 68719476736
  },
  "results": {
    "IOPS": 1152718.5951967451,
    "MIOPS": 1.1527185951967451,
    "MiB_per_sec": 18011.228049949143,
    "addr": 20816632741888,
    "byte_per_sec": 18886141463.703472,
    "success": true,
    "time": 3638.619189
  }
}
