{
  "params": {
    "accessPattern": "sequential",
    "accessType": "read",
    "blockSize": 8192,
    "granularity": "page",
    "nonTemporal": false,
    "nthreads": 32,
    "path": "/dev/dax0.0",
    "set-affinity": true,
    "source": "devdax",
    "stripeSize": 274877906944,
    "totalSize": 274877906944
  },
  "results": {
    "IOPS": 6966552.524140037,
    "MIOPS": 6.966552524140036,
    "MiB_per_sec": 54426.19159484404,
    "addr": 20918638215168,
    "byte_per_sec": 57069998277.75518,
    "success": true,
    "time": 4816.50456
  }
}
