{
  "params": {
    "accessPattern": "sequential",
    "accessType": "read",
    "blockSize": 131072,
    "granularity": "page",
    "nonTemporal": true,
    "nthreads": 32,
    "path": "/dev/dax0.0",
    "set-affinity": true,
    "source": "devdax",
    "stripeSize": 274877906944,
    "totalSize": 274877906944
  },
  "results": {
    "IOPS": 533064.6317008131,
    "MIOPS": 0.5330646317008131,
    "MiB_per_sec": 66633.07896260163,
    "addr": 21280489209856,
    "byte_per_sec": 69869847406.28897,
    "success": true,
    "time": 3934.1420820000003
  }
}
