{
  "params": {
    "accessPattern": "sequential",
    "accessType": "read",
    "blockSize": 65536,
    "granularity": "page",
    "nonTemporal": false,
    "nthreads": 32,
    "path": "/dev/dax0.0",
    "set-affinity": true,
    "source": "devdax",
    "stripeSize": 274877906944,
    "totalSize": 274877906944
  },
  "results": {
    "IOPS": 875905.1777429894,
    "MIOPS": 0.8759051777429894,
    "MiB_per_sec": 54744.07360893684,
    "addr": 20496657678336,
    "byte_per_sec": 57403321728.56455,
    "success": true,
    "time": 4788.536598000001
  }
}
