{
  "params": {
    "accessPattern": "sequential",
    "accessType": "read",
    "blockSize": 4096,
    "granularity": "page",
    "nonTemporal": true,
    "nthreads": 1,
    "path": "/dev/dax0.0",
    "set-affinity": true,
    "source": "devdax",
    "stripeSize": 8589934592,
    "totalSize": 8589934592
  },
  "results": {
    "IOPS": 793414.8030188603,
    "MIOPS": 0.7934148030188602,
    "MiB_per_sec": 3099.276574292423,
    "addr": 20520279998464,
    "byte_per_sec": 3249827033.1652517,
    "success": true,
    "time": 2643.19747
  }
}
