{
  "params": {
    "accessPattern": "sequential",
    "accessType": "read",
    "blockSize": 128,
    "granularity": "page",
    "nonTemporal": true,
    "nthreads": 4,
    "path": "/dev/dax0.0",
    "set-affinity": true,
    "source": "devdax",
    "stripeSize": 34359738368,
    "totalSize": 34359738368
  },
  "results": {
    "IOPS": 21821852.403920904,
    "MIOPS": 21.821852403920904,
    "MiB_per_sec": 2663.800342275501,
    "addr": 20644834050048,
    "byte_per_sec": 2793197107.7018757,
    "success": true,
    "time": 12301.222235
  }
}
