{
  "params": {
    "accessPattern": "sequential",
    "accessType": "read",
    "blockSize": 131072,
    "granularity": "page",
    "nonTemporal": true,
    "nthreads": 8,
    "path": "/dev/dax0.0",
    "set-affinity": true,
    "source": "devdax",
    "stripeSize": 68719476736,
    "totalSize": 68719476736
  },
  "results": {
    "IOPS": 192231.1110969991,
    "MIOPS": 0.1922311110969991,
    "MiB_per_sec": 24028.88888712489,
    "addr": 20648055275520,
    "byte_per_sec": 25196116193.705868,
    "success": true,
    "time": 2727.3837049999997
  }
}
