{
  "params": {
    "accessPattern": "sequential",
    "accessType": "read",
    "blockSize": 524288,
    "granularity": "page",
    "nonTemporal": true,
    "nthreads": 1,
    "path": "/dev/dax0.0",
    "set-affinity": true,
    "source": "devdax",
    "stripeSize": 8589934592,
    "totalSize": 8589934592
  },
  "results": {
    "IOPS": 7156.162211616824,
    "MIOPS": 0.007156162211616824,
    "MiB_per_sec": 3578.081105808412,
    "addr": 20754355716096,
    "byte_per_sec": 3751889973.6041613,
    "success": true,
    "time": 2289.4953349999996
  }
}
