{
  "params": {
    "accessPattern": "sequential",
    "accessType": "read",
    "blockSize": 64,
    "granularity": "page",
    "nonTemporal": false,
    "nthreads": 16,
    "path": "/dev/dax0.0",
    "set-affinity": true,
    "source": "devdax",
    "stripeSize": 137438953472,
    "totalSize": 137438953472
  },
  "results": {
    "IOPS": 67945885.69252174,
    "MIOPS": 67.94588569252174,
    "MiB_per_sec": 4147.087749787704,
    "addr": 20683488755712,
    "byte_per_sec": 4348536684.321391,
    "success": true,
    "time": 31605.793729999998
  }
}
