{
  "params": {
    "accessPattern": "sequential",
    "accessType": "read",
    "blockSize": 128,
    "granularity": "page",
    "nonTemporal": false,
    "nthreads": 32,
    "path": "/dev/dax0.0",
    "set-affinity": true,
    "source": "devdax",
    "stripeSize": 274877906944,
    "totalSize": 274877906944
  },
  "results": {
    "IOPS": 105228475.52691713,
    "MIOPS": 105.22847552691712,
    "MiB_per_sec": 12845.272891469376,
    "addr": 20444044328960,
    "byte_per_sec": 13469244867.445393,
    "success": true,
    "time": 20407.818675000002
  }
}
