{
  "params": {
    "accessPattern": "sequential",
    "accessType": "read",
    "blockSize": 64,
    "granularity": "page",
    "nonTemporal": false,
    "nthreads": 2,
    "path": "/dev/dax0.0",
    "set-affinity": true,
    "source": "devdax",
    "stripeSize": 17179869184,
    "totalSize": 17179869184
  },
  "results": {
    "IOPS": 9900020.700370217,
    "MIOPS": 9.900020700370217,
    "MiB_per_sec": 604.2493103253306,
    "addr": 20796231647232,
    "byte_per_sec": 633601324.8236939,
    "success": true,
    "time": 27114.63583
  }
}
