{
  "params": {
    "accessPattern": "sequential",
    "accessType": "read",
    "blockSize": 262144,
    "granularity": "page",
    "nonTemporal": true,
    "nthreads": 2,
    "path": "/dev/dax0.0",
    "set-affinity": true,
    "source": "devdax",
    "stripeSize": 17179869184,
    "totalSize": 17179869184
  },
  "results": {
    "IOPS": 27713.637413608078,
    "MIOPS": 0.027713637413608078,
    "MiB_per_sec": 6928.409353402019,
    "addr": 20527796191232,
    "byte_per_sec": 7264963766.152876,
    "success": true,
    "time": 2364.756348
  }
}
