{
  "params": {
    "accessPattern": "sequential",
    "accessType": "read",
    "blockSize": 256,
    "granularity": "page",
    "nonTemporal": false,
    "nthreads": 32,
    "path": "/dev/dax0.0",
    "set-affinity": true,
    "source": "devdax",
    "stripeSize": 274877906944,
    "totalSize": 274877906944
  },
  "results": {
    "IOPS": 86096568.32088512,
    "MIOPS": 86.09656832088513,
    "MiB_per_sec": 21019.670000216094,
    "addr": 20697447399424,
    "byte_per_sec": 22040721490.14659,
    "success": true,
    "time": 12471.366106
  }
}
