{
  "params": {
    "accessPattern": "sequential",
    "accessType": "read",
    "blockSize": 262144,
    "granularity": "page",
    "nonTemporal": true,
    "nthreads": 32,
    "path": "/dev/dax0.0",
    "set-affinity": true,
    "source": "devdax",
    "stripeSize": 274877906944,
    "totalSize": 274877906944
  },
  "results": {
    "IOPS": 269238.3040485586,
    "MIOPS": 0.2692383040485586,
    "MiB_per_sec": 67309.57601213965,
    "addr": 20942260535296,
    "byte_per_sec": 70579205976.50534,
    "success": true,
    "time": 3894.601861
  }
}
