{
  "params": {
    "accessPattern": "sequential",
    "accessType": "read",
    "blockSize": 1024,
    "granularity": "page",
    "nonTemporal": false,
    "nthreads": 16,
    "path": "/dev/dax0.0",
    "set-affinity": true,
    "source": "devdax",
    "stripeSize": 137438953472,
    "totalSize": 137438953472
  },
  "results": {
    "IOPS": 28976501.85654027,
    "MIOPS": 28.97650185654027,
    "MiB_per_sec": 28297.365094277608,
    "addr": 20579335798784,
    "byte_per_sec": 29671937901.097237,
    "success": true,
    "time": 4631.950698
  }
}
