{
  "params": {
    "accessPattern": "sequential",
    "accessType": "read",
    "blockSize": 512,
    "granularity": "page",
    "nonTemporal": false,
    "nthreads": 48,
    "path": "/dev/dax0.0",
    "set-affinity": true,
    "source": "devdax",
    "stripeSize": 412316860416,
    "totalSize": 412316860416
  },
  "results": {
    "IOPS": 107418093.44139035,
    "MIOPS": 107.41809344139035,
    "MiB_per_sec": 52450.24093817888,
    "addr": 20664161402880,
    "byte_per_sec": 54998063841.99186,
    "success": true,
    "time": 7496.9341030000005
  }
}
