{
  "params": {
    "accessPattern": "sequential",
    "accessType": "read",
    "blockSize": 128,
    "granularity": "page",
    "nonTemporal": true,
    "nthreads": 4,
    "path": "/dev/dax0.0",
    "set-affinity": true,
    "source": "devdax",
    "stripeSize": 34359738368,
    "totalSize": 34359738368
  },
  "results": {
    "IOPS": 21820990.342254423,
    "MIOPS": 21.820990342254422,
    "MiB_per_sec": 2663.6951101384793,
    "addr": 21199958573056,
    "byte_per_sec": 2793086763.808566,
    "success": true,
    "time": 12301.708208
  }
}
