{
  "params": {
    "accessPattern": "sequential",
    "accessType": "read",
    "blockSize": 32768,
    "granularity": "page",
    "nonTemporal": true,
    "nthreads": 1,
    "path": "/dev/dax0.0",
    "set-affinity": true,
    "source": "devdax",
    "stripeSize": 8589934592,
    "totalSize": 8589934592
  },
  "results": {
    "IOPS": 113529.82622282732,
    "MIOPS": 0.11352982622282733,
    "MiB_per_sec": 3547.807069463354,
    "addr": 20701742366720,
    "byte_per_sec": 3720145345.6696057,
    "success": true,
    "time": 2309.0319849999996
  }
}
