{
  "params": {
    "accessPattern": "sequential",
    "accessType": "read",
    "blockSize": 16384,
    "granularity": "page",
    "nonTemporal": false,
    "nthreads": 32,
    "path": "/dev/dax0.0",
    "set-affinity": true,
    "source": "devdax",
    "stripeSize": 274877906944,
    "totalSize": 274877906944
  },
  "results": {
    "IOPS": 3577439.3942903024,
    "MIOPS": 3.577439394290302,
    "MiB_per_sec": 55897.490535785975,
    "addr": 21211769733120,
    "byte_per_sec": 58612767036.052315,
    "success": true,
    "time": 4689.727526000001
  }
}
