{
  "params": {
    "accessPattern": "sequential",
    "accessType": "read",
    "blockSize": 1048576,
    "granularity": "page",
    "nonTemporal": true,
    "nthreads": 4,
    "path": "/dev/dax0.0",
    "set-affinity": true,
    "source": "devdax",
    "stripeSize": 34359738368,
    "totalSize": 34359738368
  },
  "results": {
    "IOPS": 13113.233031347198,
    "MIOPS": 0.013113233031347198,
    "MiB_per_sec": 13113.233031347198,
    "addr": 20957292920832,
    "byte_per_sec": 13750221439.077919,
    "success": true,
    "time": 2498.8498200000004
  }
}
