{
  "params": {
    "accessPattern": "sequential",
    "accessType": "read",
    "blockSize": 65536,
    "granularity": "page",
    "nonTemporal": true,
    "nthreads": 2,
    "path": "/dev/dax0.0",
    "set-affinity": true,
    "source": "devdax",
    "stripeSize": 17179869184,
    "totalSize": 17179869184
  },
  "results": {
    "IOPS": 110576.70974111311,
    "MIOPS": 0.11057670974111311,
    "MiB_per_sec": 6911.044358819569,
    "addr": 20963735371776,
    "byte_per_sec": 7246755249.593589,
    "success": true,
    "time": 2370.698139
  }
}
