{
  "params": {
    "accessPattern": "sequential",
    "accessType": "read",
    "blockSize": 524288,
    "granularity": "page",
    "nonTemporal": true,
    "nthreads": 16,
    "path": "/dev/dax0.0",
    "set-affinity": true,
    "source": "devdax",
    "stripeSize": 137438953472,
    "totalSize": 137438953472
  },
  "results": {
    "IOPS": 83463.58399925243,
    "MIOPS": 0.08346358399925242,
    "MiB_per_sec": 41731.79199962621,
    "addr": 20305531633664,
    "byte_per_sec": 43758955527.80006,
    "success": true,
    "time": 3140.818875
  }
}
