{
  "params": {
    "accessPattern": "sequential",
    "accessType": "read",
    "blockSize": 4096,
    "granularity": "page",
    "nonTemporal": true,
    "nthreads": 32,
    "path": "/dev/dax0.0",
    "set-affinity": true,
    "source": "devdax",
    "stripeSize": 274877906944,
    "totalSize": 274877906944
  },
  "results": {
    "IOPS": 15940794.415129397,
    "MIOPS": 15.940794415129398,
    "MiB_per_sec": 62268.72818409921,
    "addr": 20823075192832,
    "byte_per_sec": 65293493924.37001,
    "success": true,
    "time": 4209.882033000001
  }
}
