{
  "params": {
    "accessPattern": "sequential",
    "accessType": "read",
    "blockSize": 4096,
    "granularity": "page",
    "nonTemporal": true,
    "nthreads": 2,
    "path": "/dev/dax0.0",
    "set-affinity": true,
    "source": "devdax",
    "stripeSize": 17179869184,
    "totalSize": 17179869184
  },
  "results": {
    "IOPS": 1578862.3455373691,
    "MIOPS": 1.5788623455373691,
    "MiB_per_sec": 6167.431037255348,
    "addr": 20943334277120,
    "byte_per_sec": 6467020167.321064,
    "success": true,
    "time": 2656.535582
  }
}
