{
  "params": {
    "accessPattern": "sequential",
    "accessType": "read",
    "blockSize": 524288,
    "granularity": "page",
    "nonTemporal": true,
    "nthreads": 8,
    "path": "/dev/dax0.0",
    "set-affinity": true,
    "source": "devdax",
    "stripeSize": 68719476736,
    "totalSize": 68719476736
  },
  "results": {
    "IOPS": 48168.73189853558,
    "MIOPS": 0.04816873189853558,
    "MiB_per_sec": 24084.36594926779,
    "addr": 21222507151360,
    "byte_per_sec": 25254288109.619423,
    "success": true,
    "time": 2721.101321
  }
}
