{
  "params": {
    "accessPattern": "sequential",
    "accessType": "read",
    "blockSize": 4096,
    "granularity": "page",
    "nonTemporal": true,
    "nthreads": 2,
    "path": "/dev/dax0.0",
    "set-affinity": true,
    "source": "devdax",
    "stripeSize": 17179869184,
    "totalSize": 17179869184
  },
  "results": {
    "IOPS": 1555771.2871384036,
    "MIOPS": 1.5557712871384037,
    "MiB_per_sec": 6077.231590384389,
    "addr": 20758650683392,
    "byte_per_sec": 6372439192.118901,
    "success": true,
    "time": 2695.964397
  }
}
