{
  "params": {
    "accessPattern": "sequential",
    "accessType": "read",
    "blockSize": 512,
    "granularity": "page",
    "nonTemporal": false,
    "nthreads": 48,
    "path": "/dev/dax0.0",
    "set-affinity": true,
    "source": "devdax",
    "stripeSize": 412316860416,
    "totalSize": 412316860416
  },
  "results": {
    "IOPS": 109574478.39569287,
    "MIOPS": 109.57447839569286,
    "MiB_per_sec": 53503.16327914691,
    "addr": 21137681547264,
    "byte_per_sec": 56102132938.59475,
    "success": true,
    "time": 7349.3972300000005
  }
}
