{
  "params": {
    "accessPattern": "sequential",
    "accessType": "read",
    "blockSize": 4096,
    "granularity": "page",
    "nonTemporal": false,
    "nthreads": 2,
    "path": "/dev/dax0.0",
    "set-affinity": true,
    "source": "devdax",
    "stripeSize": 17179869184,
    "totalSize": 17179869184
  },
  "results": {
    "IOPS": 1242271.259660144,
    "MIOPS": 1.2422712596601442,
    "MiB_per_sec": 4852.622108047438,
    "addr": 20893942153216,
    "byte_per_sec": 5088343079.56795,
    "success": true,
    "time": 3376.318954
  }
}
