{
  "params": {
    "accessPattern": "sequential",
    "accessType": "read",
    "blockSize": 4096,
    "granularity": "page",
    "nonTemporal": true,
    "nthreads": 8,
    "path": "/dev/dax0.0",
    "set-affinity": true,
    "source": "devdax",
    "stripeSize": 68719476736,
    "totalSize": 68719476736
  },
  "results": {
    "IOPS": 5428131.562328641,
    "MIOPS": 5.428131562328641,
    "MiB_per_sec": 21203.638915346255,
    "addr": 21179557478400,
    "byte_per_sec": 22233626879.298115,
    "success": true,
    "time": 3090.79023
  }
}
