{
  "params": {
    "accessPattern": "sequential",
    "accessType": "read",
    "blockSize": 2048,
    "granularity": "page",
    "nonTemporal": false,
    "nthreads": 2,
    "path": "/dev/dax0.0",
    "set-affinity": true,
    "source": "devdax",
    "stripeSize": 17179869184,
    "totalSize": 17179869184
  },
  "results": {
    "IOPS": 2452058.674735353,
    "MIOPS": 2.452058674735353,
    "MiB_per_sec": 4789.177099092486,
    "addr": 21217138442240,
    "byte_per_sec": 5021816165.858003,
    "success": true,
    "time": 3421.047011
  }
}
