{
  "params": {
    "accessPattern": "sequential",
    "accessType": "read",
    "blockSize": 32768,
    "granularity": "page",
    "nonTemporal": false,
    "nthreads": 4,
    "path": "/dev/dax0.0",
    "set-affinity": true,
    "source": "devdax",
    "stripeSize": 34359738368,
    "totalSize": 34359738368
  },
  "results": {
    "IOPS": 306264.9149823529,
    "MIOPS": 0.30626491498235286,
    "MiB_per_sec": 9570.778593198527,
    "addr": 20421495750656,
    "byte_per_sec": 10035688734.141739,
    "success": true,
    "time": 3423.754889
  }
}
