{
  "params": {
    "accessPattern": "sequential",
    "accessType": "read",
    "blockSize": 256,
    "granularity": "page",
    "nonTemporal": true,
    "nthreads": 2,
    "path": "/dev/dax0.0",
    "set-affinity": true,
    "source": "devdax",
    "stripeSize": 17179869184,
    "totalSize": 17179869184
  },
  "results": {
    "IOPS": 11451123.264455631,
    "MIOPS": 11.451123264455632,
    "MiB_per_sec": 2795.684390736238,
    "addr": 21036749815808,
    "byte_per_sec": 2931487555.7006416,
    "success": true,
    "time": 5860.461236
  }
}
