{
  "params": {
    "accessPattern": "sequential",
    "accessType": "read",
    "blockSize": 262144,
    "granularity": "page",
    "nonTemporal": true,
    "nthreads": 8,
    "path": "/dev/dax0.0",
    "set-affinity": true,
    "source": "devdax",
    "stripeSize": 68719476736,
    "totalSize": 68719476736
  },
  "results": {
    "IOPS": 96281.22449309802,
    "MIOPS": 0.09628122449309802,
    "MiB_per_sec": 24070.306123274506,
    "addr": 20344186339328,
    "byte_per_sec": 25239545313.51869,
    "success": true,
    "time": 2722.690757
  }
}
