{
  "params": {
    "accessPattern": "sequential",
    "accessType": "read",
    "blockSize": 262144,
    "granularity": "page",
    "nonTemporal": false,
    "nthreads": 1,
    "path": "/dev/dax0.0",
    "set-affinity": true,
    "source": "devdax",
    "stripeSize": 8589934592,
    "totalSize": 8589934592
  },
  "results": {
    "IOPS": 10835.699687715452,
    "MIOPS": 0.010835699687715453,
    "MiB_per_sec": 2708.924921928863,
    "addr": 21198884831232,
    "byte_per_sec": 2840513658.9364796,
    "success": true,
    "time": 3024.0779039999998
  }
}
