{
  "params": {
    "accessPattern": "sequential",
    "accessType": "read",
    "blockSize": 4096,
    "granularity": "page",
    "nonTemporal": false,
    "nthreads": 16,
    "path": "/dev/dax0.0",
    "set-affinity": true,
    "source": "devdax",
    "stripeSize": 137438953472,
    "totalSize": 137438953472
  },
  "results": {
    "IOPS": 8130221.351881098,
    "MIOPS": 8.130221351881097,
    "MiB_per_sec": 31758.67715578554,
    "addr": 20541754834944,
    "byte_per_sec": 33301386657.304977,
    "success": true,
    "time": 4127.124041
  }
}
