{
  "params": {
    "accessPattern": "sequential",
    "accessType": "read",
    "blockSize": 512,
    "granularity": "page",
    "nonTemporal": true,
    "nthreads": 32,
    "path": "/dev/dax0.0",
    "set-affinity": true,
    "source": "devdax",
    "stripeSize": 274877906944,
    "totalSize": 274877906944
  },
  "results": {
    "IOPS": 124893051.01246202,
    "MIOPS": 124.89305101246202,
    "MiB_per_sec": 60982.93506467872,
    "addr": 20701742366720,
    "byte_per_sec": 63945242118.380554,
    "success": true,
    "time": 4298.645181999999
  }
}
