{
  "params": {
    "accessPattern": "sequential",
    "accessType": "read",
    "blockSize": 1024,
    "granularity": "page",
    "nonTemporal": true,
    "nthreads": 2,
    "path": "/dev/dax0.0",
    "set-affinity": true,
    "source": "devdax",
    "stripeSize": 17179869184,
    "totalSize": 17179869184
  },
  "results": {
    "IOPS": 6607972.368716553,
    "MIOPS": 6.607972368716553,
    "MiB_per_sec": 6453.098016324759,
    "addr": 20522427482112,
    "byte_per_sec": 6766563705.56575,
    "success": true,
    "time": 2538.9355560000004
  }
}
