{
  "params": {
    "accessPattern": "sequential",
    "accessType": "read",
    "blockSize": 2048,
    "granularity": "page",
    "nonTemporal": true,
    "nthreads": 8,
    "path": "/dev/dax0.0",
    "set-affinity": true,
    "source": "devdax",
    "stripeSize": 68719476736,
    "totalSize": 68719476736
  },
  "results": {
    "IOPS": 11867649.623528367,
    "MIOPS": 11.867649623528367,
    "MiB_per_sec": 23179.00317095384,
    "addr": 21096879357952,
    "byte_per_sec": 24304946428.986095,
    "success": true,
    "time": 2827.386472
  }
}
