{
  "params": {
    "accessPattern": "sequential",
    "accessType": "read",
    "blockSize": 1048576,
    "granularity": "page",
    "nonTemporal": true,
    "nthreads": 16,
    "path": "/dev/dax0.0",
    "set-affinity": true,
    "source": "devdax",
    "stripeSize": 137438953472,
    "totalSize": 137438953472
  },
  "results": {
    "IOPS": 41446.43494394262,
    "MIOPS": 0.04144643494394262,
    "MiB_per_sec": 41446.43494394262,
    "addr": 20596515667968,
    "byte_per_sec": 43459736967.77958,
    "success": true,
    "time": 3162.443288
  }
}
