{
  "params": {
    "accessPattern": "sequential",
    "accessType": "read",
    "blockSize": 524288,
    "granularity": "page",
    "nonTemporal": false,
    "nthreads": 1,
    "path": "/dev/dax0.0",
    "set-affinity": true,
    "source": "devdax",
    "stripeSize": 8589934592,
    "totalSize": 8589934592
  },
  "results": {
    "IOPS": 5399.736784517709,
    "MIOPS": 0.005399736784517709,
    "MiB_per_sec": 2699.8683922588543,
    "addr": 21103321808896,
    "byte_per_sec": 2831017199.2812204,
    "success": true,
    "time": 3034.221973
  }
}
