{
  "params": {
    "accessPattern": "sequential",
    "accessType": "read",
    "blockSize": 512,
    "granularity": "page",
    "nonTemporal": false,
    "nthreads": 1,
    "path": "/dev/dax0.0",
    "set-affinity": true,
    "source": "devdax",
    "stripeSize": 8589934592,
    "totalSize": 8589934592
  },
  "results": {
    "IOPS": 2327894.649947392,
    "MIOPS": 2.327894649947392,
    "MiB_per_sec": 1136.667309544625,
    "addr": 21073257037824,
    "byte_per_sec": 1191882060.7730646,
    "success": true,
    "time": 7207.034046999999
  }
}
