{
  "params": {
    "accessPattern": "sequential",
    "accessType": "read",
    "blockSize": 128,
    "granularity": "page",
    "nonTemporal": true,
    "nthreads": 48,
    "path": "/dev/dax0.0",
    "set-affinity": true,
    "source": "devdax",
    "stripeSize": 412316860416,
    "totalSize": 412316860416
  },
  "results": {
    "IOPS": 216068860.91429573,
    "MIOPS": 216.06886091429573,
    "MiB_per_sec": 26375.593373327116,
    "addr": 20219632287744,
    "byte_per_sec": 27656814197.029854,
    "success": true,
    "time": 14908.328106
  }
}
