{
  "params": {
    "accessPattern": "sequential",
    "accessType": "read",
    "blockSize": 131072,
    "granularity": "page",
    "nonTemporal": true,
    "nthreads": 16,
    "path": "/dev/dax0.0",
    "set-affinity": true,
    "source": "devdax",
    "stripeSize": 137438953472,
    "totalSize": 137438953472
  },
  "results": {
    "IOPS": 332259.9660663489,
    "MIOPS": 0.3322599660663489,
    "MiB_per_sec": 41532.49575829361,
    "addr": 21143050256384,
    "byte_per_sec": 43549978272.24848,
    "success": true,
    "time": 3155.890288
  }
}
