{
  "params": {
    "accessPattern": "sequential",
    "accessType": "read",
    "blockSize": 128,
    "granularity": "page",
    "nonTemporal": true,
    "nthreads": 2,
    "path": "/dev/dax0.0",
    "set-affinity": true,
    "source": "devdax",
    "stripeSize": 17179869184,
    "totalSize": 17179869184
  },
  "results": {
    "IOPS": 11435060.929779341,
    "MIOPS": 11.435060929779342,
    "MiB_per_sec": 1395.8814611547048,
    "addr": 20799452872704,
    "byte_per_sec": 1463687799.0117557,
    "success": true,
    "time": 11737.386344
  }
}
