{
  "params": {
    "accessPattern": "sequential",
    "accessType": "read",
    "blockSize": 64,
    "granularity": "page",
    "nonTemporal": true,
    "nthreads": 48,
    "path": "/dev/dax0.0",
    "set-affinity": true,
    "source": "devdax",
    "stripeSize": 412316860416,
    "totalSize": 412316860416
  },
  "results": {
    "IOPS": 221665759.41807568,
    "MIOPS": 221.66575941807568,
    "MiB_per_sec": 13529.404261357158,
    "addr": 21251498180608,
    "byte_per_sec": 14186608602.756844,
    "success": true,
    "time": 29063.807423
  }
}
