{
  "params": {
    "accessPattern": "random",
    "accessType": "write",
    "blockSize": 2048,
    "granularity": "page",
    "nonTemporal": true,
    "nthreads": 32,
    "path": "/dev/dax0.0",
    "set-affinity": true,
    "source": "devdax",
    "stripeSize": 274877906944,
    "totalSize": 274877906944
  },
  "results": {
    "IOPS": 12721588.336521931,
    "MIOPS": 12.72158833652193,
    "MiB_per_sec": 24846.852219769396,
    "addr": 21092584390656,
    "byte_per_sec": 26053812913.196915,
    "success": true,
    "time": 10550.390757000001
  }
}
