{
  "params": {
    "accessPattern": "random",
    "accessType": "write",
    "blockSize": 131072,
    "granularity": "page",
    "nonTemporal": true,
    "nthreads": 16,
    "path": "/dev/dax0.0",
    "set-affinity": true,
    "source": "devdax",
    "stripeSize": 137438953472,
    "totalSize": 137438953472
  },
  "results": {
    "IOPS": 187803.56653633545,
    "MIOPS": 0.18780356653633545,
    "MiB_per_sec": 23475.44581704193,
    "addr": 20685636239360,
    "byte_per_sec": 24615789073.05056,
    "success": true,
    "time": 5583.365744
  }
}
