{
  "params": {
    "accessPattern": "random",
    "accessType": "write",
    "blockSize": 8192,
    "granularity": "page",
    "nonTemporal": false,
    "nthreads": 8,
    "path": "/dev/dax0.0",
    "set-affinity": true,
    "source": "devdax",
    "stripeSize": 68719476736,
    "totalSize": 68719476736
  },
  "results": {
    "IOPS": 1690337.9634231832,
    "MIOPS": 1.6903379634231832,
    "MiB_per_sec": 13205.765339243619,
    "addr": 21111911743488,
    "byte_per_sec": 13847248596.362717,
    "success": true,
    "time": 4962.680944
  }
}
