{
  "params": {
    "accessPattern": "random",
    "accessType": "write",
    "blockSize": 32768,
    "granularity": "page",
    "nonTemporal": false,
    "nthreads": 32,
    "path": "/dev/dax0.0",
    "set-affinity": true,
    "source": "devdax",
    "stripeSize": 274877906944,
    "totalSize": 274877906944
  },
  "results": {
    "IOPS": 734562.2705786647,
    "MIOPS": 0.7345622705786647,
    "MiB_per_sec": 22955.070955583273,
    "addr": 21008832528384,
    "byte_per_sec": 24070136482.321686,
    "success": true,
    "time": 11419.873216999998
  }
}
