{
  "params": {
    "accessPattern": "random",
    "accessType": "write",
    "blockSize": 1048576,
    "granularity": "page",
    "nonTemporal": false,
    "nthreads": 4,
    "path": "/dev/dax0.0",
    "set-affinity": true,
    "source": "devdax",
    "stripeSize": 34359738368,
    "totalSize": 34359738368
  },
  "results": {
    "IOPS": 8939.023129983416,
    "MIOPS": 0.008939023129983415,
    "MiB_per_sec": 8939.023129983416,
    "addr": 20819853967360,
    "byte_per_sec": 9373245117.54549,
    "success": true,
    "time": 3665.724937
  }
}
