{
  "params": {
    "accessPattern": "random",
    "accessType": "write",
    "blockSize": 524288,
    "granularity": "page",
    "nonTemporal": true,
    "nthreads": 16,
    "path": "/dev/dax0.0",
    "set-affinity": true,
    "source": "devdax",
    "stripeSize": 137438953472,
    "totalSize": 137438953472
  },
  "results": {
    "IOPS": 48578.43330847822,
    "MIOPS": 0.04857843330847822,
    "MiB_per_sec": 24289.21665423911,
    "addr": 20994873884672,
    "byte_per_sec": 25469089642.43543,
    "success": true,
    "time": 5396.304124
  }
}
