{
  "params": {
    "accessPattern": "random",
    "accessType": "write",
    "blockSize": 131072,
    "granularity": "page",
    "nonTemporal": false,
    "nthreads": 32,
    "path": "/dev/dax0.0",
    "set-affinity": true,
    "source": "devdax",
    "stripeSize": 274877906944,
    "totalSize": 274877906944
  },
  "results": {
    "IOPS": 185752.26453643417,
    "MIOPS": 0.18575226453643418,
    "MiB_per_sec": 23219.03306705427,
    "addr": 21303037788160,
    "byte_per_sec": 24346920817.3195,
    "success": true,
    "time": 11290.048093
  }
}
