{
  "params": {
    "accessPattern": "random",
    "accessType": "write",
    "blockSize": 64,
    "granularity": "page",
    "nonTemporal": false,
    "nthreads": 8,
    "path": "/dev/dax0.0",
    "set-affinity": true,
    "source": "devdax",
    "stripeSize": 68719476736,
    "totalSize": 68719476736
  },
  "results": {
    "IOPS": 10636150.067824826,
    "MIOPS": 10.636150067824826,
    "MiB_per_sec": 649.1790812881363,
    "addr": 20785494228992,
    "byte_per_sec": 680713604.3407888,
    "success": true,
    "time": 100952.113044
  }
}
