{
  "params": {
    "accessPattern": "random",
    "accessType": "write",
    "blockSize": 8192,
    "granularity": "page",
    "nonTemporal": true,
    "nthreads": 2,
    "path": "/dev/dax0.0",
    "set-affinity": true,
    "source": "devdax",
    "stripeSize": 17179869184,
    "totalSize": 17179869184
  },
  "results": {
    "IOPS": 2516113.6611087266,
    "MIOPS": 2.5161136611087267,
    "MiB_per_sec": 19657.137977411927,
    "addr": 20639465340928,
    "byte_per_sec": 20612003111.80269,
    "success": true,
    "time": 833.488579
  }
}
