{
  "params": {
    "accessPattern": "random",
    "accessType": "write",
    "blockSize": 262144,
    "granularity": "page",
    "nonTemporal": true,
    "nthreads": 16,
    "path": "/dev/dax0.0",
    "set-affinity": true,
    "source": "devdax",
    "stripeSize": 137438953472,
    "totalSize": 137438953472
  },
  "results": {
    "IOPS": 95288.60964756213,
    "MIOPS": 0.09528860964756213,
    "MiB_per_sec": 23822.152411890533,
    "addr": 20822001451008,
    "byte_per_sec": 24979337287.450527,
    "success": true,
    "time": 5502.105676
  }
}
