{
  "params": {
    "accessPattern": "random",
    "accessType": "write",
    "blockSize": 1048576,
    "granularity": "page",
    "nonTemporal": false,
    "nthreads": 32,
    "path": "/dev/dax0.0",
    "set-affinity": true,
    "source": "devdax",
    "stripeSize": 274877906944,
    "totalSize": 274877906944
  },
  "results": {
    "IOPS": 22991.046502384183,
    "MIOPS": 0.022991046502384184,
    "MiB_per_sec": 22991.046502384183,
    "addr": 20708184817664,
    "byte_per_sec": 24107859577.283997,
    "success": true,
    "time": 11402.003818000001
  }
}
