{
  "params": {
    "accessPattern": "random",
    "accessType": "write",
    "blockSize": 1048576,
    "granularity": "page",
    "nonTemporal": false,
    "nthreads": 16,
    "path": "/dev/dax0.0",
    "set-affinity": true,
    "source": "devdax",
    "stripeSize": 137438953472,
    "totalSize": 137438953472
  },
  "results": {
    "IOPS": 21795.37310003339,
    "MIOPS": 0.02179537310003339,
    "MiB_per_sec": 21795.37310003339,
    "addr": 21184926187520,
    "byte_per_sec": 22854105143.740612,
    "success": true,
    "time": 6013.753441999999
  }
}
