{
  "params": {
    "accessPattern": "random",
    "accessType": "write",
    "blockSize": 1024,
    "granularity": "page",
    "nonTemporal": false,
    "nthreads": 8,
    "path": "/dev/dax0.0",
    "set-affinity": true,
    "source": "devdax",
    "stripeSize": 68719476736,
    "totalSize": 68719476736
  },
  "results": {
    "IOPS": 7615182.030132239,
    "MIOPS": 7.615182030132239,
    "MiB_per_sec": 7436.701201301014,
    "addr": 20453708005376,
    "byte_per_sec": 7797946398.8554125,
    "success": true,
    "time": 8812.509501999999
  }
}
