{
  "params": {
    "accessPattern": "random",
    "accessType": "write",
    "blockSize": 512,
    "granularity": "page",
    "nonTemporal": true,
    "nthreads": 2,
    "path": "/dev/dax0.0",
    "set-affinity": true,
    "source": "devdax",
    "stripeSize": 17179869184,
    "totalSize": 17179869184
  },
  "results": {
    "IOPS": 7611813.132079525,
    "MIOPS": 7.611813132079525,
    "MiB_per_sec": 3716.7056308982055,
    "addr": 21009906270208,
    "byte_per_sec": 3897248323.6247168,
    "success": true,
    "time": 4408.204907
  }
}
