{
  "params": {
    "accessPattern": "random",
    "accessType": "write",
    "blockSize": 16384,
    "granularity": "page",
    "nonTemporal": false,
    "nthreads": 4,
    "path": "/dev/dax0.0",
    "set-affinity": true,
    "source": "devdax",
    "stripeSize": 34359738368,
    "totalSize": 34359738368
  },
  "results": {
    "IOPS": 563647.4292465331,
    "MIOPS": 0.5636474292465331,
    "MiB_per_sec": 8806.99108197708,
    "addr": 21074330779648,
    "byte_per_sec": 9234799480.775198,
    "success": true,
    "time": 3720.680502
  }
}
