{
  "params": {
    "accessPattern": "random",
    "accessType": "write",
    "blockSize": 512,
    "granularity": "page",
    "nonTemporal": true,
    "nthreads": 1,
    "path": "/dev/dax0.0",
    "set-affinity": true,
    "source": "devdax",
    "stripeSize": 8589934592,
    "totalSize": 8589934592
  },
  "results": {
    "IOPS": 3827810.231839381,
    "MIOPS": 3.827810231839381,
    "MiB_per_sec": 1869.0479647653228,
    "addr": 21101174325248,
    "byte_per_sec": 1959838838.7017632,
    "success": true,
    "time": 4382.980081000001
  }
}
