{
  "params": {
    "accessPattern": "random",
    "accessType": "write",
    "blockSize": 2048,
    "granularity": "page",
    "nonTemporal": true,
    "nthreads": 1,
    "path": "/dev/dax0.0",
    "set-affinity": true,
    "source": "devdax",
    "stripeSize": 8589934592,
    "totalSize": 8589934592
  },
  "results": {
    "IOPS": 2986401.875647985,
    "MIOPS": 2.986401875647985,
    "MiB_per_sec": 5832.8161633749705,
    "addr": 20772609327104,
    "byte_per_sec": 6116151041.327073,
    "success": true,
    "time": 1404.467374
  }
}
