{
  "params": {
    "accessPattern": "random",
    "accessType": "write",
    "blockSize": 16384,
    "granularity": "page",
    "nonTemporal": false,
    "nthreads": 32,
    "path": "/dev/dax0.0",
    "set-affinity": true,
    "source": "devdax",
    "stripeSize": 274877906944,
    "totalSize": 274877906944
  },
  "results": {
    "IOPS": 1438705.1261730802,
    "MIOPS": 1.43870512617308,
    "MiB_per_sec": 22479.767596454378,
    "addr": 21017422462976,
    "byte_per_sec": 23571744787.219746,
    "success": true,
    "time": 11661.330522
  }
}
