{
  "params": {
    "accessPattern": "random",
    "accessType": "write",
    "blockSize": 131072,
    "granularity": "page",
    "nonTemporal": true,
    "nthreads": 2,
    "path": "/dev/dax0.0",
    "set-affinity": true,
    "source": "devdax",
    "stripeSize": 17179869184,
    "totalSize": 17179869184
  },
  "results": {
    "IOPS": 185292.06489969362,
    "MIOPS": 0.18529206489969363,
    "MiB_per_sec": 23161.508112461703,
    "addr": 21247203213312,
    "byte_per_sec": 24286601530.532642,
    "success": true,
    "time": 707.380535
  }
}
