{
  "params": {
    "accessPattern": "random",
    "accessType": "write",
    "blockSize": 128,
    "granularity": "page",
    "nonTemporal": true,
    "nthreads": 1,
    "path": "/dev/dax0.0",
    "set-affinity": true,
    "source": "devdax",
    "stripeSize": 8589934592,
    "totalSize": 8589934592
  },
  "results": {
    "IOPS": 4072483.7960273866,
    "MIOPS": 4.072483796027386,
    "MiB_per_sec": 497.12936963224934,
    "addr": 20813411516416,
    "byte_per_sec": 521277925.8915055,
    "success": true,
    "time": 16478.607985
  }
}
