{
  "params": {
    "accessPattern": "random",
    "accessType": "write",
    "blockSize": 65536,
    "granularity": "page",
    "nonTemporal": false,
    "nthreads": 16,
    "path": "/dev/dax0.0",
    "set-affinity": true,
    "source": "devdax",
    "stripeSize": 137438953472,
    "totalSize": 137438953472
  },
  "results": {
    "IOPS": 286132.6109762336,
    "MIOPS": 0.2861326109762336,
    "MiB_per_sec": 17883.2881860146,
    "addr": 20714627268608,
    "byte_per_sec": 18751986792.938446,
    "success": true,
    "time": 7329.300889
  }
}
