{
  "params": {
    "accessPattern": "random",
    "accessType": "write",
    "blockSize": 4096,
    "granularity": "page",
    "nonTemporal": true,
    "nthreads": 16,
    "path": "/dev/dax0.0",
    "set-affinity": true,
    "source": "devdax",
    "stripeSize": 137438953472,
    "totalSize": 137438953472
  },
  "results": {
    "IOPS": 6441497.86780834,
    "MIOPS": 6.44149786780834,
    "MiB_per_sec": 25162.10104612633,
    "addr": 20919711956992,
    "byte_per_sec": 26384375266.54296,
    "success": true,
    "time": 5209.103952
  }
}
