{
  "params": {
    "accessPattern": "random",
    "accessType": "write",
    "blockSize": 65536,
    "granularity": "page",
    "nonTemporal": false,
    "nthreads": 2,
    "path": "/dev/dax0.0",
    "set-affinity": true,
    "source": "devdax",
    "stripeSize": 17179869184,
    "totalSize": 17179869184
  },
  "results": {
    "IOPS": 81119.43302526866,
    "MIOPS": 0.08111943302526867,
    "MiB_per_sec": 5069.964564079291,
    "addr": 20672751337472,
    "byte_per_sec": 5316243162.744007,
    "success": true,
    "time": 3231.5807720000003
  }
}
