{
  "params": {
    "accessPattern": "random",
    "accessType": "write",
    "blockSize": 32768,
    "granularity": "page",
    "nonTemporal": true,
    "nthreads": 32,
    "path": "/dev/dax0.0",
    "set-affinity": true,
    "source": "devdax",
    "stripeSize": 274877906944,
    "totalSize": 274877906944
  },
  "results": {
    "IOPS": 769171.3059562563,
    "MIOPS": 0.7691713059562564,
    "MiB_per_sec": 24036.60331113301,
    "addr": 20521353740288,
    "byte_per_sec": 25204205353.574608,
    "success": true,
    "time": 10906.033460999999
  }
}
