{
  "params": {
    "accessPattern": "random",
    "accessType": "write",
    "blockSize": 8192,
    "granularity": "page",
    "nonTemporal": false,
    "nthreads": 16,
    "path": "/dev/dax0.0",
    "set-affinity": true,
    "source": "devdax",
    "stripeSize": 137438953472,
    "totalSize": 137438953472
  },
  "results": {
    "IOPS": 2180329.336716787,
    "MIOPS": 2.180329336716787,
    "MiB_per_sec": 17033.822943099898,
    "addr": 21078625746944,
    "byte_per_sec": 17861257926.38392,
    "success": true,
    "time": 7694.808173
  }
}
