{
  "params": {
    "accessPattern": "random",
    "accessType": "write",
    "blockSize": 64,
    "granularity": "page",
    "nonTemporal": true,
    "nthreads": 8,
    "path": "/dev/dax0.0",
    "set-affinity": true,
    "source": "devdax",
    "stripeSize": 68719476736,
    "totalSize": 68719476736
  },
  "results": {
    "IOPS": 32884131.824884024,
    "MIOPS": 32.88413182488402,
    "MiB_per_sec": 2007.088124077394,
    "addr": 21192442380288,
    "byte_per_sec": 2104584436.7925775,
    "success": true,
    "time": 32652.278299999998
  }
}
