{
  "params": {
    "accessPattern": "random",
    "accessType": "write",
    "blockSize": 2048,
    "granularity": "page",
    "nonTemporal": false,
    "nthreads": 8,
    "path": "/dev/dax0.0",
    "set-affinity": true,
    "source": "devdax",
    "stripeSize": 68719476736,
    "totalSize": 68719476736
  },
  "results": {
    "IOPS": 4855003.690163326,
    "MIOPS": 4.8550036901633264,
    "MiB_per_sec": 9482.429082350247,
    "addr": 21143050256384,
    "byte_per_sec": 9943047557.454493,
    "success": true,
    "time": 6911.309268
  }
}
