{
  "params": {
    "accessPattern": "random",
    "accessType": "write",
    "blockSize": 512,
    "granularity": "page",
    "nonTemporal": false,
    "nthreads": 16,
    "path": "/dev/dax0.0",
    "set-affinity": true,
    "source": "devdax",
    "stripeSize": 137438953472,
    "totalSize": 137438953472
  },
  "results": {
    "IOPS": 14301087.040174956,
    "MIOPS": 14.301087040174956,
    "MiB_per_sec": 6982.9526563354275,
    "addr": 20376398594048,
    "byte_per_sec": 7322156564.569577,
    "success": true,
    "time": 18770.283353
  }
}
