{
  "params": {
    "accessPattern": "random",
    "accessType": "write",
    "blockSize": 32768,
    "granularity": "page",
    "nonTemporal": false,
    "nthreads": 8,
    "path": "/dev/dax0.0",
    "set-affinity": true,
    "source": "devdax",
    "stripeSize": 68719476736,
    "totalSize": 68719476736
  },
  "results": {
    "IOPS": 445859.2391109186,
    "MIOPS": 0.4458592391109186,
    "MiB_per_sec": 13933.101222216206,
    "addr": 20439749361664,
    "byte_per_sec": 14609915547.18658,
    "success": true,
    "time": 4703.619026
  }
}
