{
  "params": {
    "accessPattern": "random",
    "accessType": "write",
    "blockSize": 64,
    "granularity": "page",
    "nonTemporal": true,
    "nthreads": 1,
    "path": "/dev/dax0.0",
    "set-affinity": true,
    "source": "devdax",
    "stripeSize": 8589934592,
    "totalSize": 8589934592
  },
  "results": {
    "IOPS": 4134251.6707741753,
    "MIOPS": 4.134251670774176,
    "MiB_per_sec": 252.33469670252535,
    "addr": 20218558545920,
    "byte_per_sec": 264592106.92954722,
    "success": true,
    "time": 32464.817986
  }
}
