{
  "params": {
    "accessPattern": "random",
    "accessType": "write",
    "blockSize": 262144,
    "granularity": "page",
    "nonTemporal": false,
    "nthreads": 4,
    "path": "/dev/dax0.0",
    "set-affinity": true,
    "source": "devdax",
    "stripeSize": 34359738368,
    "totalSize": 34359738368
  },
  "results": {
    "IOPS": 36020.44046663125,
    "MIOPS": 0.03602044046663125,
    "MiB_per_sec": 9005.110116657812,
    "addr": 21193516122112,
    "byte_per_sec": 9442542345.684582,
    "success": true,
    "time": 3638.822799
  }
}
