{
  "params": {
    "accessPattern": "random",
    "accessType": "write",
    "blockSize": 524288,
    "granularity": "page",
    "nonTemporal": true,
    "nthreads": 8,
    "path": "/dev/dax0.0",
    "set-affinity": true,
    "source": "devdax",
    "stripeSize": 68719476736,
    "totalSize": 68719476736
  },
  "results": {
    "IOPS": 48795.07275878933,
    "MIOPS": 0.048795072758789325,
    "MiB_per_sec": 24397.536379394664,
    "addr": 21232170827776,
    "byte_per_sec": 25582671106.56014,
    "success": true,
    "time": 2686.172857
  }
}
