{
  "params": {
    "accessPattern": "random",
    "accessType": "write",
    "blockSize": 16384,
    "granularity": "page",
    "nonTemporal": false,
    "nthreads": 32,
    "path": "/dev/dax0.0",
    "set-affinity": true,
    "source": "devdax",
    "stripeSize": 274877906944,
    "totalSize": 274877906944
  },
  "results": {
    "IOPS": 1444049.3196201809,
    "MIOPS": 1.444049319620181,
    "MiB_per_sec": 22563.270619065326,
    "addr": 20854213705728,
    "byte_per_sec": 23659304052.657043,
    "success": true,
    "time": 11618.17382
  }
}
