{
  "params": {
    "accessPattern": "random",
    "accessType": "write",
    "blockSize": 1048576,
    "granularity": "page",
    "nonTemporal": true,
    "nthreads": 2,
    "path": "/dev/dax0.0",
    "set-affinity": true,
    "source": "devdax",
    "stripeSize": 17179869184,
    "totalSize": 17179869184
  },
  "results": {
    "IOPS": 24360.97337391555,
    "MIOPS": 0.02436097337391555,
    "MiB_per_sec": 24360.97337391555,
    "addr": 20310900342784,
    "byte_per_sec": 25544332016.52687,
    "success": true,
    "time": 672.551123
  }
}
