{
  "params": {
    "accessPattern": "random",
    "accessType": "write",
    "blockSize": 8192,
    "granularity": "page",
    "nonTemporal": true,
    "nthreads": 2,
    "path": "/dev/dax0.0",
    "set-affinity": true,
    "source": "devdax",
    "stripeSize": 17179869184,
    "totalSize": 17179869184
  },
  "results": {
    "IOPS": 2520008.641044492,
    "MIOPS": 2.520008641044492,
    "MiB_per_sec": 19687.567508160093,
    "addr": 20308752859136,
    "byte_per_sec": 20643910787.436478,
    "success": true,
    "time": 832.2003209999999
  }
}
