{
  "params": {
    "accessPattern": "random",
    "accessType": "write",
    "blockSize": 32768,
    "granularity": "page",
    "nonTemporal": true,
    "nthreads": 48,
    "path": "/dev/dax0.0",
    "set-affinity": true,
    "source": "devdax",
    "stripeSize": 412316860416,
    "totalSize": 412316860416
  },
  "results": {
    "IOPS": 761615.0521345035,
    "MIOPS": 0.7616150521345035,
    "MiB_per_sec": 23800.470379203234,
    "addr": 20931523117056,
    "byte_per_sec": 24956602028.34341,
    "success": true,
    "time": 16521.354147000002
  }
}
