{
  "params": {
    "accessPattern": "random",
    "accessType": "write",
    "blockSize": 131072,
    "granularity": "page",
    "nonTemporal": true,
    "nthreads": 32,
    "path": "/dev/dax0.0",
    "set-affinity": true,
    "source": "devdax",
    "stripeSize": 274877906944,
    "totalSize": 274877906944
  },
  "results": {
    "IOPS": 191413.55270895106,
    "MIOPS": 0.19141355270895105,
    "MiB_per_sec": 23926.694088618882,
    "addr": 20378546077696,
    "byte_per_sec": 25088957180.667633,
    "success": true,
    "time": 10956.131216
  }
}
