{
  "params": {
    "accessPattern": "random",
    "accessType": "write",
    "blockSize": 1024,
    "granularity": "page",
    "nonTemporal": true,
    "nthreads": 1,
    "path": "/dev/dax0.0",
    "set-affinity": true,
    "source": "devdax",
    "stripeSize": 8589934592,
    "totalSize": 8589934592
  },
  "results": {
    "IOPS": 3521993.1047706865,
    "MIOPS": 3.5219931047706865,
    "MiB_per_sec": 3439.4463913776235,
    "addr": 20213189836800,
    "byte_per_sec": 3606520939.285183,
    "success": true,
    "time": 2381.778655
  }
}
