{
  "params": {
    "accessPattern": "random",
    "accessType": "write",
    "blockSize": 262144,
    "granularity": "page",
    "nonTemporal": true,
    "nthreads": 16,
    "path": "/dev/dax0.0",
    "set-affinity": true,
    "source": "devdax",
    "stripeSize": 137438953472,
    "totalSize": 137438953472
  },
  "results": {
    "IOPS": 96889.10467865804,
    "MIOPS": 0.09688910467865804,
    "MiB_per_sec": 24222.27616966451,
    "addr": 21234318311424,
    "byte_per_sec": 25398897456.882133,
    "success": true,
    "time": 5411.2173060000005
  }
}
