{
  "params": {
    "accessPattern": "sequential",
    "accessType": "write",
    "blockSize": 524288,
    "granularity": "page",
    "nonTemporal": true,
    "nthreads": 16,
    "path": "/dev/dax0.0",
    "set-affinity": true,
    "source": "devdax",
    "stripeSize": 137438953472,
    "totalSize": 137438953472
  },
  "results": {
    "IOPS": 48382.1337032277,
    "MIOPS": 0.0483821337032277,
    "MiB_per_sec": 24191.06685161385,
    "addr": 21261161857024,
    "byte_per_sec": 25366172114.997845,
    "success": true,
    "time": 5418.198412
  }
}
