{
  "params": {
    "accessPattern": "sequential",
    "accessType": "write",
    "blockSize": 262144,
    "granularity": "page",
    "nonTemporal": false,
    "nthreads": 2,
    "path": "/dev/dax0.0",
    "set-affinity": true,
    "source": "devdax",
    "stripeSize": 17179869184,
    "totalSize": 17179869184
  },
  "results": {
    "IOPS": 20435.640482926465,
    "MIOPS": 0.020435640482926464,
    "MiB_per_sec": 5108.910120731616,
    "addr": 21284784177152,
    "byte_per_sec": 5357080538.756275,
    "success": true,
    "time": 3206.94622
  }
}
