{
  "params": {
    "accessPattern": "sequential",
    "accessType": "write",
    "blockSize": 1024,
    "granularity": "page",
    "nonTemporal": true,
    "nthreads": 2,
    "path": "/dev/dax0.0",
    "set-affinity": true,
    "source": "devdax",
    "stripeSize": 17179869184,
    "totalSize": 17179869184
  },
  "results": {
    "IOPS": 6985250.774799832,
    "MIOPS": 6.985250774799832,
    "MiB_per_sec": 6821.533959765461,
    "addr": 20767240617984,
    "byte_per_sec": 7152896793.395028,
    "success": true,
    "time": 2401.805825
  }
}
