{
  "params": {
    "accessPattern": "sequential",
    "accessType": "write",
    "blockSize": 131072,
    "granularity": "page",
    "nonTemporal": true,
    "nthreads": 16,
    "path": "/dev/dax0.0",
    "set-affinity": true,
    "source": "devdax",
    "stripeSize": 137438953472,
    "totalSize": 137438953472
  },
  "results": {
    "IOPS": 187947.22077623286,
    "MIOPS": 0.18794722077623285,
    "MiB_per_sec": 23493.402597029108,
    "addr": 20293720473600,
    "byte_per_sec": 24634618121.582394,
    "success": true,
    "time": 5579.098194
  }
}
