{
  "params": {
    "accessPattern": "sequential",
    "accessType": "write",
    "blockSize": 65536,
    "granularity": "page",
    "nonTemporal": true,
    "nthreads": 4,
    "path": "/dev/dax0.0",
    "set-affinity": true,
    "source": "devdax",
    "stripeSize": 34359738368,
    "totalSize": 34359738368
  },
  "results": {
    "IOPS": 393224.1362989102,
    "MIOPS": 0.3932241362989102,
    "MiB_per_sec": 24576.508518681887,
    "addr": 20680267530240,
    "byte_per_sec": 25770336996.48538,
    "success": true,
    "time": 1333.3057450000001
  }
}
