{
  "params": {
    "accessPattern": "sequential",
    "accessType": "write",
    "blockSize": 262144,
    "granularity": "page",
    "nonTemporal": true,
    "nthreads": 16,
    "path": "/dev/dax0.0",
    "set-affinity": true,
    "source": "devdax",
    "stripeSize": 137438953472,
    "totalSize": 137438953472
  },
  "results": {
    "IOPS": 92568.6187490652,
    "MIOPS": 0.09256861874906519,
    "MiB_per_sec": 23142.1546872663,
    "addr": 20616916762624,
    "byte_per_sec": 24266307993.354946,
    "success": true,
    "time": 5663.776851
  }
}
