{
  "params": {
    "accessPattern": "sequential",
    "accessType": "write",
    "blockSize": 2048,
    "granularity": "page",
    "nonTemporal": true,
    "nthreads": 8,
    "path": "/dev/dax0.0",
    "set-affinity": true,
    "source": "devdax",
    "stripeSize": 68719476736,
    "totalSize": 68719476736
  },
  "results": {
    "IOPS": 13299193.363416178,
    "MIOPS": 13.299193363416178,
    "MiB_per_sec": 25974.987037922223,
    "addr": 20971251564544,
    "byte_per_sec": 27236748008.276333,
    "success": true,
    "time": 2523.042645
  }
}
