{
  "params": {
    "accessPattern": "sequential",
    "accessType": "write",
    "blockSize": 256,
    "granularity": "page",
    "nonTemporal": false,
    "nthreads": 16,
    "path": "/dev/dax0.0",
    "set-affinity": true,
    "source": "devdax",
    "stripeSize": 137438953472,
    "totalSize": 137438953472
  },
  "results": {
    "IOPS": 43243744.55502992,
    "MIOPS": 43.24374455502992,
    "MiB_per_sec": 10557.554823005352,
    "addr": 21035676073984,
    "byte_per_sec": 11070398606.08766,
    "success": true,
    "time": 12414.995915000001
  }
}
