{
  "params": {
    "accessPattern": "sequential",
    "accessType": "write",
    "blockSize": 524288,
    "granularity": "page",
    "nonTemporal": true,
    "nthreads": 2,
    "path": "/dev/dax0.0",
    "set-affinity": true,
    "source": "devdax",
    "stripeSize": 17179869184,
    "totalSize": 17179869184
  },
  "results": {
    "IOPS": 48169.135877557375,
    "MIOPS": 0.048169135877557376,
    "MiB_per_sec": 24084.567938778688,
    "addr": 21181704962048,
    "byte_per_sec": 25254499910.9728,
    "success": true,
    "time": 680.269625
  }
}
