{
  "params": {
    "accessPattern": "sequential",
    "accessType": "write",
    "blockSize": 524288,
    "granularity": "page",
    "nonTemporal": true,
    "nthreads": 32,
    "path": "/dev/dax0.0",
    "set-affinity": true,
    "source": "devdax",
    "stripeSize": 274877906944,
    "totalSize": 274877906944
  },
  "results": {
    "IOPS": 47480.26847940086,
    "MIOPS": 0.04748026847940086,
    "MiB_per_sec": 23740.13423970043,
    "addr": 20760798167040,
    "byte_per_sec": 24893335000.52812,
    "success": true,
    "time": 11042.229052
  }
}
