{
  "params": {
    "accessPattern": "sequential",
    "accessType": "write",
    "blockSize": 4096,
    "granularity": "page",
    "nonTemporal": false,
    "nthreads": 16,
    "path": "/dev/dax0.0",
    "set-affinity": true,
    "source": "devdax",
    "stripeSize": 137438953472,
    "totalSize": 137438953472
  },
  "results": {
    "IOPS": 4331167.997553214,
    "MIOPS": 4.331167997553214,
    "MiB_per_sec": 16918.624990442244,
    "addr": 20974472790016,
    "byte_per_sec": 17740464117.977966,
    "success": true,
    "time": 7747.201683
  }
}
