{
  "params": {
    "accessPattern": "sequential",
    "accessType": "write",
    "blockSize": 128,
    "granularity": "page",
    "nonTemporal": true,
    "nthreads": 48,
    "path": "/dev/dax0.0",
    "set-affinity": true,
    "source": "devdax",
    "stripeSize": 412316860416,
    "totalSize": 412316860416
  },
  "results": {
    "IOPS": 168794768.36052242,
    "MIOPS": 168.79476836052243,
    "MiB_per_sec": 20604.830122134084,
    "addr": 20425790717952,
    "byte_per_sec": 21605730350.14687,
    "success": true,
    "time": 19083.680752
  }
}
