{
  "params": {
    "accessPattern": "sequential",
    "accessType": "write",
    "blockSize": 65536,
    "granularity": "page",
    "nonTemporal": true,
    "nthreads": 1,
    "path": "/dev/dax0.0",
    "set-affinity": true,
    "source": "devdax",
    "stripeSize": 8589934592,
    "totalSize": 8589934592
  },
  "results": {
    "IOPS": 244066.58548791165,
    "MIOPS": 0.24406658548791166,
    "MiB_per_sec": 15254.161592994478,
    "addr": 21128017870848,
    "byte_per_sec": 15995147746.535778,
    "success": true,
    "time": 537.033776
  }
}
