{
  "params": {
    "accessPattern": "sequential",
    "accessType": "write",
    "blockSize": 131072,
    "granularity": "page",
    "nonTemporal": true,
    "nthreads": 8,
    "path": "/dev/dax0.0",
    "set-affinity": true,
    "source": "devdax",
    "stripeSize": 68719476736,
    "totalSize": 68719476736
  },
  "results": {
    "IOPS": 189665.713723746,
    "MIOPS": 0.18966571372374602,
    "MiB_per_sec": 23708.21421546825,
    "addr": 20952997953536,
    "byte_per_sec": 24859864429.198837,
    "success": true,
    "time": 2764.2739939999997
  }
}
