{
  "params": {
    "accessPattern": "sequential",
    "accessType": "write",
    "blockSize": 256,
    "granularity": "page",
    "nonTemporal": true,
    "nthreads": 8,
    "path": "/dev/dax0.0",
    "set-affinity": true,
    "source": "devdax",
    "stripeSize": 68719476736,
    "totalSize": 68719476736
  },
  "results": {
    "IOPS": 31971038.2520051,
    "MIOPS": 31.9710382520051,
    "MiB_per_sec": 7805.429260743433,
    "addr": 20537459867648,
    "byte_per_sec": 8184585792.513306,
    "success": true,
    "time": 8396.207026
  }
}
