{
  "params": {
    "accessPattern": "sequential",
    "accessType": "write",
    "blockSize": 128,
    "granularity": "page",
    "nonTemporal": false,
    "nthreads": 48,
    "path": "/dev/dax0.0",
    "set-affinity": true,
    "source": "devdax",
    "stripeSize": 412316860416,
    "totalSize": 412316860416
  },
  "results": {
    "IOPS": 130162768.78267884,
    "MIOPS": 130.16276878267885,
    "MiB_per_sec": 15889.00986116685,
    "addr": 20772609327104,
    "byte_per_sec": 16660834404.182892,
    "success": true,
    "time": 24747.67172
  }
}
