{
  "params": {
    "accessPattern": "sequential",
    "accessType": "write",
    "blockSize": 262144,
    "granularity": "page",
    "nonTemporal": true,
    "nthreads": 8,
    "path": "/dev/dax0.0",
    "set-affinity": true,
    "source": "devdax",
    "stripeSize": 68719476736,
    "totalSize": 68719476736
  },
  "results": {
    "IOPS": 94631.64292756363,
    "MIOPS": 0.09463164292756364,
    "MiB_per_sec": 23657.91073189091,
    "addr": 21251498180608,
    "byte_per_sec": 24807117403.60324,
    "success": true,
    "time": 2770.151631
  }
}
