{
  "params": {
    "accessPattern": "sequential",
    "accessType": "write",
    "blockSize": 4096,
    "granularity": "page",
    "nonTemporal": true,
    "nthreads": 16,
    "path": "/dev/dax0.0",
    "set-affinity": true,
    "source": "devdax",
    "stripeSize": 137438953472,
    "totalSize": 137438953472
  },
  "results": {
    "IOPS": 6545241.22072763,
    "MIOPS": 6.54524122072763,
    "MiB_per_sec": 25567.348518467305,
    "addr": 20551418511360,
    "byte_per_sec": 26809308040.100372,
    "success": true,
    "time": 5126.538636
  }
}
