{
  "params": {
    "accessPattern": "sequential",
    "accessType": "write",
    "blockSize": 262144,
    "granularity": "page",
    "nonTemporal": false,
    "nthreads": 1,
    "path": "/dev/dax0.0",
    "set-affinity": true,
    "source": "devdax",
    "stripeSize": 8589934592,
    "totalSize": 8589934592
  },
  "results": {
    "IOPS": 10911.674943675605,
    "MIOPS": 0.010911674943675606,
    "MiB_per_sec": 2727.9187359189013,
    "addr": 20426864459776,
    "byte_per_sec": 2860430116.434898,
    "success": true,
    "time": 3003.022008
  }
}
