{
  "params": {
    "accessPattern": "sequential",
    "accessType": "write",
    "blockSize": 4096,
    "granularity": "page",
    "nonTemporal": false,
    "nthreads": 4,
    "path": "/dev/dax0.0",
    "set-affinity": true,
    "source": "devdax",
    "stripeSize": 34359738368,
    "totalSize": 34359738368
  },
  "results": {
    "IOPS": 1939778.9836673469,
    "MIOPS": 1.939778983667347,
    "MiB_per_sec": 7577.261654950574,
    "addr": 20493436452864,
    "byte_per_sec": 7945334717.101453,
    "success": true,
    "time": 4324.517417
  }
}
