{
  "params": {
    "accessPattern": "sequential",
    "accessType": "write",
    "blockSize": 65536,
    "granularity": "page",
    "nonTemporal": false,
    "nthreads": 4,
    "path": "/dev/dax0.0",
    "set-affinity": true,
    "source": "devdax",
    "stripeSize": 34359738368,
    "totalSize": 34359738368
  },
  "results": {
    "IOPS": 140131.07774542263,
    "MIOPS": 0.14013107774542263,
    "MiB_per_sec": 8758.192359088915,
    "addr": 20866024865792,
    "byte_per_sec": 9183630311.124018,
    "success": true,
    "time": 3741.411316
  }
}
