{
  "params": {
    "accessPattern": "sequential",
    "accessType": "write",
    "blockSize": 1024,
    "granularity": "page",
    "nonTemporal": false,
    "nthreads": 16,
    "path": "/dev/dax0.0",
    "set-affinity": true,
    "source": "devdax",
    "stripeSize": 137438953472,
    "totalSize": 137438953472
  },
  "results": {
    "IOPS": 17158331.76045963,
    "MIOPS": 17.15833176045963,
    "MiB_per_sec": 16756.18335982386,
    "addr": 20211042353152,
    "byte_per_sec": 17570131722.710663,
    "success": true,
    "time": 7822.30638
  }
}
