{
  "params": {
    "accessPattern": "sequential",
    "accessType": "write",
    "blockSize": 524288,
    "granularity": "page",
    "nonTemporal": true,
    "nthreads": 8,
    "path": "/dev/dax0.0",
    "set-affinity": true,
    "source": "devdax",
    "stripeSize": 68719476736,
    "totalSize": 68719476736
  },
  "results": {
    "IOPS": 48579.148883304566,
    "MIOPS": 0.048579148883304564,
    "MiB_per_sec": 24289.574441652283,
    "addr": 20717848494080,
    "byte_per_sec": 25469464809.729984,
    "success": true,
    "time": 2698.112318
  }
}
