{
  "params": {
    "accessPattern": "sequential",
    "accessType": "write",
    "blockSize": 8192,
    "granularity": "page",
    "nonTemporal": true,
    "nthreads": 32,
    "path": "/dev/dax0.0",
    "set-affinity": true,
    "source": "devdax",
    "stripeSize": 274877906944,
    "totalSize": 274877906944
  },
  "results": {
    "IOPS": 3142985.1368094184,
    "MIOPS": 3.1429851368094184,
    "MiB_per_sec": 24554.57138132358,
    "addr": 20404315881472,
    "byte_per_sec": 25747334240.742756,
    "success": true,
    "time": 10675.975399
  }
}
