{
  "params": {
    "accessPattern": "sequential",
    "accessType": "write",
    "blockSize": 8192,
    "granularity": "page",
    "nonTemporal": true,
    "nthreads": 48,
    "path": "/dev/dax0.0",
    "set-affinity": true,
    "source": "devdax",
    "stripeSize": 412316860416,
    "totalSize": 412316860416
  },
  "results": {
    "IOPS": 3073457.716007851,
    "MIOPS": 3.073457716007851,
    "MiB_per_sec": 24011.388406311336,
    "addr": 20446191812608,
    "byte_per_sec": 25177765609.536316,
    "success": true,
    "time": 16376.229202
  }
}
