{
  "params": {
    "accessPattern": "sequential",
    "accessType": "write",
    "blockSize": 262144,
    "granularity": "page",
    "nonTemporal": false,
    "nthreads": 48,
    "path": "/dev/dax0.0",
    "set-affinity": true,
    "source": "devdax",
    "stripeSize": 412316860416,
    "totalSize": 412316860416
  },
  "results": {
    "IOPS": 96077.4425118075,
    "MIOPS": 0.0960774425118075,
    "MiB_per_sec": 24019.360627951875,
    "addr": 20431159427072,
    "byte_per_sec": 25186125089.815266,
    "success": true,
    "time": 16370.793798
  }
}
