{
  "params": {
    "accessPattern": "sequential",
    "accessType": "write",
    "blockSize": 524288,
    "granularity": "page",
    "nonTemporal": false,
    "nthreads": 1,
    "path": "/dev/dax0.0",
    "set-affinity": true,
    "source": "devdax",
    "stripeSize": 8589934592,
    "totalSize": 8589934592
  },
  "results": {
    "IOPS": 5479.5674323382555,
    "MIOPS": 0.005479567432338256,
    "MiB_per_sec": 2739.7837161691277,
    "addr": 21122649161728,
    "byte_per_sec": 2872871449.9657593,
    "success": true,
    "time": 2990.017041
  }
}
