{
  "params": {
    "accessPattern": "sequential",
    "accessType": "write",
    "blockSize": 65536,
    "granularity": "page",
    "nonTemporal": true,
    "nthreads": 48,
    "path": "/dev/dax0.0",
    "set-affinity": true,
    "source": "devdax",
    "stripeSize": 412316860416,
    "totalSize": 412316860416
  },
  "results": {
    "IOPS": 373678.28718020435,
    "MIOPS": 0.37367828718020435,
    "MiB_per_sec": 23354.892948762772,
    "addr": 20718922235904,
    "byte_per_sec": 24489380228.641872,
    "success": true,
    "time": 16836.557584000002
  }
}
