{
  "params": {
    "accessPattern": "sequential",
    "accessType": "write",
    "blockSize": 16384,
    "granularity": "page",
    "nonTemporal": false,
    "nthreads": 16,
    "path": "/dev/dax0.0",
    "set-affinity": true,
    "source": "devdax",
    "stripeSize": 137438953472,
    "totalSize": 137438953472
  },
  "results": {
    "IOPS": 1125370.9235715542,
    "MIOPS": 1.1253709235715543,
    "MiB_per_sec": 17583.920680805535,
    "addr": 20267950669824,
    "byte_per_sec": 18438077211.796345,
    "success": true,
    "time": 7454.08276
  }
}
