{
  "params": {
    "accessPattern": "sequential",
    "accessType": "write",
    "blockSize": 4096,
    "granularity": "page",
    "nonTemporal": true,
    "nthreads": 32,
    "path": "/dev/dax0.0",
    "set-affinity": true,
    "source": "devdax",
    "stripeSize": 274877906944,
    "totalSize": 274877906944
  },
  "results": {
    "IOPS": 6452029.657166447,
    "MIOPS": 6.452029657166446,
    "MiB_per_sec": 25203.240848306432,
    "addr": 20941186793472,
    "byte_per_sec": 26427513475.753765,
    "success": true,
    "time": 10401.202035
  }
}
