{
  "params": {
    "accessPattern": "sequential",
    "accessType": "write",
    "blockSize": 1048576,
    "granularity": "page",
    "nonTemporal": true,
    "nthreads": 4,
    "path": "/dev/dax0.0",
    "set-affinity": true,
    "source": "devdax",
    "stripeSize": 34359738368,
    "totalSize": 34359738368
  },
  "results": {
    "IOPS": 24420.114977484907,
    "MIOPS": 0.02442011497748491,
    "MiB_per_sec": 24420.114977484907,
    "addr": 20365661175808,
    "byte_per_sec": 25606346482.631214,
    "success": true,
    "time": 1341.8446239999998
  }
}
