{
  "params": {
    "accessPattern": "sequential",
    "accessType": "write",
    "blockSize": 524288,
    "granularity": "page",
    "nonTemporal": false,
    "nthreads": 8,
    "path": "/dev/dax0.0",
    "set-affinity": true,
    "source": "devdax",
    "stripeSize": 68719476736,
    "totalSize": 68719476736
  },
  "results": {
    "IOPS": 28157.006981100367,
    "MIOPS": 0.028157006981100366,
    "MiB_per_sec": 14078.503490550183,
    "addr": 20556787220480,
    "byte_per_sec": 14762380876.10715,
    "success": true,
    "time": 4655.040221
  }
}
