{
  "params": {
    "accessPattern": "sequential",
    "accessType": "write",
    "blockSize": 16384,
    "granularity": "page",
    "nonTemporal": true,
    "nthreads": 16,
    "path": "/dev/dax0.0",
    "set-affinity": true,
    "source": "devdax",
    "stripeSize": 137438953472,
    "totalSize": 137438953472
  },
  "results": {
    "IOPS": 1572974.8561894775,
    "MIOPS": 1.5729748561894774,
    "MiB_per_sec": 24577.732127960586,
    "addr": 20507395096576,
    "byte_per_sec": 25771620043.8084,
    "success": true,
    "time": 5332.957464
  }
}
