{
  "params": {
    "accessPattern": "sequential",
    "accessType": "write",
    "blockSize": 1048576,
    "granularity": "page",
    "nonTemporal": false,
    "nthreads": 32,
    "path": "/dev/dax0.0",
    "set-affinity": true,
    "source": "devdax",
    "stripeSize": 274877906944,
    "totalSize": 274877906944
  },
  "results": {
    "IOPS": 22876.84970290523,
    "MIOPS": 0.02287684970290523,
    "MiB_per_sec": 22876.84970290523,
    "addr": 20305531633664,
    "byte_per_sec": 23988115554.073555,
    "success": true,
    "time": 11458.920411
  }
}
