{
  "params": {
    "accessPattern": "sequential",
    "accessType": "write",
    "blockSize": 64,
    "granularity": "page",
    "nonTemporal": false,
    "nthreads": 16,
    "path": "/dev/dax0.0",
    "set-affinity": true,
    "source": "devdax",
    "stripeSize": 137438953472,
    "totalSize": 137438953472
  },
  "results": {
    "IOPS": 58729186.63793675,
    "MIOPS": 58.72918663793675,
    "MiB_per_sec": 3584.5450828818816,
    "addr": 20702816108544,
    "byte_per_sec": 3758667944.827952,
    "success": true,
    "time": 36565.867347
  }
}
