{
  "params": {
    "accessPattern": "sequential",
    "accessType": "write",
    "blockSize": 262144,
    "granularity": "page",
    "nonTemporal": true,
    "nthreads": 48,
    "path": "/dev/dax0.0",
    "set-affinity": true,
    "source": "devdax",
    "stripeSize": 412316860416,
    "totalSize": 412316860416
  },
  "results": {
    "IOPS": 94364.34911262013,
    "MIOPS": 0.09436434911262012,
    "MiB_per_sec": 23591.08727815503,
    "addr": 20257213251584,
    "byte_per_sec": 24737047933.77869,
    "success": true,
    "time": 16667.98971
  }
}
