{
  "params": {
    "accessPattern": "sequential",
    "accessType": "write",
    "blockSize": 131072,
    "granularity": "page",
    "nonTemporal": true,
    "nthreads": 8,
    "path": "/dev/dax0.0",
    "set-affinity": true,
    "source": "devdax",
    "stripeSize": 68719476736,
    "totalSize": 68719476736
  },
  "results": {
    "IOPS": 189723.6892933128,
    "MIOPS": 0.18972368929331282,
    "MiB_per_sec": 23715.4611616641,
    "addr": 20438675619840,
    "byte_per_sec": 24867463403.053097,
    "success": true,
    "time": 2763.42929
  }
}
