{
  "params": {
    "accessPattern": "sequential",
    "accessType": "write",
    "blockSize": 256,
    "granularity": "page",
    "nonTemporal": false,
    "nthreads": 16,
    "path": "/dev/dax0.0",
    "set-affinity": true,
    "source": "devdax",
    "stripeSize": 137438953472,
    "totalSize": 137438953472
  },
  "results": {
    "IOPS": 43307910.8780559,
    "MIOPS": 43.3079108780559,
    "MiB_per_sec": 10573.220429212866,
    "addr": 20591146958848,
    "byte_per_sec": 11086825184.78231,
    "success": true,
    "time": 12396.601477999999
  }
}
