{
  "params": {
    "accessPattern": "sequential",
    "accessType": "write",
    "blockSize": 32768,
    "granularity": "page",
    "nonTemporal": false,
    "nthreads": 2,
    "path": "/dev/dax0.0",
    "set-affinity": true,
    "source": "devdax",
    "stripeSize": 17179869184,
    "totalSize": 17179869184
  },
  "results": {
    "IOPS": 164057.72967735367,
    "MIOPS": 0.16405772967735366,
    "MiB_per_sec": 5126.804052417302,
    "addr": 20746839523328,
    "byte_per_sec": 5375843686.067525,
    "success": true,
    "time": 3195.753111
  }
}
