{
  "params": {
    "accessPattern": "sequential",
    "accessType": "write",
    "blockSize": 65536,
    "granularity": "page",
    "nonTemporal": false,
    "nthreads": 16,
    "path": "/dev/dax0.0",
    "set-affinity": true,
    "source": "devdax",
    "stripeSize": 137438953472,
    "totalSize": 137438953472
  },
  "results": {
    "IOPS": 283999.3483839795,
    "MIOPS": 0.2839993483839795,
    "MiB_per_sec": 17749.95927399872,
    "addr": 20999168851968,
    "byte_per_sec": 18612181295.692482,
    "success": true,
    "time": 7384.354971
  }
}
