{
  "params": {
    "accessPattern": "sequential",
    "accessType": "write",
    "blockSize": 65536,
    "granularity": "page",
    "nonTemporal": true,
    "nthreads": 48,
    "path": "/dev/dax0.0",
    "set-affinity": true,
    "source": "devdax",
    "stripeSize": 412316860416,
    "totalSize": 412316860416
  },
  "results": {
    "IOPS": 369451.2903915875,
    "MIOPS": 0.3694512903915875,
    "MiB_per_sec": 23090.705649474217,
    "addr": 20450486779904,
    "byte_per_sec": 24212359767.103077,
    "success": true,
    "time": 17029.189405
  }
}
