{
  "params": {
    "accessPattern": "sequential",
    "accessType": "write",
    "blockSize": 256,
    "granularity": "page",
    "nonTemporal": false,
    "nthreads": 1,
    "path": "/dev/dax0.0",
    "set-affinity": true,
    "source": "devdax",
    "stripeSize": 8589934592,
    "totalSize": 8589934592
  },
  "results": {
    "IOPS": 3306153.667579947,
    "MIOPS": 3.306153667579947,
    "MiB_per_sec": 807.1664227490105,
    "addr": 20451560521728,
    "byte_per_sec": 846375338.9004664,
    "success": true,
    "time": 10149.084215
  }
}
