{
  "params": {
    "accessPattern": "sequential",
    "accessType": "write",
    "blockSize": 65536,
    "granularity": "page",
    "nonTemporal": false,
    "nthreads": 1,
    "path": "/dev/dax0.0",
    "set-affinity": true,
    "source": "devdax",
    "stripeSize": 8589934592,
    "totalSize": 8589934592
  },
  "results": {
    "IOPS": 42625.28988706086,
    "MIOPS": 0.04262528988706086,
    "MiB_per_sec": 2664.080617941304,
    "addr": 20567524638720,
    "byte_per_sec": 2793490998.0384207,
    "success": true,
    "time": 3074.9820200000004
  }
}
