{
  "params": {
    "accessPattern": "sequential",
    "accessType": "write",
    "blockSize": 32768,
    "granularity": "page",
    "nonTemporal": true,
    "nthreads": 4,
    "path": "/dev/dax0.0",
    "set-affinity": true,
    "source": "devdax",
    "stripeSize": 34359738368,
    "totalSize": 34359738368
  },
  "results": {
    "IOPS": 782584.8919081001,
    "MIOPS": 0.7825848919081001,
    "MiB_per_sec": 24455.77787212813,
    "addr": 20249697058816,
    "byte_per_sec": 25643741738.044624,
    "success": true,
    "time": 1339.887865
  }
}
