{
  "params": {
    "accessPattern": "sequential",
    "accessType": "write",
    "blockSize": 131072,
    "granularity": "page",
    "nonTemporal": true,
    "nthreads": 4,
    "path": "/dev/dax0.0",
    "set-affinity": true,
    "source": "devdax",
    "stripeSize": 34359738368,
    "totalSize": 34359738368
  },
  "results": {
    "IOPS": 192551.5297278991,
    "MIOPS": 0.1925515297278991,
    "MiB_per_sec": 24068.941215987386,
    "addr": 20526722449408,
    "byte_per_sec": 25238114104.49519,
    "success": true,
    "time": 1361.422578
  }
}
