{
  "params": {
    "accessPattern": "sequential",
    "accessType": "write",
    "blockSize": 1048576,
    "granularity": "page",
    "nonTemporal": false,
    "nthreads": 4,
    "path": "/dev/dax0.0",
    "set-affinity": true,
    "source": "devdax",
    "stripeSize": 34359738368,
    "totalSize": 34359738368
  },
  "results": {
    "IOPS": 9003.258690302513,
    "MIOPS": 0.009003258690302513,
    "MiB_per_sec": 9003.258690302513,
    "addr": 20962661629952,
    "byte_per_sec": 9440600984.442648,
    "success": true,
    "time": 3639.571085
  }
}
