{
  "params": {
    "accessPattern": "sequential",
    "accessType": "write",
    "blockSize": 1024,
    "granularity": "page",
    "nonTemporal": false,
    "nthreads": 1,
    "path": "/dev/dax0.0",
    "set-affinity": true,
    "source": "devdax",
    "stripeSize": 8589934592,
    "totalSize": 8589934592
  },
  "results": {
    "IOPS": 1834370.166276938,
    "MIOPS": 1.834370166276938,
    "MiB_per_sec": 1791.3771155048223,
    "addr": 21117280452608,
    "byte_per_sec": 1878395050.2675846,
    "success": true,
    "time": 4573.018115
  }
}
