{
  "params": {
    "accessPattern": "sequential",
    "accessType": "write",
    "blockSize": 262144,
    "granularity": "page",
    "nonTemporal": true,
    "nthreads": 8,
    "path": "/dev/dax0.0",
    "set-affinity": true,
    "source": "devdax",
    "stripeSize": 68719476736,
    "totalSize": 68719476736
  },
  "results": {
    "IOPS": 93528.21504017877,
    "MIOPS": 0.09352821504017876,
    "MiB_per_sec": 23382.05376004469,
    "addr": 20368882401280,
    "byte_per_sec": 24517860403.492622,
    "success": true,
    "time": 2802.833347
  }
}
