{
  "params": {
    "accessPattern": "random",
    "accessType": "read",
    "blockSize": 2048,
    "granularity": "page",
    "nonTemporal": true,
    "nthreads": 1,
    "path": "/pmem/pmem2bench.bin",
    "set-affinity": true,
    "source": "fsdax",
    "stripeSize": 8589934592,
    "totalSize": 8589934592
  },
  "results": {
    "IOPS": 1407387.1187301315,
    "MIOPS": 1.4073871187301314,
    "MiB_per_sec": 2748.802966269788,
    "addr": 22853520982016,
    "byte_per_sec": 2882328819.1593094,
    "success": true,
    "time": 2980.20633
  }
}
