{
  "params": {
    "accessPattern": "random",
    "accessType": "read",
    "blockSize": 2048,
    "granularity": "page",
    "nonTemporal": true,
    "nthreads": 1,
    "path": "/pmem/pmem2bench.bin",
    "set-affinity": true,
    "source": "fsdax",
    "stripeSize": 8589934592,
    "totalSize": 8589934592
  },
  "results": {
    "IOPS": 1407498.7577693518,
    "MIOPS": 1.4074987577693518,
    "MiB_per_sec": 2749.0210112682653,
    "addr": 23147726241792,
    "byte_per_sec": 2882557455.9116325,
    "success": true,
    "time": 2979.969948
  }
}
