{
  "params": {
    "accessPattern": "random",
    "accessType": "read",
    "blockSize": 128,
    "granularity": "page",
    "nonTemporal": true,
    "nthreads": 1,
    "path": "/pmem/pmem2bench.bin",
    "set-affinity": true,
    "source": "fsdax",
    "stripeSize": 8589934592,
    "totalSize": 8589934592
  },
  "results": {
    "IOPS": 11585998.201865802,
    "MIOPS": 11.585998201865802,
    "MiB_per_sec": 1414.3064211261965,
    "addr": 23344220995584,
    "byte_per_sec": 1483007769.8388226,
    "success": true,
    "time": 5792.238427
  }
}
