{
  "params": {
    "accessPattern": "random",
    "accessType": "read",
    "blockSize": 16384,
    "granularity": "page",
    "nonTemporal": true,
    "nthreads": 4,
    "path": "/pmem/pmem2bench.bin",
    "set-affinity": true,
    "source": "fsdax",
    "stripeSize": 34359738368,
    "totalSize": 34359738368
  },
  "results": {
    "IOPS": 1086005.6433349224,
    "MIOPS": 1.0860056433349223,
    "MiB_per_sec": 16968.838177108162,
    "addr": 23160611143680,
    "byte_per_sec": 17793116460.39937,
    "success": true,
    "time": 1931.0691550000001
  }
}
