{
  "params": {
    "accessPattern": "random",
    "accessType": "read",
    "blockSize": 524288,
    "granularity": "page",
    "nonTemporal": true,
    "nthreads": 48,
    "path": "/pmem/pmem2bench.bin",
    "set-affinity": true,
    "source": "fsdax",
    "stripeSize": 412316860416,
    "totalSize": 412316860416
  },
  "results": {
    "IOPS": 156758.87190907414,
    "MIOPS": 0.15675887190907414,
    "MiB_per_sec": 78379.43595453707,
    "addr": 22941567811584,
    "byte_per_sec": 82186795435.46466,
    "success": true,
    "time": 5016.8261
  }
}
