{
  "params": {
    "accessPattern": "random",
    "accessType": "read",
    "blockSize": 131072,
    "granularity": "page",
    "nonTemporal": true,
    "nthreads": 2,
    "path": "/pmem/pmem2bench.bin",
    "set-affinity": true,
    "source": "fsdax",
    "stripeSize": 17179869184,
    "totalSize": 17179869184
  },
  "results": {
    "IOPS": 68929.58941781786,
    "MIOPS": 0.06892958941781786,
    "MiB_per_sec": 8616.198677227232,
    "addr": 22927609167872,
    "byte_per_sec": 9034739144.172222,
    "success": true,
    "time": 1901.534611
  }
}
