{
  "params": {
    "accessPattern": "random",
    "accessType": "read",
    "blockSize": 524288,
    "granularity": "page",
    "nonTemporal": true,
    "nthreads": 16,
    "path": "/pmem/pmem2bench.bin",
    "set-affinity": true,
    "source": "fsdax",
    "stripeSize": 137438953472,
    "totalSize": 137438953472
  },
  "results": {
    "IOPS": 120778.10427503209,
    "MIOPS": 0.12077810427503209,
    "MiB_per_sec": 60389.052137516046,
    "addr": 22707492093952,
    "byte_per_sec": 63322510734.148026,
    "success": true,
    "time": 2170.4596340000003
  }
}
