{
  "params": {
    "accessPattern": "random",
    "accessType": "read",
    "blockSize": 256,
    "granularity": "page",
    "nonTemporal": true,
    "nthreads": 1,
    "path": "/pmem/pmem2bench.bin",
    "set-affinity": true,
    "source": "fsdax",
    "stripeSize": 8589934592,
    "totalSize": 8589934592
  },
  "results": {
    "IOPS": 8272671.217962018,
    "MIOPS": 8.272671217962019,
    "MiB_per_sec": 2019.6951215727584,
    "addr": 23179938496512,
    "byte_per_sec": 2117803831.7982767,
    "success": true,
    "time": 4056.0577249999997
  }
}
