{
  "params": {
    "accessPattern": "random",
    "accessType": "read",
    "blockSize": 1048576,
    "granularity": "page",
    "nonTemporal": true,
    "nthreads": 4,
    "path": "/pmem/pmem2bench.bin",
    "set-affinity": true,
    "source": "fsdax",
    "stripeSize": 34359738368,
    "totalSize": 34359738368
  },
  "results": {
    "IOPS": 16448.22013462567,
    "MIOPS": 0.01644822013462567,
    "MiB_per_sec": 16448.22013462567,
    "addr": 23267985326080,
    "byte_per_sec": 17247208875.885246,
    "success": true,
    "time": 1992.1912360000001
  }
}
