{
  "params": {
    "accessPattern": "random",
    "accessType": "read",
    "blockSize": 65536,
    "granularity": "page",
    "nonTemporal": true,
    "nthreads": 8,
    "path": "/pmem/pmem2bench.bin",
    "set-affinity": true,
    "source": "fsdax",
    "stripeSize": 68719476736,
    "totalSize": 68719476736
  },
  "results": {
    "IOPS": 519633.95022835775,
    "MIOPS": 0.5196339502283578,
    "MiB_per_sec": 32477.12188927236,
    "addr": 22724671963136,
    "byte_per_sec": 34054730562.165653,
    "success": true,
    "time": 2017.912801
  }
}
