{
  "params": {
    "accessPattern": "random",
    "accessType": "read",
    "blockSize": 524288,
    "granularity": "page",
    "nonTemporal": true,
    "nthreads": 32,
    "path": "/pmem/pmem2bench.bin",
    "set-affinity": true,
    "source": "fsdax",
    "stripeSize": 274877906944,
    "totalSize": 274877906944
  },
  "results": {
    "IOPS": 155339.71474144337,
    "MIOPS": 0.15533971474144337,
    "MiB_per_sec": 77669.85737072169,
    "addr": 22770842861568,
    "byte_per_sec": 81442748362.36186,
    "success": true,
    "time": 3375.1059790000004
  }
}
