{
  "params": {
    "accessPattern": "random",
    "accessType": "read",
    "blockSize": 32768,
    "granularity": "page",
    "nonTemporal": true,
    "nthreads": 32,
    "path": "/pmem/pmem2bench.bin",
    "set-affinity": true,
    "source": "fsdax",
    "stripeSize": 274877906944,
    "totalSize": 274877906944
  },
  "results": {
    "IOPS": 2416680.8506975253,
    "MIOPS": 2.4166808506975253,
    "MiB_per_sec": 75521.27658429767,
    "addr": 22304838909952,
    "byte_per_sec": 79189798115.65651,
    "success": true,
    "time": 3471.1277649999997
  }
}
