{
  "params": {
    "accessPattern": "random",
    "accessType": "read",
    "blockSize": 64,
    "granularity": "page",
    "nonTemporal": true,
    "nthreads": 16,
    "path": "/pmem/pmem2bench.bin",
    "set-affinity": true,
    "source": "fsdax",
    "stripeSize": 137438953472,
    "totalSize": 137438953472
  },
  "results": {
    "IOPS": 302409870.10717577,
    "MIOPS": 302.4098701071758,
    "MiB_per_sec": 18457.633673533677,
    "addr": 22276921622528,
    "byte_per_sec": 19354231686.85925,
    "success": true,
    "time": 7101.235311
  }
}
