{
  "params": {
    "accessPattern": "random",
    "accessType": "read",
    "blockSize": 524288,
    "granularity": "page",
    "nonTemporal": true,
    "nthreads": 8,
    "path": "/pmem/pmem2bench.bin",
    "set-affinity": true,
    "source": "fsdax",
    "stripeSize": 68719476736,
    "totalSize": 68719476736
  },
  "results": {
    "IOPS": 65356.26259849329,
    "MIOPS": 0.0653562625984933,
    "MiB_per_sec": 32678.131299246645,
    "addr": 22902913105920,
    "byte_per_sec": 34265504205.23885,
    "success": true,
    "time": 2005.500235
  }
}
