{
  "params": {
    "accessPattern": "random",
    "accessType": "read",
    "blockSize": 131072,
    "granularity": "page",
    "nonTemporal": true,
    "nthreads": 32,
    "path": "/pmem/pmem2bench.bin",
    "set-affinity": true,
    "source": "fsdax",
    "stripeSize": 274877906944,
    "totalSize": 274877906944
  },
  "results": {
    "IOPS": 625769.3116778104,
    "MIOPS": 0.6257693116778104,
    "MiB_per_sec": 78221.1639597263,
    "addr": 23057531928576,
    "byte_per_sec": 82020835220.23396,
    "success": true,
    "time": 3351.3180669999997
  }
}
