{
  "params": {
    "accessPattern": "random",
    "accessType": "read",
    "blockSize": 32768,
    "granularity": "page",
    "nonTemporal": true,
    "nthreads": 16,
    "path": "/pmem/pmem2bench.bin",
    "set-affinity": true,
    "source": "fsdax",
    "stripeSize": 137438953472,
    "totalSize": 137438953472
  },
  "results": {
    "IOPS": 1894583.3397224962,
    "MIOPS": 1.8945833397224963,
    "MiB_per_sec": 59205.72936632801,
    "addr": 22819161243648,
    "byte_per_sec": 62081706876.02676,
    "success": true,
    "time": 2213.839799
  }
}
