{
  "params": {
    "accessPattern": "random",
    "accessType": "read",
    "blockSize": 128,
    "granularity": "page",
    "nonTemporal": true,
    "nthreads": 48,
    "path": "/pmem/pmem2bench.bin",
    "set-affinity": true,
    "source": "fsdax",
    "stripeSize": 412316860416,
    "totalSize": 412316860416
  },
  "results": {
    "IOPS": 365008194.1578314,
    "MIOPS": 365.0081941578314,
    "MiB_per_sec": 44556.66432590715,
    "addr": 22425097994240,
    "byte_per_sec": 46721048852.202415,
    "success": true,
    "time": 8825.077145
  }
}
