{
  "params": {
    "accessPattern": "random",
    "accessType": "read",
    "blockSize": 65536,
    "granularity": "page",
    "nonTemporal": true,
    "nthreads": 1,
    "path": "/pmem/pmem2bench.bin",
    "set-affinity": true,
    "source": "fsdax",
    "stripeSize": 8589934592,
    "totalSize": 8589934592
  },
  "results": {
    "IOPS": 70094.09886240757,
    "MIOPS": 0.07009409886240757,
    "MiB_per_sec": 4380.881178900473,
    "addr": 22672058613760,
    "byte_per_sec": 4593686863.046742,
    "success": true,
    "time": 1869.943435
  }
}
