{
  "params": {
    "accessPattern": "random",
    "accessType": "read",
    "blockSize": 128,
    "granularity": "page",
    "nonTemporal": true,
    "nthreads": 16,
    "path": "/pmem/pmem2bench.bin",
    "set-affinity": true,
    "source": "fsdax",
    "stripeSize": 137438953472,
    "totalSize": 137438953472
  },
  "results": {
    "IOPS": 160234127.60782704,
    "MIOPS": 160.23412760782705,
    "MiB_per_sec": 19559.830030252324,
    "addr": 22505628631040,
    "byte_per_sec": 20509968333.80186,
    "success": true,
    "time": 6701.080725
  }
}
