{
  "params": {
    "accessPattern": "random",
    "accessType": "read",
    "blockSize": 512,
    "granularity": "page",
    "nonTemporal": true,
    "nthreads": 32,
    "path": "/pmem/pmem2bench.bin",
    "set-affinity": true,
    "source": "fsdax",
    "stripeSize": 274877906944,
    "totalSize": 274877906944
  },
  "results": {
    "IOPS": 103595774.71213205,
    "MIOPS": 103.59577471213206,
    "MiB_per_sec": 50583.87437115823,
    "addr": 23128398888960,
    "byte_per_sec": 53041036652.61161,
    "success": true,
    "time": 5182.363020999999
  }
}
