{
  "params": {
    "accessPattern": "random",
    "accessType": "read",
    "blockSize": 65536,
    "granularity": "page",
    "nonTemporal": true,
    "nthreads": 16,
    "path": "/pmem/pmem2bench.bin",
    "set-affinity": true,
    "source": "fsdax",
    "stripeSize": 137438953472,
    "totalSize": 137438953472
  },
  "results": {
    "IOPS": 946001.1911226928,
    "MIOPS": 0.9460011911226928,
    "MiB_per_sec": 59125.0744451683,
    "addr": 22444425347072,
    "byte_per_sec": 61997134061.416794,
    "success": true,
    "time": 2216.8597879999998
  }
}
