{
  "params": {
    "accessPattern": "random",
    "accessType": "read",
    "blockSize": 4096,
    "granularity": "page",
    "nonTemporal": true,
    "nthreads": 1,
    "path": "/pmem/pmem2bench.bin",
    "set-affinity": true,
    "source": "fsdax",
    "stripeSize": 8589934592,
    "totalSize": 8589934592
  },
  "results": {
    "IOPS": 930694.6936040095,
    "MIOPS": 0.9306946936040095,
    "MiB_per_sec": 3635.526146890662,
    "addr": 22422950510592,
    "byte_per_sec": 3812125465.0020227,
    "success": true,
    "time": 2253.3189610000004
  }
}
