{
  "params": {
    "accessPattern": "random",
    "accessType": "read",
    "blockSize": 1048576,
    "granularity": "page",
    "nonTemporal": true,
    "nthreads": 8,
    "path": "/pmem/pmem2bench.bin",
    "set-affinity": true,
    "source": "fsdax",
    "stripeSize": 68719476736,
    "totalSize": 68719476736
  },
  "results": {
    "IOPS": 31667.85185947445,
    "MIOPS": 0.03166785185947445,
    "MiB_per_sec": 31667.85185947445,
    "addr": 23245436747776,
    "byte_per_sec": 33206149431.40028,
    "success": true,
    "time": 2069.48044
  }
}
