{
  "params": {
    "accessPattern": "random",
    "accessType": "read",
    "blockSize": 131072,
    "granularity": "page",
    "nonTemporal": true,
    "nthreads": 4,
    "path": "/pmem/pmem2bench.bin",
    "set-affinity": true,
    "source": "fsdax",
    "stripeSize": 34359738368,
    "totalSize": 34359738368
  },
  "results": {
    "IOPS": 135575.28086661609,
    "MIOPS": 0.13557528086661608,
    "MiB_per_sec": 16946.91010832701,
    "addr": 23177791012864,
    "byte_per_sec": 17770123213.749104,
    "success": true,
    "time": 1933.567818
  }
}
