{
  "params": {
    "accessPattern": "random",
    "accessType": "read",
    "blockSize": 32768,
    "granularity": "page",
    "nonTemporal": true,
    "nthreads": 48,
    "path": "/pmem/pmem2bench.bin",
    "set-affinity": true,
    "source": "fsdax",
    "stripeSize": 412316860416,
    "totalSize": 412316860416
  },
  "results": {
    "IOPS": 2501087.1466836086,
    "MIOPS": 2.5010871466836084,
    "MiB_per_sec": 78158.97333386277,
    "addr": 22459457732608,
    "byte_per_sec": 81955623622.52849,
    "success": true,
    "time": 5030.977036
  }
}
