{
  "params": {
    "accessPattern": "sequential",
    "accessType": "read",
    "blockSize": 262144,
    "granularity": "page",
    "nonTemporal": true,
    "nthreads": 32,
    "path": "/pmem/pmem2bench.bin",
    "set-affinity": true,
    "source": "fsdax",
    "stripeSize": 274877906944,
    "totalSize": 274877906944
  },
  "results": {
    "IOPS": 309459.5318269585,
    "MIOPS": 0.3094595318269585,
    "MiB_per_sec": 77364.88295673963,
    "addr": 23114440245248,
    "byte_per_sec": 81122959511.24622,
    "success": true,
    "time": 3388.410736
  }
}
