{
  "params": {
    "accessPattern": "sequential",
    "accessType": "read",
    "blockSize": 64,
    "granularity": "page",
    "nonTemporal": true,
    "nthreads": 16,
    "path": "/pmem/pmem2bench.bin",
    "set-affinity": true,
    "source": "fsdax",
    "stripeSize": 137438953472,
    "totalSize": 137438953472
  },
  "results": {
    "IOPS": 764478995.6979586,
    "MIOPS": 764.4789956979586,
    "MiB_per_sec": 46660.09495226798,
    "addr": 22558241980416,
    "byte_per_sec": 48926655724.66935,
    "success": true,
    "time": 2809.081296
  }
}
