{
  "params": {
    "accessPattern": "sequential",
    "accessType": "read",
    "blockSize": 131072,
    "granularity": "page",
    "nonTemporal": true,
    "nthreads": 4,
    "path": "/pmem/pmem2bench.bin",
    "set-affinity": true,
    "source": "fsdax",
    "stripeSize": 34359738368,
    "totalSize": 34359738368
  },
  "results": {
    "IOPS": 136493.34696752662,
    "MIOPS": 0.13649334696752663,
    "MiB_per_sec": 17061.668370940828,
    "addr": 22852447240192,
    "byte_per_sec": 17890455973.72765,
    "success": true,
    "time": 1920.562473
  }
}
