{
  "params": {
    "accessPattern": "sequential",
    "accessType": "read",
    "blockSize": 4096,
    "granularity": "page",
    "nonTemporal": true,
    "nthreads": 32,
    "path": "/pmem/pmem2bench.bin",
    "set-affinity": true,
    "source": "fsdax",
    "stripeSize": 274877906944,
    "totalSize": 274877906944
  },
  "results": {
    "IOPS": 17149175.660742972,
    "MIOPS": 17.149175660742973,
    "MiB_per_sec": 66988.96742477723,
    "addr": 22827751178240,
    "byte_per_sec": 70243023506.40321,
    "success": true,
    "time": 3913.24139
  }
}
