{
  "params": {
    "accessPattern": "sequential",
    "accessType": "read",
    "blockSize": 512,
    "granularity": "page",
    "nonTemporal": true,
    "nthreads": 1,
    "path": "/pmem/pmem2bench.bin",
    "set-affinity": true,
    "source": "fsdax",
    "stripeSize": 8589934592,
    "totalSize": 8589934592
  },
  "results": {
    "IOPS": 8746868.534821114,
    "MIOPS": 8.746868534821113,
    "MiB_per_sec": 4270.931901768122,
    "addr": 23075785539584,
    "byte_per_sec": 4478396689.82841,
    "success": true,
    "time": 1918.0825610000002
  }
}
