{
  "params": {
    "accessPattern": "sequential",
    "accessType": "read",
    "blockSize": 512,
    "granularity": "page",
    "nonTemporal": true,
    "nthreads": 32,
    "path": "/pmem/pmem2bench.bin",
    "set-affinity": true,
    "source": "fsdax",
    "stripeSize": 274877906944,
    "totalSize": 274877906944
  },
  "results": {
    "IOPS": 154680960.42815125,
    "MIOPS": 154.68096042815125,
    "MiB_per_sec": 75527.81270905823,
    "addr": 22125524025344,
    "byte_per_sec": 79196651739.21344,
    "success": true,
    "time": 3470.8273759999997
  }
}
