{
  "params": {
    "accessPattern": "sequential",
    "accessType": "read",
    "blockSize": 2048,
    "granularity": "page",
    "nonTemporal": true,
    "nthreads": 2,
    "path": "/pmem/pmem2bench.bin",
    "set-affinity": true,
    "source": "fsdax",
    "stripeSize": 17179869184,
    "totalSize": 17179869184
  },
  "results": {
    "IOPS": 3850461.9576610215,
    "MIOPS": 3.8504619576610213,
    "MiB_per_sec": 7520.433511056683,
    "addr": 23375359508480,
    "byte_per_sec": 7885746089.289772,
    "success": true,
    "time": 2178.5978130000003
  }
}
