{
  "params": {
    "accessPattern": "sequential",
    "accessType": "read",
    "blockSize": 256,
    "granularity": "page",
    "nonTemporal": true,
    "nthreads": 48,
    "path": "/pmem/pmem2bench.bin",
    "set-affinity": true,
    "source": "fsdax",
    "stripeSize": 412316860416,
    "totalSize": 412316860416
  },
  "results": {
    "IOPS": 329208669.391608,
    "MIOPS": 329.208669391608,
    "MiB_per_sec": 80373.21030068555,
    "addr": 22752589250560,
    "byte_per_sec": 84277419364.25165,
    "success": true,
    "time": 4892.376434
  }
}
