{
  "params": {
    "accessPattern": "sequential",
    "accessType": "read",
    "blockSize": 65536,
    "granularity": "page",
    "nonTemporal": true,
    "nthreads": 4,
    "path": "/pmem/pmem2bench.bin",
    "set-affinity": true,
    "source": "fsdax",
    "stripeSize": 34359738368,
    "totalSize": 34359738368
  },
  "results": {
    "IOPS": 274192.4065772416,
    "MIOPS": 0.2741924065772416,
    "MiB_per_sec": 17137.0254110776,
    "addr": 22610855329792,
    "byte_per_sec": 17969473557.446106,
    "success": true,
    "time": 1912.117139
  }
}
