{
  "params": {
    "accessPattern": "sequential",
    "accessType": "read",
    "blockSize": 8192,
    "granularity": "page",
    "nonTemporal": true,
    "nthreads": 1,
    "path": "/pmem/pmem2bench.bin",
    "set-affinity": true,
    "source": "fsdax",
    "stripeSize": 8589934592,
    "totalSize": 8589934592
  },
  "results": {
    "IOPS": 590202.3775638514,
    "MIOPS": 0.5902023775638514,
    "MiB_per_sec": 4610.956074717589,
    "addr": 22622666489856,
    "byte_per_sec": 4834937877.003071,
    "success": true,
    "time": 1776.638048
  }
}
