{
  "params": {
    "accessPattern": "sequential",
    "accessType": "read",
    "blockSize": 256,
    "granularity": "page",
    "nonTemporal": true,
    "nthreads": 48,
    "path": "/pmem/pmem2bench.bin",
    "set-affinity": true,
    "source": "fsdax",
    "stripeSize": 412316860416,
    "totalSize": 412316860416
  },
  "results": {
    "IOPS": 329549420.7151979,
    "MIOPS": 329.5494207151979,
    "MiB_per_sec": 80456.40154179637,
    "addr": 21998822490112,
    "byte_per_sec": 84364651703.09067,
    "success": true,
    "time": 4887.317758
  }
}
