{
  "params": {
    "accessPattern": "sequential",
    "accessType": "read",
    "blockSize": 262144,
    "granularity": "page",
    "nonTemporal": true,
    "nthreads": 2,
    "path": "/pmem/pmem2bench.bin",
    "set-affinity": true,
    "source": "fsdax",
    "stripeSize": 17179869184,
    "totalSize": 17179869184
  },
  "results": {
    "IOPS": 34469.02196792567,
    "MIOPS": 0.03446902196792567,
    "MiB_per_sec": 8617.255491981417,
    "addr": 22603339137024,
    "byte_per_sec": 9035847294.759907,
    "success": true,
    "time": 1901.3014079999998
  }
}
