{
  "params": {
    "accessPattern": "sequential",
    "accessType": "read",
    "blockSize": 8192,
    "granularity": "page",
    "nonTemporal": true,
    "nthreads": 16,
    "path": "/pmem/pmem2bench.bin",
    "set-affinity": true,
    "source": "fsdax",
    "stripeSize": 137438953472,
    "totalSize": 137438953472
  },
  "results": {
    "IOPS": 7838499.982283126,
    "MIOPS": 7.838499982283126,
    "MiB_per_sec": 61238.28111158692,
    "addr": 22769769119744,
    "byte_per_sec": 64212991854.863365,
    "success": true,
    "time": 2140.360533
  }
}
