{
  "params": {
    "accessPattern": "random",
    "accessType": "write",
    "blockSize": 512,
    "granularity": "page",
    "nonTemporal": false,
    "nthreads": 2,
    "path": "/pmem/pmem2bench.bin",
    "set-affinity": true,
    "source": "fsdax",
    "stripeSize": 17179869184,
    "totalSize": 17179869184
  },
  "results": {
    "IOPS": 2008988.5343760946,
    "MIOPS": 2.0089885343760945,
    "MiB_per_sec": 980.9514328008274,
    "addr": 23248657973248,
    "byte_per_sec": 1028602129.6005604,
    "success": true,
    "time": 16702.152066
  }
}
