{
  "params": {
    "accessPattern": "random",
    "accessType": "write",
    "blockSize": 512,
    "granularity": "page",
    "nonTemporal": true,
    "nthreads": 16,
    "path": "/pmem/pmem2bench.bin",
    "set-affinity": true,
    "source": "fsdax",
    "stripeSize": 137438953472,
    "totalSize": 137438953472
  },
  "results": {
    "IOPS": 40944728.227393284,
    "MIOPS": 40.944728227393284,
    "MiB_per_sec": 19992.543079781877,
    "addr": 22601191653376,
    "byte_per_sec": 20963700852.42536,
    "success": true,
    "time": 6556.044395
  }
}
