{
  "params": {
    "accessPattern": "random",
    "accessType": "write",
    "blockSize": 4096,
    "granularity": "page",
    "nonTemporal": false,
    "nthreads": 48,
    "path": "/pmem/pmem2bench.bin",
    "set-affinity": true,
    "source": "fsdax",
    "stripeSize": 412316860416,
    "totalSize": 412316860416
  },
  "results": {
    "IOPS": 499522.34608423075,
    "MIOPS": 0.49952234608423074,
    "MiB_per_sec": 1951.2591643915264,
    "addr": 22087943061504,
    "byte_per_sec": 2046043529.5610092,
    "success": true,
    "time": 201519.10477900002
  }
}
