{
  "params": {
    "accessPattern": "random",
    "accessType": "write",
    "blockSize": 262144,
    "granularity": "page",
    "nonTemporal": true,
    "nthreads": 2,
    "path": "/pmem/pmem2bench.bin",
    "set-affinity": true,
    "source": "fsdax",
    "stripeSize": 17179869184,
    "totalSize": 17179869184
  },
  "results": {
    "IOPS": 34009.57752900196,
    "MIOPS": 0.03400957752900196,
    "MiB_per_sec": 8502.39438225049,
    "addr": 22717155770368,
    "byte_per_sec": 8915406691.76269,
    "success": true,
    "time": 1926.986595
  }
}
