{
  "params": {
    "accessPattern": "random",
    "accessType": "write",
    "blockSize": 32768,
    "granularity": "page",
    "nonTemporal": true,
    "nthreads": 1,
    "path": "/pmem/pmem2bench.bin",
    "set-affinity": true,
    "source": "fsdax",
    "stripeSize": 8589934592,
    "totalSize": 8589934592
  },
  "results": {
    "IOPS": 529437.4163163255,
    "MIOPS": 0.5294374163163256,
    "MiB_per_sec": 16544.919259885173,
    "addr": 23121956438016,
    "byte_per_sec": 17348605257.853355,
    "success": true,
    "time": 495.136898
  }
}
