{
  "params": {
    "accessPattern": "random",
    "accessType": "write",
    "blockSize": 512,
    "granularity": "page",
    "nonTemporal": false,
    "nthreads": 8,
    "path": "/pmem/pmem2bench.bin",
    "set-affinity": true,
    "source": "fsdax",
    "stripeSize": 68719476736,
    "totalSize": 68719476736
  },
  "results": {
    "IOPS": 5590477.266938666,
    "MIOPS": 5.590477266938666,
    "MiB_per_sec": 2729.7252279973955,
    "addr": 22915798007808,
    "byte_per_sec": 2862324360.672597,
    "success": true,
    "time": 24008.277217
  }
}
