{
  "params": {
    "accessPattern": "random",
    "accessType": "write",
    "blockSize": 256,
    "granularity": "page",
    "nonTemporal": true,
    "nthreads": 16,
    "path": "/pmem/pmem2bench.bin",
    "set-affinity": true,
    "source": "fsdax",
    "stripeSize": 137438953472,
    "totalSize": 137438953472
  },
  "results": {
    "IOPS": 17551406.28061872,
    "MIOPS": 17.55140628061872,
    "MiB_per_sec": 4285.01129897918,
    "addr": 22223234531328,
    "byte_per_sec": 4493160007.838392,
    "success": true,
    "time": 30588.484103
  }
}
