{
  "params": {
    "accessPattern": "random",
    "accessType": "write",
    "blockSize": 1024,
    "granularity": "page",
    "nonTemporal": false,
    "nthreads": 2,
    "path": "/pmem/pmem2bench.bin",
    "set-affinity": true,
    "source": "fsdax",
    "stripeSize": 17179869184,
    "totalSize": 17179869184
  },
  "results": {
    "IOPS": 2335343.4894745783,
    "MIOPS": 2.335343489474578,
    "MiB_per_sec": 2280.608876440018,
    "addr": 23032835866624,
    "byte_per_sec": 2391391733.221968,
    "success": true,
    "time": 7184.046405
  }
}
