{
  "params": {
    "accessPattern": "random",
    "accessType": "write",
    "blockSize": 64,
    "granularity": "page",
    "nonTemporal": true,
    "nthreads": 8,
    "path": "/pmem/pmem2bench.bin",
    "set-affinity": true,
    "source": "fsdax",
    "stripeSize": 68719476736,
    "totalSize": 68719476736
  },
  "results": {
    "IOPS": 32922250.7486285,
    "MIOPS": 32.9222507486285,
    "MiB_per_sec": 2009.41471854422,
    "addr": 23138062565376,
    "byte_per_sec": 2107024047.912224,
    "success": true,
    "time": 32614.471963
  }
}
