{
  "params": {
    "accessPattern": "random",
    "accessType": "write",
    "blockSize": 1024,
    "granularity": "page",
    "nonTemporal": false,
    "nthreads": 1,
    "path": "/pmem/pmem2bench.bin",
    "set-affinity": true,
    "source": "fsdax",
    "stripeSize": 8589934592,
    "totalSize": 8589934592
  },
  "results": {
    "IOPS": 1078586.6647952804,
    "MIOPS": 1.0785866647952804,
    "MiB_per_sec": 1053.307289839141,
    "addr": 23264764100608,
    "byte_per_sec": 1104472744.7503672,
    "success": true,
    "time": 7777.407485000001
  }
}
