{
  "params": {
    "accessPattern": "random",
    "accessType": "write",
    "blockSize": 65536,
    "granularity": "page",
    "nonTemporal": false,
    "nthreads": 48,
    "path": "/pmem/pmem2bench.bin",
    "set-affinity": true,
    "source": "fsdax",
    "stripeSize": 412316860416,
    "totalSize": 412316860416
  },
  "results": {
    "IOPS": 390212.71518009144,
    "MIOPS": 0.39021271518009143,
    "MiB_per_sec": 24388.294698755715,
    "addr": 22131966476288,
    "byte_per_sec": 25572980502.042473,
    "success": true,
    "time": 16123.144519
  }
}
