{
  "params": {
    "accessPattern": "random",
    "accessType": "write",
    "blockSize": 32768,
    "granularity": "page",
    "nonTemporal": false,
    "nthreads": 4,
    "path": "/pmem/pmem2bench.bin",
    "set-affinity": true,
    "source": "fsdax",
    "stripeSize": 34359738368,
    "totalSize": 34359738368
  },
  "results": {
    "IOPS": 292925.49629868416,
    "MIOPS": 0.29292549629868414,
    "MiB_per_sec": 9153.92175933388,
    "addr": 22483080052736,
    "byte_per_sec": 9598582662.715282,
    "success": true,
    "time": 3579.667913
  }
}
