{
  "params": {
    "accessPattern": "random",
    "accessType": "write",
    "blockSize": 65536,
    "granularity": "page",
    "nonTemporal": true,
    "nthreads": 2,
    "path": "/pmem/pmem2bench.bin",
    "set-affinity": true,
    "source": "fsdax",
    "stripeSize": 17179869184,
    "totalSize": 17179869184
  },
  "results": {
    "IOPS": 410865.5274543886,
    "MIOPS": 0.41086552745438865,
    "MiB_per_sec": 25679.09546589929,
    "addr": 22545357078528,
    "byte_per_sec": 26926483207.250813,
    "success": true,
    "time": 638.028704
  }
}
