{
  "params": {
    "accessPattern": "random",
    "accessType": "write",
    "blockSize": 128,
    "granularity": "page",
    "nonTemporal": false,
    "nthreads": 48,
    "path": "/pmem/pmem2bench.bin",
    "set-affinity": true,
    "source": "fsdax",
    "stripeSize": 412316860416,
    "totalSize": 412316860416
  },
  "results": {
    "IOPS": 13283410.493509699,
    "MIOPS": 13.283410493509699,
    "MiB_per_sec": 1621.5100700085081,
    "addr": 22580790558720,
    "byte_per_sec": 1700276543.1692414,
    "success": true,
    "time": 242499.881606
  }
}
