{
  "params": {
    "accessPattern": "random",
    "accessType": "write",
    "blockSize": 16384,
    "granularity": "page",
    "nonTemporal": true,
    "nthreads": 4,
    "path": "/pmem/pmem2bench.bin",
    "set-affinity": true,
    "source": "fsdax",
    "stripeSize": 34359738368,
    "totalSize": 34359738368
  },
  "results": {
    "IOPS": 1651713.1421394753,
    "MIOPS": 1.6517131421394753,
    "MiB_per_sec": 25808.017845929302,
    "addr": 22613002813440,
    "byte_per_sec": 27061668120.813164,
    "success": true,
    "time": 1269.6829409999998
  }
}
