{
  "params": {
    "accessPattern": "random",
    "accessType": "write",
    "blockSize": 256,
    "granularity": "page",
    "nonTemporal": false,
    "nthreads": 16,
    "path": "/pmem/pmem2bench.bin",
    "set-affinity": true,
    "source": "fsdax",
    "stripeSize": 137438953472,
    "totalSize": 137438953472
  },
  "results": {
    "IOPS": 10266805.282146605,
    "MIOPS": 10.266805282146604,
    "MiB_per_sec": 2506.5442583365734,
    "addr": 22781580279808,
    "byte_per_sec": 2628302152.229531,
    "success": true,
    "time": 52291.915279
  }
}
