{
  "params": {
    "accessPattern": "random",
    "accessType": "write",
    "blockSize": 1048576,
    "granularity": "page",
    "nonTemporal": true,
    "nthreads": 32,
    "path": "/pmem/pmem2bench.bin",
    "set-affinity": true,
    "source": "fsdax",
    "stripeSize": 274877906944,
    "totalSize": 274877906944
  },
  "results": {
    "IOPS": 23988.58838296873,
    "MIOPS": 0.02398858838296873,
    "MiB_per_sec": 23988.58838296873,
    "addr": 22670984871936,
    "byte_per_sec": 25153858052.25982,
    "success": true,
    "time": 10927.862691
  }
}
