{
  "params": {
    "accessPattern": "random",
    "accessType": "write",
    "blockSize": 256,
    "granularity": "page",
    "nonTemporal": true,
    "nthreads": 8,
    "path": "/pmem/pmem2bench.bin",
    "set-affinity": true,
    "source": "fsdax",
    "stripeSize": 68719476736,
    "totalSize": 68719476736
  },
  "results": {
    "IOPS": 31320530.71146722,
    "MIOPS": 31.32053071146722,
    "MiB_per_sec": 7646.613943229302,
    "addr": 22573274365952,
    "byte_per_sec": 8018055862.135609,
    "success": true,
    "time": 8570.590916000001
  }
}
