{
  "params": {
    "accessPattern": "random",
    "accessType": "write",
    "blockSize": 256,
    "granularity": "page",
    "nonTemporal": false,
    "nthreads": 48,
    "path": "/pmem/pmem2bench.bin",
    "set-affinity": true,
    "source": "fsdax",
    "stripeSize": 412316860416,
    "totalSize": 412316860416
  },
  "results": {
    "IOPS": 42607805.766136736,
    "MIOPS": 42.607805766136735,
    "MiB_per_sec": 10402.296329623226,
    "addr": 23010287288320,
    "byte_per_sec": 10907598276.131004,
    "success": true,
    "time": 37800.884299000005
  }
}
