{
  "params": {
    "accessPattern": "random",
    "accessType": "write",
    "blockSize": 64,
    "granularity": "page",
    "nonTemporal": false,
    "nthreads": 4,
    "path": "/pmem/pmem2bench.bin",
    "set-affinity": true,
    "source": "fsdax",
    "stripeSize": 34359738368,
    "totalSize": 34359738368
  },
  "results": {
    "IOPS": 5246397.844603626,
    "MIOPS": 5.246397844603626,
    "MiB_per_sec": 320.21471219504554,
    "addr": 22958747680768,
    "byte_per_sec": 335769462.05463207,
    "success": true,
    "time": 102331.338168
  }
}
