{
  "params": {
    "accessPattern": "random",
    "accessType": "write",
    "blockSize": 524288,
    "granularity": "page",
    "nonTemporal": false,
    "nthreads": 32,
    "path": "/pmem/pmem2bench.bin",
    "set-affinity": true,
    "source": "fsdax",
    "stripeSize": 274877906944,
    "totalSize": 274877906944
  },
  "results": {
    "IOPS": 47247.193686831146,
    "MIOPS": 0.04724719368683115,
    "MiB_per_sec": 23623.596843415573,
    "addr": 23039278317568,
    "byte_per_sec": 24771136683.681328,
    "success": true,
    "time": 11096.701393
  }
}
