{
  "params": {
    "accessPattern": "random",
    "accessType": "write",
    "blockSize": 256,
    "granularity": "page",
    "nonTemporal": false,
    "nthreads": 4,
    "path": "/pmem/pmem2bench.bin",
    "set-affinity": true,
    "source": "fsdax",
    "stripeSize": 34359738368,
    "totalSize": 34359738368
  },
  "results": {
    "IOPS": 4710688.8808895545,
    "MIOPS": 4.710688880889554,
    "MiB_per_sec": 1150.0705275609264,
    "addr": 22878217043968,
    "byte_per_sec": 1205936353.507726,
    "success": true,
    "time": 28492.165666999997
  }
}
