{
  "params": {
    "accessPattern": "random",
    "accessType": "write",
    "blockSize": 32768,
    "granularity": "page",
    "nonTemporal": false,
    "nthreads": 16,
    "path": "/pmem/pmem2bench.bin",
    "set-affinity": true,
    "source": "fsdax",
    "stripeSize": 137438953472,
    "totalSize": 137438953472
  },
  "results": {
    "IOPS": 572552.3587261669,
    "MIOPS": 0.5725523587261668,
    "MiB_per_sec": 17892.261210192715,
    "addr": 22945862778880,
    "byte_per_sec": 18761395690.739037,
    "success": true,
    "time": 7325.625222000001
  }
}
