{
  "params": {
    "accessPattern": "random",
    "accessType": "write",
    "blockSize": 32768,
    "granularity": "page",
    "nonTemporal": false,
    "nthreads": 32,
    "path": "/pmem/pmem2bench.bin",
    "set-affinity": true,
    "source": "fsdax",
    "stripeSize": 274877906944,
    "totalSize": 274877906944
  },
  "results": {
    "IOPS": 756008.32641899,
    "MIOPS": 0.7560083264189901,
    "MiB_per_sec": 23625.26020059344,
    "addr": 22297322717184,
    "byte_per_sec": 24772880840.097466,
    "success": true,
    "time": 11095.92012
  }
}
