{
  "params": {
    "accessPattern": "random",
    "accessType": "write",
    "blockSize": 2048,
    "granularity": "page",
    "nonTemporal": true,
    "nthreads": 48,
    "path": "/pmem/pmem2bench.bin",
    "set-affinity": true,
    "source": "fsdax",
    "stripeSize": 412316860416,
    "totalSize": 412316860416
  },
  "results": {
    "IOPS": 12877761.593235485,
    "MIOPS": 12.877761593235485,
    "MiB_per_sec": 25151.878111788057,
    "addr": 22228603240448,
    "byte_per_sec": 26373655742.946274,
    "success": true,
    "time": 15633.663547999999
  }
}
