{
  "params": {
    "accessPattern": "random",
    "accessType": "write",
    "blockSize": 1048576,
    "granularity": "page",
    "nonTemporal": true,
    "nthreads": 2,
    "path": "/pmem/pmem2bench.bin",
    "set-affinity": true,
    "source": "fsdax",
    "stripeSize": 17179869184,
    "totalSize": 17179869184
  },
  "results": {
    "IOPS": 25334.897140580484,
    "MIOPS": 0.025334897140580483,
    "MiB_per_sec": 25334.897140580484,
    "addr": 23298050097152,
    "byte_per_sec": 26565565104.08132,
    "success": true,
    "time": 646.696922
  }
}
