{
  "params": {
    "accessPattern": "random",
    "accessType": "write",
    "blockSize": 4096,
    "granularity": "page",
    "nonTemporal": true,
    "nthreads": 2,
    "path": "/pmem/pmem2bench.bin",
    "set-affinity": true,
    "source": "fsdax",
    "stripeSize": 17179869184,
    "totalSize": 17179869184
  },
  "results": {
    "IOPS": 4167914.7270362433,
    "MIOPS": 4.167914727036243,
    "MiB_per_sec": 16280.916902485325,
    "addr": 23313082482688,
    "byte_per_sec": 17071778721.940453,
    "success": true,
    "time": 1006.3315289999999
  }
}
