{
  "params": {
    "accessPattern": "random",
    "accessType": "write",
    "blockSize": 524288,
    "granularity": "page",
    "nonTemporal": false,
    "nthreads": 2,
    "path": "/pmem/pmem2bench.bin",
    "set-affinity": true,
    "source": "fsdax",
    "stripeSize": 17179869184,
    "totalSize": 17179869184
  },
  "results": {
    "IOPS": 7426.194613109181,
    "MIOPS": 0.007426194613109181,
    "MiB_per_sec": 3713.0973065545904,
    "addr": 23387170668544,
    "byte_per_sec": 3893464721.317786,
    "success": true,
    "time": 4412.488725
  }
}
