{
  "params": {
    "accessPattern": "random",
    "accessType": "write",
    "blockSize": 16384,
    "granularity": "page",
    "nonTemporal": false,
    "nthreads": 1,
    "path": "/pmem/pmem2bench.bin",
    "set-affinity": true,
    "source": "fsdax",
    "stripeSize": 8589934592,
    "totalSize": 8589934592
  },
  "results": {
    "IOPS": 170664.7693544261,
    "MIOPS": 0.1706647693544261,
    "MiB_per_sec": 2666.637021162908,
    "addr": 23147726241792,
    "byte_per_sec": 2796171581.102917,
    "success": true,
    "time": 3072.034152
  }
}
