{
  "params": {
    "accessPattern": "random",
    "accessType": "write",
    "blockSize": 256,
    "granularity": "page",
    "nonTemporal": false,
    "nthreads": 32,
    "path": "/pmem/pmem2bench.bin",
    "set-affinity": true,
    "source": "fsdax",
    "stripeSize": 274877906944,
    "totalSize": 274877906944
  },
  "results": {
    "IOPS": 31560934.845693182,
    "MIOPS": 31.560934845693183,
    "MiB_per_sec": 7705.306358811812,
    "addr": 22558241980416,
    "byte_per_sec": 8079599320.497455,
    "success": true,
    "time": 34021.230019
  }
}
