{
  "params": {
    "accessPattern": "random",
    "accessType": "write",
    "blockSize": 64,
    "granularity": "page",
    "nonTemporal": false,
    "nthreads": 32,
    "path": "/pmem/pmem2bench.bin",
    "set-affinity": true,
    "source": "fsdax",
    "stripeSize": 274877906944,
    "totalSize": 274877906944
  },
  "results": {
    "IOPS": 23077663.91839579,
    "MIOPS": 23.077663918395793,
    "MiB_per_sec": 1408.5488231442744,
    "addr": 22519587274752,
    "byte_per_sec": 1476970490.7773306,
    "success": true,
    "time": 186109.274803
  }
}
