{
  "params": {
    "accessPattern": "random",
    "accessType": "write",
    "blockSize": 65536,
    "granularity": "page",
    "nonTemporal": true,
    "nthreads": 4,
    "path": "/pmem/pmem2bench.bin",
    "set-affinity": true,
    "source": "fsdax",
    "stripeSize": 34359738368,
    "totalSize": 34359738368
  },
  "results": {
    "IOPS": 402985.42091355193,
    "MIOPS": 0.40298542091355194,
    "MiB_per_sec": 25186.588807096996,
    "addr": 23292681388032,
    "byte_per_sec": 26410052544.99054,
    "success": true,
    "time": 1301.009845
  }
}
