{
  "params": {
    "accessPattern": "random",
    "accessType": "write",
    "blockSize": 2048,
    "granularity": "page",
    "nonTemporal": true,
    "nthreads": 8,
    "path": "/pmem/pmem2bench.bin",
    "set-affinity": true,
    "source": "fsdax",
    "stripeSize": 68719476736,
    "totalSize": 68719476736
  },
  "results": {
    "IOPS": 3469869.6924411138,
    "MIOPS": 3.469869692441114,
    "MiB_per_sec": 6777.08924304905,
    "addr": 22997402386432,
    "byte_per_sec": 7106293130.119401,
    "success": true,
    "time": 9670.228271999998
  }
}
