{
  "params": {
    "accessPattern": "random",
    "accessType": "write",
    "blockSize": 8192,
    "granularity": "page",
    "nonTemporal": false,
    "nthreads": 2,
    "path": "/pmem/pmem2bench.bin",
    "set-affinity": true,
    "source": "fsdax",
    "stripeSize": 17179869184,
    "totalSize": 17179869184
  },
  "results": {
    "IOPS": 595824.6408773925,
    "MIOPS": 0.5958246408773925,
    "MiB_per_sec": 4654.880006854629,
    "addr": 22954452713472,
    "byte_per_sec": 4880995458.067599,
    "success": true,
    "time": 3519.747013
  }
}
