{
  "params": {
    "accessPattern": "random",
    "accessType": "write",
    "blockSize": 262144,
    "granularity": "page",
    "nonTemporal": false,
    "nthreads": 2,
    "path": "/pmem/pmem2bench.bin",
    "set-affinity": true,
    "source": "fsdax",
    "stripeSize": 17179869184,
    "totalSize": 17179869184
  },
  "results": {
    "IOPS": 14736.909221314472,
    "MIOPS": 0.014736909221314471,
    "MiB_per_sec": 3684.227305328618,
    "addr": 22692459708416,
    "byte_per_sec": 3863192330.912261,
    "success": true,
    "time": 4447.065461
  }
}
