{
  "params": {
    "accessPattern": "random",
    "accessType": "write",
    "blockSize": 131072,
    "granularity": "page",
    "nonTemporal": false,
    "nthreads": 16,
    "path": "/pmem/pmem2bench.bin",
    "set-affinity": true,
    "source": "fsdax",
    "stripeSize": 137438953472,
    "totalSize": 137438953472
  },
  "results": {
    "IOPS": 153600.11060257966,
    "MIOPS": 0.15360011060257966,
    "MiB_per_sec": 19200.013825322458,
    "addr": 22836341112832,
    "byte_per_sec": 20132673696.90132,
    "success": true,
    "time": 6826.661751
  }
}
