{
  "params": {
    "accessPattern": "random",
    "accessType": "write",
    "blockSize": 8192,
    "granularity": "page",
    "nonTemporal": true,
    "nthreads": 32,
    "path": "/pmem/pmem2bench.bin",
    "set-affinity": true,
    "source": "fsdax",
    "stripeSize": 274877906944,
    "totalSize": 274877906944
  },
  "results": {
    "IOPS": 3133037.0980723584,
    "MIOPS": 3.1330370980723585,
    "MiB_per_sec": 24476.8523286903,
    "addr": 22777285312512,
    "byte_per_sec": 25665839907.40876,
    "success": true,
    "time": 10709.873822000001
  }
}
