{
  "params": {
    "accessPattern": "random",
    "accessType": "write",
    "blockSize": 262144,
    "granularity": "page",
    "nonTemporal": true,
    "nthreads": 16,
    "path": "/pmem/pmem2bench.bin",
    "set-affinity": true,
    "source": "fsdax",
    "stripeSize": 137438953472,
    "totalSize": 137438953472
  },
  "results": {
    "IOPS": 97000.20849694245,
    "MIOPS": 0.09700020849694245,
    "MiB_per_sec": 24250.05212423561,
    "addr": 22538914627584,
    "byte_per_sec": 25428022656.22248,
    "success": true,
    "time": 5405.01931
  }
}
