{
  "params": {
    "accessPattern": "random",
    "accessType": "write",
    "blockSize": 262144,
    "granularity": "page",
    "nonTemporal": false,
    "nthreads": 32,
    "path": "/pmem/pmem2bench.bin",
    "set-affinity": true,
    "source": "fsdax",
    "stripeSize": 274877906944,
    "totalSize": 274877906944
  },
  "results": {
    "IOPS": 94566.80657510721,
    "MIOPS": 0.09456680657510722,
    "MiB_per_sec": 23641.701643776803,
    "addr": 22855668465664,
    "byte_per_sec": 24790120942.824905,
    "success": true,
    "time": 11088.203546
  }
}
