{
  "params": {
    "accessPattern": "random",
    "accessType": "write",
    "blockSize": 2048,
    "granularity": "page",
    "nonTemporal": true,
    "nthreads": 48,
    "path": "/pmem/pmem2bench.bin",
    "set-affinity": true,
    "source": "fsdax",
    "stripeSize": 412316860416,
    "totalSize": 412316860416
  },
  "results": {
    "IOPS": 12880482.522315891,
    "MIOPS": 12.88048252231589,
    "MiB_per_sec": 25157.192426398226,
    "addr": 22898618138624,
    "byte_per_sec": 26379228205.702946,
    "success": true,
    "time": 15630.361024999998
  }
}
