{
  "params": {
    "accessPattern": "random",
    "accessType": "write",
    "blockSize": 512,
    "granularity": "page",
    "nonTemporal": false,
    "nthreads": 1,
    "path": "/pmem/pmem2bench.bin",
    "set-affinity": true,
    "source": "fsdax",
    "stripeSize": 8589934592,
    "totalSize": 8589934592
  },
  "results": {
    "IOPS": 1112967.1059761671,
    "MIOPS": 1.1129671059761672,
    "MiB_per_sec": 543.4409697149254,
    "addr": 22608707846144,
    "byte_per_sec": 569839158.2597976,
    "success": true,
    "time": 15074.314335000001
  }
}
