{
  "params": {
    "accessPattern": "sequential",
    "accessType": "write",
    "blockSize": 64,
    "granularity": "page",
    "nonTemporal": true,
    "nthreads": 8,
    "path": "/pmem/pmem2bench.bin",
    "set-affinity": true,
    "source": "fsdax",
    "stripeSize": 68719476736,
    "totalSize": 68719476736
  },
  "results": {
    "IOPS": 32979466.05739539,
    "MIOPS": 32.97946605739539,
    "MiB_per_sec": 2012.9068638546992,
    "addr": 22822382469120,
    "byte_per_sec": 2110685827.673305,
    "success": true,
    "time": 32557.889873999997
  }
}
