{
  "params": {
    "accessPattern": "sequential",
    "accessType": "write",
    "blockSize": 128,
    "granularity": "page",
    "nonTemporal": false,
    "nthreads": 2,
    "path": "/pmem/pmem2bench.bin",
    "set-affinity": true,
    "source": "fsdax",
    "stripeSize": 17179869184,
    "totalSize": 17179869184
  },
  "results": {
    "IOPS": 7157999.4390684,
    "MIOPS": 7.1579994390684005,
    "MiB_per_sec": 873.7792284019043,
    "addr": 22806276341760,
    "byte_per_sec": 916223928.2007552,
    "success": true,
    "time": 18750.731841
  }
}
