{
  "params": {
    "accessPattern": "sequential",
    "accessType": "write",
    "blockSize": 4096,
    "granularity": "page",
    "nonTemporal": true,
    "nthreads": 4,
    "path": "/pmem/pmem2bench.bin",
    "set-affinity": true,
    "source": "fsdax",
    "stripeSize": 34359738368,
    "totalSize": 34359738368
  },
  "results": {
    "IOPS": 2552763.126099666,
    "MIOPS": 2.552763126099666,
    "MiB_per_sec": 9971.73096132682,
    "addr": 22985591226368,
    "byte_per_sec": 10456117764.504232,
    "success": true,
    "time": 3286.089459
  }
}
