{
  "params": {
    "accessPattern": "sequential",
    "accessType": "write",
    "blockSize": 65536,
    "granularity": "page",
    "nonTemporal": false,
    "nthreads": 2,
    "path": "/pmem/pmem2bench.bin",
    "set-affinity": true,
    "source": "fsdax",
    "stripeSize": 17179869184,
    "totalSize": 17179869184
  },
  "results": {
    "IOPS": 60657.49736661185,
    "MIOPS": 0.06065749736661185,
    "MiB_per_sec": 3791.093585413241,
    "addr": 22928682909696,
    "byte_per_sec": 3975249747.4182744,
    "success": true,
    "time": 4321.708138
  }
}
