{
  "params": {
    "accessPattern": "sequential",
    "accessType": "write",
    "blockSize": 32768,
    "granularity": "page",
    "nonTemporal": false,
    "nthreads": 48,
    "path": "/pmem/pmem2bench.bin",
    "set-affinity": true,
    "source": "fsdax",
    "stripeSize": 412316860416,
    "totalSize": 412316860416
  },
  "results": {
    "IOPS": 783478.7487895803,
    "MIOPS": 0.7834787487895803,
    "MiB_per_sec": 24483.710899674385,
    "addr": 22527103467520,
    "byte_per_sec": 25673031640.336967,
    "success": true,
    "time": 16060.310531
  }
}
