{
  "params": {
    "accessPattern": "sequential",
    "accessType": "write",
    "blockSize": 1048576,
    "granularity": "page",
    "nonTemporal": true,
    "nthreads": 16,
    "path": "/pmem/pmem2bench.bin",
    "set-affinity": true,
    "source": "fsdax",
    "stripeSize": 137438953472,
    "totalSize": 137438953472
  },
  "results": {
    "IOPS": 24558.3112485514,
    "MIOPS": 0.0245583112485514,
    "MiB_per_sec": 24558.3112485514,
    "addr": 23302345064448,
    "byte_per_sec": 25751255775.761032,
    "success": true,
    "time": 5337.174803
  }
}
