{
  "params": {
    "accessPattern": "sequential",
    "accessType": "write",
    "blockSize": 65536,
    "granularity": "page",
    "nonTemporal": true,
    "nthreads": 16,
    "path": "/pmem/pmem2bench.bin",
    "set-affinity": true,
    "source": "fsdax",
    "stripeSize": 137438953472,
    "totalSize": 137438953472
  },
  "results": {
    "IOPS": 390428.5914153164,
    "MIOPS": 0.3904285914153164,
    "MiB_per_sec": 24401.786963457274,
    "addr": 23149873725440,
    "byte_per_sec": 25587128166.994175,
    "success": true,
    "time": 5371.4098970000005
  }
}
