{
  "params": {
    "accessPattern": "sequential",
    "accessType": "write",
    "blockSize": 65536,
    "granularity": "page",
    "nonTemporal": false,
    "nthreads": 32,
    "path": "/pmem/pmem2bench.bin",
    "set-affinity": true,
    "source": "fsdax",
    "stripeSize": 274877906944,
    "totalSize": 274877906944
  },
  "results": {
    "IOPS": 376894.43940687744,
    "MIOPS": 0.37689443940687745,
    "MiB_per_sec": 23555.90246292984,
    "addr": 22478785085440,
    "byte_per_sec": 24700153980.96912,
    "success": true,
    "time": 11128.590823999999
  }
}
