{
  "params": {
    "accessPattern": "sequential",
    "accessType": "write",
    "blockSize": 128,
    "granularity": "page",
    "nonTemporal": true,
    "nthreads": 8,
    "path": "/pmem/pmem2bench.bin",
    "set-affinity": true,
    "source": "fsdax",
    "stripeSize": 68719476736,
    "totalSize": 68719476736
  },
  "results": {
    "IOPS": 32476575.053456318,
    "MIOPS": 32.476575053456315,
    "MiB_per_sec": 3964.425665705117,
    "addr": 22746146799616,
    "byte_per_sec": 4157001606.8424087,
    "success": true,
    "time": 16531.020008
  }
}
