{
  "params": {
    "accessPattern": "sequential",
    "accessType": "write",
    "blockSize": 524288,
    "granularity": "page",
    "nonTemporal": true,
    "nthreads": 8,
    "path": "/pmem/pmem2bench.bin",
    "set-affinity": true,
    "source": "fsdax",
    "stripeSize": 68719476736,
    "totalSize": 68719476736
  },
  "results": {
    "IOPS": 49476.26507260969,
    "MIOPS": 0.04947626507260969,
    "MiB_per_sec": 24738.132536304845,
    "addr": 23306640031744,
    "byte_per_sec": 25939812062.38839,
    "success": true,
    "time": 2649.1894610000004
  }
}
