{
  "params": {
    "accessPattern": "sequential",
    "accessType": "write",
    "blockSize": 128,
    "granularity": "page",
    "nonTemporal": false,
    "nthreads": 2,
    "path": "/pmem/pmem2bench.bin",
    "set-affinity": true,
    "source": "fsdax",
    "stripeSize": 17179869184,
    "totalSize": 17179869184
  },
  "results": {
    "IOPS": 6795293.396578383,
    "MIOPS": 6.795293396578383,
    "MiB_per_sec": 829.5035884495096,
    "addr": 23272280293376,
    "byte_per_sec": 869797554.762033,
    "success": true,
    "time": 19751.572179
  }
}
