{
  "params": {
    "accessPattern": "sequential",
    "accessType": "write",
    "blockSize": 65536,
    "granularity": "page",
    "nonTemporal": false,
    "nthreads": 16,
    "path": "/pmem/pmem2bench.bin",
    "set-affinity": true,
    "source": "fsdax",
    "stripeSize": 137438953472,
    "totalSize": 137438953472
  },
  "results": {
    "IOPS": 288692.11478681304,
    "MIOPS": 0.28869211478681306,
    "MiB_per_sec": 18043.257174175815,
    "addr": 22939420327936,
    "byte_per_sec": 18919726434.66858,
    "success": true,
    "time": 7264.320334999999
  }
}
