{
  "params": {
    "accessPattern": "sequential",
    "accessType": "write",
    "blockSize": 1024,
    "granularity": "page",
    "nonTemporal": true,
    "nthreads": 16,
    "path": "/pmem/pmem2bench.bin",
    "set-affinity": true,
    "source": "fsdax",
    "stripeSize": 137438953472,
    "totalSize": 137438953472
  },
  "results": {
    "IOPS": 26855063.54877062,
    "MIOPS": 26.855063548770623,
    "MiB_per_sec": 26225.64799684631,
    "addr": 23243289264128,
    "byte_per_sec": 27499585073.941116,
    "success": true,
    "time": 4997.855535000001
  }
}
