{
  "params": {
    "accessPattern": "sequential",
    "accessType": "write",
    "blockSize": 1024,
    "granularity": "page",
    "nonTemporal": true,
    "nthreads": 48,
    "path": "/pmem/pmem2bench.bin",
    "set-affinity": true,
    "source": "fsdax",
    "stripeSize": 412316860416,
    "totalSize": 412316860416
  },
  "results": {
    "IOPS": 12241656.248856103,
    "MIOPS": 12.241656248856103,
    "MiB_per_sec": 11954.742430523538,
    "addr": 22680648548352,
    "byte_per_sec": 12535455998.82865,
    "success": true,
    "time": 32892.051191
  }
}
