{
  "params": {
    "accessPattern": "sequential",
    "accessType": "write",
    "blockSize": 131072,
    "granularity": "page",
    "nonTemporal": false,
    "nthreads": 48,
    "path": "/pmem/pmem2bench.bin",
    "set-affinity": true,
    "source": "fsdax",
    "stripeSize": 412316860416,
    "totalSize": 412316860416
  },
  "results": {
    "IOPS": 195917.03196274771,
    "MIOPS": 0.1959170319627477,
    "MiB_per_sec": 24489.628995343464,
    "addr": 22155588796416,
    "byte_per_sec": 25679237213.42127,
    "success": true,
    "time": 16056.429440999998
  }
}
