{
  "params": {
    "accessPattern": "sequential",
    "accessType": "write",
    "blockSize": 4096,
    "granularity": "page",
    "nonTemporal": true,
    "nthreads": 16,
    "path": "/pmem/pmem2bench.bin",
    "set-affinity": true,
    "source": "fsdax",
    "stripeSize": 137438953472,
    "totalSize": 137438953472
  },
  "results": {
    "IOPS": 3165751.719150499,
    "MIOPS": 3.165751719150499,
    "MiB_per_sec": 12366.217652931637,
    "addr": 23222888169472,
    "byte_per_sec": 12966919041.640444,
    "success": true,
    "time": 10599.198855999999
  }
}
