{
  "params": {
    "accessPattern": "sequential",
    "accessType": "write",
    "blockSize": 2048,
    "granularity": "page",
    "nonTemporal": true,
    "nthreads": 16,
    "path": "/pmem/pmem2bench.bin",
    "set-affinity": true,
    "source": "fsdax",
    "stripeSize": 137438953472,
    "totalSize": 137438953472
  },
  "results": {
    "IOPS": 13352934.22590295,
    "MIOPS": 13.35293422590295,
    "MiB_per_sec": 26079.9496599667,
    "addr": 22499186180096,
    "byte_per_sec": 27346809294.649242,
    "success": true,
    "time": 5025.776572
  }
}
