{
  "params": {
    "accessPattern": "sequential",
    "accessType": "write",
    "blockSize": 128,
    "granularity": "page",
    "nonTemporal": true,
    "nthreads": 16,
    "path": "/pmem/pmem2bench.bin",
    "set-affinity": true,
    "source": "fsdax",
    "stripeSize": 137438953472,
    "totalSize": 137438953472
  },
  "results": {
    "IOPS": 48128078.681892306,
    "MIOPS": 48.128078681892305,
    "MiB_per_sec": 5875.009604723182,
    "addr": 22492743729152,
    "byte_per_sec": 6160394071.282215,
    "success": true,
    "time": 22310.091186
  }
}
