{
  "params": {
    "accessPattern": "sequential",
    "accessType": "write",
    "blockSize": 8192,
    "granularity": "page",
    "nonTemporal": true,
    "nthreads": 32,
    "path": "/pmem/pmem2bench.bin",
    "set-affinity": true,
    "source": "fsdax",
    "stripeSize": 274877906944,
    "totalSize": 274877906944
  },
  "results": {
    "IOPS": 1302893.0881601528,
    "MIOPS": 1.3028930881601528,
    "MiB_per_sec": 10178.852251251194,
    "addr": 23073638055936,
    "byte_per_sec": 10673300178.207972,
    "success": true,
    "time": 25753.787709
  }
}
