{
  "params": {
    "accessPattern": "sequential",
    "accessType": "write",
    "blockSize": 262144,
    "granularity": "page",
    "nonTemporal": true,
    "nthreads": 2,
    "path": "/pmem/pmem2bench.bin",
    "set-affinity": true,
    "source": "fsdax",
    "stripeSize": 17179869184,
    "totalSize": 17179869184
  },
  "results": {
    "IOPS": 102498.67964290109,
    "MIOPS": 0.10249867964290109,
    "MiB_per_sec": 25624.66991072527,
    "addr": 23099407859712,
    "byte_per_sec": 26869413876.308662,
    "success": true,
    "time": 639.383846
  }
}
