{
  "params": {
    "accessPattern": "sequential",
    "accessType": "write",
    "blockSize": 524288,
    "granularity": "page",
    "nonTemporal": false,
    "nthreads": 4,
    "path": "/pmem/pmem2bench.bin",
    "set-affinity": true,
    "source": "fsdax",
    "stripeSize": 34359738368,
    "totalSize": 34359738368
  },
  "results": {
    "IOPS": 17913.467723142472,
    "MIOPS": 0.017913467723142472,
    "MiB_per_sec": 8956.733861571236,
    "addr": 22517439791104,
    "byte_per_sec": 9391816165.63092,
    "success": true,
    "time": 3658.4764609999997
  }
}
