{
  "params": {
    "accessPattern": "sequential",
    "accessType": "write",
    "blockSize": 1048576,
    "granularity": "page",
    "nonTemporal": false,
    "nthreads": 32,
    "path": "/pmem/pmem2bench.bin",
    "set-affinity": true,
    "source": "fsdax",
    "stripeSize": 274877906944,
    "totalSize": 274877906944
  },
  "results": {
    "IOPS": 10591.959699248338,
    "MIOPS": 0.010591959699248338,
    "MiB_per_sec": 10591.959699248338,
    "addr": 22575421849600,
    "byte_per_sec": 11106474733.599026,
    "success": true,
    "time": 24749.33888
  }
}
