{
  "params": {
    "accessPattern": "sequential",
    "accessType": "write",
    "blockSize": 1024,
    "granularity": "page",
    "nonTemporal": false,
    "nthreads": 16,
    "path": "/pmem/pmem2bench.bin",
    "set-affinity": true,
    "source": "fsdax",
    "stripeSize": 137438953472,
    "totalSize": 137438953472
  },
  "results": {
    "IOPS": 10166156.223391296,
    "MIOPS": 10.166156223391296,
    "MiB_per_sec": 9927.886936905563,
    "addr": 22417581801472,
    "byte_per_sec": 10410143972.752687,
    "success": true,
    "time": 13202.406598
  }
}
