{
  "params": {
    "accessPattern": "sequential",
    "accessType": "write",
    "blockSize": 524288,
    "granularity": "page",
    "nonTemporal": true,
    "nthreads": 16,
    "path": "/pmem/pmem2bench.bin",
    "set-affinity": true,
    "source": "fsdax",
    "stripeSize": 137438953472,
    "totalSize": 137438953472
  },
  "results": {
    "IOPS": 19926.099651049935,
    "MIOPS": 0.019926099651049935,
    "MiB_per_sec": 9963.049825524968,
    "addr": 22931904135168,
    "byte_per_sec": 10447014933.849669,
    "success": true,
    "time": 13155.810951
  }
}
