{
  "params": {
    "accessPattern": "sequential",
    "accessType": "write",
    "blockSize": 512,
    "granularity": "page",
    "nonTemporal": false,
    "nthreads": 8,
    "path": "/pmem/pmem2bench.bin",
    "set-affinity": true,
    "source": "fsdax",
    "stripeSize": 68719476736,
    "totalSize": 68719476736
  },
  "results": {
    "IOPS": 12267855.076031199,
    "MIOPS": 12.267855076031198,
    "MiB_per_sec": 5990.163611343359,
    "addr": 22343493615616,
    "byte_per_sec": 6281141798.927974,
    "success": true,
    "time": 10940.60267
  }
}
