{
  "params": {
    "accessPattern": "sequential",
    "accessType": "write",
    "blockSize": 524288,
    "granularity": "page",
    "nonTemporal": true,
    "nthreads": 4,
    "path": "/pmem/pmem2bench.bin",
    "set-affinity": true,
    "source": "fsdax",
    "stripeSize": 34359738368,
    "totalSize": 34359738368
  },
  "results": {
    "IOPS": 19723.030579436974,
    "MIOPS": 0.019723030579436973,
    "MiB_per_sec": 9861.515289718487,
    "addr": 22386443288576,
    "byte_per_sec": 10340548256.431852,
    "success": true,
    "time": 3322.81592
  }
}
