{
  "params": {
    "accessPattern": "sequential",
    "accessType": "write",
    "blockSize": 16384,
    "granularity": "page",
    "nonTemporal": false,
    "nthreads": 32,
    "path": "/pmem/pmem2bench.bin",
    "set-affinity": true,
    "source": "fsdax",
    "stripeSize": 274877906944,
    "totalSize": 274877906944
  },
  "results": {
    "IOPS": 1479246.5741173078,
    "MIOPS": 1.4792465741173078,
    "MiB_per_sec": 23113.227720582934,
    "addr": 22701049643008,
    "byte_per_sec": 24235975870.33797,
    "success": true,
    "time": 11341.730508999999
  }
}
