{
  "params": {
    "accessPattern": "sequential",
    "accessType": "write",
    "blockSize": 32768,
    "granularity": "page",
    "nonTemporal": false,
    "nthreads": 1,
    "path": "/pmem/pmem2bench.bin",
    "set-affinity": true,
    "source": "fsdax",
    "stripeSize": 8589934592,
    "totalSize": 8589934592
  },
  "results": {
    "IOPS": 72053.50861369593,
    "MIOPS": 0.07205350861369593,
    "MiB_per_sec": 2251.672144177998,
    "addr": 22761179185152,
    "byte_per_sec": 2361049370.253588,
    "success": true,
    "time": 3638.1850799999997
  }
}
