{
  "params": {
    "accessPattern": "sequential",
    "accessType": "write",
    "blockSize": 524288,
    "granularity": "page",
    "nonTemporal": true,
    "nthreads": 1,
    "path": "/pmem/pmem2bench.bin",
    "set-affinity": true,
    "source": "fsdax",
    "stripeSize": 8589934592,
    "totalSize": 8589934592
  },
  "results": {
    "IOPS": 34739.30882875553,
    "MIOPS": 0.034739308828755526,
    "MiB_per_sec": 17369.654414377765,
    "addr": 22792317698048,
    "byte_per_sec": 18213402747.21058,
    "success": true,
    "time": 471.627115
  }
}
