{
  "params": {
    "accessPattern": "sequential",
    "accessType": "write",
    "blockSize": 131072,
    "granularity": "page",
    "nonTemporal": false,
    "nthreads": 32,
    "path": "/pmem/pmem2bench.bin",
    "set-affinity": true,
    "source": "fsdax",
    "stripeSize": 274877906944,
    "totalSize": 274877906944
  },
  "results": {
    "IOPS": 188682.69526039343,
    "MIOPS": 0.18868269526039344,
    "MiB_per_sec": 23585.33690754918,
    "addr": 22620519006208,
    "byte_per_sec": 24731018233.170288,
    "success": true,
    "time": 11114.702369
  }
}
