{
  "params": {
    "accessPattern": "sequential",
    "accessType": "write",
    "blockSize": 16384,
    "granularity": "page",
    "nonTemporal": false,
    "nthreads": 48,
    "path": "/pmem/pmem2bench.bin",
    "set-affinity": true,
    "source": "fsdax",
    "stripeSize": 412316860416,
    "totalSize": 412316860416
  },
  "results": {
    "IOPS": 690293.4420906188,
    "MIOPS": 0.6902934420906188,
    "MiB_per_sec": 10785.835032665918,
    "addr": 22142703894528,
    "byte_per_sec": 11309767755.212698,
    "success": true,
    "time": 36456.704447
  }
}
