{
  "params": {
    "accessPattern": "sequential",
    "accessType": "write",
    "blockSize": 4096,
    "granularity": "page",
    "nonTemporal": false,
    "nthreads": 4,
    "path": "/pmem/pmem2bench.bin",
    "set-affinity": true,
    "source": "fsdax",
    "stripeSize": 34359738368,
    "totalSize": 34359738368
  },
  "results": {
    "IOPS": 1971409.6154878587,
    "MIOPS": 1.9714096154878586,
    "MiB_per_sec": 7700.818810499448,
    "addr": 23177791012864,
    "byte_per_sec": 8074893785.038269,
    "success": true,
    "time": 4255.131929
  }
}
