{
  "params": {
    "version": "0.2.0",
    "source": "devdax",
    "path": "/dev/dax0.0",
    "nthreads": 8,
    "nsegments": 1,
    "stripeSize": 68719476736,
    "blockSize": 1024,
    "paddingSize": 4096,
    "totalSize": 68719476736,
    "extentSize": 68719509504,
    "accessType": "read",
    "accessPattern": "random",
    "granularity": "page",
    "nonTemporal": true,
    "noflush": false,
    "set-affinity": true
  },
  "results": {
    "success": true,
    "time": 4997.63521,
    "byte_per_sec": 13750398708.272266,
    "MiB_per_sec": 13113.402088424937,
    "IOPS": 13428123.738547135,
    "MIOPS": 13.428123738547136,
    "addr": 20441896845312
  }
}
