{
  "params": {
    "version": "0.2.0",
    "source": "devdax",
    "path": "/dev/dax0.0",
    "nthreads": 4,
    "nsegments": 1,
    "stripeSize": 34359738368,
    "blockSize": 131072,
    "paddingSize": 4096,
    "totalSize": 34359738368,
    "extentSize": 34359754752,
    "accessType": "read",
    "accessPattern": "random",
    "granularity": "page",
    "nonTemporal": true,
    "noflush": false,
    "set-affinity": true
  },
  "results": {
    "success": true,
    "time": 2498.046233,
    "byte_per_sec": 13754644695.561165,
    "MiB_per_sec": 13117.451377450147,
    "IOPS": 104939.61101960117,
    "MIOPS": 0.10493961101960117,
    "addr": 20553565995008
  }
}
