{
  "params": {
    "version": "0.2.0",
    "source": "devdax",
    "path": "/dev/dax0.0",
    "nthreads": 16,
    "nsegments": 1,
    "stripeSize": 137438953472,
    "blockSize": 32768,
    "paddingSize": 4096,
    "totalSize": 137438953472,
    "extentSize": 137439019008,
    "accessType": "read",
    "accessPattern": "random",
    "granularity": "page",
    "nonTemporal": true,
    "noflush": false,
    "set-affinity": true
  },
  "results": {
    "success": true,
    "time": 3202.720491,
    "byte_per_sec": 42913190163.868095,
    "MiB_per_sec": 40925.20729433832,
    "IOPS": 1309606.6334188262,
    "MIOPS": 1.309606633418826,
    "addr": 20713553526784
  }
}
