{
  "params": {
    "version": "0.2.0",
    "source": "devdax",
    "path": "/dev/dax0.0",
    "nthreads": 32,
    "nsegments": 1,
    "stripeSize": 274877906944,
    "blockSize": 32768,
    "paddingSize": 4096,
    "totalSize": 274877906944,
    "extentSize": 274878038016,
    "accessType": "read",
    "accessPattern": "random",
    "granularity": "page",
    "nonTemporal": true,
    "noflush": false,
    "set-affinity": true
  },
  "results": {
    "success": true,
    "time": 3996.845276,
    "byte_per_sec": 68773717260.10242,
    "MiB_per_sec": 65587.72779474489,
    "IOPS": 2098807.2894318365,
    "MIOPS": 2.0988072894318366,
    "addr": 20262581960704
  }
}
