{
  "params": {
    "version": "0.2.0",
    "source": "devdax",
    "path": "/dev/dax0.0",
    "nthreads": 8,
    "nsegments": 1,
    "stripeSize": 68719476736,
    "blockSize": 4096,
    "paddingSize": 4096,
    "totalSize": 68719476736,
    "extentSize": 68719509504,
    "accessType": "read",
    "accessPattern": "random",
    "granularity": "page",
    "nonTemporal": true,
    "noflush": false,
    "set-affinity": true
  },
  "results": {
    "success": true,
    "time": 3241.45079,
    "byte_per_sec": 21200222119.059227,
    "MiB_per_sec": 20218.10733705447,
    "IOPS": 5175835.478285944,
    "MIOPS": 5.175835478285944,
    "addr": 20249697058816
  }
}
