{
  "params": {
    "version": "0.2.0",
    "source": "devdax",
    "path": "/dev/dax0.0",
    "nthreads": 1,
    "nsegments": 1,
    "stripeSize": 8589934592,
    "blockSize": 2048,
    "paddingSize": 4096,
    "totalSize": 8589934592,
    "extentSize": 8589938688,
    "accessType": "read",
    "accessPattern": "random",
    "granularity": "page",
    "nonTemporal": true,
    "noflush": false,
    "set-affinity": true
  },
  "results": {
    "success": true,
    "time": 3503.687898,
    "byte_per_sec": 2451683723.5712028,
    "MiB_per_sec": 2338.1077991210964,
    "IOPS": 1197111.1931500013,
    "MIOPS": 1.1971111931500014,
    "addr": 21012053753856
  }
}
