{
  "params": {
    "version": "0.2.0",
    "source": "devdax",
    "path": "/dev/dax0.0",
    "nthreads": 2,
    "nsegments": 1,
    "stripeSize": 17179869184,
    "blockSize": 4096,
    "paddingSize": 4096,
    "totalSize": 17179869184,
    "extentSize": 17179877376,
    "accessType": "read",
    "accessPattern": "random",
    "granularity": "page",
    "nonTemporal": true,
    "noflush": false,
    "set-affinity": true
  },
  "results": {
    "success": true,
    "time": 2780.067335,
    "byte_per_sec": 6179659380.084764,
    "MiB_per_sec": 5893.3824349258075,
    "IOPS": 1508705.9033410067,
    "MIOPS": 1.5087059033410066,
    "addr": 20306605375488
  }
}
