{
  "params": {
    "version": "0.2.0",
    "source": "devdax",
    "path": "/dev/dax0.0",
    "nthreads": 16,
    "nsegments": 1,
    "stripeSize": 137438953472,
    "blockSize": 4096,
    "paddingSize": 4096,
    "totalSize": 137438953472,
    "extentSize": 137439019008,
    "accessType": "read",
    "accessPattern": "random",
    "granularity": "page",
    "nonTemporal": true,
    "noflush": false,
    "set-affinity": true
  },
  "results": {
    "success": true,
    "time": 3728.324276,
    "byte_per_sec": 36863465540.46363,
    "MiB_per_sec": 35155.740299667006,
    "IOPS": 8999869.516714754,
    "MIOPS": 8.999869516714753,
    "addr": 20561082187776
  }
}
