{
  "params": {
    "version": "0.2.0",
    "source": "devdax",
    "path": "/dev/dax0.0",
    "nthreads": 8,
    "nsegments": 1,
    "stripeSize": 68719476736,
    "blockSize": 512,
    "paddingSize": 4096,
    "totalSize": 68719476736,
    "extentSize": 68719509504,
    "accessType": "read",
    "accessPattern": "random",
    "granularity": "page",
    "nonTemporal": true,
    "noflush": false,
    "set-affinity": true
  },
  "results": {
    "success": true,
    "time": 5842.219059,
    "byte_per_sec": 11762564197.269688,
    "MiB_per_sec": 11217.6553700158,
    "IOPS": 22973758.19779236,
    "MIOPS": 22.97375819779236,
    "addr": 21270825533440
  }
}
