{
  "params": {
    "version": "0.2.0",
    "source": "devdax",
    "path": "/dev/dax0.0",
    "nthreads": 1,
    "nsegments": 1,
    "stripeSize": 8589934592,
    "blockSize": 128,
    "paddingSize": 4096,
    "totalSize": 8589934592,
    "extentSize": 8589938688,
    "accessType": "read",
    "accessPattern": "random",
    "granularity": "page",
    "nonTemporal": true,
    "noflush": false,
    "set-affinity": true
  },
  "results": {
    "success": true,
    "time": 12499.976571,
    "byte_per_sec": 687196055.3853105,
    "MiB_per_sec": 655.3612283566575,
    "IOPS": 5368719.1826977385,
    "MIOPS": 5.368719182697738,
    "addr": 20758650683392
  }
}
