{
  "params": {
    "version": "0.2.0",
    "source": "devdax",
    "path": "/dev/dax0.0",
    "nthreads": 16,
    "nsegments": 1,
    "stripeSize": 137438953472,
    "blockSize": 524288,
    "paddingSize": 4096,
    "totalSize": 137438953472,
    "extentSize": 137439019008,
    "accessType": "read",
    "accessPattern": "random",
    "granularity": "page",
    "nonTemporal": true,
    "noflush": false,
    "set-affinity": true
  },
  "results": {
    "success": true,
    "time": 3154.4959860000004,
    "byte_per_sec": 43569227566.6126,
    "MiB_per_sec": 41550.85331593762,
    "IOPS": 83101.70663187523,
    "MIOPS": 0.08310170663187523,
    "addr": 21164525092864
  }
}
