{
  "params": {
    "version": "0.2.0",
    "source": "devdax",
    "path": "/dev/dax0.0",
    "nthreads": 2,
    "nsegments": 1,
    "stripeSize": 17179869184,
    "blockSize": 128,
    "paddingSize": 4096,
    "totalSize": 17179869184,
    "extentSize": 17179877376,
    "accessType": "read",
    "accessPattern": "random",
    "granularity": "page",
    "nonTemporal": true,
    "noflush": false,
    "set-affinity": true
  },
  "results": {
    "success": true,
    "time": 12624.508099,
    "byte_per_sec": 1360834739.0074418,
    "MiB_per_sec": 1297.7931394647997,
    "IOPS": 10631521.398495639,
    "MIOPS": 10.63152139849564,
    "addr": 20493436452864
  }
}
