{
  "params": {
    "version": "0.2.0",
    "source": "devdax",
    "path": "/dev/dax0.0",
    "nthreads": 8,
    "nsegments": 1,
    "stripeSize": 68719476736,
    "blockSize": 65536,
    "paddingSize": 4096,
    "totalSize": 68719476736,
    "extentSize": 68719509504,
    "accessType": "read",
    "accessPattern": "random",
    "granularity": "page",
    "nonTemporal": true,
    "noflush": false,
    "set-affinity": true
  },
  "results": {
    "success": true,
    "time": 2741.471271,
    "byte_per_sec": 25066641209.387306,
    "MiB_per_sec": 23905.411919963175,
    "IOPS": 382486.5907194108,
    "MIOPS": 0.3824865907194108,
    "addr": 21143050256384
  }
}
