{
  "params": {
    "version": "0.2.0",
    "source": "devdax",
    "path": "/dev/dax0.0",
    "nthreads": 16,
    "nsegments": 1,
    "stripeSize": 137438953472,
    "blockSize": 16384,
    "paddingSize": 4096,
    "totalSize": 137438953472,
    "extentSize": 137439019008,
    "accessType": "read",
    "accessPattern": "random",
    "granularity": "page",
    "nonTemporal": true,
    "noflush": false,
    "set-affinity": true
  },
  "results": {
    "success": true,
    "time": 3205.727189,
    "byte_per_sec": 42872941260.7543,
    "MiB_per_sec": 40886.82294917517,
    "IOPS": 2616756.668747211,
    "MIOPS": 2.616756668747211,
    "addr": 20361366208512
  }
}
