{
  "params": {
    "version": "0.2.0",
    "source": "devdax",
    "path": "/dev/dax0.0",
    "nthreads": 8,
    "nsegments": 1,
    "stripeSize": 68719476736,
    "blockSize": 131072,
    "paddingSize": 4096,
    "totalSize": 68719476736,
    "extentSize": 68719509504,
    "accessType": "read",
    "accessPattern": "random",
    "granularity": "page",
    "nonTemporal": true,
    "noflush": false,
    "set-affinity": true
  },
  "results": {
    "success": true,
    "time": 2728.209001,
    "byte_per_sec": 25188494250.55467,
    "MiB_per_sec": 24021.620035700482,
    "IOPS": 192172.96028560385,
    "MIOPS": 0.19217296028560385,
    "addr": 21158082641920
  }
}
