{
  "params": {
    "version": "0.2.0",
    "source": "devdax",
    "path": "/dev/dax0.0",
    "nthreads": 48,
    "nsegments": 1,
    "stripeSize": 412316860416,
    "blockSize": 524288,
    "paddingSize": 4096,
    "totalSize": 412316860416,
    "extentSize": 412317057024,
    "accessType": "read",
    "accessPattern": "random",
    "granularity": "page",
    "nonTemporal": true,
    "noflush": false,
    "set-affinity": true
  },
  "results": {
    "success": true,
    "time": 5589.955663,
    "byte_per_sec": 73760309611.2428,
    "MiB_per_sec": 70343.31284641533,
    "IOPS": 140686.62569283065,
    "MIOPS": 0.14068662569283066,
    "addr": 20252918284288
  }
}
