{
  "params": {
    "version": "0.2.0",
    "source": "devdax",
    "path": "/dev/dax0.0",
    "nthreads": 32,
    "nsegments": 1,
    "stripeSize": 274877906944,
    "blockSize": 4096,
    "paddingSize": 4096,
    "totalSize": 274877906944,
    "extentSize": 274878038016,
    "accessType": "read",
    "accessPattern": "random",
    "granularity": "page",
    "nonTemporal": true,
    "noflush": false,
    "set-affinity": true
  },
  "results": {
    "success": true,
    "time": 4639.503809,
    "byte_per_sec": 59247263987.75115,
    "MiB_per_sec": 56502.59398245921,
    "IOPS": 14464664.059509559,
    "MIOPS": 14.464664059509559,
    "addr": 20970177822720
  }
}
