{
  "params": {
    "version": "0.2.0",
    "source": "devdax",
    "path": "/dev/dax0.0",
    "nthreads": 48,
    "nsegments": 1,
    "stripeSize": 412316860416,
    "blockSize": 32768,
    "paddingSize": 4096,
    "totalSize": 412316860416,
    "extentSize": 412317057024,
    "accessType": "read",
    "accessPattern": "random",
    "granularity": "page",
    "nonTemporal": true,
    "noflush": false,
    "set-affinity": true
  },
  "results": {
    "success": true,
    "time": 5613.57305,
    "byte_per_sec": 73449985729.85524,
    "MiB_per_sec": 70047.36493096851,
    "IOPS": 2241515.6777909924,
    "MIOPS": 2.2415156777909924,
    "addr": 20908974538752
  }
}
