{
  "params": {
    "version": "0.2.0",
    "source": "devdax",
    "path": "/dev/dax0.0",
    "nthreads": 1,
    "nsegments": 1,
    "stripeSize": 8589934592,
    "blockSize": 128,
    "paddingSize": 4096,
    "totalSize": 8589934592,
    "extentSize": 8589938688,
    "accessType": "read",
    "accessPattern": "random",
    "granularity": "page",
    "nonTemporal": true,
    "noflush": false,
    "set-affinity": true
  },
  "results": {
    "success": true,
    "time": 12726.321983,
    "byte_per_sec": 674973853.6770133,
    "MiB_per_sec": 643.7052284975179,
    "IOPS": 5273233.231851666,
    "MIOPS": 5.273233231851666,
    "addr": 21076478263296
  }
}
