{
  "params": {
    "version": "0.2.0",
    "source": "devdax",
    "path": "/dev/dax0.0",
    "nthreads": 1,
    "nsegments": 1,
    "stripeSize": 8589934592,
    "blockSize": 4096,
    "paddingSize": 4096,
    "totalSize": 8589934592,
    "extentSize": 8589938688,
    "accessType": "read",
    "accessPattern": "random",
    "granularity": "page",
    "nonTemporal": true,
    "noflush": false,
    "set-affinity": true
  },
  "results": {
    "success": true,
    "time": 2697.94385,
    "byte_per_sec": 3183881900.284915,
    "MiB_per_sec": 3036.3863947724485,
    "IOPS": 777314.9170617468,
    "MIOPS": 0.7773149170617468,
    "addr": 21208548507648
  }
}
