{
  "params": {
    "version": "0.2.0",
    "source": "devdax",
    "path": "/dev/dax0.0",
    "nthreads": 8,
    "nsegments": 1,
    "stripeSize": 68719476736,
    "blockSize": 8192,
    "paddingSize": 4096,
    "totalSize": 68719476736,
    "extentSize": 68719509504,
    "accessType": "read",
    "accessPattern": "random",
    "granularity": "page",
    "nonTemporal": true,
    "noflush": false,
    "set-affinity": true
  },
  "results": {
    "success": true,
    "time": 2923.271734,
    "byte_per_sec": 23507727980.514862,
    "MiB_per_sec": 22418.716412081587,
    "IOPS": 2869595.700746443,
    "MIOPS": 2.869595700746443,
    "addr": 21132312838144
  }
}
