{
  "params": {
    "version": "0.2.0",
    "source": "devdax",
    "path": "/dev/dax0.0",
    "nthreads": 16,
    "nsegments": 1,
    "stripeSize": 137438953472,
    "blockSize": 262144,
    "paddingSize": 4096,
    "totalSize": 137438953472,
    "extentSize": 137439019008,
    "accessType": "read",
    "accessPattern": "random",
    "granularity": "page",
    "nonTemporal": true,
    "noflush": false,
    "set-affinity": true
  },
  "results": {
    "success": true,
    "time": 3156.3690960000004,
    "byte_per_sec": 43543371922.55921,
    "MiB_per_sec": 41526.195452269756,
    "IOPS": 166104.78180907902,
    "MIOPS": 0.16610478180907903,
    "addr": 20551418511360
  }
}
