{
  "params": {
    "version": "0.2.0",
    "source": "devdax",
    "path": "/dev/dax0.0",
    "nthreads": 1,
    "nsegments": 1,
    "stripeSize": 8589934592,
    "blockSize": 131072,
    "paddingSize": 4096,
    "totalSize": 8589934592,
    "extentSize": 8589938688,
    "accessType": "read",
    "accessPattern": "random",
    "granularity": "page",
    "nonTemporal": true,
    "noflush": false,
    "set-affinity": true
  },
  "results": {
    "success": true,
    "time": 2299.443974,
    "byte_per_sec": 3735657267.203328,
    "MiB_per_sec": 3562.600390628174,
    "IOPS": 28500.80312502539,
    "MIOPS": 0.02850080312502539,
    "addr": 20453708005376
  }
}
