{
  "params": {
    "version": "0.2.0",
    "source": "devdax",
    "path": "/dev/dax0.0",
    "nthreads": 8,
    "nsegments": 1,
    "stripeSize": 68719476736,
    "blockSize": 128,
    "paddingSize": 4096,
    "totalSize": 68719476736,
    "extentSize": 68719509504,
    "accessType": "read",
    "accessPattern": "random",
    "granularity": "page",
    "nonTemporal": true,
    "noflush": false,
    "set-affinity": true
  },
  "results": {
    "success": true,
    "time": 14895.944127,
    "byte_per_sec": 4613301187.901267,
    "MiB_per_sec": 4399.586856747882,
    "IOPS": 36041415.53047865,
    "MIOPS": 36.04141553047865,
    "addr": 21038897299456
  }
}
