{
  "params": {
    "version": "0.2.0",
    "source": "devdax",
    "path": "/dev/dax0.0",
    "nthreads": 2,
    "nsegments": 1,
    "stripeSize": 17179869184,
    "blockSize": 1024,
    "paddingSize": 4096,
    "totalSize": 17179869184,
    "extentSize": 17179877376,
    "accessType": "read",
    "accessPattern": "random",
    "granularity": "page",
    "nonTemporal": true,
    "noflush": false,
    "set-affinity": true
  },
  "results": {
    "success": true,
    "time": 4482.261494,
    "byte_per_sec": 3832857410.7059894,
    "MiB_per_sec": 3655.297671037664,
    "IOPS": 3743024.8151425677,
    "MIOPS": 3.743024815142568,
    "addr": 20494510194688
  }
}
