{
  "params": {
    "version": "0.2.0",
    "source": "devdax",
    "path": "/dev/dax0.0",
    "nthreads": 2,
    "nsegments": 1,
    "stripeSize": 17179869184,
    "blockSize": 131072,
    "paddingSize": 4096,
    "totalSize": 17179869184,
    "extentSize": 17179877376,
    "accessType": "read",
    "accessPattern": "random",
    "granularity": "page",
    "nonTemporal": true,
    "noflush": false,
    "set-affinity": true
  },
  "results": {
    "success": true,
    "time": 2370.06188,
    "byte_per_sec": 7248700689.620812,
    "MiB_per_sec": 6912.899675007641,
    "IOPS": 55303.19740006113,
    "MIOPS": 0.05530319740006113,
    "addr": 20323785244672
  }
}
