{
  "params": {
    "version": "0.2.0",
    "source": "devdax",
    "path": "/dev/dax0.0",
    "nthreads": 1,
    "nsegments": 1,
    "stripeSize": 8589934592,
    "blockSize": 262144,
    "paddingSize": 4096,
    "totalSize": 8589934592,
    "extentSize": 8589938688,
    "accessType": "read",
    "accessPattern": "sequential",
    "granularity": "page",
    "nonTemporal": true,
    "noflush": false,
    "set-affinity": true
  },
  "results": {
    "success": true,
    "time": 2297.681188,
    "byte_per_sec": 3738523271.5758305,
    "MiB_per_sec": 3565.3336253889374,
    "IOPS": 14261.33450155575,
    "MIOPS": 0.01426133450155575,
    "addr": 20757576941568
  }
}
