{
  "params": {
    "version": "0.2.0",
    "source": "devdax",
    "path": "/dev/dax0.0",
    "nthreads": 16,
    "nsegments": 1,
    "stripeSize": 137438953472,
    "blockSize": 4096,
    "paddingSize": 4096,
    "totalSize": 137438953472,
    "extentSize": 137439019008,
    "accessType": "read",
    "accessPattern": "sequential",
    "granularity": "page",
    "nonTemporal": true,
    "noflush": false,
    "set-affinity": true
  },
  "results": {
    "success": true,
    "time": 3471.883181,
    "byte_per_sec": 39586283957.97975,
    "MiB_per_sec": 37752.42229269004,
    "IOPS": 9664620.10692865,
    "MIOPS": 9.66462010692865,
    "addr": 20212116094976
  }
}
