{
  "params": {
    "version": "0.2.0",
    "source": "devdax",
    "path": "/dev/dax0.0",
    "nthreads": 48,
    "nsegments": 1,
    "stripeSize": 412316860416,
    "blockSize": 8192,
    "paddingSize": 4096,
    "totalSize": 412316860416,
    "extentSize": 412317057024,
    "accessType": "read",
    "accessPattern": "sequential",
    "granularity": "page",
    "nonTemporal": true,
    "noflush": false,
    "set-affinity": true
  },
  "results": {
    "success": true,
    "time": 5497.546156,
    "byte_per_sec": 75000163475.8444,
    "MiB_per_sec": 71525.72963318291,
    "IOPS": 9155293.393047413,
    "MIOPS": 9.155293393047414,
    "addr": 20227148480512
  }
}
