{
  "params": {
    "version": "0.2.0",
    "source": "devdax",
    "path": "/dev/dax0.0",
    "nthreads": 8,
    "nsegments": 1,
    "stripeSize": 68719476736,
    "blockSize": 1048576,
    "paddingSize": 4096,
    "totalSize": 68719476736,
    "extentSize": 68719509504,
    "accessType": "read",
    "accessPattern": "sequential",
    "granularity": "page",
    "nonTemporal": true,
    "noflush": false,
    "set-affinity": true
  },
  "results": {
    "success": true,
    "time": 2716.978145,
    "byte_per_sec": 25292612994.50018,
    "MiB_per_sec": 24120.915407657794,
    "IOPS": 24120.915407657794,
    "MIOPS": 0.024120915407657793,
    "addr": 20557860962304
  }
}
