{
  "params": {
    "version": "0.2.0",
    "source": "devdax",
    "path": "/dev/dax0.0",
    "nthreads": 16,
    "nsegments": 1,
    "stripeSize": 137438953472,
    "blockSize": 1024,
    "paddingSize": 4096,
    "totalSize": 137438953472,
    "extentSize": 137439019008,
    "accessType": "read",
    "accessPattern": "sequential",
    "granularity": "page",
    "nonTemporal": true,
    "noflush": false,
    "set-affinity": true
  },
  "results": {
    "success": true,
    "time": 3256.3695030000003,
    "byte_per_sec": 42206191080.39841,
    "MiB_per_sec": 40250.96042671052,
    "IOPS": 41216983.47695157,
    "MIOPS": 41.21698347695157,
    "addr": 21022791172096
  }
}
