{
  "params": {
    "version": "0.2.0",
    "source": "devdax",
    "path": "/dev/dax0.0",
    "nthreads": 32,
    "nsegments": 1,
    "stripeSize": 274877906944,
    "blockSize": 131072,
    "paddingSize": 4096,
    "totalSize": 274877906944,
    "extentSize": 274878038016,
    "accessType": "read",
    "accessPattern": "sequential",
    "granularity": "page",
    "nonTemporal": true,
    "noflush": false,
    "set-affinity": true
  },
  "results": {
    "success": true,
    "time": 3804.8622569999998,
    "byte_per_sec": 72243852307.21376,
    "MiB_per_sec": 68897.10646363617,
    "IOPS": 551176.8517090894,
    "MIOPS": 0.5511768517090894,
    "addr": 21291226628096
  }
}
