{
  "params": {
    "version": "0.2.0",
    "source": "devdax",
    "path": "/dev/dax0.0",
    "nthreads": 4,
    "nsegments": 1,
    "stripeSize": 34359738368,
    "blockSize": 1048576,
    "paddingSize": 4096,
    "totalSize": 34359738368,
    "extentSize": 34359754752,
    "accessType": "read",
    "accessPattern": "sequential",
    "granularity": "page",
    "nonTemporal": true,
    "noflush": false,
    "set-affinity": true
  },
  "results": {
    "success": true,
    "time": 2491.551595,
    "byte_per_sec": 13790498433.56746,
    "MiB_per_sec": 13151.644166533908,
    "IOPS": 13151.644166533908,
    "MIOPS": 0.013151644166533909,
    "addr": 21150566449152
  }
}
