{
  "params": {
    "version": "0.2.0",
    "source": "devdax",
    "path": "/dev/dax0.0",
    "nthreads": 8,
    "nsegments": 1,
    "stripeSize": 68719476736,
    "blockSize": 128,
    "paddingSize": 4096,
    "totalSize": 68719476736,
    "extentSize": 68719509504,
    "accessType": "read",
    "accessPattern": "sequential",
    "granularity": "page",
    "nonTemporal": true,
    "noflush": false,
    "set-affinity": true
  },
  "results": {
    "success": true,
    "time": 13945.920684,
    "byte_per_sec": 4927568304.245491,
    "MiB_per_sec": 4699.295334096423,
    "IOPS": 38496627.3769179,
    "MIOPS": 38.4966273769179,
    "addr": 21213917216768
  }
}
