{
  "params": {
    "version": "0.2.0",
    "source": "devdax",
    "path": "/dev/dax0.0",
    "nthreads": 1,
    "nsegments": 1,
    "stripeSize": 8589934592,
    "blockSize": 16384,
    "paddingSize": 4096,
    "totalSize": 8589934592,
    "extentSize": 8589938688,
    "accessType": "read",
    "accessPattern": "sequential",
    "granularity": "page",
    "nonTemporal": true,
    "noflush": false,
    "set-affinity": true
  },
  "results": {
    "success": true,
    "time": 2325.492232,
    "byte_per_sec": 3693813496.2559614,
    "MiB_per_sec": 3522.6950609740843,
    "IOPS": 225452.4839023414,
    "MIOPS": 0.2254524839023414,
    "addr": 21093658132480
  }
}
