{
  "params": {
    "version": "0.2.0",
    "source": "devdax",
    "path": "/dev/dax0.0",
    "nthreads": 4,
    "nsegments": 1,
    "stripeSize": 34359738368,
    "blockSize": 256,
    "paddingSize": 4096,
    "totalSize": 34359738368,
    "extentSize": 34359754752,
    "accessType": "read",
    "accessPattern": "sequential",
    "granularity": "page",
    "nonTemporal": true,
    "noflush": false,
    "set-affinity": true
  },
  "results": {
    "success": true,
    "time": 7232.904846,
    "byte_per_sec": 4750475652.5314865,
    "MiB_per_sec": 4530.4066205325,
    "IOPS": 18556545.51770112,
    "MIOPS": 18.55654551770112,
    "addr": 21179557478400
  }
}
