{
  "params": {
    "version": "0.2.0",
    "source": "devdax",
    "path": "/dev/dax0.0",
    "nthreads": 32,
    "nsegments": 1,
    "stripeSize": 274877906944,
    "blockSize": 256,
    "paddingSize": 4096,
    "totalSize": 274877906944,
    "extentSize": 274878038016,
    "accessType": "read",
    "accessPattern": "sequential",
    "granularity": "page",
    "nonTemporal": true,
    "noflush": false,
    "set-affinity": true
  },
  "results": {
    "success": true,
    "time": 7200.783679,
    "byte_per_sec": 38173332125.72959,
    "MiB_per_sec": 36404.92641995391,
    "IOPS": 149114578.61613122,
    "MIOPS": 149.1145786161312,
    "addr": 20303384150016
  }
}
