{
  "params": {
    "version": "0.2.0",
    "source": "devdax",
    "path": "/dev/dax0.0",
    "nthreads": 32,
    "nsegments": 1,
    "stripeSize": 274877906944,
    "blockSize": 16384,
    "paddingSize": 4096,
    "totalSize": 274877906944,
    "extentSize": 274878038016,
    "accessType": "read",
    "accessPattern": "sequential",
    "granularity": "page",
    "nonTemporal": true,
    "noflush": false,
    "set-affinity": true
  },
  "results": {
    "success": true,
    "time": 3813.643259,
    "byte_per_sec": 72077509162.74153,
    "MiB_per_sec": 68738.46927904275,
    "IOPS": 4399262.033858736,
    "MIOPS": 4.3992620338587365,
    "addr": 21278341726208
  }
}
