{
  "params": {
    "version": "0.2.0",
    "source": "devdax",
    "path": "/dev/dax0.0",
    "nthreads": 1,
    "nsegments": 1,
    "stripeSize": 8589934592,
    "blockSize": 64,
    "paddingSize": 4096,
    "totalSize": 8589934592,
    "extentSize": 8589938688,
    "accessType": "read",
    "accessPattern": "sequential",
    "granularity": "page",
    "nonTemporal": true,
    "noflush": false,
    "set-affinity": true
  },
  "results": {
    "success": true,
    "time": 22753.165708,
    "byte_per_sec": 377527008.8671566,
    "MiB_per_sec": 360.0378121062819,
    "IOPS": 5898859.513549322,
    "MIOPS": 5.898859513549322,
    "addr": 20470887874560
  }
}
