{
  "params": {
    "version": "0.2.0",
    "source": "devdax",
    "path": "/dev/dax0.0",
    "nthreads": 32,
    "nsegments": 1,
    "stripeSize": 274877906944,
    "blockSize": 4096,
    "paddingSize": 4096,
    "totalSize": 274877906944,
    "extentSize": 274878038016,
    "accessType": "read",
    "accessPattern": "sequential",
    "granularity": "page",
    "nonTemporal": true,
    "noflush": false,
    "set-affinity": true
  },
  "results": {
    "success": true,
    "time": 4104.5631220000005,
    "byte_per_sec": 66968858505.47288,
    "MiB_per_sec": 63866.48035571373,
    "IOPS": 16349818.971062714,
    "MIOPS": 16.349818971062714,
    "addr": 21193516122112
  }
}
