{
  "params": {
    "version": "0.2.0",
    "source": "devdax",
    "path": "/dev/dax0.0",
    "nthreads": 48,
    "nsegments": 1,
    "stripeSize": 412316860416,
    "blockSize": 64,
    "paddingSize": 4096,
    "totalSize": 412316860416,
    "extentSize": 412317057024,
    "accessType": "read",
    "accessPattern": "sequential",
    "granularity": "page",
    "nonTemporal": true,
    "noflush": false,
    "set-affinity": true
  },
  "results": {
    "success": true,
    "time": 29150.175832999998,
    "byte_per_sec": 14144575414.50673,
    "MiB_per_sec": 13489.318289286355,
    "IOPS": 221008990.85166764,
    "MIOPS": 221.00899085166765,
    "addr": 20681341272064
  }
}
