{
  "params": {
    "version": "0.2.0",
    "source": "devdax",
    "path": "/dev/dax0.0",
    "nthreads": 32,
    "nsegments": 1,
    "stripeSize": 274877906944,
    "blockSize": 128,
    "paddingSize": 4096,
    "totalSize": 274877906944,
    "extentSize": 274878038016,
    "accessType": "read",
    "accessPattern": "sequential",
    "granularity": "page",
    "nonTemporal": true,
    "noflush": false,
    "set-affinity": true
  },
  "results": {
    "success": true,
    "time": 14590.946897,
    "byte_per_sec": 18838935463.504208,
    "MiB_per_sec": 17966.208899978836,
    "IOPS": 147179183.30862662,
    "MIOPS": 147.17918330862662,
    "addr": 20623359213568
  }
}
