{
  "params": {
    "version": "0.2.0",
    "source": "devdax",
    "path": "/dev/dax0.0",
    "nthreads": 8,
    "nsegments": 1,
    "stripeSize": 68719476736,
    "blockSize": 1048576,
    "paddingSize": 4096,
    "totalSize": 68719476736,
    "extentSize": 68719509504,
    "accessType": "read",
    "accessPattern": "sequential",
    "granularity": "page",
    "nonTemporal": true,
    "noflush": false,
    "set-affinity": true
  },
  "results": {
    "success": true,
    "time": 2714.0857920000003,
    "byte_per_sec": 25319566882.725864,
    "MiB_per_sec": 24146.620638585915,
    "IOPS": 24146.620638585915,
    "MIOPS": 0.024146620638585914,
    "addr": 21034602332160
  }
}
