{
  "params": {
    "version": "0.2.0",
    "source": "devdax",
    "path": "/dev/dax0.0",
    "nthreads": 32,
    "nsegments": 1,
    "stripeSize": 274877906944,
    "blockSize": 131072,
    "paddingSize": 4096,
    "totalSize": 274877906944,
    "extentSize": 274878038016,
    "accessType": "read",
    "accessPattern": "sequential",
    "granularity": "page",
    "nonTemporal": true,
    "noflush": false,
    "set-affinity": true
  },
  "results": {
    "success": true,
    "time": 3805.879212,
    "byte_per_sec": 72224548292.88997,
    "MiB_per_sec": 68878.69672097203,
    "IOPS": 551029.5737677763,
    "MIOPS": 0.5510295737677763,
    "addr": 20714627268608
  }
}
