{
  "params": {
    "version": "0.2.0",
    "source": "devdax",
    "path": "/dev/dax0.0",
    "nthreads": 48,
    "nsegments": 1,
    "stripeSize": 412316860416,
    "blockSize": 32768,
    "paddingSize": 4096,
    "totalSize": 412316860416,
    "extentSize": 412317057024,
    "accessType": "read",
    "accessPattern": "sequential",
    "granularity": "page",
    "nonTemporal": true,
    "noflush": false,
    "set-affinity": true
  },
  "results": {
    "success": true,
    "time": 5522.509798,
    "byte_per_sec": 74661136964.4509,
    "MiB_per_sec": 71202.40875668611,
    "IOPS": 2278477.0802139556,
    "MIOPS": 2.2784770802139556,
    "addr": 20432233168896
  }
}
