{
  "params": {
    "version": "0.2.0",
    "source": "devdax",
    "path": "/dev/dax0.0",
    "nthreads": 8,
    "nsegments": 1,
    "stripeSize": 68719476736,
    "blockSize": 8192,
    "paddingSize": 4096,
    "totalSize": 68719476736,
    "extentSize": 68719509504,
    "accessType": "read",
    "accessPattern": "sequential",
    "granularity": "page",
    "nonTemporal": true,
    "noflush": false,
    "set-affinity": true
  },
  "results": {
    "success": true,
    "time": 2786.599456,
    "byte_per_sec": 24660694090.08024,
    "MiB_per_sec": 23518.27057846092,
    "IOPS": 3010338.634042998,
    "MIOPS": 3.010338634042998,
    "addr": 21217138442240
  }
}
