{
  "params": {
    "version": "0.2.0",
    "source": "devdax",
    "path": "/dev/dax0.0",
    "nthreads": 1,
    "nsegments": 1,
    "stripeSize": 8589934592,
    "blockSize": 8192,
    "paddingSize": 4096,
    "totalSize": 8589934592,
    "extentSize": 8589938688,
    "accessType": "read",
    "accessPattern": "sequential",
    "granularity": "page",
    "nonTemporal": true,
    "noflush": false,
    "set-affinity": true
  },
  "results": {
    "success": true,
    "time": 2371.446887,
    "byte_per_sec": 3622233598.858586,
    "MiB_per_sec": 3454.4311512552126,
    "IOPS": 442167.1873606672,
    "MIOPS": 0.44216718736066724,
    "addr": 20972325306368
  }
}
