{
  "params": {
    "version": "0.2.0",
    "source": "devdax",
    "path": "/dev/dax0.0",
    "nthreads": 2,
    "nsegments": 1,
    "stripeSize": 17179869184,
    "blockSize": 65536,
    "paddingSize": 4096,
    "totalSize": 17179869184,
    "extentSize": 17179877376,
    "accessType": "read",
    "accessPattern": "sequential",
    "granularity": "page",
    "nonTemporal": true,
    "noflush": false,
    "set-affinity": true
  },
  "results": {
    "success": true,
    "time": 2363.762675,
    "byte_per_sec": 7268017794.552917,
    "MiB_per_sec": 6931.321901848713,
    "IOPS": 110901.15042957941,
    "MIOPS": 0.11090115042957942,
    "addr": 21024938655744
  }
}
