{
  "params": {
    "version": "0.2.0",
    "source": "devdax",
    "path": "/dev/dax0.0",
    "nthreads": 16,
    "nsegments": 1,
    "stripeSize": 137438953472,
    "blockSize": 2048,
    "paddingSize": 4096,
    "totalSize": 137438953472,
    "extentSize": 137439019008,
    "accessType": "read",
    "accessPattern": "sequential",
    "granularity": "page",
    "nonTemporal": true,
    "noflush": false,
    "set-affinity": true
  },
  "results": {
    "success": true,
    "time": 3185.428956,
    "byte_per_sec": 43146136790.50138,
    "MiB_per_sec": 41147.36250925196,
    "IOPS": 21067449.604737002,
    "MIOPS": 21.067449604737003,
    "addr": 20265803186176
  }
}
