{
  "params": {
    "version": "0.2.0",
    "source": "devdax",
    "path": "/dev/dax0.0",
    "nthreads": 8,
    "nsegments": 1,
    "stripeSize": 68719476736,
    "blockSize": 524288,
    "paddingSize": 4096,
    "totalSize": 68719476736,
    "extentSize": 68719509504,
    "accessType": "read",
    "accessPattern": "sequential",
    "granularity": "page",
    "nonTemporal": true,
    "noflush": false,
    "set-affinity": true
  },
  "results": {
    "success": true,
    "time": 2717.220104,
    "byte_per_sec": 25290360775.278587,
    "MiB_per_sec": 24118.767524031246,
    "IOPS": 48237.53504806249,
    "MIOPS": 0.04823753504806249,
    "addr": 20922933182464
  }
}
