{
  "params": {
    "version": "0.2.0",
    "source": "devdax",
    "path": "/dev/dax0.0",
    "nthreads": 1,
    "nsegments": 1,
    "stripeSize": 8589934592,
    "blockSize": 131072,
    "paddingSize": 4096,
    "totalSize": 8589934592,
    "extentSize": 8589938688,
    "accessType": "read",
    "accessPattern": "sequential",
    "granularity": "page",
    "nonTemporal": true,
    "noflush": false,
    "set-affinity": true
  },
  "results": {
    "success": true,
    "time": 2289.840168,
    "byte_per_sec": 3751324966.7126985,
    "MiB_per_sec": 3577.5422732474312,
    "IOPS": 28620.33818597945,
    "MIOPS": 0.02862033818597945,
    "addr": 21100100583424
  }
}
