{
  "params": {
    "version": "0.2.0",
    "source": "devdax",
    "path": "/dev/dax0.0",
    "nthreads": 1,
    "nsegments": 1,
    "stripeSize": 8589934592,
    "blockSize": 8192,
    "paddingSize": 4096,
    "totalSize": 8589934592,
    "extentSize": 8589938688,
    "accessType": "read",
    "accessPattern": "sequential",
    "granularity": "page",
    "nonTemporal": true,
    "noflush": false,
    "set-affinity": true
  },
  "results": {
    "success": true,
    "time": 2346.805158,
    "byte_per_sec": 3660267475.8566384,
    "MiB_per_sec": 3490.70308290161,
    "IOPS": 446809.99461140606,
    "MIOPS": 0.4468099946114061,
    "addr": 20311974084608
  }
}
