{
  "params": {
    "version": "0.2.0",
    "source": "devdax",
    "path": "/dev/dax0.0",
    "nthreads": 48,
    "nsegments": 1,
    "stripeSize": 412316860416,
    "blockSize": 16384,
    "paddingSize": 4096,
    "totalSize": 412316860416,
    "extentSize": 412317057024,
    "accessType": "read",
    "accessPattern": "sequential",
    "granularity": "page",
    "nonTemporal": true,
    "noflush": false,
    "set-affinity": true
  },
  "results": {
    "success": true,
    "time": 5446.488091,
    "byte_per_sec": 75703251990.45772,
    "MiB_per_sec": 72196.24709172985,
    "IOPS": 4620559.81387071,
    "MIOPS": 4.6205598138707105,
    "addr": 21139829030912
  }
}
