{
  "params": {
    "version": "0.2.0",
    "source": "devdax",
    "path": "/dev/dax0.0",
    "nthreads": 8,
    "nsegments": 1,
    "stripeSize": 68719476736,
    "blockSize": 256,
    "paddingSize": 4096,
    "totalSize": 68719476736,
    "extentSize": 68719509504,
    "accessType": "read",
    "accessPattern": "sequential",
    "granularity": "page",
    "nonTemporal": true,
    "noflush": false,
    "set-affinity": true
  },
  "results": {
    "success": true,
    "time": 6317.901583,
    "byte_per_sec": 10876946377.402916,
    "MiB_per_sec": 10373.064401057163,
    "IOPS": 42488071.78673014,
    "MIOPS": 42.48807178673014,
    "addr": 21031381106688
  }
}
