{
  "params": {
    "version": "0.2.0",
    "source": "devdax",
    "path": "/dev/dax0.0",
    "nthreads": 4,
    "nsegments": 1,
    "stripeSize": 34359738368,
    "blockSize": 512,
    "paddingSize": 4096,
    "totalSize": 34359738368,
    "extentSize": 34359754752,
    "accessType": "read",
    "accessPattern": "sequential",
    "granularity": "page",
    "nonTemporal": true,
    "noflush": false,
    "set-affinity": true
  },
  "results": {
    "success": true,
    "time": 3643.308072,
    "byte_per_sec": 9430917641.04872,
    "MiB_per_sec": 8994.023934410781,
    "IOPS": 18419761.01767328,
    "MIOPS": 18.41976101767328,
    "addr": 21035676073984
  }
}
