{
  "params": {
    "version": "0.2.0",
    "source": "devdax",
    "path": "/dev/dax0.0",
    "nthreads": 32,
    "nsegments": 1,
    "stripeSize": 274877906944,
    "blockSize": 1048576,
    "paddingSize": 4096,
    "totalSize": 274877906944,
    "extentSize": 274878038016,
    "accessType": "read",
    "accessPattern": "sequential",
    "granularity": "page",
    "nonTemporal": true,
    "noflush": false,
    "set-affinity": true
  },
  "results": {
    "success": true,
    "time": 3817.878968,
    "byte_per_sec": 71997543465.34329,
    "MiB_per_sec": 68662.20804724054,
    "IOPS": 68662.20804724054,
    "MIOPS": 0.06866220804724053,
    "addr": 21180631220224
  }
}
