{
  "params": {
    "version": "0.2.0",
    "source": "devdax",
    "path": "/dev/dax0.0",
    "nthreads": 16,
    "nsegments": 1,
    "stripeSize": 137438953472,
    "blockSize": 512,
    "paddingSize": 4096,
    "totalSize": 137438953472,
    "extentSize": 137439019008,
    "accessType": "read",
    "accessPattern": "sequential",
    "granularity": "page",
    "nonTemporal": true,
    "noflush": false,
    "set-affinity": true
  },
  "results": {
    "success": true,
    "time": 3986.8225490000004,
    "byte_per_sec": 34473305942.967865,
    "MiB_per_sec": 32876.306479423394,
    "IOPS": 67330675.66985911,
    "MIOPS": 67.3306756698591,
    "addr": 20917564473344
  }
}
