{
  "params": {
    "version": "0.2.0",
    "source": "devdax",
    "path": "/dev/dax0.0",
    "nthreads": 4,
    "nsegments": 1,
    "stripeSize": 34359738368,
    "blockSize": 131072,
    "paddingSize": 4096,
    "totalSize": 34359738368,
    "extentSize": 34359754752,
    "accessType": "read",
    "accessPattern": "sequential",
    "granularity": "page",
    "nonTemporal": true,
    "noflush": false,
    "set-affinity": true
  },
  "results": {
    "success": true,
    "time": 2489.975962,
    "byte_per_sec": 13799224929.224438,
    "MiB_per_sec": 13159.9664013142,
    "IOPS": 105279.7312105136,
    "MIOPS": 0.1052797312105136,
    "addr": 20320564019200
  }
}
