{
  "params": {
    "version": "0.2.0",
    "source": "devdax",
    "path": "/dev/dax0.0",
    "nthreads": 8,
    "nsegments": 1,
    "stripeSize": 68719476736,
    "blockSize": 524288,
    "paddingSize": 4096,
    "totalSize": 68719476736,
    "extentSize": 68719509504,
    "accessType": "read",
    "accessPattern": "sequential",
    "granularity": "page",
    "nonTemporal": true,
    "noflush": false,
    "set-affinity": true
  },
  "results": {
    "success": true,
    "time": 2716.491596,
    "byte_per_sec": 25297143137.56338,
    "MiB_per_sec": 24125.235688746816,
    "IOPS": 48250.47137749363,
    "MIOPS": 0.04825047137749363,
    "addr": 20644834050048
  }
}
