{
  "params": {
    "version": "0.2.0",
    "source": "devdax",
    "path": "/dev/dax0.0",
    "nthreads": 1,
    "nsegments": 1,
    "stripeSize": 8589934592,
    "blockSize": 2048,
    "paddingSize": 4096,
    "totalSize": 8589934592,
    "extentSize": 8589938688,
    "accessType": "read",
    "accessPattern": "sequential",
    "granularity": "page",
    "nonTemporal": true,
    "noflush": false,
    "set-affinity": true
  },
  "results": {
    "success": true,
    "time": 2469.634665,
    "byte_per_sec": 3478220772.3829465,
    "MiB_per_sec": 3317.0898174123254,
    "IOPS": 1698349.9865151106,
    "MIOPS": 1.6983499865151106,
    "addr": 21236465795072
  }
}
