{
  "params": {
    "version": "0.2.0",
    "source": "devdax",
    "path": "/dev/dax0.0",
    "nthreads": 2,
    "nsegments": 1,
    "stripeSize": 17179869184,
    "blockSize": 64,
    "paddingSize": 4096,
    "totalSize": 17179869184,
    "extentSize": 17179877376,
    "accessType": "write",
    "accessPattern": "random",
    "granularity": "page",
    "nonTemporal": true,
    "noflush": false,
    "set-affinity": true
  },
  "results": {
    "success": true,
    "time": 32481.540250000002,
    "byte_per_sec": 528911777.3286628,
    "MiB_per_sec": 504.4095776831272,
    "IOPS": 8264246.520760356,
    "MIOPS": 8.264246520760356,
    "addr": 20492362711040
  }
}
