{
  "params": {
    "version": "0.2.0",
    "source": "devdax",
    "path": "/dev/dax0.0",
    "nthreads": 16,
    "nsegments": 1,
    "stripeSize": 137438953472,
    "blockSize": 64,
    "paddingSize": 4096,
    "totalSize": 137438953472,
    "extentSize": 137439019008,
    "accessType": "write",
    "accessPattern": "random",
    "granularity": "page",
    "nonTemporal": true,
    "noflush": false,
    "set-affinity": true
  },
  "results": {
    "success": true,
    "time": 32776.540308,
    "byte_per_sec": 4193211125.4113755,
    "MiB_per_sec": 3998.957753573776,
    "IOPS": 65518923.83455274,
    "MIOPS": 65.51892383455274,
    "addr": 20462297939968
  }
}
