{
  "params": {
    "version": "0.2.0",
    "source": "devdax",
    "path": "/dev/dax0.0",
    "nthreads": 32,
    "nsegments": 1,
    "stripeSize": 274877906944,
    "blockSize": 65536,
    "paddingSize": 4096,
    "totalSize": 274877906944,
    "extentSize": 274878038016,
    "accessType": "write",
    "accessPattern": "random",
    "granularity": "page",
    "nonTemporal": true,
    "noflush": false,
    "set-affinity": true
  },
  "results": {
    "success": true,
    "time": 10836.18553,
    "byte_per_sec": 25366666728.15817,
    "MiB_per_sec": 24191.538551481408,
    "IOPS": 387064.6168237025,
    "MIOPS": 0.3870646168237025,
    "addr": 21249350696960
  }
}
