{
  "params": {
    "version": "0.2.0",
    "source": "devdax",
    "path": "/dev/dax0.0",
    "nthreads": 16,
    "nsegments": 1,
    "stripeSize": 137438953472,
    "blockSize": 32768,
    "paddingSize": 4096,
    "totalSize": 137438953472,
    "extentSize": 137439019008,
    "accessType": "write",
    "accessPattern": "random",
    "granularity": "page",
    "nonTemporal": true,
    "noflush": false,
    "set-affinity": true
  },
  "results": {
    "success": true,
    "time": 5337.203619,
    "byte_per_sec": 25751116742.619446,
    "MiB_per_sec": 24558.17865621514,
    "IOPS": 785861.7169988845,
    "MIOPS": 0.7858617169988844,
    "addr": 20946555502592
  }
}
