{
  "params": {
    "version": "0.2.0",
    "source": "devdax",
    "path": "/dev/dax0.0",
    "nthreads": 1,
    "nsegments": 1,
    "stripeSize": 8589934592,
    "blockSize": 1048576,
    "paddingSize": 4096,
    "totalSize": 8589934592,
    "extentSize": 8589938688,
    "accessType": "write",
    "accessPattern": "random",
    "granularity": "page",
    "nonTemporal": true,
    "noflush": false,
    "set-affinity": true
  },
  "results": {
    "success": true,
    "time": 506.665405,
    "byte_per_sec": 16953860491.027603,
    "MiB_per_sec": 16168.46131422768,
    "IOPS": 16168.46131422768,
    "MIOPS": 0.01616846131422768,
    "addr": 20660940177408
  }
}
