{
  "params": {
    "version": "0.2.0",
    "source": "devdax",
    "path": "/dev/dax0.0",
    "nthreads": 48,
    "nsegments": 1,
    "stripeSize": 412316860416,
    "blockSize": 8192,
    "paddingSize": 4096,
    "totalSize": 412316860416,
    "extentSize": 412317057024,
    "accessType": "write",
    "accessPattern": "random",
    "granularity": "page",
    "nonTemporal": true,
    "noflush": false,
    "set-affinity": true
  },
  "results": {
    "success": true,
    "time": 16357.408306,
    "byte_per_sec": 25206735242.083527,
    "MiB_per_sec": 24039.016000827338,
    "IOPS": 3076994.0481058992,
    "MIOPS": 3.0769940481058993,
    "addr": 20382841044992
  }
}
