{
  "params": {
    "version": "0.2.0",
    "source": "devdax",
    "path": "/dev/dax0.0",
    "nthreads": 2,
    "nsegments": 1,
    "stripeSize": 17179869184,
    "blockSize": 16384,
    "paddingSize": 4096,
    "totalSize": 17179869184,
    "extentSize": 17179877376,
    "accessType": "write",
    "accessPattern": "random",
    "granularity": "page",
    "nonTemporal": true,
    "noflush": false,
    "set-affinity": true
  },
  "results": {
    "success": true,
    "time": 729.677719,
    "byte_per_sec": 23544461803.691174,
    "MiB_per_sec": 22453.748515788244,
    "IOPS": 1437039.9050104476,
    "MIOPS": 1.4370399050104476,
    "addr": 21097953099776
  }
}
