{
  "params": {
    "version": "0.2.0",
    "source": "devdax",
    "path": "/dev/dax0.0",
    "nthreads": 48,
    "nsegments": 1,
    "stripeSize": 412316860416,
    "blockSize": 524288,
    "paddingSize": 4096,
    "totalSize": 412316860416,
    "extentSize": 412317057024,
    "accessType": "write",
    "accessPattern": "random",
    "granularity": "page",
    "nonTemporal": true,
    "noflush": false,
    "set-affinity": true
  },
  "results": {
    "success": true,
    "time": 16484.779783,
    "byte_per_sec": 25011972610.104473,
    "MiB_per_sec": 23853.275880913232,
    "IOPS": 47706.551761826464,
    "MIOPS": 0.04770655176182646,
    "addr": 20507395096576
  }
}
