{
  "params": {
    "version": "0.2.0",
    "source": "devdax",
    "path": "/dev/dax0.0",
    "nthreads": 16,
    "nsegments": 1,
    "stripeSize": 137438953472,
    "blockSize": 131072,
    "paddingSize": 4096,
    "totalSize": 137438953472,
    "extentSize": 137439019008,
    "accessType": "write",
    "accessPattern": "random",
    "granularity": "page",
    "nonTemporal": true,
    "noflush": false,
    "set-affinity": true
  },
  "results": {
    "success": true,
    "time": 5444.893770000001,
    "byte_per_sec": 25241806227.562084,
    "MiB_per_sec": 24072.462298929295,
    "IOPS": 192579.69839143436,
    "MIOPS": 0.19257969839143435,
    "addr": 20636244115456
  }
}
