{
  "params": {
    "version": "0.2.0",
    "source": "devdax",
    "path": "/dev/dax0.0",
    "nthreads": 48,
    "nsegments": 1,
    "stripeSize": 412316860416,
    "blockSize": 4096,
    "paddingSize": 4096,
    "totalSize": 412316860416,
    "extentSize": 412317057024,
    "accessType": "write",
    "accessPattern": "random",
    "granularity": "page",
    "nonTemporal": true,
    "noflush": false,
    "set-affinity": true
  },
  "results": {
    "success": true,
    "time": 16102.526311999998,
    "byte_per_sec": 25605724991.657448,
    "MiB_per_sec": 24419.522277505348,
    "IOPS": 6251397.703041369,
    "MIOPS": 6.251397703041369,
    "addr": 21063593361408
  }
}
