{
  "params": {
    "version": "0.2.0",
    "source": "devdax",
    "path": "/dev/dax0.0",
    "nthreads": 32,
    "nsegments": 1,
    "stripeSize": 274877906944,
    "blockSize": 128,
    "paddingSize": 4096,
    "totalSize": 274877906944,
    "extentSize": 274878038016,
    "accessType": "write",
    "accessPattern": "random",
    "granularity": "page",
    "nonTemporal": true,
    "noflush": false,
    "set-affinity": true
  },
  "results": {
    "success": true,
    "time": 18108.122214000003,
    "byte_per_sec": 15179812887.030474,
    "MiB_per_sec": 14476.597678213571,
    "IOPS": 118592288.17992558,
    "MIOPS": 118.59228817992557,
    "addr": 20524574965760
  }
}
