{
  "params": {
    "version": "0.2.0",
    "source": "devdax",
    "path": "/dev/dax0.0",
    "nthreads": 4,
    "nsegments": 1,
    "stripeSize": 34359738368,
    "blockSize": 512,
    "paddingSize": 4096,
    "totalSize": 34359738368,
    "extentSize": 34359754752,
    "accessType": "write",
    "accessPattern": "random",
    "granularity": "page",
    "nonTemporal": true,
    "noflush": false,
    "set-affinity": true
  },
  "results": {
    "success": true,
    "time": 4509.227208,
    "byte_per_sec": 7619872936.773071,
    "MiB_per_sec": 7266.877114079543,
    "IOPS": 14882564.329634905,
    "MIOPS": 14.882564329634905,
    "addr": 20771535585280
  }
}
