{
  "params": {
    "version": "0.2.0",
    "source": "devdax",
    "path": "/dev/dax0.0",
    "nthreads": 16,
    "nsegments": 1,
    "stripeSize": 137438953472,
    "blockSize": 16384,
    "paddingSize": 4096,
    "totalSize": 137438953472,
    "extentSize": 137439019008,
    "accessType": "write",
    "accessPattern": "random",
    "granularity": "page",
    "nonTemporal": true,
    "noflush": false,
    "set-affinity": true
  },
  "results": {
    "success": true,
    "time": 5289.435036999999,
    "byte_per_sec": 25983673589.070305,
    "MiB_per_sec": 24779.962147779755,
    "IOPS": 1585917.5774579043,
    "MIOPS": 1.5859175774579044,
    "addr": 20666308886528
  }
}
