{
  "params": {
    "version": "0.2.0",
    "source": "devdax",
    "path": "/dev/dax0.0",
    "nthreads": 8,
    "nsegments": 1,
    "stripeSize": 68719476736,
    "blockSize": 1024,
    "paddingSize": 4096,
    "totalSize": 68719476736,
    "extentSize": 68719509504,
    "accessType": "write",
    "accessPattern": "random",
    "granularity": "page",
    "nonTemporal": true,
    "noflush": false,
    "set-affinity": true
  },
  "results": {
    "success": true,
    "time": 3473.703426,
    "byte_per_sec": 19782770233.53461,
    "MiB_per_sec": 18866.31987908803,
    "IOPS": 19319111.556186143,
    "MIOPS": 19.319111556186144,
    "addr": 21288005402624
  }
}
