{
  "params": {
    "version": "0.2.0",
    "source": "devdax",
    "path": "/dev/dax0.0",
    "nthreads": 8,
    "nsegments": 1,
    "stripeSize": 68719476736,
    "blockSize": 262144,
    "paddingSize": 4096,
    "totalSize": 68719476736,
    "extentSize": 68719509504,
    "accessType": "write",
    "accessPattern": "random",
    "granularity": "page",
    "nonTemporal": true,
    "noflush": false,
    "set-affinity": true
  },
  "results": {
    "success": true,
    "time": 2717.566631,
    "byte_per_sec": 25287135907.579517,
    "MiB_per_sec": 24115.692050532834,
    "IOPS": 96462.76820213134,
    "MIOPS": 0.09646276820213134,
    "addr": 20823075192832
  }
}
