{
  "params": {
    "version": "0.2.0",
    "source": "devdax",
    "path": "/dev/dax0.0",
    "nthreads": 8,
    "nsegments": 1,
    "stripeSize": 68719476736,
    "blockSize": 2048,
    "paddingSize": 4096,
    "totalSize": 68719476736,
    "extentSize": 68719509504,
    "accessType": "write",
    "accessPattern": "random",
    "granularity": "page",
    "nonTemporal": true,
    "noflush": false,
    "set-affinity": true
  },
  "results": {
    "success": true,
    "time": 2976.715985,
    "byte_per_sec": 23085667924.748287,
    "MiB_per_sec": 22016.208576916015,
    "IOPS": 11272298.791381,
    "MIOPS": 11.272298791380999,
    "addr": 21028159881216
  }
}
