{
  "params": {
    "version": "0.2.0",
    "source": "devdax",
    "path": "/dev/dax0.0",
    "nthreads": 8,
    "nsegments": 1,
    "stripeSize": 68719476736,
    "blockSize": 8192,
    "paddingSize": 4096,
    "totalSize": 68719476736,
    "extentSize": 68719509504,
    "accessType": "write",
    "accessPattern": "random",
    "granularity": "page",
    "nonTemporal": true,
    "noflush": false,
    "set-affinity": true
  },
  "results": {
    "success": true,
    "time": 2600.210031,
    "byte_per_sec": 26428433056.068,
    "MiB_per_sec": 25204.11782843399,
    "IOPS": 3226127.082039551,
    "MIOPS": 3.2261270820395507,
    "addr": 20809116549120
  }
}
