{
  "params": {
    "version": "0.2.0",
    "source": "devdax",
    "path": "/dev/dax0.0",
    "nthreads": 48,
    "nsegments": 1,
    "stripeSize": 412316860416,
    "blockSize": 65536,
    "paddingSize": 4096,
    "totalSize": 412316860416,
    "extentSize": 412317057024,
    "accessType": "write",
    "accessPattern": "random",
    "granularity": "page",
    "nonTemporal": true,
    "noflush": false,
    "set-affinity": true
  },
  "results": {
    "success": true,
    "time": 16616.235124,
    "byte_per_sec": 24814096414.68432,
    "MiB_per_sec": 23664.566435512847,
    "IOPS": 378633.06296820554,
    "MIOPS": 0.37863306296820554,
    "addr": 21207474765824
  }
}
