{
  "params": {
    "version": "0.2.0",
    "source": "devdax",
    "path": "/dev/dax0.0",
    "nthreads": 8,
    "nsegments": 1,
    "stripeSize": 68719476736,
    "blockSize": 128,
    "paddingSize": 4096,
    "totalSize": 68719476736,
    "extentSize": 68719509504,
    "accessType": "write",
    "accessPattern": "random",
    "granularity": "page",
    "nonTemporal": true,
    "noflush": false,
    "set-affinity": true
  },
  "results": {
    "success": true,
    "time": 16615.079910999997,
    "byte_per_sec": 4135970281.4612603,
    "MiB_per_sec": 3944.368630849133,
    "IOPS": 32312267.823916096,
    "MIOPS": 32.312267823916095,
    "addr": 20816632741888
  }
}
