{
  "params": {
    "version": "0.2.0",
    "source": "devdax",
    "path": "/dev/dax0.0",
    "nthreads": 16,
    "nsegments": 1,
    "stripeSize": 137438953472,
    "blockSize": 64,
    "paddingSize": 4096,
    "totalSize": 137438953472,
    "extentSize": 137439019008,
    "accessType": "write",
    "accessPattern": "random",
    "granularity": "page",
    "nonTemporal": true,
    "noflush": false,
    "set-affinity": true
  },
  "results": {
    "success": true,
    "time": 32832.856336,
    "byte_per_sec": 4186018787.567481,
    "MiB_per_sec": 3992.098605697137,
    "IOPS": 65406543.55574189,
    "MIOPS": 65.40654355574189,
    "addr": 21219285925888
  }
}
