{
  "params": {
    "version": "0.2.0",
    "source": "devdax",
    "path": "/dev/dax0.0",
    "nthreads": 1,
    "nsegments": 1,
    "stripeSize": 8589934592,
    "blockSize": 262144,
    "paddingSize": 4096,
    "totalSize": 8589934592,
    "extentSize": 8589938688,
    "accessType": "write",
    "accessPattern": "random",
    "granularity": "page",
    "nonTemporal": true,
    "noflush": false,
    "set-affinity": true
  },
  "results": {
    "success": true,
    "time": 506.00331,
    "byte_per_sec": 16976044271.330954,
    "MiB_per_sec": 16189.617415743784,
    "IOPS": 64758.469662975134,
    "MIOPS": 0.06475846966297513,
    "addr": 21239687020544
  }
}
