{
  "params": {
    "version": "0.2.0",
    "source": "devdax",
    "path": "/dev/dax0.0",
    "nthreads": 4,
    "nsegments": 1,
    "stripeSize": 34359738368,
    "blockSize": 4096,
    "paddingSize": 4096,
    "totalSize": 34359738368,
    "extentSize": 34359754752,
    "accessType": "write",
    "accessPattern": "random",
    "granularity": "page",
    "nonTemporal": true,
    "noflush": false,
    "set-affinity": true
  },
  "results": {
    "success": true,
    "time": 1374.197319,
    "byte_per_sec": 25003496872.63507,
    "MiB_per_sec": 23845.19278777606,
    "IOPS": 6104369.353670672,
    "MIOPS": 6.104369353670672,
    "addr": 20269024411648
  }
}
