{
  "params": {
    "version": "0.2.0",
    "source": "devdax",
    "path": "/dev/dax0.0",
    "nthreads": 4,
    "nsegments": 1,
    "stripeSize": 34359738368,
    "blockSize": 65536,
    "paddingSize": 4096,
    "totalSize": 34359738368,
    "extentSize": 34359754752,
    "accessType": "write",
    "accessPattern": "random",
    "granularity": "page",
    "nonTemporal": true,
    "noflush": false,
    "set-affinity": true
  },
  "results": {
    "success": true,
    "time": 1292.1396060000002,
    "byte_per_sec": 26591351436.37103,
    "MiB_per_sec": 25359.488903399495,
    "IOPS": 405751.8224543919,
    "MIOPS": 0.4057518224543919,
    "addr": 21068962070528
  }
}
