{
  "params": {
    "version": "0.2.0",
    "source": "devdax",
    "path": "/dev/dax0.0",
    "nthreads": 8,
    "nsegments": 1,
    "stripeSize": 68719476736,
    "blockSize": 512,
    "paddingSize": 4096,
    "totalSize": 68719476736,
    "extentSize": 68719509504,
    "accessType": "write",
    "accessPattern": "random",
    "granularity": "page",
    "nonTemporal": true,
    "noflush": false,
    "set-affinity": true
  },
  "results": {
    "success": true,
    "time": 5012.112013,
    "byte_per_sec": 13710682554.133093,
    "MiB_per_sec": 13075.525812275975,
    "IOPS": 26778676.863541197,
    "MIOPS": 26.778676863541197,
    "addr": 20868172349440
  }
}
