{
  "params": {
    "version": "0.2.0",
    "source": "devdax",
    "path": "/dev/dax0.0",
    "nthreads": 4,
    "nsegments": 1,
    "stripeSize": 34359738368,
    "blockSize": 64,
    "paddingSize": 4096,
    "totalSize": 34359738368,
    "extentSize": 34359754752,
    "accessType": "write",
    "accessPattern": "random",
    "granularity": "page",
    "nonTemporal": true,
    "noflush": false,
    "set-affinity": true
  },
  "results": {
    "success": true,
    "time": 32532.387217,
    "byte_per_sec": 1056170213.9720354,
    "MiB_per_sec": 1007.2424068184237,
    "IOPS": 16502659.593313053,
    "MIOPS": 16.50265959331305,
    "addr": 20466592907264
  }
}
