{
  "params": {
    "version": "0.2.0",
    "source": "devdax",
    "path": "/dev/dax0.0",
    "nthreads": 1,
    "nsegments": 1,
    "stripeSize": 8589934592,
    "blockSize": 16384,
    "paddingSize": 4096,
    "totalSize": 8589934592,
    "extentSize": 8589938688,
    "accessType": "write",
    "accessPattern": "random",
    "granularity": "page",
    "nonTemporal": true,
    "noflush": false,
    "set-affinity": true
  },
  "results": {
    "success": true,
    "time": 585.718969,
    "byte_per_sec": 14665624722.152374,
    "MiB_per_sec": 13986.229631569266,
    "IOPS": 895118.696420433,
    "MIOPS": 0.895118696420433,
    "addr": 20672751337472
  }
}
