{
  "params": {
    "version": "0.2.0",
    "source": "devdax",
    "path": "/dev/dax0.0",
    "nthreads": 2,
    "nsegments": 1,
    "stripeSize": 17179869184,
    "blockSize": 4096,
    "paddingSize": 4096,
    "totalSize": 17179869184,
    "extentSize": 17179877376,
    "accessType": "write",
    "accessPattern": "sequential",
    "granularity": "page",
    "nonTemporal": true,
    "noflush": false,
    "set-affinity": true
  },
  "results": {
    "success": true,
    "time": 1029.477988,
    "byte_per_sec": 16687942223.394094,
    "MiB_per_sec": 15914.861892122359,
    "IOPS": 4074204.644383324,
    "MIOPS": 4.0742046443833235,
    "addr": 20756503199744
  }
}
