{
  "params": {
    "version": "0.2.0",
    "source": "devdax",
    "path": "/dev/dax0.0",
    "nthreads": 2,
    "nsegments": 1,
    "stripeSize": 17179869184,
    "blockSize": 4096,
    "paddingSize": 4096,
    "totalSize": 17179869184,
    "extentSize": 17179877376,
    "accessType": "write",
    "accessPattern": "sequential",
    "granularity": "page",
    "nonTemporal": true,
    "noflush": false,
    "set-affinity": true
  },
  "results": {
    "success": true,
    "time": 1026.21832,
    "byte_per_sec": 16740949610.020607,
    "MiB_per_sec": 15965.41367532788,
    "IOPS": 4087145.9008839373,
    "MIOPS": 4.087145900883937,
    "addr": 21204253540352
  }
}
