{
  "params": {
    "version": "0.2.0",
    "source": "devdax",
    "path": "/dev/dax0.0",
    "nthreads": 48,
    "nsegments": 1,
    "stripeSize": 412316860416,
    "blockSize": 256,
    "paddingSize": 4096,
    "totalSize": 412316860416,
    "extentSize": 412317057024,
    "accessType": "write",
    "accessPattern": "sequential",
    "granularity": "page",
    "nonTemporal": true,
    "noflush": false,
    "set-affinity": true
  },
  "results": {
    "success": true,
    "time": 15205.529939,
    "byte_per_sec": 27116244028.987537,
    "MiB_per_sec": 25860.065487849748,
    "IOPS": 105922828.23823257,
    "MIOPS": 105.92282823823257,
    "addr": 20652350242816
  }
}
