{
  "params": {
    "version": "0.2.0",
    "source": "devdax",
    "path": "/dev/dax0.0",
    "nthreads": 32,
    "nsegments": 1,
    "stripeSize": 274877906944,
    "blockSize": 1048576,
    "paddingSize": 4096,
    "totalSize": 274877906944,
    "extentSize": 274878038016,
    "accessType": "write",
    "accessPattern": "sequential",
    "granularity": "page",
    "nonTemporal": true,
    "noflush": false,
    "set-affinity": true
  },
  "results": {
    "success": true,
    "time": 10863.391203000001,
    "byte_per_sec": 25303139858.21394,
    "MiB_per_sec": 24130.954607213916,
    "IOPS": 24130.954607213916,
    "MIOPS": 0.024130954607213918,
    "addr": 20386062270464
  }
}
