{
  "params": {
    "version": "0.2.0",
    "source": "devdax",
    "path": "/dev/dax0.0",
    "nthreads": 48,
    "nsegments": 1,
    "stripeSize": 412316860416,
    "blockSize": 1024,
    "paddingSize": 4096,
    "totalSize": 412316860416,
    "extentSize": 412317057024,
    "accessType": "write",
    "accessPattern": "sequential",
    "granularity": "page",
    "nonTemporal": true,
    "noflush": false,
    "set-affinity": true
  },
  "results": {
    "success": true,
    "time": 15729.276090000001,
    "byte_per_sec": 26213339892.872334,
    "MiB_per_sec": 24998.989003059705,
    "IOPS": 25598964.73913314,
    "MIOPS": 25.598964739133137,
    "addr": 21006685044736
  }
}
