{
  "params": {
    "version": "0.2.0",
    "source": "devdax",
    "path": "/dev/dax0.0",
    "nthreads": 4,
    "nsegments": 1,
    "stripeSize": 34359738368,
    "blockSize": 16384,
    "paddingSize": 4096,
    "totalSize": 34359738368,
    "extentSize": 34359754752,
    "accessType": "write",
    "accessPattern": "sequential",
    "granularity": "page",
    "nonTemporal": true,
    "noflush": false,
    "set-affinity": true
  },
  "results": {
    "success": true,
    "time": 1274.5071599999999,
    "byte_per_sec": 26959235260.788963,
    "MiB_per_sec": 25710.330258168186,
    "IOPS": 1645461.1365227639,
    "MIOPS": 1.6454611365227638,
    "addr": 21106543034368
  }
}
