{
  "params": {
    "version": "0.2.0",
    "source": "devdax",
    "path": "/dev/dax0.0",
    "nthreads": 4,
    "nsegments": 1,
    "stripeSize": 34359738368,
    "blockSize": 131072,
    "paddingSize": 4096,
    "totalSize": 34359738368,
    "extentSize": 34359754752,
    "accessType": "write",
    "accessPattern": "sequential",
    "granularity": "page",
    "nonTemporal": true,
    "noflush": false,
    "set-affinity": true
  },
  "results": {
    "success": true,
    "time": 1298.861818,
    "byte_per_sec": 26453728866.175663,
    "MiB_per_sec": 25228.24179284636,
    "IOPS": 201825.93434277087,
    "MIOPS": 0.20182593434277088,
    "addr": 20697447399424
  }
}
