{
  "params": {
    "version": "0.2.0",
    "source": "devdax",
    "path": "/dev/dax0.0",
    "nthreads": 2,
    "nsegments": 1,
    "stripeSize": 17179869184,
    "blockSize": 131072,
    "paddingSize": 4096,
    "totalSize": 17179869184,
    "extentSize": 17179877376,
    "accessType": "write",
    "accessPattern": "sequential",
    "granularity": "page",
    "nonTemporal": true,
    "noflush": false,
    "set-affinity": true
  },
  "results": {
    "success": true,
    "time": 656.3829890000001,
    "byte_per_sec": 26173544214.138676,
    "MiB_per_sec": 24961.03688634746,
    "IOPS": 199688.2950907797,
    "MIOPS": 0.1996882950907797,
    "addr": 20701742366720
  }
}
