{
  "params": {
    "version": "0.2.0",
    "source": "devdax",
    "path": "/dev/dax0.0",
    "nthreads": 16,
    "nsegments": 1,
    "stripeSize": 137438953472,
    "blockSize": 1024,
    "paddingSize": 4096,
    "totalSize": 137438953472,
    "extentSize": 137439019008,
    "accessType": "write",
    "accessPattern": "sequential",
    "granularity": "page",
    "nonTemporal": true,
    "noflush": false,
    "set-affinity": true
  },
  "results": {
    "success": true,
    "time": 5152.665112000001,
    "byte_per_sec": 26673372028.762268,
    "MiB_per_sec": 25437.709835779446,
    "IOPS": 26048214.871838152,
    "MIOPS": 26.04821487183815,
    "addr": 20932596858880
  }
}
