{
  "params": {
    "version": "0.2.0",
    "source": "devdax",
    "path": "/dev/dax0.0",
    "nthreads": 48,
    "nsegments": 1,
    "stripeSize": 412316860416,
    "blockSize": 1024,
    "paddingSize": 4096,
    "totalSize": 412316860416,
    "extentSize": 412317057024,
    "accessType": "write",
    "accessPattern": "sequential",
    "granularity": "page",
    "nonTemporal": true,
    "noflush": false,
    "set-affinity": true
  },
  "results": {
    "success": true,
    "time": 15715.316146,
    "byte_per_sec": 26236625250.51693,
    "MiB_per_sec": 25021.19565059369,
    "IOPS": 25621704.34620794,
    "MIOPS": 25.621704346207938,
    "addr": 21282636693504
  }
}
