{
  "params": {
    "version": "0.2.0",
    "source": "devdax",
    "path": "/dev/dax0.0",
    "nthreads": 4,
    "nsegments": 1,
    "stripeSize": 34359738368,
    "blockSize": 256,
    "paddingSize": 4096,
    "totalSize": 34359738368,
    "extentSize": 34359754752,
    "accessType": "write",
    "accessPattern": "sequential",
    "granularity": "page",
    "nonTemporal": true,
    "noflush": false,
    "set-affinity": true
  },
  "results": {
    "success": true,
    "time": 8301.381664999999,
    "byte_per_sec": 4139038506.4291587,
    "MiB_per_sec": 3947.294718197974,
    "IOPS": 16168119.165738901,
    "MIOPS": 16.1681191657389,
    "addr": 20921859440640
  }
}
