{
  "params": {
    "version": "0.2.0",
    "source": "devdax",
    "path": "/dev/dax0.0",
    "nthreads": 16,
    "nsegments": 1,
    "stripeSize": 137438953472,
    "blockSize": 1024,
    "paddingSize": 4096,
    "totalSize": 137438953472,
    "extentSize": 137439019008,
    "accessType": "write",
    "accessPattern": "sequential",
    "granularity": "page",
    "nonTemporal": true,
    "noflush": false,
    "set-affinity": true
  },
  "results": {
    "success": true,
    "time": 5144.636205000001,
    "byte_per_sec": 26714999466.517185,
    "MiB_per_sec": 25477.40885402411,
    "IOPS": 26088866.66652069,
    "MIOPS": 26.088866666520687,
    "addr": 20935818084352
  }
}
