{
  "params": {
    "version": "0.2.0",
    "source": "devdax",
    "path": "/dev/dax0.0",
    "nthreads": 2,
    "nsegments": 1,
    "stripeSize": 17179869184,
    "blockSize": 256,
    "paddingSize": 4096,
    "totalSize": 17179869184,
    "extentSize": 17179877376,
    "accessType": "write",
    "accessPattern": "sequential",
    "granularity": "page",
    "nonTemporal": true,
    "noflush": false,
    "set-affinity": true
  },
  "results": {
    "success": true,
    "time": 8283.26137,
    "byte_per_sec": 2074046491.6658788,
    "MiB_per_sec": 1977.964870134238,
    "IOPS": 8101744.108069839,
    "MIOPS": 8.10174410806984,
    "addr": 21164525092864
  }
}
