{
  "params": {
    "version": "0.2.0",
    "source": "devdax",
    "path": "/dev/dax0.0",
    "nthreads": 48,
    "nsegments": 1,
    "stripeSize": 412316860416,
    "blockSize": 8192,
    "paddingSize": 4096,
    "totalSize": 412316860416,
    "extentSize": 412317057024,
    "accessType": "write",
    "accessPattern": "sequential",
    "granularity": "page",
    "nonTemporal": true,
    "noflush": false,
    "set-affinity": true
  },
  "results": {
    "success": true,
    "time": 16343.889669999999,
    "byte_per_sec": 25227584665.651993,
    "MiB_per_sec": 24058.89956059646,
    "IOPS": 3079539.143756347,
    "MIOPS": 3.079539143756347,
    "addr": 20930449375232
  }
}
