{
  "params": {
    "version": "0.2.0",
    "source": "devdax",
    "path": "/dev/dax0.0",
    "nthreads": 32,
    "nsegments": 1,
    "stripeSize": 274877906944,
    "blockSize": 1024,
    "paddingSize": 4096,
    "totalSize": 274877906944,
    "extentSize": 274878038016,
    "accessType": "write",
    "accessPattern": "sequential",
    "granularity": "page",
    "nonTemporal": true,
    "noflush": false,
    "set-affinity": true
  },
  "results": {
    "success": true,
    "time": 10556.866307,
    "byte_per_sec": 26037831582.818775,
    "MiB_per_sec": 24831.611235445762,
    "IOPS": 25427569.90509646,
    "MIOPS": 25.427569905096462,
    "addr": 21188147412992
  }
}
