{
  "params": {
    "version": "0.2.0",
    "source": "devdax",
    "path": "/dev/dax0.0",
    "nthreads": 1,
    "nsegments": 1,
    "stripeSize": 8589934592,
    "blockSize": 524288,
    "paddingSize": 4096,
    "totalSize": 8589934592,
    "extentSize": 8589938688,
    "accessType": "write",
    "accessPattern": "sequential",
    "granularity": "page",
    "nonTemporal": true,
    "noflush": false,
    "set-affinity": true
  },
  "results": {
    "success": true,
    "time": 501.388229,
    "byte_per_sec": 17132302066.868027,
    "MiB_per_sec": 16338.63646208575,
    "IOPS": 32677.2729241715,
    "MIOPS": 0.0326772729241715,
    "addr": 20596515667968
  }
}
