{
  "params": {
    "version": "0.2.0",
    "source": "devdax",
    "path": "/dev/dax0.0",
    "nthreads": 4,
    "nsegments": 1,
    "stripeSize": 34359738368,
    "blockSize": 131072,
    "paddingSize": 4096,
    "totalSize": 34359738368,
    "extentSize": 34359754752,
    "accessType": "write",
    "accessPattern": "sequential",
    "granularity": "page",
    "nonTemporal": true,
    "noflush": false,
    "set-affinity": true
  },
  "results": {
    "success": true,
    "time": 1318.6572059999999,
    "byte_per_sec": 26056611385.931335,
    "MiB_per_sec": 24849.521051341377,
    "IOPS": 198796.168410731,
    "MIOPS": 0.198796168410731,
    "addr": 20294794215424
  }
}
