{
  "params": {
    "version": "0.2.0",
    "source": "devdax",
    "path": "/dev/dax0.0",
    "nthreads": 1,
    "nsegments": 1,
    "stripeSize": 8589934592,
    "blockSize": 128,
    "paddingSize": 4096,
    "totalSize": 8589934592,
    "extentSize": 8589938688,
    "accessType": "write",
    "accessPattern": "sequential",
    "granularity": "page",
    "nonTemporal": true,
    "noflush": false,
    "set-affinity": true
  },
  "results": {
    "success": true,
    "time": 16497.467704000002,
    "byte_per_sec": 520682006.846255,
    "MiB_per_sec": 496.5610569441366,
    "IOPS": 4067828.178486367,
    "MIOPS": 4.0678281784863675,
    "addr": 20706037334016
  }
}
