{
  "params": {
    "version": "0.2.0",
    "source": "devdax",
    "path": "/dev/dax0.0",
    "nthreads": 1,
    "nsegments": 1,
    "stripeSize": 8589934592,
    "blockSize": 65536,
    "paddingSize": 4096,
    "totalSize": 8589934592,
    "extentSize": 8589938688,
    "accessType": "write",
    "accessPattern": "sequential",
    "granularity": "page",
    "nonTemporal": true,
    "noflush": false,
    "set-affinity": true
  },
  "results": {
    "success": true,
    "time": 526.986805,
    "byte_per_sec": 16300094253.783073,
    "MiB_per_sec": 15544.981244834016,
    "IOPS": 248719.69991734426,
    "MIOPS": 0.24871969991734427,
    "addr": 21022791172096
  }
}
