{
  "params": {
    "version": "0.2.0",
    "source": "devdax",
    "path": "/dev/dax0.0",
    "nthreads": 16,
    "nsegments": 1,
    "stripeSize": 137438953472,
    "blockSize": 2048,
    "paddingSize": 4096,
    "totalSize": 137438953472,
    "extentSize": 137439019008,
    "accessType": "write",
    "accessPattern": "sequential",
    "granularity": "page",
    "nonTemporal": true,
    "noflush": false,
    "set-affinity": true
  },
  "results": {
    "success": true,
    "time": 5466.514123999999,
    "byte_per_sec": 25141973541.894394,
    "MiB_per_sec": 23977.25443067016,
    "IOPS": 12276354.268503122,
    "MIOPS": 12.276354268503122,
    "addr": 20423643234304
  }
}
