{
  "params": {
    "version": "0.2.0",
    "source": "devdax",
    "path": "/dev/dax0.0",
    "nthreads": 8,
    "nsegments": 1,
    "stripeSize": 68719476736,
    "blockSize": 512,
    "paddingSize": 4096,
    "totalSize": 68719476736,
    "extentSize": 68719509504,
    "accessType": "write",
    "accessPattern": "sequential",
    "granularity": "page",
    "nonTemporal": true,
    "noflush": false,
    "set-affinity": true
  },
  "results": {
    "success": true,
    "time": 4971.311728,
    "byte_per_sec": 13823208138.196238,
    "MiB_per_sec": 13182.838571735609,
    "IOPS": 26998453.394914526,
    "MIOPS": 26.998453394914527,
    "addr": 20537459867648
  }
}
