{
  "params": {
    "version": "0.2.0",
    "source": "devdax",
    "path": "/dev/dax0.0",
    "nthreads": 32,
    "nsegments": 1,
    "stripeSize": 274877906944,
    "blockSize": 4096,
    "paddingSize": 4096,
    "totalSize": 274877906944,
    "extentSize": 274878038016,
    "accessType": "write",
    "accessPattern": "sequential",
    "granularity": "page",
    "nonTemporal": true,
    "noflush": false,
    "set-affinity": true
  },
  "results": {
    "success": true,
    "time": 10701.258077,
    "byte_per_sec": 25686503863.95125,
    "MiB_per_sec": 24496.559013320206,
    "IOPS": 6271119.107409973,
    "MIOPS": 6.271119107409973,
    "addr": 20215337320448
  }
}
