{
  "params": {
    "version": "0.2.0",
    "source": "devdax",
    "path": "/dev/dax0.0",
    "nthreads": 32,
    "nsegments": 1,
    "stripeSize": 274877906944,
    "blockSize": 512,
    "paddingSize": 4096,
    "totalSize": 274877906944,
    "extentSize": 274878038016,
    "accessType": "write",
    "accessPattern": "sequential",
    "granularity": "page",
    "nonTemporal": true,
    "noflush": false,
    "set-affinity": true
  },
  "results": {
    "success": true,
    "time": 10617.609508,
    "byte_per_sec": 25888869499.00437,
    "MiB_per_sec": 24689.54992199361,
    "IOPS": 50564198.24024291,
    "MIOPS": 50.564198240242916,
    "addr": 20503100129280
  }
}
