{
  "params": {
    "version": "0.2.0",
    "source": "devdax",
    "path": "/dev/dax0.0",
    "nthreads": 2,
    "nsegments": 1,
    "stripeSize": 17179869184,
    "blockSize": 256,
    "paddingSize": 4096,
    "totalSize": 17179869184,
    "extentSize": 17179877376,
    "accessType": "write",
    "accessPattern": "sequential",
    "granularity": "page",
    "nonTemporal": true,
    "noflush": false,
    "set-affinity": true
  },
  "results": {
    "success": true,
    "time": 8284.760517,
    "byte_per_sec": 2073671188.0503473,
    "MiB_per_sec": 1977.6069527152513,
    "IOPS": 8100278.078321669,
    "MIOPS": 8.100278078321669,
    "addr": 21144123998208
  }
}
