{
  "params": {
    "version": "0.2.0",
    "source": "devdax",
    "path": "/dev/dax0.0",
    "nthreads": 48,
    "nsegments": 1,
    "stripeSize": 412316860416,
    "blockSize": 512,
    "paddingSize": 4096,
    "totalSize": 412316860416,
    "extentSize": 412317057024,
    "accessType": "write",
    "accessPattern": "sequential",
    "granularity": "page",
    "nonTemporal": true,
    "noflush": false,
    "set-affinity": true
  },
  "results": {
    "success": true,
    "time": 15763.27602,
    "byte_per_sec": 26156800140.583977,
    "MiB_per_sec": 24945.068493446328,
    "IOPS": 51087500.27457808,
    "MIOPS": 51.087500274578076,
    "addr": 20258286993408
  }
}
