{
  "params": {
    "version": "0.2.0",
    "source": "devdax",
    "path": "/dev/dax0.0",
    "nthreads": 8,
    "nsegments": 1,
    "stripeSize": 68719476736,
    "blockSize": 128,
    "paddingSize": 4096,
    "totalSize": 68719476736,
    "extentSize": 68719509504,
    "accessType": "write",
    "accessPattern": "sequential",
    "granularity": "page",
    "nonTemporal": true,
    "noflush": false,
    "set-affinity": true
  },
  "results": {
    "success": true,
    "time": 16642.341853,
    "byte_per_sec": 4129195118.2707143,
    "MiB_per_sec": 3937.907331724848,
    "IOPS": 32259336.861489955,
    "MIOPS": 32.259336861489956,
    "addr": 20374251110400
  }
}
