{
  "params": {
    "version": "0.2.0",
    "source": "devdax",
    "path": "/dev/dax0.0",
    "nthreads": 1,
    "nsegments": 1,
    "stripeSize": 8589934592,
    "blockSize": 8192,
    "paddingSize": 4096,
    "totalSize": 8589934592,
    "extentSize": 8589938688,
    "accessType": "write",
    "accessPattern": "sequential",
    "granularity": "page",
    "nonTemporal": true,
    "noflush": false,
    "set-affinity": true
  },
  "results": {
    "success": true,
    "time": 705.05096,
    "byte_per_sec": 12183423723.017128,
    "MiB_per_sec": 11619.018290536049,
    "IOPS": 1487234.3411886143,
    "MIOPS": 1.4872343411886142,
    "addr": 20226074738688
  }
}
