{
  "params": {
    "version": "0.2.0",
    "source": "devdax",
    "path": "/dev/dax0.0",
    "nthreads": 32,
    "nsegments": 1,
    "stripeSize": 274877906944,
    "blockSize": 64,
    "paddingSize": 4096,
    "totalSize": 274877906944,
    "extentSize": 274878038016,
    "accessType": "write",
    "accessPattern": "sequential",
    "granularity": "page",
    "nonTemporal": true,
    "noflush": false,
    "set-affinity": true
  },
  "results": {
    "success": true,
    "time": 33144.086578,
    "byte_per_sec": 8293422306.181619,
    "MiB_per_sec": 7909.223848516101,
    "IOPS": 129584723.53408779,
    "MIOPS": 129.5847235340878,
    "addr": 20422569492480
  }
}
