{
  "params": {
    "accessPattern": "random",
    "accessType": "read",
    "blockSize": 131072,
    "granularity": "page",
    "noflush": true,
    "nonTemporal": false,
    "nthreads": 2,
    "path": "/dev/dax0.1",
    "set-affinity": true,
    "source": "devdax",
    "stripeSize": 17179869184,
    "totalSize": 17179869184
  },
  "results": {
    "IOPS": 54907.856835327206,
    "MIOPS": 0.05490785683532721,
    "MiB_per_sec": 6863.482104415901,
    "addr": 139503758999552,
    "byte_per_sec": 7196882611.1200075,
    "success": true,
    "time": 2387.126498
  }
}
