{
  "params": {
    "accessPattern": "random",
    "accessType": "read",
    "blockSize": 262144,
    "granularity": "page",
    "noflush": false,
    "nonTemporal": true,
    "nthreads": 1,
    "path": "/dev/dax0.1",
    "set-affinity": true,
    "source": "devdax",
    "stripeSize": 8589934592,
    "totalSize": 8589934592
  },
  "results": {
    "IOPS": 10739.692897085395,
    "MIOPS": 0.010739692897085396,
    "MiB_per_sec": 2684.9232242713488,
    "addr": 140149077835776,
    "byte_per_sec": 2815346054.813554,
    "success": true,
    "time": 3051.111453
  }
}
