{
  "params": {
    "accessPattern": "random",
    "accessType": "read",
    "blockSize": 32768,
    "granularity": "page",
    "noflush": false,
    "nonTemporal": true,
    "nthreads": 8,
    "path": "/dev/dax0.1",
    "set-affinity": true,
    "source": "devdax",
    "stripeSize": 68719476736,
    "totalSize": 68719476736
  },
  "results": {
    "IOPS": 500426.5887117889,
    "MIOPS": 0.5004265887117889,
    "MiB_per_sec": 15638.330897243402,
    "addr": 140095390744576,
    "byte_per_sec": 16397978458.907898,
    "success": true,
    "time": 4190.728564999999
  }
}
