{
  "params": {
    "accessPattern": "random",
    "accessType": "read",
    "blockSize": 524288,
    "granularity": "page",
    "noflush": false,
    "nonTemporal": true,
    "nthreads": 16,
    "path": "/dev/dax0.1",
    "set-affinity": true,
    "source": "devdax",
    "stripeSize": 137438953472,
    "totalSize": 137438953472
  },
  "results": {
    "IOPS": 47457.154634090046,
    "MIOPS": 0.047457154634090046,
    "MiB_per_sec": 23728.577317045023,
    "addr": 139982647853056,
    "byte_per_sec": 24881216688.797802,
    "success": true,
    "time": 5523.803566
  }
}
