{
  "params": {
    "accessPattern": "random",
    "accessType": "read",
    "blockSize": 262144,
    "granularity": "page",
    "noflush": true,
    "nonTemporal": false,
    "nthreads": 8,
    "path": "/dev/dax0.1",
    "set-affinity": true,
    "source": "devdax",
    "stripeSize": 68719476736,
    "totalSize": 68719476736
  },
  "results": {
    "IOPS": 96668.79435687063,
    "MIOPS": 0.09666879435687062,
    "MiB_per_sec": 24167.198589217656,
    "addr": 140194174992384,
    "byte_per_sec": 25341144427.887493,
    "success": true,
    "time": 2711.7747950000003
  }
}
