{
  "params": {
    "accessPattern": "random",
    "accessType": "read",
    "blockSize": 1024,
    "granularity": "page",
    "noflush": false,
    "nonTemporal": true,
    "nthreads": 2,
    "path": "/dev/dax0.1",
    "set-affinity": true,
    "source": "devdax",
    "stripeSize": 17179869184,
    "totalSize": 17179869184
  },
  "results": {
    "IOPS": 2869532.232358134,
    "MIOPS": 2.869532232358134,
    "MiB_per_sec": 2802.27757066224,
    "addr": 139290084376576,
    "byte_per_sec": 2938401005.934729,
    "success": true,
    "time": 5846.672782
  }
}
