{
  "params": {
    "accessPattern": "random",
    "accessType": "read",
    "blockSize": 64,
    "granularity": "page",
    "noflush": false,
    "nonTemporal": true,
    "nthreads": 8,
    "path": "/dev/dax0.1",
    "set-affinity": true,
    "source": "devdax",
    "stripeSize": 68719476736,
    "totalSize": 68719476736
  },
  "results": {
    "IOPS": 29913599.47249936,
    "MIOPS": 29.91359947249936,
    "MiB_per_sec": 1825.781217803916,
    "addr": 140189880025088,
    "byte_per_sec": 1914470366.239959,
    "success": true,
    "time": 35894.771707
  }
}
