{
  "params": {
    "accessPattern": "random",
    "accessType": "read",
    "blockSize": 1048576,
    "granularity": "page",
    "noflush": true,
    "nonTemporal": false,
    "nthreads": 8,
    "path": "/dev/dax0.1",
    "set-affinity": true,
    "source": "devdax",
    "stripeSize": 68719476736,
    "totalSize": 68719476736
  },
  "results": {
    "IOPS": 22734.364869848123,
    "MIOPS": 0.022734364869848124,
    "MiB_per_sec": 22734.364869848123,
    "addr": 139855946317824,
    "byte_per_sec": 23838709377.765865,
    "success": true,
    "time": 2882.6844459999998
  }
}
