{
  "params": {
    "accessPattern": "random",
    "accessType": "read",
    "blockSize": 1024,
    "granularity": "page",
    "noflush": true,
    "nonTemporal": false,
    "nthreads": 2,
    "path": "/dev/dax0.1",
    "set-affinity": true,
    "source": "devdax",
    "stripeSize": 17179869184,
    "totalSize": 17179869184
  },
  "results": {
    "IOPS": 3396569.06612264,
    "MIOPS": 3.3965690661226398,
    "MiB_per_sec": 3316.9619786353906,
    "addr": 140142635384832,
    "byte_per_sec": 3478086723.7095833,
    "success": true,
    "time": 4939.459694
  }
}
