{
  "params": {
    "accessPattern": "random",
    "accessType": "read",
    "blockSize": 2048,
    "granularity": "page",
    "noflush": true,
    "nonTemporal": false,
    "nthreads": 4,
    "path": "/dev/dax0.1",
    "set-affinity": true,
    "source": "devdax",
    "stripeSize": 34359738368,
    "totalSize": 34359738368
  },
  "results": {
    "IOPS": 4797955.57435347,
    "MIOPS": 4.79795557435347,
    "MiB_per_sec": 9371.00698115912,
    "addr": 139841987674112,
    "byte_per_sec": 9826213016.275906,
    "success": true,
    "time": 3496.7426729999997
  }
}
