{
  "params": {
    "accessPattern": "random",
    "accessType": "read",
    "blockSize": 16384,
    "granularity": "page",
    "noflush": true,
    "nonTemporal": false,
    "nthreads": 8,
    "path": "/dev/dax0.1",
    "set-affinity": true,
    "source": "devdax",
    "stripeSize": 68719476736,
    "totalSize": 68719476736
  },
  "results": {
    "IOPS": 1388427.5504580252,
    "MIOPS": 1.3884275504580252,
    "MiB_per_sec": 21694.180475906644,
    "addr": 140040629911552,
    "byte_per_sec": 22747996986.704285,
    "success": true,
    "time": 3020.9023140000004
  }
}
