{
  "params": {
    "accessPattern": "random",
    "accessType": "read",
    "blockSize": 1048576,
    "granularity": "page",
    "noflush": false,
    "nonTemporal": true,
    "nthreads": 2,
    "path": "/dev/dax0.1",
    "set-affinity": true,
    "source": "devdax",
    "stripeSize": 17179869184,
    "totalSize": 17179869184
  },
  "results": {
    "IOPS": 5114.580810739239,
    "MIOPS": 0.005114580810739238,
    "MiB_per_sec": 5114.580810739239,
    "addr": 139468325519360,
    "byte_per_sec": 5363026688.201708,
    "success": true,
    "time": 3203.390582
  }
}
