{
  "params": {
    "accessPattern": "random",
    "accessType": "read",
    "blockSize": 131072,
    "granularity": "page",
    "noflush": false,
    "nonTemporal": true,
    "nthreads": 2,
    "path": "/dev/dax0.1",
    "set-affinity": true,
    "source": "devdax",
    "stripeSize": 17179869184,
    "totalSize": 17179869184
  },
  "results": {
    "IOPS": 39745.046539784154,
    "MIOPS": 0.039745046539784154,
    "MiB_per_sec": 4968.130817473019,
    "addr": 139331960307712,
    "byte_per_sec": 5209462740.062589,
    "success": true,
    "time": 3297.8197640000003
  }
}
