{
  "params": {
    "accessPattern": "random",
    "accessType": "read",
    "blockSize": 131072,
    "granularity": "page",
    "noflush": false,
    "nonTemporal": true,
    "nthreads": 4,
    "path": "/dev/dax0.1",
    "set-affinity": true,
    "source": "devdax",
    "stripeSize": 34359738368,
    "totalSize": 34359738368
  },
  "results": {
    "IOPS": 72044.85982865127,
    "MIOPS": 0.07204485982865128,
    "MiB_per_sec": 9005.607478581409,
    "addr": 139640124211200,
    "byte_per_sec": 9443063867.46098,
    "success": true,
    "time": 3638.621834
  }
}
