{
  "params": {
    "accessPattern": "random",
    "accessType": "read",
    "blockSize": 256,
    "granularity": "page",
    "noflush": true,
    "nonTemporal": false,
    "nthreads": 1,
    "path": "/dev/dax0.1",
    "set-affinity": true,
    "source": "devdax",
    "stripeSize": 8589934592,
    "totalSize": 8589934592
  },
  "results": {
    "IOPS": 3834613.376068187,
    "MIOPS": 3.834613376068187,
    "MiB_per_sec": 936.1849062666472,
    "addr": 139232102318080,
    "byte_per_sec": 981661024.2734559,
    "success": true,
    "time": 8750.408114
  }
}
