{
  "params": {
    "accessPattern": "random",
    "accessType": "read",
    "blockSize": 262144,
    "granularity": "page",
    "noflush": false,
    "nonTemporal": true,
    "nthreads": 8,
    "path": "/dev/dax0.1",
    "set-affinity": true,
    "source": "devdax",
    "stripeSize": 68719476736,
    "totalSize": 68719476736
  },
  "results": {
    "IOPS": 64884.591002638685,
    "MIOPS": 0.06488459100263869,
    "MiB_per_sec": 16221.147750659671,
    "addr": 140297254207488,
    "byte_per_sec": 17009106223.795715,
    "success": true,
    "time": 4040.1580089999998
  }
}
