{
  "params": {
    "accessPattern": "random",
    "accessType": "read",
    "blockSize": 524288,
    "granularity": "page",
    "noflush": false,
    "nonTemporal": true,
    "nthreads": 4,
    "path": "/dev/dax0.1",
    "set-affinity": true,
    "source": "devdax",
    "stripeSize": 34359738368,
    "totalSize": 34359738368
  },
  "results": {
    "IOPS": 18861.0761879862,
    "MIOPS": 0.0188610761879862,
    "MiB_per_sec": 9430.5380939931,
    "addr": 139947214372864,
    "byte_per_sec": 9888635912.446909,
    "success": true,
    "time": 3474.6691730000002
  }
}
