{
  "params": {
    "accessPattern": "random",
    "accessType": "read",
    "blockSize": 64,
    "granularity": "page",
    "noflush": true,
    "nonTemporal": false,
    "nthreads": 4,
    "path": "/dev/dax0.1",
    "set-affinity": true,
    "source": "devdax",
    "stripeSize": 34359738368,
    "totalSize": 34359738368
  },
  "results": {
    "IOPS": 18128607.09644798,
    "MIOPS": 18.12860709644798,
    "MiB_per_sec": 1106.4823667265612,
    "addr": 139796890517504,
    "byte_per_sec": 1160230854.1726706,
    "success": true,
    "time": 29614.570449
  }
}
