{
  "params": {
    "accessPattern": "random",
    "accessType": "read",
    "blockSize": 128,
    "granularity": "page",
    "noflush": true,
    "nonTemporal": false,
    "nthreads": 2,
    "path": "/dev/dax0.1",
    "set-affinity": true,
    "source": "devdax",
    "stripeSize": 17179869184,
    "totalSize": 17179869184
  },
  "results": {
    "IOPS": 8333827.783715148,
    "MIOPS": 8.333827783715149,
    "MiB_per_sec": 1017.3129618792906,
    "addr": 139483357904896,
    "byte_per_sec": 1066729956.315539,
    "success": true,
    "time": 16105.171774999999
  }
}
