{
  "params": {
    "accessPattern": "random",
    "accessType": "read",
    "blockSize": 8192,
    "granularity": "page",
    "noflush": true,
    "nonTemporal": false,
    "nthreads": 2,
    "path": "/dev/dax0.1",
    "set-affinity": true,
    "source": "devdax",
    "stripeSize": 17179869184,
    "totalSize": 17179869184
  },
  "results": {
    "IOPS": 889891.8586486876,
    "MIOPS": 0.8898918586486876,
    "MiB_per_sec": 6952.280145692872,
    "addr": 140085727068160,
    "byte_per_sec": 7289994106.050049,
    "success": true,
    "time": 2356.63691
  }
}
