{
  "params": {
    "accessPattern": "random",
    "accessType": "read",
    "blockSize": 262144,
    "granularity": "page",
    "noflush": false,
    "nonTemporal": true,
    "nthreads": 8,
    "path": "/dev/dax0.1",
    "set-affinity": true,
    "source": "devdax",
    "stripeSize": 68719476736,
    "totalSize": 68719476736
  },
  "results": {
    "IOPS": 64871.61818193862,
    "MIOPS": 0.06487161818193862,
    "MiB_per_sec": 16217.904545484655,
    "addr": 139481210421248,
    "byte_per_sec": 17005705476.686117,
    "success": true,
    "time": 4040.965947
  }
}
