{
  "params": {
    "accessPattern": "random",
    "accessType": "read",
    "blockSize": 1024,
    "granularity": "page",
    "noflush": true,
    "nonTemporal": false,
    "nthreads": 4,
    "path": "/dev/dax0.1",
    "set-affinity": true,
    "source": "devdax",
    "stripeSize": 34359738368,
    "totalSize": 34359738368
  },
  "results": {
    "IOPS": 7283673.981452841,
    "MIOPS": 7.283673981452841,
    "MiB_per_sec": 7112.96287251254,
    "addr": 139884937347072,
    "byte_per_sec": 7458482157.0077095,
    "success": true,
    "time": 4606.800371
  }
}
