{
  "params": {
    "accessPattern": "random",
    "accessType": "read",
    "blockSize": 524288,
    "granularity": "page",
    "noflush": false,
    "nonTemporal": true,
    "nthreads": 4,
    "path": "/dev/dax0.1",
    "set-affinity": true,
    "source": "devdax",
    "stripeSize": 34359738368,
    "totalSize": 34359738368
  },
  "results": {
    "IOPS": 18880.794178291268,
    "MIOPS": 0.018880794178291267,
    "MiB_per_sec": 9440.397089145634,
    "addr": 140040629911552,
    "byte_per_sec": 9898973818.147972,
    "success": true,
    "time": 3471.040433
  }
}
