{
  "params": {
    "accessPattern": "random",
    "accessType": "read",
    "blockSize": 32768,
    "granularity": "page",
    "noflush": false,
    "nonTemporal": true,
    "nthreads": 2,
    "path": "/dev/dax0.1",
    "set-affinity": true,
    "source": "devdax",
    "stripeSize": 17179869184,
    "totalSize": 17179869184
  },
  "results": {
    "IOPS": 161686.08547326585,
    "MIOPS": 0.16168608547326585,
    "MiB_per_sec": 5052.690171039558,
    "addr": 139777563164672,
    "byte_per_sec": 5298129648.787975,
    "success": true,
    "time": 3242.6290639999997
  }
}
