{
  "params": {
    "accessPattern": "random",
    "accessType": "read",
    "blockSize": 64,
    "granularity": "page",
    "noflush": true,
    "nonTemporal": false,
    "nthreads": 2,
    "path": "/dev/dax0.1",
    "set-affinity": true,
    "source": "devdax",
    "stripeSize": 17179869184,
    "totalSize": 17179869184
  },
  "results": {
    "IOPS": 9208662.151418293,
    "MIOPS": 9.208662151418293,
    "MiB_per_sec": 562.0521332652767,
    "addr": 140171626414080,
    "byte_per_sec": 589354377.6907707,
    "success": true,
    "time": 29150.320816
  }
}
