{
  "params": {
    "accessPattern": "sequential",
    "accessType": "read",
    "blockSize": 16384,
    "granularity": "page",
    "noflush": true,
    "nonTemporal": false,
    "nthreads": 4,
    "path": "/dev/dax0.1",
    "set-affinity": true,
    "source": "devdax",
    "stripeSize": 34359738368,
    "totalSize": 34359738368
  },
  "results": {
    "IOPS": 849097.0597151798,
    "MIOPS": 0.8490970597151798,
    "MiB_per_sec": 13267.141558049685,
    "addr": 139400679784448,
    "byte_per_sec": 13911606226.373507,
    "success": true,
    "time": 2469.8613379999997
  }
}
