{
  "params": {
    "accessPattern": "sequential",
    "accessType": "read",
    "blockSize": 262144,
    "granularity": "page",
    "noflush": true,
    "nonTemporal": false,
    "nthreads": 1,
    "path": "/dev/dax0.1",
    "set-affinity": true,
    "source": "devdax",
    "stripeSize": 8589934592,
    "totalSize": 8589934592
  },
  "results": {
    "IOPS": 14371.566753401317,
    "MIOPS": 0.014371566753401318,
    "MiB_per_sec": 3592.8916883503293,
    "addr": 139777563164672,
    "byte_per_sec": 3767419995.003635,
    "success": true,
    "time": 2280.0576
  }
}
