{
  "params": {
    "accessPattern": "sequential",
    "accessType": "read",
    "blockSize": 128,
    "granularity": "page",
    "noflush": true,
    "nonTemporal": false,
    "nthreads": 8,
    "path": "/dev/dax0.1",
    "set-affinity": true,
    "source": "devdax",
    "stripeSize": 68719476736,
    "totalSize": 68719476736
  },
  "results": {
    "IOPS": 166090897.5709578,
    "MIOPS": 166.09089757095782,
    "MiB_per_sec": 20274.76776989231,
    "addr": 139697032527872,
    "byte_per_sec": 21259634889.0826,
    "success": true,
    "time": 3232.3921410000003
  }
}
