{
  "params": {
    "accessPattern": "sequential",
    "accessType": "read",
    "blockSize": 8192,
    "granularity": "page",
    "noflush": false,
    "nonTemporal": true,
    "nthreads": 4,
    "path": "/dev/dax0.1",
    "set-affinity": true,
    "source": "devdax",
    "stripeSize": 34359738368,
    "totalSize": 34359738368
  },
  "results": {
    "IOPS": 1174310.867602062,
    "MIOPS": 1.174310867602062,
    "MiB_per_sec": 9174.303653141109,
    "addr": 139857020059648,
    "byte_per_sec": 9619954627.396091,
    "success": true,
    "time": 3571.715221
  }
}
