{
  "params": {
    "accessPattern": "sequential",
    "accessType": "read",
    "blockSize": 4096,
    "granularity": "page",
    "noflush": true,
    "nonTemporal": false,
    "nthreads": 1,
    "path": "/dev/dax0.1",
    "set-affinity": true,
    "source": "devdax",
    "stripeSize": 8589934592,
    "totalSize": 8589934592
  },
  "results": {
    "IOPS": 952008.5314663782,
    "MIOPS": 0.9520085314663782,
    "MiB_per_sec": 3718.78332604054,
    "addr": 140202764926976,
    "byte_per_sec": 3899426944.8862853,
    "success": true,
    "time": 2202.8710149999997
  }
}
