{
  "params": {
    "accessPattern": "sequential",
    "accessType": "read",
    "blockSize": 262144,
    "granularity": "page",
    "noflush": true,
    "nonTemporal": false,
    "nthreads": 16,
    "path": "/dev/dax0.1",
    "set-affinity": true,
    "source": "devdax",
    "stripeSize": 137438953472,
    "totalSize": 137438953472
  },
  "results": {
    "IOPS": 142198.53642987405,
    "MIOPS": 0.14219853642987404,
    "MiB_per_sec": 35549.63410746851,
    "addr": 139601469505536,
    "byte_per_sec": 37276493133.8729,
    "success": true,
    "time": 3687.0140380000003
  }
}
