{
  "params": {
    "accessPattern": "sequential",
    "accessType": "read",
    "blockSize": 1024,
    "granularity": "page",
    "noflush": true,
    "nonTemporal": false,
    "nthreads": 2,
    "path": "/dev/dax0.1",
    "set-affinity": true,
    "source": "devdax",
    "stripeSize": 17179869184,
    "totalSize": 17179869184
  },
  "results": {
    "IOPS": 6847376.469870205,
    "MIOPS": 6.847376469870205,
    "MiB_per_sec": 6686.891083857622,
    "addr": 139355582627840,
    "byte_per_sec": 7011713505.14709,
    "success": true,
    "time": 2450.16702
  }
}
