{
  "params": {
    "accessPattern": "sequential",
    "accessType": "read",
    "blockSize": 128,
    "granularity": "page",
    "noflush": false,
    "nonTemporal": true,
    "nthreads": 16,
    "path": "/dev/dax0.1",
    "set-affinity": true,
    "source": "devdax",
    "stripeSize": 137438953472,
    "totalSize": 137438953472
  },
  "results": {
    "IOPS": 45091286.32196444,
    "MIOPS": 45.09128632196444,
    "MiB_per_sec": 5504.307412349175,
    "addr": 139460809326592,
    "byte_per_sec": 5771684649.211449,
    "success": true,
    "time": 23812.623493
  }
}
