{
  "params": {
    "accessPattern": "sequential",
    "accessType": "read",
    "blockSize": 1024,
    "granularity": "page",
    "noflush": false,
    "nonTemporal": true,
    "nthreads": 16,
    "path": "/dev/dax0.1",
    "set-affinity": true,
    "source": "devdax",
    "stripeSize": 137438953472,
    "totalSize": 137438953472
  },
  "results": {
    "IOPS": 21783428.41426017,
    "MIOPS": 21.78342841426017,
    "MiB_per_sec": 21272.87931080095,
    "addr": 139712064913408,
    "byte_per_sec": 22306230696.202415,
    "success": true,
    "time": 6161.460237
  }
}
