{
  "params": {
    "accessPattern": "sequential",
    "accessType": "read",
    "blockSize": 32768,
    "granularity": "page",
    "noflush": false,
    "nonTemporal": true,
    "nthreads": 2,
    "path": "/dev/dax0.1",
    "set-affinity": true,
    "source": "devdax",
    "stripeSize": 17179869184,
    "totalSize": 17179869184
  },
  "results": {
    "IOPS": 161788.13032874736,
    "MIOPS": 0.16178813032874736,
    "MiB_per_sec": 5055.879072773355,
    "addr": 140161962737664,
    "byte_per_sec": 5301473454.612393,
    "success": true,
    "time": 3240.583836
  }
}
