{
  "params": {
    "accessPattern": "sequential",
    "accessType": "read",
    "blockSize": 4096,
    "granularity": "page",
    "noflush": false,
    "nonTemporal": true,
    "nthreads": 16,
    "path": "/dev/dax0.1",
    "set-affinity": true,
    "source": "devdax",
    "stripeSize": 137438953472,
    "totalSize": 137438953472
  },
  "results": {
    "IOPS": 5988029.695852719,
    "MIOPS": 5.9880296958527195,
    "MiB_per_sec": 23390.740999424685,
    "addr": 139906412183552,
    "byte_per_sec": 24526969634.212738,
    "success": true,
    "time": 5603.584769
  }
}
