{
  "params": {
    "accessPattern": "sequential",
    "accessType": "read",
    "blockSize": 1048576,
    "granularity": "page",
    "noflush": true,
    "nonTemporal": false,
    "nthreads": 16,
    "path": "/dev/dax0.1",
    "set-affinity": true,
    "source": "devdax",
    "stripeSize": 137438953472,
    "totalSize": 137438953472
  },
  "results": {
    "IOPS": 30656.338212204315,
    "MIOPS": 0.030656338212204315,
    "MiB_per_sec": 30656.338212204315,
    "addr": 139352361402368,
    "byte_per_sec": 32145500497.20035,
    "success": true,
    "time": 4275.526943
  }
}
