{
  "params": {
    "accessPattern": "sequential",
    "accessType": "read",
    "blockSize": 64,
    "granularity": "page",
    "noflush": false,
    "nonTemporal": true,
    "nthreads": 16,
    "path": "/dev/dax0.1",
    "set-affinity": true,
    "source": "devdax",
    "stripeSize": 137438953472,
    "totalSize": 137438953472
  },
  "results": {
    "IOPS": 75842034.1525174,
    "MIOPS": 75.8420341525174,
    "MiB_per_sec": 4629.030404816735,
    "addr": 139468325519360,
    "byte_per_sec": 4853890185.761113,
    "success": true,
    "time": 28315.216911
  }
}
