{
  "params": {
    "accessPattern": "sequential",
    "accessType": "read",
    "blockSize": 128,
    "granularity": "page",
    "noflush": false,
    "nonTemporal": true,
    "nthreads": 16,
    "path": "/dev/dax0.1",
    "set-affinity": true,
    "source": "devdax",
    "stripeSize": 137438953472,
    "totalSize": 137438953472
  },
  "results": {
    "IOPS": 38246110.94169322,
    "MIOPS": 38.24611094169322,
    "MiB_per_sec": 4668.71471456216,
    "addr": 139802259226624,
    "byte_per_sec": 4895502200.536732,
    "success": true,
    "time": 28074.536143999998
  }
}
