{
  "params": {
    "accessPattern": "sequential",
    "accessType": "read",
    "blockSize": 16384,
    "granularity": "page",
    "noflush": true,
    "nonTemporal": false,
    "nthreads": 2,
    "path": "/dev/dax0.1",
    "set-affinity": true,
    "source": "devdax",
    "stripeSize": 17179869184,
    "totalSize": 17179869184
  },
  "results": {
    "IOPS": 448857.6047525977,
    "MIOPS": 0.44885760475259767,
    "MiB_per_sec": 7013.400074259339,
    "addr": 139989090304000,
    "byte_per_sec": 7354082996.266561,
    "success": true,
    "time": 2336.099442
  }
}
