{
  "params": {
    "accessPattern": "sequential",
    "accessType": "read",
    "blockSize": 1048576,
    "granularity": "page",
    "noflush": false,
    "nonTemporal": true,
    "nthreads": 16,
    "path": "/dev/dax0.1",
    "set-affinity": true,
    "source": "devdax",
    "stripeSize": 137438953472,
    "totalSize": 137438953472
  },
  "results": {
    "IOPS": 23850.932135623636,
    "MIOPS": 0.023850932135623636,
    "MiB_per_sec": 23850.932135623636,
    "addr": 139270757023744,
    "byte_per_sec": 25009515015.04369,
    "success": true,
    "time": 5495.466561
  }
}
