{
  "params": {
    "accessPattern": "sequential",
    "accessType": "read",
    "blockSize": 65536,
    "granularity": "page",
    "noflush": false,
    "nonTemporal": true,
    "nthreads": 16,
    "path": "/dev/dax0.1",
    "set-affinity": true,
    "source": "devdax",
    "stripeSize": 137438953472,
    "totalSize": 137438953472
  },
  "results": {
    "IOPS": 378706.5911080896,
    "MIOPS": 0.37870659110808963,
    "MiB_per_sec": 23669.1619442556,
    "addr": 139972984176640,
    "byte_per_sec": 24818915154.85976,
    "success": true,
    "time": 5537.669661
  }
}
