{
  "params": {
    "accessPattern": "sequential",
    "accessType": "read",
    "blockSize": 2048,
    "granularity": "page",
    "noflush": true,
    "nonTemporal": false,
    "nthreads": 1,
    "path": "/dev/dax0.1",
    "set-affinity": true,
    "source": "devdax",
    "stripeSize": 8589934592,
    "totalSize": 8589934592
  },
  "results": {
    "IOPS": 1905472.0975957827,
    "MIOPS": 1.9054720975957826,
    "MiB_per_sec": 3721.625190616763,
    "addr": 140297254207488,
    "byte_per_sec": 3902406855.876163,
    "success": true,
    "time": 2201.188884
  }
}
