{
  "params": {
    "accessPattern": "sequential",
    "accessType": "read",
    "blockSize": 32768,
    "granularity": "page",
    "noflush": true,
    "nonTemporal": false,
    "nthreads": 1,
    "path": "/dev/dax0.1",
    "set-affinity": true,
    "source": "devdax",
    "stripeSize": 8589934592,
    "totalSize": 8589934592
  },
  "results": {
    "IOPS": 114096.1445979842,
    "MIOPS": 0.1140961445979842,
    "MiB_per_sec": 3565.504518687006,
    "addr": 140284369305600,
    "byte_per_sec": 3738702466.186746,
    "success": true,
    "time": 2297.571061
  }
}
