{
  "params": {
    "accessPattern": "random",
    "accessType": "write",
    "blockSize": 32768,
    "granularity": "page",
    "noflush": false,
    "nonTemporal": false,
    "nthreads": 1,
    "path": "/dev/dax0.1",
    "set-affinity": true,
    "source": "devdax",
    "stripeSize": 8589934592,
    "totalSize": 8589934592
  },
  "results": {
    "IOPS": 52176.77793949205,
    "MIOPS": 0.052176777939492054,
    "MiB_per_sec": 1630.5243106091266,
    "addr": 139401753526272,
    "byte_per_sec": 1709728659.5212755,
    "success": true,
    "time": 5024.150788
  }
}
