{
  "params": {
    "accessPattern": "random",
    "accessType": "write",
    "blockSize": 2048,
    "granularity": "page",
    "noflush": false,
    "nonTemporal": true,
    "nthreads": 1,
    "path": "/dev/dax0.1",
    "set-affinity": true,
    "source": "devdax",
    "stripeSize": 8589934592,
    "totalSize": 8589934592
  },
  "results": {
    "IOPS": 2802702.5018567345,
    "MIOPS": 2.8027025018567344,
    "MiB_per_sec": 5474.028323938935,
    "addr": 139933255729152,
    "byte_per_sec": 5739934723.802592,
    "success": true,
    "time": 1496.521303
  }
}
