{
  "params": {
    "accessPattern": "random",
    "accessType": "write",
    "blockSize": 65536,
    "granularity": "page",
    "noflush": false,
    "nonTemporal": false,
    "nthreads": 16,
    "path": "/dev/dax0.1",
    "set-affinity": true,
    "source": "devdax",
    "stripeSize": 137438953472,
    "totalSize": 137438953472
  },
  "results": {
    "IOPS": 131334.53485402183,
    "MIOPS": 0.13133453485402183,
    "MiB_per_sec": 8208.408428376364,
    "addr": 140076063391744,
    "byte_per_sec": 8607140076.193174,
    "success": true,
    "time": 15968.016350999998
  }
}
