{
  "params": {
    "accessPattern": "random",
    "accessType": "write",
    "blockSize": 128,
    "granularity": "page",
    "noflush": false,
    "nonTemporal": false,
    "nthreads": 4,
    "path": "/dev/dax0.1",
    "set-affinity": true,
    "source": "devdax",
    "stripeSize": 34359738368,
    "totalSize": 34359738368
  },
  "results": {
    "IOPS": 13717194.581520414,
    "MIOPS": 13.717194581520413,
    "MiB_per_sec": 1674.4622291895037,
    "addr": 139570330992640,
    "byte_per_sec": 1755800906.434613,
    "success": true,
    "time": 19569.267928999998
  }
}
