{
  "params": {
    "accessPattern": "random",
    "accessType": "write",
    "blockSize": 524288,
    "granularity": "page",
    "noflush": false,
    "nonTemporal": false,
    "nthreads": 8,
    "path": "/dev/dax0.1",
    "set-affinity": true,
    "source": "devdax",
    "stripeSize": 68719476736,
    "totalSize": 68719476736
  },
  "results": {
    "IOPS": 16064.795645173652,
    "MIOPS": 0.01606479564517365,
    "MiB_per_sec": 8032.397822586826,
    "addr": 139265388314624,
    "byte_per_sec": 8422579579.216804,
    "success": true,
    "time": 8158.958438999999
  }
}
