{
  "params": {
    "accessPattern": "random",
    "accessType": "write",
    "blockSize": 262144,
    "granularity": "page",
    "noflush": false,
    "nonTemporal": true,
    "nthreads": 1,
    "path": "/dev/dax0.1",
    "set-affinity": true,
    "source": "devdax",
    "stripeSize": 8589934592,
    "totalSize": 8589934592
  },
  "results": {
    "IOPS": 25382.492366245246,
    "MIOPS": 0.025382492366245245,
    "MiB_per_sec": 6345.623091561311,
    "addr": 140137266675712,
    "byte_per_sec": 6653868078.856994,
    "success": true,
    "time": 1290.9685749999999
  }
}
