{
  "params": {
    "accessPattern": "random",
    "accessType": "write",
    "blockSize": 524288,
    "granularity": "page",
    "noflush": false,
    "nonTemporal": false,
    "nthreads": 1,
    "path": "/dev/dax0.1",
    "set-affinity": true,
    "source": "devdax",
    "stripeSize": 8589934592,
    "totalSize": 8589934592
  },
  "results": {
    "IOPS": 3138.415726362146,
    "MIOPS": 0.003138415726362146,
    "MiB_per_sec": 1569.207863181073,
    "addr": 140243567116288,
    "byte_per_sec": 1645433704.3429568,
    "success": true,
    "time": 5220.46836
  }
}
