{
  "params": {
    "accessPattern": "random",
    "accessType": "write",
    "blockSize": 2048,
    "granularity": "page",
    "noflush": false,
    "nonTemporal": false,
    "nthreads": 2,
    "path": "/dev/dax0.1",
    "set-affinity": true,
    "source": "devdax",
    "stripeSize": 17179869184,
    "totalSize": 17179869184
  },
  "results": {
    "IOPS": 1666940.578130524,
    "MIOPS": 1.666940578130524,
    "MiB_per_sec": 3255.7433166611795,
    "addr": 139451145650176,
    "byte_per_sec": 3413894304.011313,
    "success": true,
    "time": 5032.337751
  }
}
