{
  "params": {
    "accessPattern": "random",
    "accessType": "write",
    "blockSize": 65536,
    "granularity": "page",
    "noflush": false,
    "nonTemporal": true,
    "nthreads": 8,
    "path": "/dev/dax0.1",
    "set-affinity": true,
    "source": "devdax",
    "stripeSize": 68719476736,
    "totalSize": 68719476736
  },
  "results": {
    "IOPS": 178855.34722180953,
    "MIOPS": 0.1788553472218095,
    "MiB_per_sec": 11178.459201363095,
    "addr": 139930034503680,
    "byte_per_sec": 11721464035.52851,
    "success": true,
    "time": 5862.704226
  }
}
