{
  "params": {
    "accessPattern": "random",
    "accessType": "write",
    "blockSize": 131072,
    "granularity": "page",
    "noflush": false,
    "nonTemporal": false,
    "nthreads": 1,
    "path": "/dev/dax0.1",
    "set-affinity": true,
    "source": "devdax",
    "stripeSize": 8589934592,
    "totalSize": 8589934592
  },
  "results": {
    "IOPS": 12627.493103771407,
    "MIOPS": 0.012627493103771406,
    "MiB_per_sec": 1578.4366379714259,
    "addr": 139722802331648,
    "byte_per_sec": 1655110776.0975258,
    "success": true,
    "time": 5189.94542
  }
}
