{
  "params": {
    "accessPattern": "random",
    "accessType": "write",
    "blockSize": 1048576,
    "granularity": "page",
    "noflush": false,
    "nonTemporal": true,
    "nthreads": 4,
    "path": "/dev/dax0.1",
    "set-affinity": true,
    "source": "devdax",
    "stripeSize": 34359738368,
    "totalSize": 34359738368
  },
  "results": {
    "IOPS": 11087.442351153435,
    "MIOPS": 0.011087442351153436,
    "MiB_per_sec": 11087.442351153435,
    "addr": 140052441071616,
    "byte_per_sec": 11626025950.803064,
    "success": true,
    "time": 2955.415592
  }
}
