{
  "params": {
    "accessPattern": "random",
    "accessType": "write",
    "blockSize": 128,
    "granularity": "page",
    "noflush": false,
    "nonTemporal": true,
    "nthreads": 16,
    "path": "/dev/dax0.1",
    "set-affinity": true,
    "source": "devdax",
    "stripeSize": 137438953472,
    "totalSize": 137438953472
  },
  "results": {
    "IOPS": 38787823.65875093,
    "MIOPS": 38.78782365875093,
    "MiB_per_sec": 4734.841755218619,
    "addr": 140103980679168,
    "byte_per_sec": 4964841428.320119,
    "success": true,
    "time": 27682.445744999997
  }
}
