{
  "params": {
    "accessPattern": "random",
    "accessType": "write",
    "blockSize": 65536,
    "granularity": "page",
    "noflush": false,
    "nonTemporal": true,
    "nthreads": 4,
    "path": "/dev/dax0.1",
    "set-affinity": true,
    "source": "devdax",
    "stripeSize": 34359738368,
    "totalSize": 34359738368
  },
  "results": {
    "IOPS": 181107.91848199142,
    "MIOPS": 0.18110791848199143,
    "MiB_per_sec": 11319.244905124464,
    "addr": 140280074338304,
    "byte_per_sec": 11869088545.63579,
    "success": true,
    "time": 2894.8927489999996
  }
}
