{
  "params": {
    "accessPattern": "random",
    "accessType": "write",
    "blockSize": 64,
    "granularity": "page",
    "noflush": false,
    "nonTemporal": true,
    "nthreads": 16,
    "path": "/dev/dax0.1",
    "set-affinity": true,
    "source": "devdax",
    "stripeSize": 137438953472,
    "totalSize": 137438953472
  },
  "results": {
    "IOPS": 39881767.77897902,
    "MIOPS": 39.88176777897902,
    "MiB_per_sec": 2434.1899279162,
    "addr": 139679852658688,
    "byte_per_sec": 2552433137.854657,
    "success": true,
    "time": 53846.250243999995
  }
}
