{
  "params": {
    "accessPattern": "random",
    "accessType": "write",
    "blockSize": 1024,
    "granularity": "page",
    "noflush": false,
    "nonTemporal": true,
    "nthreads": 4,
    "path": "/dev/dax0.1",
    "set-affinity": true,
    "source": "devdax",
    "stripeSize": 34359738368,
    "totalSize": 34359738368
  },
  "results": {
    "IOPS": 9786903.949996255,
    "MIOPS": 9.786903949996255,
    "MiB_per_sec": 9557.523388668218,
    "addr": 139983721594880,
    "byte_per_sec": 10021789644.796165,
    "success": true,
    "time": 3428.5032499999998
  }
}
