{
  "params": {
    "accessPattern": "random",
    "accessType": "write",
    "blockSize": 65536,
    "granularity": "page",
    "noflush": false,
    "nonTemporal": false,
    "nthreads": 4,
    "path": "/dev/dax0.1",
    "set-affinity": true,
    "source": "devdax",
    "stripeSize": 34359738368,
    "totalSize": 34359738368
  },
  "results": {
    "IOPS": 87715.97734509828,
    "MIOPS": 0.08771597734509827,
    "MiB_per_sec": 5482.248584068642,
    "addr": 139708843687936,
    "byte_per_sec": 5748554291.288361,
    "success": true,
    "time": 5977.109482999999
  }
}
