{
  "params": {
    "accessPattern": "random",
    "accessType": "write",
    "blockSize": 262144,
    "granularity": "page",
    "noflush": false,
    "nonTemporal": false,
    "nthreads": 1,
    "path": "/dev/dax0.1",
    "set-affinity": true,
    "source": "devdax",
    "stripeSize": 8589934592,
    "totalSize": 8589934592
  },
  "results": {
    "IOPS": 6251.228386742943,
    "MIOPS": 0.006251228386742943,
    "MiB_per_sec": 1562.8070966857358,
    "addr": 139258945863680,
    "byte_per_sec": 1638722014.214342,
    "success": true,
    "time": 5241.849757
  }
}
