{
  "params": {
    "accessPattern": "random",
    "accessType": "write",
    "blockSize": 16384,
    "granularity": "page",
    "noflush": false,
    "nonTemporal": false,
    "nthreads": 16,
    "path": "/dev/dax0.1",
    "set-affinity": true,
    "source": "devdax",
    "stripeSize": 137438953472,
    "totalSize": 137438953472
  },
  "results": {
    "IOPS": 486473.7703816899,
    "MIOPS": 0.4864737703816899,
    "MiB_per_sec": 7601.1526622139045,
    "addr": 140252157050880,
    "byte_per_sec": 7970386253.933607,
    "success": true,
    "time": 17243.700505
  }
}
