{
  "params": {
    "accessPattern": "random",
    "accessType": "write",
    "blockSize": 262144,
    "granularity": "page",
    "noflush": false,
    "nonTemporal": false,
    "nthreads": 8,
    "path": "/dev/dax0.1",
    "set-affinity": true,
    "source": "devdax",
    "stripeSize": 68719476736,
    "totalSize": 68719476736
  },
  "results": {
    "IOPS": 32577.800578935246,
    "MIOPS": 0.032577800578935244,
    "MiB_per_sec": 8144.450144733812,
    "addr": 139986942820352,
    "byte_per_sec": 8540074954.964401,
    "success": true,
    "time": 8046.70651
  }
}
