{
  "params": {
    "accessPattern": "random",
    "accessType": "write",
    "blockSize": 256,
    "granularity": "page",
    "noflush": false,
    "nonTemporal": true,
    "nthreads": 8,
    "path": "/dev/dax0.1",
    "set-affinity": true,
    "source": "devdax",
    "stripeSize": 68719476736,
    "totalSize": 68719476736
  },
  "results": {
    "IOPS": 41602689.86977081,
    "MIOPS": 41.60268986977081,
    "MiB_per_sec": 10156.906706487014,
    "addr": 139411417202688,
    "byte_per_sec": 10650288606.661327,
    "success": true,
    "time": 6452.3581730000005
  }
}
