{
  "params": {
    "accessPattern": "random",
    "accessType": "write",
    "blockSize": 1048576,
    "granularity": "page",
    "noflush": false,
    "nonTemporal": true,
    "nthreads": 16,
    "path": "/dev/dax0.1",
    "set-affinity": true,
    "source": "devdax",
    "stripeSize": 137438953472,
    "totalSize": 137438953472
  },
  "results": {
    "IOPS": 8670.001288255748,
    "MIOPS": 0.008670001288255747,
    "MiB_per_sec": 8670.001288255748,
    "addr": 139854872576000,
    "byte_per_sec": 9091155270.834059,
    "success": true,
    "time": 15117.875493
  }
}
