{
  "params": {
    "accessPattern": "random",
    "accessType": "write",
    "blockSize": 256,
    "granularity": "page",
    "noflush": false,
    "nonTemporal": true,
    "nthreads": 4,
    "path": "/dev/dax0.1",
    "set-affinity": true,
    "source": "devdax",
    "stripeSize": 34359738368,
    "totalSize": 34359738368
  },
  "results": {
    "IOPS": 32993351.209988516,
    "MIOPS": 32.99335120998852,
    "MiB_per_sec": 8055.0173852511025,
    "addr": 139364172562432,
    "byte_per_sec": 8446297909.75706,
    "success": true,
    "time": 4068.0234979999996
  }
}
