{
  "params": {
    "accessPattern": "random",
    "accessType": "write",
    "blockSize": 32768,
    "granularity": "page",
    "noflush": false,
    "nonTemporal": true,
    "nthreads": 16,
    "path": "/dev/dax0.1",
    "set-affinity": true,
    "source": "devdax",
    "stripeSize": 137438953472,
    "totalSize": 137438953472
  },
  "results": {
    "IOPS": 248674.0693539834,
    "MIOPS": 0.2486740693539834,
    "MiB_per_sec": 7771.064667311981,
    "addr": 139385647398912,
    "byte_per_sec": 8148551904.591328,
    "success": true,
    "time": 16866.67215
  }
}
