{
  "params": {
    "accessPattern": "random",
    "accessType": "write",
    "blockSize": 256,
    "granularity": "page",
    "noflush": false,
    "nonTemporal": true,
    "nthreads": 1,
    "path": "/dev/dax0.1",
    "set-affinity": true,
    "source": "devdax",
    "stripeSize": 8589934592,
    "totalSize": 8589934592
  },
  "results": {
    "IOPS": 8525429.954752896,
    "MIOPS": 8.525429954752896,
    "MiB_per_sec": 2081.4037975470937,
    "addr": 139803332968448,
    "byte_per_sec": 2182510068.4167414,
    "success": true,
    "time": 3935.805253
  }
}
