{
  "params": {
    "accessPattern": "random",
    "accessType": "write",
    "blockSize": 524288,
    "granularity": "page",
    "noflush": false,
    "nonTemporal": true,
    "nthreads": 4,
    "path": "/dev/dax0.1",
    "set-affinity": true,
    "source": "devdax",
    "stripeSize": 34359738368,
    "totalSize": 34359738368
  },
  "results": {
    "IOPS": 22379.682088741243,
    "MIOPS": 0.02237968208874124,
    "MiB_per_sec": 11189.841044370622,
    "addr": 139648714145792,
    "byte_per_sec": 11733398762.941969,
    "success": true,
    "time": 2928.3704629999997
  }
}
