{
  "params": {
    "accessPattern": "sequential",
    "accessType": "write",
    "blockSize": 65536,
    "granularity": "page",
    "noflush": false,
    "nonTemporal": true,
    "nthreads": 16,
    "path": "/dev/dax0.1",
    "set-affinity": true,
    "source": "devdax",
    "stripeSize": 137438953472,
    "totalSize": 137438953472
  },
  "results": {
    "IOPS": 130001.06434577685,
    "MIOPS": 0.13000106434577685,
    "MiB_per_sec": 8125.066521611053,
    "addr": 139593953312768,
    "byte_per_sec": 8519749752.964831,
    "success": true,
    "time": 16131.806386
  }
}
