{
  "params": {
    "accessPattern": "sequential",
    "accessType": "write",
    "blockSize": 512,
    "granularity": "page",
    "noflush": false,
    "nonTemporal": true,
    "nthreads": 8,
    "path": "/dev/dax0.1",
    "set-affinity": true,
    "source": "devdax",
    "stripeSize": 68719476736,
    "totalSize": 68719476736
  },
  "results": {
    "IOPS": 23478518.484015863,
    "MIOPS": 23.478518484015865,
    "MiB_per_sec": 11464.12035352337,
    "addr": 139891379798016,
    "byte_per_sec": 12021001463.816122,
    "success": true,
    "time": 5716.618281999999
  }
}
