{
  "params": {
    "accessPattern": "sequential",
    "accessType": "write",
    "blockSize": 256,
    "granularity": "page",
    "noflush": false,
    "nonTemporal": true,
    "nthreads": 1,
    "path": "/dev/dax0.1",
    "set-affinity": true,
    "source": "devdax",
    "stripeSize": 8589934592,
    "totalSize": 8589934592
  },
  "results": {
    "IOPS": 8594096.724319043,
    "MIOPS": 8.594096724319042,
    "MiB_per_sec": 2098.1681455857038,
    "addr": 139393163591680,
    "byte_per_sec": 2200088761.425675,
    "success": true,
    "time": 3904.3581980000004
  }
}
