{
  "params": {
    "accessPattern": "sequential",
    "accessType": "write",
    "blockSize": 256,
    "granularity": "page",
    "noflush": false,
    "nonTemporal": false,
    "nthreads": 1,
    "path": "/dev/dax0.1",
    "set-affinity": true,
    "source": "devdax",
    "stripeSize": 8589934592,
    "totalSize": 8589934592
  },
  "results": {
    "IOPS": 6466411.989247515,
    "MIOPS": 6.466411989247515,
    "MiB_per_sec": 1578.7138645623816,
    "addr": 139278273216512,
    "byte_per_sec": 1655401469.2473638,
    "success": true,
    "time": 5189.0340510000005
  }
}
