{
  "params": {
    "accessPattern": "sequential",
    "accessType": "write",
    "blockSize": 65536,
    "granularity": "page",
    "noflush": false,
    "nonTemporal": false,
    "nthreads": 16,
    "path": "/dev/dax0.1",
    "set-affinity": true,
    "source": "devdax",
    "stripeSize": 137438953472,
    "totalSize": 137438953472
  },
  "results": {
    "IOPS": 135453.26469820895,
    "MIOPS": 0.13545326469820895,
    "MiB_per_sec": 8465.82904363806,
    "addr": 140319802785792,
    "byte_per_sec": 8877065155.261822,
    "success": true,
    "time": 15482.476591999999
  }
}
