{
  "params": {
    "accessPattern": "sequential",
    "accessType": "write",
    "blockSize": 262144,
    "granularity": "page",
    "noflush": false,
    "nonTemporal": false,
    "nthreads": 1,
    "path": "/dev/dax0.1",
    "set-affinity": true,
    "source": "devdax",
    "stripeSize": 8589934592,
    "totalSize": 8589934592
  },
  "results": {
    "IOPS": 6282.717444503238,
    "MIOPS": 0.006282717444503238,
    "MiB_per_sec": 1570.6793611258095,
    "addr": 139949361856512,
    "byte_per_sec": 1646976681.7718568,
    "success": true,
    "time": 5215.577541
  }
}
