{
  "params": {
    "accessPattern": "sequential",
    "accessType": "write",
    "blockSize": 128,
    "granularity": "page",
    "noflush": false,
    "nonTemporal": true,
    "nthreads": 2,
    "path": "/dev/dax0.1",
    "set-affinity": true,
    "source": "devdax",
    "stripeSize": 17179869184,
    "totalSize": 17179869184
  },
  "results": {
    "IOPS": 18166815.403003648,
    "MIOPS": 18.166815403003646,
    "MiB_per_sec": 2217.6288333744687,
    "addr": 139826955288576,
    "byte_per_sec": 2325352371.584467,
    "success": true,
    "time": 7388.071328
  }
}
