{
  "params": {
    "accessPattern": "sequential",
    "accessType": "write",
    "blockSize": 256,
    "granularity": "page",
    "noflush": false,
    "nonTemporal": false,
    "nthreads": 16,
    "path": "/dev/dax0.1",
    "set-affinity": true,
    "source": "devdax",
    "stripeSize": 137438953472,
    "totalSize": 137438953472
  },
  "results": {
    "IOPS": 32680839.52876956,
    "MIOPS": 32.68083952876956,
    "MiB_per_sec": 7978.720588078506,
    "addr": 140305844142080,
    "byte_per_sec": 8366294919.365007,
    "success": true,
    "time": 16427.696465
  }
}
