{
  "params": {
    "accessPattern": "sequential",
    "accessType": "write",
    "blockSize": 131072,
    "granularity": "page",
    "noflush": false,
    "nonTemporal": true,
    "nthreads": 1,
    "path": "/dev/dax0.1",
    "set-affinity": true,
    "source": "devdax",
    "stripeSize": 8589934592,
    "totalSize": 8589934592
  },
  "results": {
    "IOPS": 53026.86317941864,
    "MIOPS": 0.05302686317941864,
    "MiB_per_sec": 6628.35789742733,
    "addr": 139252503412736,
    "byte_per_sec": 6950337010.65276,
    "success": true,
    "time": 1235.9018820000001
  }
}
