{
  "params": {
    "accessPattern": "sequential",
    "accessType": "write",
    "blockSize": 64,
    "granularity": "page",
    "noflush": false,
    "nonTemporal": false,
    "nthreads": 1,
    "path": "/dev/dax0.1",
    "set-affinity": true,
    "source": "devdax",
    "stripeSize": 8589934592,
    "totalSize": 8589934592
  },
  "results": {
    "IOPS": 8717673.859740436,
    "MIOPS": 8.717673859740437,
    "MiB_per_sec": 532.0845861657981,
    "addr": 139671262724096,
    "byte_per_sec": 557931127.0233879,
    "success": true,
    "time": 15396.048322
  }
}
