{
  "params": {
    "accessPattern": "sequential",
    "accessType": "write",
    "blockSize": 1048576,
    "granularity": "page",
    "noflush": false,
    "nonTemporal": false,
    "nthreads": 1,
    "path": "/dev/dax0.1",
    "set-affinity": true,
    "source": "devdax",
    "stripeSize": 8589934592,
    "totalSize": 8589934592
  },
  "results": {
    "IOPS": 1578.6140389469435,
    "MIOPS": 0.0015786140389469436,
    "MiB_per_sec": 1578.6140389469435,
    "addr": 139496242806784,
    "byte_per_sec": 1655296794.5028303,
    "success": true,
    "time": 5189.362186
  }
}
