{
  "params": {
    "accessPattern": "sequential",
    "accessType": "write",
    "blockSize": 1024,
    "granularity": "page",
    "noflush": false,
    "nonTemporal": true,
    "nthreads": 16,
    "path": "/dev/dax0.1",
    "set-affinity": true,
    "source": "devdax",
    "stripeSize": 137438953472,
    "totalSize": 137438953472
  },
  "results": {
    "IOPS": 10202871.506010903,
    "MIOPS": 10.202871506010903,
    "MiB_per_sec": 9963.741705088773,
    "addr": 139416785911808,
    "byte_per_sec": 10447740422.155165,
    "success": true,
    "time": 13154.897415000001
  }
}
