{
  "params": {
    "accessPattern": "sequential",
    "accessType": "write",
    "blockSize": 262144,
    "granularity": "page",
    "noflush": false,
    "nonTemporal": false,
    "nthreads": 8,
    "path": "/dev/dax0.1",
    "set-affinity": true,
    "source": "devdax",
    "stripeSize": 68719476736,
    "totalSize": 68719476736
  },
  "results": {
    "IOPS": 32852.261698331546,
    "MIOPS": 0.032852261698331546,
    "MiB_per_sec": 8213.065424582886,
    "addr": 139782931873792,
    "byte_per_sec": 8612023290.647425,
    "success": true,
    "time": 7979.48106
  }
}
