{
  "params": {
    "accessPattern": "sequential",
    "accessType": "write",
    "blockSize": 512,
    "granularity": "page",
    "noflush": false,
    "nonTemporal": false,
    "nthreads": 1,
    "path": "/dev/dax0.1",
    "set-affinity": true,
    "source": "devdax",
    "stripeSize": 8589934592,
    "totalSize": 8589934592
  },
  "results": {
    "IOPS": 4514517.015925127,
    "MIOPS": 4.514517015925127,
    "MiB_per_sec": 2204.354011682191,
    "addr": 139983721594880,
    "byte_per_sec": 2311432712.153665,
    "success": true,
    "time": 3716.281485
  }
}
