{
  "params": {
    "accessPattern": "sequential",
    "accessType": "write",
    "blockSize": 16384,
    "granularity": "page",
    "noflush": false,
    "nonTemporal": true,
    "nthreads": 2,
    "path": "/dev/dax0.1",
    "set-affinity": true,
    "source": "devdax",
    "stripeSize": 17179869184,
    "totalSize": 17179869184
  },
  "results": {
    "IOPS": 719148.9047298385,
    "MIOPS": 0.7191489047298385,
    "MiB_per_sec": 11236.701636403726,
    "addr": 139583215894528,
    "byte_per_sec": 11782535655.093674,
    "success": true,
    "time": 1458.079117
  }
}
