{
  "params": {
    "accessPattern": "sequential",
    "accessType": "write",
    "blockSize": 64,
    "granularity": "page",
    "noflush": false,
    "nonTemporal": false,
    "nthreads": 4,
    "path": "/dev/dax0.1",
    "set-affinity": true,
    "source": "devdax",
    "stripeSize": 34359738368,
    "totalSize": 34359738368
  },
  "results": {
    "IOPS": 34227521.81046336,
    "MIOPS": 34.22752181046336,
    "MiB_per_sec": 2089.082141751914,
    "addr": 139498390290432,
    "byte_per_sec": 2190561395.869655,
    "success": true,
    "time": 15685.357385
  }
}
