{
  "params": {
    "accessPattern": "sequential",
    "accessType": "write",
    "blockSize": 4096,
    "granularity": "page",
    "noflush": false,
    "nonTemporal": true,
    "nthreads": 1,
    "path": "/dev/dax0.1",
    "set-affinity": true,
    "source": "devdax",
    "stripeSize": 8589934592,
    "totalSize": 8589934592
  },
  "results": {
    "IOPS": 1535007.608961379,
    "MIOPS": 1.5350076089613789,
    "MiB_per_sec": 5996.123472505386,
    "addr": 139859167543296,
    "byte_per_sec": 6287391166.305808,
    "success": true,
    "time": 1366.2160290000002
  }
}
