{
  "params": {
    "accessPattern": "sequential",
    "accessType": "write",
    "blockSize": 128,
    "granularity": "page",
    "noflush": false,
    "nonTemporal": false,
    "nthreads": 4,
    "path": "/dev/dax0.1",
    "set-affinity": true,
    "source": "devdax",
    "stripeSize": 34359738368,
    "totalSize": 34359738368
  },
  "results": {
    "IOPS": 30979013.516646717,
    "MIOPS": 30.979013516646717,
    "MiB_per_sec": 3781.6178609187887,
    "addr": 139331960307712,
    "byte_per_sec": 3965313730.1307797,
    "success": true,
    "time": 8665.074369
  }
}
