{
  "params": {
    "accessPattern": "sequential",
    "accessType": "write",
    "blockSize": 4096,
    "granularity": "page",
    "noflush": false,
    "nonTemporal": false,
    "nthreads": 16,
    "path": "/dev/dax0.1",
    "set-affinity": true,
    "source": "devdax",
    "stripeSize": 137438953472,
    "totalSize": 137438953472
  },
  "results": {
    "IOPS": 2086583.3512575359,
    "MIOPS": 2.086583351257536,
    "MiB_per_sec": 8150.7162158497495,
    "addr": 139455440617472,
    "byte_per_sec": 8546645406.750867,
    "success": true,
    "time": 16081.040798
  }
}
