{
  "params": {
    "accessPattern": "sequential",
    "accessType": "write",
    "blockSize": 524288,
    "granularity": "page",
    "noflush": false,
    "nonTemporal": true,
    "nthreads": 8,
    "path": "/dev/dax0.1",
    "set-affinity": true,
    "source": "devdax",
    "stripeSize": 68719476736,
    "totalSize": 68719476736
  },
  "results": {
    "IOPS": 22417.217730705783,
    "MIOPS": 0.022417217730705784,
    "MiB_per_sec": 11208.608865352891,
    "addr": 140274705629184,
    "byte_per_sec": 11753078249.596273,
    "success": true,
    "time": 5846.934333
  }
}
