{
  "params": {
    "accessPattern": "sequential",
    "accessType": "write",
    "blockSize": 1048576,
    "granularity": "page",
    "noflush": false,
    "nonTemporal": true,
    "nthreads": 1,
    "path": "/dev/dax0.1",
    "set-affinity": true,
    "source": "devdax",
    "stripeSize": 8589934592,
    "totalSize": 8589934592
  },
  "results": {
    "IOPS": 6115.794445281916,
    "MIOPS": 0.006115794445281915,
    "MiB_per_sec": 6115.794445281916,
    "addr": 139748572135424,
    "byte_per_sec": 6412875276.25593,
    "success": true,
    "time": 1339.48256
  }
}
