{
  "params": {
    "accessPattern": "sequential",
    "accessType": "write",
    "blockSize": 524288,
    "granularity": "page",
    "noflush": false,
    "nonTemporal": false,
    "nthreads": 16,
    "path": "/dev/dax0.1",
    "set-affinity": true,
    "source": "devdax",
    "stripeSize": 137438953472,
    "totalSize": 137438953472
  },
  "results": {
    "IOPS": 17091.448812340226,
    "MIOPS": 0.017091448812340225,
    "MiB_per_sec": 8545.724406170113,
    "addr": 139778636906496,
    "byte_per_sec": 8960841514.924232,
    "success": true,
    "time": 15337.728409000001
  }
}
