{
  "params": {
    "accessPattern": "sequential",
    "accessType": "write",
    "blockSize": 1048576,
    "granularity": "page",
    "noflush": false,
    "nonTemporal": false,
    "nthreads": 16,
    "path": "/dev/dax0.1",
    "set-affinity": true,
    "source": "devdax",
    "stripeSize": 137438953472,
    "totalSize": 137438953472
  },
  "results": {
    "IOPS": 8539.88728929288,
    "MIOPS": 0.008539887289292879,
    "MiB_per_sec": 8539.88728929288,
    "addr": 139980500369408,
    "byte_per_sec": 8954720854.25757,
    "success": true,
    "time": 15348.211933
  }
}
