{
  "params": {
    "accessPattern": "sequential",
    "accessType": "write",
    "blockSize": 262144,
    "granularity": "page",
    "noflush": false,
    "nonTemporal": true,
    "nthreads": 16,
    "path": "/dev/dax0.1",
    "set-affinity": true,
    "source": "devdax",
    "stripeSize": 137438953472,
    "totalSize": 137438953472
  },
  "results": {
    "IOPS": 32579.08760509964,
    "MIOPS": 0.032579087605099644,
    "MiB_per_sec": 8144.77190127491,
    "addr": 139532750028800,
    "byte_per_sec": 8540412341.15124,
    "success": true,
    "time": 16092.777255
  }
}
