{
  "params": {
    "accessPattern": "sequential",
    "accessType": "write",
    "blockSize": 262144,
    "granularity": "page",
    "noflush": false,
    "nonTemporal": false,
    "nthreads": 2,
    "path": "/dev/dax0.1",
    "set-affinity": true,
    "source": "devdax",
    "stripeSize": 17179869184,
    "totalSize": 17179869184
  },
  "results": {
    "IOPS": 12384.521800993723,
    "MIOPS": 0.012384521800993724,
    "MiB_per_sec": 3096.130450248431,
    "addr": 139462956810240,
    "byte_per_sec": 3246528082.9996986,
    "success": true,
    "time": 5291.766694999999
  }
}
