{
  "params": {
    "accessPattern": "sequential",
    "accessType": "write",
    "blockSize": 131072,
    "granularity": "page",
    "noflush": false,
    "nonTemporal": false,
    "nthreads": 1,
    "path": "/dev/dax0.1",
    "set-affinity": true,
    "source": "devdax",
    "stripeSize": 8589934592,
    "totalSize": 8589934592
  },
  "results": {
    "IOPS": 12646.134115721803,
    "MIOPS": 0.012646134115721804,
    "MiB_per_sec": 1580.7667644652254,
    "addr": 139511275192320,
    "byte_per_sec": 1657554090.8158882,
    "success": true,
    "time": 5182.29519
  }
}
