{
  "params": {
    "accessPattern": "sequential",
    "accessType": "write",
    "blockSize": 1048576,
    "granularity": "page",
    "noflush": false,
    "nonTemporal": true,
    "nthreads": 16,
    "path": "/dev/dax0.1",
    "set-affinity": true,
    "source": "devdax",
    "stripeSize": 137438953472,
    "totalSize": 137438953472
  },
  "results": {
    "IOPS": 8613.840522190203,
    "MIOPS": 0.008613840522190204,
    "MiB_per_sec": 8613.840522190203,
    "addr": 139718507364352,
    "byte_per_sec": 9032266439.396114,
    "success": true,
    "time": 15216.441454
  }
}
