{
  "params": {
    "accessPattern": "sequential",
    "accessType": "write",
    "blockSize": 32768,
    "granularity": "page",
    "noflush": false,
    "nonTemporal": true,
    "nthreads": 16,
    "path": "/dev/dax0.1",
    "set-affinity": true,
    "source": "devdax",
    "stripeSize": 137438953472,
    "totalSize": 137438953472
  },
  "results": {
    "IOPS": 260184.43100749076,
    "MIOPS": 0.2601844310074908,
    "MiB_per_sec": 8130.763468984086,
    "addr": 140251083309056,
    "byte_per_sec": 8525723435.253457,
    "success": true,
    "time": 16120.503381999999
  }
}
