{
  "params": {
    "accessPattern": "sequential",
    "accessType": "write",
    "blockSize": 131072,
    "granularity": "page",
    "noflush": false,
    "nonTemporal": false,
    "nthreads": 2,
    "path": "/dev/dax0.1",
    "set-affinity": true,
    "source": "devdax",
    "stripeSize": 17179869184,
    "totalSize": 17179869184
  },
  "results": {
    "IOPS": 24948.989711769053,
    "MIOPS": 0.02494898971176905,
    "MiB_per_sec": 3118.6237139711316,
    "addr": 139709917429760,
    "byte_per_sec": 3270113979.5009933,
    "success": true,
    "time": 5253.599505
  }
}
