{
  "params": {
    "accessPattern": "sequential",
    "accessType": "write",
    "blockSize": 1024,
    "granularity": "page",
    "noflush": false,
    "nonTemporal": false,
    "nthreads": 4,
    "path": "/dev/dax0.1",
    "set-affinity": true,
    "source": "devdax",
    "stripeSize": 34359738368,
    "totalSize": 34359738368
  },
  "results": {
    "IOPS": 6531639.314642046,
    "MIOPS": 6.531639314642046,
    "MiB_per_sec": 6378.554018205123,
    "addr": 139867757477888,
    "byte_per_sec": 6688398658.193455,
    "success": true,
    "time": 5137.21447
  }
}
