{
  "params": {
    "accessPattern": "random",
    "accessType": "read",
    "blockSize": 256,
    "granularity": "page",
    "nonTemporal": true,
    "nthreads": 8,
    "path": "/dev/dax0.0",
    "set-affinity": true,
    "source": "devdax",
    "stripeSize": 68719476736,
    "totalSize": 68719476736
  },
  "results": {
    "IOPS": 55332737.77171577,
    "MIOPS": 55.33273777171577,
    "MiB_per_sec": 13508.969182547795,
    "addr": 21912923144192,
    "byte_per_sec": 14165180869.559237,
    "success": true,
    "time": 4851.295396
  }
}
