{
  "params": {
    "accessPattern": "random",
    "accessType": "read",
    "blockSize": 4096,
    "granularity": "page",
    "nonTemporal": true,
    "nthreads": 8,
    "path": "/dev/dax0.0",
    "set-affinity": true,
    "source": "devdax",
    "stripeSize": 68719476736,
    "totalSize": 68719476736
  },
  "results": {
    "IOPS": 5254466.402190669,
    "MIOPS": 5.254466402190669,
    "MiB_per_sec": 20525.259383557302,
    "addr": 22227529498624,
    "byte_per_sec": 21522294383.372982,
    "success": true,
    "time": 3192.943815
  }
}
