{
  "params": {
    "accessPattern": "random",
    "accessType": "read",
    "blockSize": 32768,
    "granularity": "page",
    "nonTemporal": true,
    "nthreads": 1,
    "path": "/dev/dax0.0",
    "set-affinity": true,
    "source": "devdax",
    "stripeSize": 8589934592,
    "totalSize": 8589934592
  },
  "results": {
    "IOPS": 118865.29877358326,
    "MIOPS": 0.11886529877358326,
    "MiB_per_sec": 3714.540586674477,
    "addr": 22005264941056,
    "byte_per_sec": 3894978110.212776,
    "success": true,
    "time": 2205.387129
  }
}
