{
  "params": {
    "accessPattern": "random",
    "accessType": "read",
    "blockSize": 262144,
    "granularity": "page",
    "nonTemporal": true,
    "nthreads": 4,
    "path": "/dev/dax0.0",
    "set-affinity": true,
    "source": "devdax",
    "stripeSize": 34359738368,
    "totalSize": 34359738368
  },
  "results": {
    "IOPS": 54341.18243480166,
    "MIOPS": 0.05434118243480166,
    "MiB_per_sec": 13585.295608700415,
    "addr": 22203907178496,
    "byte_per_sec": 14245214928.188646,
    "success": true,
    "time": 2412.0196530000003
  }
}
