{
  "params": {
    "accessPattern": "random",
    "accessType": "read",
    "blockSize": 262144,
    "granularity": "page",
    "nonTemporal": true,
    "nthreads": 8,
    "path": "/dev/dax0.0",
    "set-affinity": true,
    "source": "devdax",
    "stripeSize": 68719476736,
    "totalSize": 68719476736
  },
  "results": {
    "IOPS": 100313.16673632887,
    "MIOPS": 0.10031316673632887,
    "MiB_per_sec": 25078.291684082218,
    "addr": 22458383990784,
    "byte_per_sec": 26296494780.928196,
    "success": true,
    "time": 2613.256151
  }
}
