{
  "params": {
    "accessPattern": "random",
    "accessType": "read",
    "blockSize": 131072,
    "granularity": "page",
    "nonTemporal": true,
    "nthreads": 2,
    "path": "/dev/dax0.0",
    "set-affinity": true,
    "source": "devdax",
    "stripeSize": 17179869184,
    "totalSize": 17179869184
  },
  "results": {
    "IOPS": 57126.24832671449,
    "MIOPS": 0.05712624832671449,
    "MiB_per_sec": 7140.781040839312,
    "addr": 22575421849600,
    "byte_per_sec": 7487651620.679122,
    "success": true,
    "time": 2294.426885
  }
}
