{
  "params": {
    "accessPattern": "random",
    "accessType": "read",
    "blockSize": 8192,
    "granularity": "page",
    "nonTemporal": true,
    "nthreads": 8,
    "path": "/dev/dax0.0",
    "set-affinity": true,
    "source": "devdax",
    "stripeSize": 68719476736,
    "totalSize": 68719476736
  },
  "results": {
    "IOPS": 2745916.0560651454,
    "MIOPS": 2.745916056065145,
    "MiB_per_sec": 21452.46918800895,
    "addr": 22054657064960,
    "byte_per_sec": 22494544331.28567,
    "success": true,
    "time": 3054.93971
  }
}
