{
  "params": {
    "accessPattern": "random",
    "accessType": "read",
    "blockSize": 4096,
    "granularity": "page",
    "nonTemporal": true,
    "nthreads": 2,
    "path": "/dev/dax0.0",
    "set-affinity": true,
    "source": "devdax",
    "stripeSize": 17179869184,
    "totalSize": 17179869184
  },
  "results": {
    "IOPS": 1583778.769570399,
    "MIOPS": 1.583778769570399,
    "MiB_per_sec": 6186.635818634371,
    "addr": 21896817016832,
    "byte_per_sec": 6487157840.160355,
    "success": true,
    "time": 2648.2890669999997
  }
}
