{
  "params": {
    "accessPattern": "random",
    "accessType": "read",
    "blockSize": 32768,
    "granularity": "page",
    "nonTemporal": true,
    "nthreads": 4,
    "path": "/dev/dax0.0",
    "set-affinity": true,
    "source": "devdax",
    "stripeSize": 34359738368,
    "totalSize": 34359738368
  },
  "results": {
    "IOPS": 426503.35038414743,
    "MIOPS": 0.42650335038414744,
    "MiB_per_sec": 13328.229699504607,
    "addr": 21850646118400,
    "byte_per_sec": 13975661785.387743,
    "success": true,
    "time": 2458.5410620000002
  }
}
