{
  "params": {
    "accessPattern": "random",
    "accessType": "read",
    "blockSize": 2048,
    "granularity": "page",
    "nonTemporal": true,
    "nthreads": 2,
    "path": "/dev/dax0.0",
    "set-affinity": true,
    "source": "devdax",
    "stripeSize": 17179869184,
    "totalSize": 17179869184
  },
  "results": {
    "IOPS": 2352293.560433317,
    "MIOPS": 2.352293560433317,
    "MiB_per_sec": 4594.323360221322,
    "addr": 22651657519104,
    "byte_per_sec": 4817497211.767433,
    "success": true,
    "time": 3566.139933
  }
}
