{
  "params": {
    "accessPattern": "random",
    "accessType": "read",
    "blockSize": 262144,
    "granularity": "page",
    "nonTemporal": true,
    "nthreads": 4,
    "path": "/dev/dax0.0",
    "set-affinity": true,
    "source": "devdax",
    "stripeSize": 34359738368,
    "totalSize": 34359738368
  },
  "results": {
    "IOPS": 54278.16026587552,
    "MIOPS": 0.05427816026587552,
    "MiB_per_sec": 13569.54006646888,
    "addr": 21708912197632,
    "byte_per_sec": 14228694044.737673,
    "success": true,
    "time": 2414.82024
  }
}
