{
  "params": {
    "accessPattern": "random",
    "accessType": "read",
    "blockSize": 16384,
    "granularity": "page",
    "nonTemporal": true,
    "nthreads": 4,
    "path": "/dev/dax0.0",
    "set-affinity": true,
    "source": "devdax",
    "stripeSize": 34359738368,
    "totalSize": 34359738368
  },
  "results": {
    "IOPS": 842697.9702636881,
    "MIOPS": 0.8426979702636881,
    "MiB_per_sec": 13167.155785370127,
    "addr": 21935471722496,
    "byte_per_sec": 13806763544.800266,
    "success": true,
    "time": 2488.6164129999997
  }
}
