{
  "params": {
    "accessPattern": "random",
    "accessType": "read",
    "blockSize": 1048576,
    "granularity": "page",
    "nonTemporal": true,
    "nthreads": 16,
    "path": "/dev/dax0.0",
    "set-affinity": true,
    "source": "devdax",
    "stripeSize": 137438953472,
    "totalSize": 137438953472
  },
  "results": {
    "IOPS": 21911.323091742444,
    "MIOPS": 0.021911323091742443,
    "MiB_per_sec": 21911.323091742444,
    "addr": 21741124452352,
    "byte_per_sec": 22975687522.246925,
    "success": true,
    "time": 5981.929957
  }
}
