{
  "params": {
    "accessPattern": "random",
    "accessType": "read",
    "blockSize": 524288,
    "granularity": "page",
    "nonTemporal": true,
    "nthreads": 2,
    "path": "/dev/dax0.0",
    "set-affinity": true,
    "source": "devdax",
    "stripeSize": 17179869184,
    "totalSize": 17179869184
  },
  "results": {
    "IOPS": 14134.842393401514,
    "MIOPS": 0.014134842393401514,
    "MiB_per_sec": 7067.421196700757,
    "addr": 21835613732864,
    "byte_per_sec": 7410728248.751693,
    "success": true,
    "time": 2318.24304
  }
}
