{
  "params": {
    "accessPattern": "random",
    "accessType": "read",
    "blockSize": 131072,
    "granularity": "page",
    "nonTemporal": true,
    "nthreads": 1,
    "path": "/dev/dax0.0",
    "set-affinity": true,
    "source": "devdax",
    "stripeSize": 8589934592,
    "totalSize": 8589934592
  },
  "results": {
    "IOPS": 29836.539809166727,
    "MIOPS": 0.029836539809166725,
    "MiB_per_sec": 3729.567476145841,
    "addr": 22010633650176,
    "byte_per_sec": 3910734945.867101,
    "success": true,
    "time": 2196.5013510000003
  }
}
