{
  "params": {
    "accessPattern": "random",
    "accessType": "read",
    "blockSize": 1024,
    "granularity": "page",
    "nonTemporal": true,
    "nthreads": 2,
    "path": "/dev/dax0.0",
    "set-affinity": true,
    "source": "devdax",
    "stripeSize": 17179869184,
    "totalSize": 17179869184
  },
  "results": {
    "IOPS": 3920524.6110081994,
    "MIOPS": 3.9205246110081995,
    "MiB_per_sec": 3828.6373154376947,
    "addr": 22287659040768,
    "byte_per_sec": 4014617201.672396,
    "success": true,
    "time": 4279.329341000001
  }
}
