{
  "params": {
    "accessPattern": "random",
    "accessType": "read",
    "blockSize": 8192,
    "granularity": "page",
    "nonTemporal": true,
    "nthreads": 1,
    "path": "/dev/dax0.0",
    "set-affinity": true,
    "source": "devdax",
    "stripeSize": 8589934592,
    "totalSize": 8589934592
  },
  "results": {
    "IOPS": 464933.0588860738,
    "MIOPS": 0.46493305888607384,
    "MiB_per_sec": 3632.2895225474517,
    "addr": 22294101491712,
    "byte_per_sec": 3808731618.3947167,
    "success": true,
    "time": 2255.326826
  }
}
