{
  "params": {
    "accessPattern": "random",
    "accessType": "read",
    "blockSize": 1024,
    "granularity": "page",
    "nonTemporal": true,
    "nthreads": 1,
    "path": "/dev/dax0.0",
    "set-affinity": true,
    "source": "devdax",
    "stripeSize": 8589934592,
    "totalSize": 8589934592
  },
  "results": {
    "IOPS": 2018850.0595878363,
    "MIOPS": 2.0188500595878365,
    "MiB_per_sec": 1971.5332613162464,
    "addr": 21932250497024,
    "byte_per_sec": 2067302461.0179443,
    "success": true,
    "time": 4155.1416659999995
  }
}
