{
  "params": {
    "accessPattern": "sequential",
    "accessType": "read",
    "blockSize": 128,
    "granularity": "page",
    "nonTemporal": true,
    "nthreads": 16,
    "path": "/dev/dax0.0",
    "set-affinity": true,
    "source": "devdax",
    "stripeSize": 137438953472,
    "totalSize": 137438953472
  },
  "results": {
    "IOPS": 284788210.7906699,
    "MIOPS": 284.7882107906699,
    "MiB_per_sec": 34764.18588753295,
    "addr": 21677773684736,
    "byte_per_sec": 36452890981.20575,
    "success": true,
    "time": 3770.3169700000003
  }
}
