{
  "params": {
    "accessPattern": "sequential",
    "accessType": "read",
    "blockSize": 128,
    "granularity": "page",
    "nonTemporal": true,
    "nthreads": 1,
    "path": "/dev/dax0.0",
    "set-affinity": true,
    "source": "devdax",
    "stripeSize": 8589934592,
    "totalSize": 8589934592
  },
  "results": {
    "IOPS": 30393095.618147027,
    "MIOPS": 30.393095618147026,
    "MiB_per_sec": 3710.094679949588,
    "addr": 22286585298944,
    "byte_per_sec": 3890316239.1228194,
    "success": true,
    "time": 2208.029904
  }
}
