{
  "params": {
    "accessPattern": "sequential",
    "accessType": "read",
    "blockSize": 512,
    "granularity": "page",
    "nonTemporal": true,
    "nthreads": 1,
    "path": "/dev/dax0.0",
    "set-affinity": true,
    "source": "devdax",
    "stripeSize": 8589934592,
    "totalSize": 8589934592
  },
  "results": {
    "IOPS": 7429094.092161141,
    "MIOPS": 7.429094092161141,
    "MiB_per_sec": 3627.4873496880573,
    "addr": 21757230579712,
    "byte_per_sec": 3803696175.1865044,
    "success": true,
    "time": 2258.312493
  }
}
