{
  "params": {
    "accessPattern": "sequential",
    "accessType": "read",
    "blockSize": 128,
    "granularity": "page",
    "nonTemporal": true,
    "nthreads": 1,
    "path": "/dev/dax0.0",
    "set-affinity": true,
    "source": "devdax",
    "stripeSize": 8589934592,
    "totalSize": 8589934592
  },
  "results": {
    "IOPS": 30452222.026715435,
    "MIOPS": 30.452222026715436,
    "MiB_per_sec": 3717.3122591205365,
    "addr": 22196390985728,
    "byte_per_sec": 3897884419.4195757,
    "success": true,
    "time": 2203.742766
  }
}
