{
  "params": {
    "accessPattern": "sequential",
    "accessType": "read",
    "blockSize": 8192,
    "granularity": "page",
    "nonTemporal": true,
    "nthreads": 4,
    "path": "/dev/dax0.0",
    "set-affinity": true,
    "source": "devdax",
    "stripeSize": 34359738368,
    "totalSize": 34359738368
  },
  "results": {
    "IOPS": 1639037.695786506,
    "MIOPS": 1.639037695786506,
    "MiB_per_sec": 12804.981998332078,
    "addr": 22380000837632,
    "byte_per_sec": 13426996803.883057,
    "success": true,
    "time": 2559.0039880000004
  }
}
