{
  "params": {
    "accessPattern": "sequential",
    "accessType": "read",
    "blockSize": 32768,
    "granularity": "page",
    "nonTemporal": true,
    "nthreads": 8,
    "path": "/dev/dax0.0",
    "set-affinity": true,
    "source": "devdax",
    "stripeSize": 68719476736,
    "totalSize": 68719476736
  },
  "results": {
    "IOPS": 797113.1407207673,
    "MIOPS": 0.7971131407207673,
    "MiB_per_sec": 24909.78564752398,
    "addr": 21843129925632,
    "byte_per_sec": 26119803395.138103,
    "success": true,
    "time": 2630.93392
  }
}
