{
  "params": {
    "accessPattern": "sequential",
    "accessType": "read",
    "blockSize": 524288,
    "granularity": "page",
    "nonTemporal": true,
    "nthreads": 8,
    "path": "/dev/dax0.0",
    "set-affinity": true,
    "source": "devdax",
    "stripeSize": 68719476736,
    "totalSize": 68719476736
  },
  "results": {
    "IOPS": 50320.4806728164,
    "MIOPS": 0.050320480672816394,
    "MiB_per_sec": 25160.2403364082,
    "addr": 22411139350528,
    "byte_per_sec": 26382424170.989563,
    "success": true,
    "time": 2604.7445940000002
  }
}
