{
  "params": {
    "accessPattern": "sequential",
    "accessType": "read",
    "blockSize": 1024,
    "granularity": "page",
    "nonTemporal": true,
    "nthreads": 16,
    "path": "/dev/dax0.0",
    "set-affinity": true,
    "source": "devdax",
    "stripeSize": 137438953472,
    "totalSize": 137438953472
  },
  "results": {
    "IOPS": 34574381.37625146,
    "MIOPS": 34.57438137625146,
    "MiB_per_sec": 33764.044312745566,
    "addr": 21982716362752,
    "byte_per_sec": 35404166529.281494,
    "success": true,
    "time": 3881.999407
  }
}
