{
  "params": {
    "accessPattern": "sequential",
    "accessType": "read",
    "blockSize": 16384,
    "granularity": "page",
    "nonTemporal": true,
    "nthreads": 16,
    "path": "/dev/dax0.0",
    "set-affinity": true,
    "source": "devdax",
    "stripeSize": 137438953472,
    "totalSize": 137438953472
  },
  "results": {
    "IOPS": 2322678.4168081144,
    "MIOPS": 2.3226784168081145,
    "MiB_per_sec": 36291.85026262679,
    "addr": 22424024252416,
    "byte_per_sec": 38054763180.984146,
    "success": true,
    "time": 3611.609743
  }
}
