{
  "params": {
    "accessPattern": "sequential",
    "accessType": "read",
    "blockSize": 256,
    "granularity": "page",
    "nonTemporal": true,
    "nthreads": 16,
    "path": "/dev/dax0.0",
    "set-affinity": true,
    "source": "devdax",
    "stripeSize": 137438953472,
    "totalSize": 137438953472
  },
  "results": {
    "IOPS": 146329759.07207105,
    "MIOPS": 146.32975907207106,
    "MiB_per_sec": 35725.038835954845,
    "addr": 22193169760256,
    "byte_per_sec": 37460418322.45019,
    "success": true,
    "time": 3668.911337
  }
}
