{
  "params": {
    "accessPattern": "sequential",
    "accessType": "read",
    "blockSize": 131072,
    "granularity": "page",
    "nonTemporal": true,
    "nthreads": 8,
    "path": "/dev/dax0.0",
    "set-affinity": true,
    "source": "devdax",
    "stripeSize": 68719476736,
    "totalSize": 68719476736
  },
  "results": {
    "IOPS": 201437.42814579193,
    "MIOPS": 0.20143742814579194,
    "MiB_per_sec": 25179.67851822399,
    "addr": 22628035198976,
    "byte_per_sec": 26402806581.92524,
    "success": true,
    "time": 2602.733786
  }
}
