{
  "params": {
    "accessPattern": "sequential",
    "accessType": "read",
    "blockSize": 131072,
    "granularity": "page",
    "nonTemporal": true,
    "nthreads": 4,
    "path": "/dev/dax0.0",
    "set-affinity": true,
    "source": "devdax",
    "stripeSize": 34359738368,
    "totalSize": 34359738368
  },
  "results": {
    "IOPS": 107431.60386000936,
    "MIOPS": 0.10743160386000936,
    "MiB_per_sec": 13428.95048250117,
    "addr": 21641266462720,
    "byte_per_sec": 14081275181.139147,
    "success": true,
    "time": 2440.101335
  }
}
