{
  "params": {
    "accessPattern": "sequential",
    "accessType": "read",
    "blockSize": 64,
    "granularity": "page",
    "nonTemporal": true,
    "nthreads": 2,
    "path": "/dev/dax0.0",
    "set-affinity": true,
    "source": "devdax",
    "stripeSize": 17179869184,
    "totalSize": 17179869184
  },
  "results": {
    "IOPS": 110429475.19577296,
    "MIOPS": 110.42947519577297,
    "MiB_per_sec": 6740.080273179502,
    "addr": 22009559908352,
    "byte_per_sec": 7067486412.5294695,
    "success": true,
    "time": 2430.8315829999997
  }
}
