{
  "params": {
    "accessPattern": "sequential",
    "accessType": "read",
    "blockSize": 262144,
    "granularity": "page",
    "nonTemporal": true,
    "nthreads": 8,
    "path": "/dev/dax0.0",
    "set-affinity": true,
    "source": "devdax",
    "stripeSize": 68719476736,
    "totalSize": 68719476736
  },
  "results": {
    "IOPS": 100945.04834043817,
    "MIOPS": 0.10094504834043817,
    "MiB_per_sec": 25236.26208510954,
    "addr": 22354231033856,
    "byte_per_sec": 26462138752.155823,
    "success": true,
    "time": 2596.8980579999998
  }
}
