{
  "params": {
    "accessPattern": "sequential",
    "accessType": "read",
    "blockSize": 1024,
    "granularity": "page",
    "nonTemporal": true,
    "nthreads": 16,
    "path": "/dev/dax0.0",
    "set-affinity": true,
    "source": "devdax",
    "stripeSize": 137438953472,
    "totalSize": 137438953472
  },
  "results": {
    "IOPS": 34598477.17831546,
    "MIOPS": 34.59847717831546,
    "MiB_per_sec": 33787.57536944869,
    "addr": 22198538469376,
    "byte_per_sec": 35428840630.59503,
    "success": true,
    "time": 3879.295823
  }
}
