{
  "params": {
    "accessPattern": "sequential",
    "accessType": "read",
    "blockSize": 4096,
    "granularity": "page",
    "nonTemporal": true,
    "nthreads": 16,
    "path": "/dev/dax0.0",
    "set-affinity": true,
    "source": "devdax",
    "stripeSize": 137438953472,
    "totalSize": 137438953472
  },
  "results": {
    "IOPS": 9173415.601665527,
    "MIOPS": 9.173415601665527,
    "MiB_per_sec": 35833.65469400596,
    "addr": 22174916149248,
    "byte_per_sec": 37574310304.422,
    "success": true,
    "time": 3657.790452
  }
}
