{
  "params": {
    "accessPattern": "sequential",
    "accessType": "read",
    "blockSize": 8192,
    "granularity": "page",
    "nonTemporal": true,
    "nthreads": 16,
    "path": "/dev/dax0.0",
    "set-affinity": true,
    "source": "devdax",
    "stripeSize": 137438953472,
    "totalSize": 137438953472
  },
  "results": {
    "IOPS": 4599356.867464332,
    "MIOPS": 4.599356867464332,
    "MiB_per_sec": 35932.47552706509,
    "addr": 21742198194176,
    "byte_per_sec": 37677931458.26781,
    "success": true,
    "time": 3647.730864
  }
}
