{
  "params": {
    "accessPattern": "sequential",
    "accessType": "read",
    "blockSize": 4096,
    "granularity": "page",
    "nonTemporal": true,
    "nthreads": 2,
    "path": "/dev/dax0.0",
    "set-affinity": true,
    "source": "devdax",
    "stripeSize": 17179869184,
    "totalSize": 17179869184
  },
  "results": {
    "IOPS": 1671990.3234797388,
    "MIOPS": 1.6719903234797389,
    "MiB_per_sec": 6531.21220109273,
    "addr": 22605486620672,
    "byte_per_sec": 6848472364.97301,
    "success": true,
    "time": 2508.569542
  }
}
