{
  "params": {
    "accessPattern": "sequential",
    "accessType": "read",
    "blockSize": 64,
    "granularity": "page",
    "nonTemporal": true,
    "nthreads": 1,
    "path": "/dev/dax0.0",
    "set-affinity": true,
    "source": "devdax",
    "stripeSize": 8589934592,
    "totalSize": 8589934592
  },
  "results": {
    "IOPS": 57024354.481229536,
    "MIOPS": 57.02435448122954,
    "MiB_per_sec": 3480.4903858172324,
    "addr": 22276921622528,
    "byte_per_sec": 3649558686.7986903,
    "success": true,
    "time": 2353.691317
  }
}
