{
  "params": {
    "accessPattern": "sequential",
    "accessType": "read",
    "blockSize": 64,
    "granularity": "page",
    "nonTemporal": true,
    "nthreads": 1,
    "path": "/dev/dax0.0",
    "set-affinity": true,
    "source": "devdax",
    "stripeSize": 8589934592,
    "totalSize": 8589934592
  },
  "results": {
    "IOPS": 56945879.15563802,
    "MIOPS": 56.94587915563802,
    "MiB_per_sec": 3475.7006320579844,
    "addr": 22189948534784,
    "byte_per_sec": 3644536265.960833,
    "success": true,
    "time": 2356.9348649999997
  }
}
