{
  "params": {
    "accessPattern": "sequential",
    "accessType": "read",
    "blockSize": 262144,
    "granularity": "page",
    "nonTemporal": true,
    "nthreads": 16,
    "path": "/dev/dax0.0",
    "set-affinity": true,
    "source": "devdax",
    "stripeSize": 137438953472,
    "totalSize": 137438953472
  },
  "results": {
    "IOPS": 145245.29287150368,
    "MIOPS": 0.14524529287150367,
    "MiB_per_sec": 36311.32321787592,
    "addr": 22343493615616,
    "byte_per_sec": 38075182054.50746,
    "success": true,
    "time": 3609.6729170000003
  }
}
