{
  "params": {
    "accessPattern": "sequential",
    "accessType": "read",
    "blockSize": 2048,
    "granularity": "page",
    "nonTemporal": true,
    "nthreads": 4,
    "path": "/dev/dax0.0",
    "set-affinity": true,
    "source": "devdax",
    "stripeSize": 34359738368,
    "totalSize": 34359738368
  },
  "results": {
    "IOPS": 4868918.847553883,
    "MIOPS": 4.868918847553883,
    "MiB_per_sec": 9509.607124128677,
    "addr": 21758304321536,
    "byte_per_sec": 9971545799.790352,
    "success": true,
    "time": 3445.7785240000003
  }
}
