{
  "params": {
    "accessPattern": "random",
    "accessType": "write",
    "blockSize": 262144,
    "granularity": "page",
    "nonTemporal": false,
    "nthreads": 2,
    "path": "/dev/dax0.0",
    "set-affinity": true,
    "source": "devdax",
    "stripeSize": 17179869184,
    "totalSize": 17179869184
  },
  "results": {
    "IOPS": 14678.596827040772,
    "MIOPS": 0.014678596827040771,
    "MiB_per_sec": 3669.649206760193,
    "addr": 21576841953280,
    "byte_per_sec": 3847906086.627776,
    "success": true,
    "time": 4464.7319339999995
  }
}
