{
  "params": {
    "accessPattern": "random",
    "accessType": "write",
    "blockSize": 262144,
    "granularity": "page",
    "nonTemporal": false,
    "nthreads": 2,
    "path": "/dev/dax0.0",
    "set-affinity": true,
    "source": "devdax",
    "stripeSize": 17179869184,
    "totalSize": 17179869184
  },
  "results": {
    "IOPS": 14675.150730419957,
    "MIOPS": 0.014675150730419957,
    "MiB_per_sec": 3668.787682604989,
    "addr": 22549652045824,
    "byte_per_sec": 3847002713.075209,
    "success": true,
    "time": 4465.780366
  }
}
