{
  "params": {
    "accessPattern": "random",
    "accessType": "write",
    "blockSize": 512,
    "granularity": "page",
    "nonTemporal": false,
    "nthreads": 1,
    "path": "/dev/dax0.0",
    "set-affinity": true,
    "source": "devdax",
    "stripeSize": 8589934592,
    "totalSize": 8589934592
  },
  "results": {
    "IOPS": 2193660.3041009624,
    "MIOPS": 2.1936603041009626,
    "MiB_per_sec": 1071.123195361798,
    "addr": 21954799075328,
    "byte_per_sec": 1123154075.6996927,
    "success": true,
    "time": 7648.046495
  }
}
