{
  "params": {
    "accessPattern": "random",
    "accessType": "write",
    "blockSize": 2048,
    "granularity": "page",
    "nonTemporal": false,
    "nthreads": 4,
    "path": "/dev/dax0.0",
    "set-affinity": true,
    "source": "devdax",
    "stripeSize": 34359738368,
    "totalSize": 34359738368
  },
  "results": {
    "IOPS": 2428206.1598915723,
    "MIOPS": 2.4282061598915723,
    "MiB_per_sec": 4742.590156038227,
    "addr": 21927955529728,
    "byte_per_sec": 4972966215.45794,
    "success": true,
    "time": 6909.304604
  }
}
