{
  "params": {
    "accessPattern": "random",
    "accessType": "write",
    "blockSize": 524288,
    "granularity": "page",
    "nonTemporal": true,
    "nthreads": 16,
    "path": "/dev/dax0.0",
    "set-affinity": true,
    "source": "devdax",
    "stripeSize": 137438953472,
    "totalSize": 137438953472
  },
  "results": {
    "IOPS": 18323.84190094703,
    "MIOPS": 0.01832384190094703,
    "MiB_per_sec": 9161.920950473515,
    "addr": 22152367570944,
    "byte_per_sec": 9606970422.563717,
    "success": true,
    "time": 14306.170148
  }
}
