{
  "params": {
    "accessPattern": "random",
    "accessType": "write",
    "blockSize": 8192,
    "granularity": "page",
    "nonTemporal": true,
    "nthreads": 4,
    "path": "/dev/dax0.0",
    "set-affinity": true,
    "source": "devdax",
    "stripeSize": 34359738368,
    "totalSize": 34359738368
  },
  "results": {
    "IOPS": 1115439.3539733316,
    "MIOPS": 1.1154393539733316,
    "MiB_per_sec": 8714.369952916653,
    "addr": 21671331233792,
    "byte_per_sec": 9137679187.749533,
    "success": true,
    "time": 3760.225946
  }
}
