{
  "params": {
    "accessPattern": "random",
    "accessType": "write",
    "blockSize": 262144,
    "granularity": "page",
    "nonTemporal": false,
    "nthreads": 16,
    "path": "/dev/dax0.0",
    "set-affinity": true,
    "source": "devdax",
    "stripeSize": 137438953472,
    "totalSize": 137438953472
  },
  "results": {
    "IOPS": 35532.91363675622,
    "MIOPS": 0.035532913636756217,
    "MiB_per_sec": 8883.228409189054,
    "addr": 22582938042368,
    "byte_per_sec": 9314740112.393822,
    "success": true,
    "time": 14754.99604
  }
}
