{
  "params": {
    "accessPattern": "random",
    "accessType": "write",
    "blockSize": 256,
    "granularity": "page",
    "nonTemporal": true,
    "nthreads": 1,
    "path": "/dev/dax0.0",
    "set-affinity": true,
    "source": "devdax",
    "stripeSize": 8589934592,
    "totalSize": 8589934592
  },
  "results": {
    "IOPS": 5392685.80611412,
    "MIOPS": 5.3926858061141205,
    "MiB_per_sec": 1316.5736831333302,
    "addr": 22641993842688,
    "byte_per_sec": 1380527566.3652148,
    "success": true,
    "time": 6222.211567
  }
}
