{
  "params": {
    "accessPattern": "random",
    "accessType": "write",
    "blockSize": 524288,
    "granularity": "page",
    "nonTemporal": true,
    "nthreads": 1,
    "path": "/dev/dax0.0",
    "set-affinity": true,
    "source": "devdax",
    "stripeSize": 8589934592,
    "totalSize": 8589934592
  },
  "results": {
    "IOPS": 8063.376707783962,
    "MIOPS": 0.008063376707783962,
    "MiB_per_sec": 4031.688353891981,
    "addr": 22227529498624,
    "byte_per_sec": 4227531647.370638,
    "success": true,
    "time": 2031.903084
  }
}
