{
  "params": {
    "accessPattern": "random",
    "accessType": "write",
    "blockSize": 131072,
    "granularity": "page",
    "nonTemporal": false,
    "nthreads": 1,
    "path": "/dev/dax0.0",
    "set-affinity": true,
    "source": "devdax",
    "stripeSize": 8589934592,
    "totalSize": 8589934592
  },
  "results": {
    "IOPS": 15430.342037448103,
    "MIOPS": 0.015430342037448103,
    "MiB_per_sec": 1928.7927546810129,
    "addr": 21834539991040,
    "byte_per_sec": 2022485791.5323977,
    "success": true,
    "time": 4247.216286
  }
}
