{
  "params": {
    "accessPattern": "random",
    "accessType": "write",
    "blockSize": 32768,
    "granularity": "page",
    "nonTemporal": true,
    "nthreads": 1,
    "path": "/dev/dax0.0",
    "set-affinity": true,
    "source": "devdax",
    "stripeSize": 8589934592,
    "totalSize": 8589934592
  },
  "results": {
    "IOPS": 133182.38814519046,
    "MIOPS": 0.13318238814519046,
    "MiB_per_sec": 4161.949629537202,
    "addr": 21918291853312,
    "byte_per_sec": 4364120494.741601,
    "success": true,
    "time": 1968.3083
  }
}
