{
  "params": {
    "accessPattern": "random",
    "accessType": "write",
    "blockSize": 524288,
    "granularity": "page",
    "nonTemporal": true,
    "nthreads": 4,
    "path": "/dev/dax0.0",
    "set-affinity": true,
    "source": "devdax",
    "stripeSize": 34359738368,
    "totalSize": 34359738368
  },
  "results": {
    "IOPS": 21906.721026101026,
    "MIOPS": 0.021906721026101025,
    "MiB_per_sec": 10953.360513050513,
    "addr": 21565030793216,
    "byte_per_sec": 11485430953.332455,
    "success": true,
    "time": 2991.593307
  }
}
