{
  "params": {
    "accessPattern": "random",
    "accessType": "write",
    "blockSize": 2048,
    "granularity": "page",
    "nonTemporal": false,
    "nthreads": 1,
    "path": "/dev/dax0.0",
    "set-affinity": true,
    "source": "devdax",
    "stripeSize": 8589934592,
    "totalSize": 8589934592
  },
  "results": {
    "IOPS": 828216.853827529,
    "MIOPS": 0.828216853827529,
    "MiB_per_sec": 1617.6110426318926,
    "addr": 22605486620672,
    "byte_per_sec": 1696188116.6387794,
    "success": true,
    "time": 5064.258208
  }
}
