{
  "params": {
    "accessPattern": "random",
    "accessType": "write",
    "blockSize": 128,
    "granularity": "page",
    "nonTemporal": true,
    "nthreads": 1,
    "path": "/dev/dax0.0",
    "set-affinity": true,
    "source": "devdax",
    "stripeSize": 8589934592,
    "totalSize": 8589934592
  },
  "results": {
    "IOPS": 5607906.310262137,
    "MIOPS": 5.607906310262137,
    "MiB_per_sec": 684.558875764421,
    "addr": 22010633650176,
    "byte_per_sec": 717812007.7135535,
    "success": true,
    "time": 11966.830451
  }
}
