{
  "params": {
    "accessPattern": "random",
    "accessType": "write",
    "blockSize": 16384,
    "granularity": "page",
    "nonTemporal": true,
    "nthreads": 8,
    "path": "/dev/dax0.0",
    "set-affinity": true,
    "source": "devdax",
    "stripeSize": 68719476736,
    "totalSize": 68719476736
  },
  "results": {
    "IOPS": 588517.9370671283,
    "MIOPS": 0.5885179370671283,
    "MiB_per_sec": 9195.592766673879,
    "addr": 21580063178752,
    "byte_per_sec": 9642277880.90783,
    "success": true,
    "time": 7126.892378
  }
}
