{
  "params": {
    "accessPattern": "random",
    "accessType": "write",
    "blockSize": 512,
    "granularity": "page",
    "nonTemporal": true,
    "nthreads": 1,
    "path": "/dev/dax0.0",
    "set-affinity": true,
    "source": "devdax",
    "stripeSize": 8589934592,
    "totalSize": 8589934592
  },
  "results": {
    "IOPS": 5000571.480138746,
    "MIOPS": 5.000571480138746,
    "MiB_per_sec": 2441.685293036497,
    "addr": 22371410903040,
    "byte_per_sec": 2560292597.831038,
    "success": true,
    "time": 3355.05973
  }
}
