{
  "params": {
    "accessPattern": "random",
    "accessType": "write",
    "blockSize": 524288,
    "granularity": "page",
    "nonTemporal": false,
    "nthreads": 16,
    "path": "/dev/dax0.0",
    "set-affinity": true,
    "source": "devdax",
    "stripeSize": 137438953472,
    "totalSize": 137438953472
  },
  "results": {
    "IOPS": 17077.568723037904,
    "MIOPS": 0.017077568723037905,
    "MiB_per_sec": 8538.784361518952,
    "addr": 22080426868736,
    "byte_per_sec": 8953564350.664097,
    "success": true,
    "time": 15350.194413000001
  }
}
