{
  "params": {
    "accessPattern": "random",
    "accessType": "write",
    "blockSize": 4096,
    "granularity": "page",
    "nonTemporal": true,
    "nthreads": 16,
    "path": "/dev/dax0.0",
    "set-affinity": true,
    "source": "devdax",
    "stripeSize": 137438953472,
    "totalSize": 137438953472
  },
  "results": {
    "IOPS": 2035330.5313051867,
    "MIOPS": 2.0353305313051866,
    "MiB_per_sec": 7950.5098879108855,
    "addr": 21828097540096,
    "byte_per_sec": 8336713856.226045,
    "success": true,
    "time": 16485.986665999997
  }
}
