{
  "params": {
    "accessPattern": "random",
    "accessType": "write",
    "blockSize": 131072,
    "granularity": "page",
    "nonTemporal": true,
    "nthreads": 1,
    "path": "/dev/dax0.0",
    "set-affinity": true,
    "source": "devdax",
    "stripeSize": 8589934592,
    "totalSize": 8589934592
  },
  "results": {
    "IOPS": 32410.01811047738,
    "MIOPS": 0.03241001811047738,
    "MiB_per_sec": 4051.2522638096725,
    "addr": 21835613732864,
    "byte_per_sec": 4248045893.776491,
    "success": true,
    "time": 2022.090817
  }
}
