{
  "params": {
    "accessPattern": "random",
    "accessType": "write",
    "blockSize": 256,
    "granularity": "page",
    "nonTemporal": true,
    "nthreads": 16,
    "path": "/dev/dax0.0",
    "set-affinity": true,
    "source": "devdax",
    "stripeSize": 137438953472,
    "totalSize": 137438953472
  },
  "results": {
    "IOPS": 42013920.105806164,
    "MIOPS": 42.013920105806164,
    "MiB_per_sec": 10257.304713331583,
    "addr": 22287659040768,
    "byte_per_sec": 10755563547.086378,
    "success": true,
    "time": 12778.405600999999
  }
}
