{
  "params": {
    "accessPattern": "random",
    "accessType": "write",
    "blockSize": 64,
    "granularity": "page",
    "nonTemporal": false,
    "nthreads": 2,
    "path": "/dev/dax0.0",
    "set-affinity": true,
    "source": "devdax",
    "stripeSize": 17179869184,
    "totalSize": 17179869184
  },
  "results": {
    "IOPS": 8967885.695272608,
    "MIOPS": 8.967885695272608,
    "MiB_per_sec": 547.3563046431035,
    "addr": 22210349629440,
    "byte_per_sec": 573944684.4974469,
    "success": true,
    "time": 29932.970280999998
  }
}
