{
  "params": {
    "accessPattern": "random",
    "accessType": "write",
    "blockSize": 512,
    "granularity": "page",
    "nonTemporal": false,
    "nthreads": 16,
    "path": "/dev/dax0.0",
    "set-affinity": true,
    "source": "devdax",
    "stripeSize": 137438953472,
    "totalSize": 137438953472
  },
  "results": {
    "IOPS": 16241881.698213946,
    "MIOPS": 16.241881698213945,
    "MiB_per_sec": 7930.606297956028,
    "addr": 22165252472832,
    "byte_per_sec": 8315843429.48554,
    "success": true,
    "time": 16527.361853
  }
}
