{
  "params": {
    "accessPattern": "random",
    "accessType": "write",
    "blockSize": 256,
    "granularity": "page",
    "nonTemporal": true,
    "nthreads": 4,
    "path": "/dev/dax0.0",
    "set-affinity": true,
    "source": "devdax",
    "stripeSize": 34359738368,
    "totalSize": 34359738368
  },
  "results": {
    "IOPS": 21320660.896554608,
    "MIOPS": 21.320660896554607,
    "MiB_per_sec": 5205.239476697902,
    "addr": 21835613732864,
    "byte_per_sec": 5458089189.51798,
    "success": true,
    "time": 6295.1954749999995
  }
}
