{
  "params": {
    "accessPattern": "random",
    "accessType": "write",
    "blockSize": 16384,
    "granularity": "page",
    "nonTemporal": true,
    "nthreads": 8,
    "path": "/dev/dax0.0",
    "set-affinity": true,
    "source": "devdax",
    "stripeSize": 68719476736,
    "totalSize": 68719476736
  },
  "results": {
    "IOPS": 605888.130482968,
    "MIOPS": 0.605888130482968,
    "MiB_per_sec": 9467.002038796374,
    "addr": 21615496658944,
    "byte_per_sec": 9926871129.832947,
    "success": true,
    "time": 6922.571658
  }
}
