{
  "params": {
    "accessPattern": "random",
    "accessType": "write",
    "blockSize": 262144,
    "granularity": "page",
    "nonTemporal": false,
    "nthreads": 4,
    "path": "/dev/dax0.0",
    "set-affinity": true,
    "source": "devdax",
    "stripeSize": 34359738368,
    "totalSize": 34359738368
  },
  "results": {
    "IOPS": 24176.38520172566,
    "MIOPS": 0.024176385201725662,
    "MiB_per_sec": 6044.096300431415,
    "addr": 22018149842944,
    "byte_per_sec": 6337694322.321172,
    "success": true,
    "time": 5421.4887340000005
  }
}
