{
  "params": {
    "accessPattern": "random",
    "accessType": "write",
    "blockSize": 64,
    "granularity": "page",
    "nonTemporal": true,
    "nthreads": 16,
    "path": "/dev/dax0.0",
    "set-affinity": true,
    "source": "devdax",
    "stripeSize": 137438953472,
    "totalSize": 137438953472
  },
  "results": {
    "IOPS": 41746045.78799127,
    "MIOPS": 41.74604578799127,
    "MiB_per_sec": 2547.9764274897016,
    "addr": 22247930593280,
    "byte_per_sec": 2671746930.4314413,
    "success": true,
    "time": 51441.606204
  }
}
