{
  "params": {
    "accessPattern": "random",
    "accessType": "write",
    "blockSize": 128,
    "granularity": "page",
    "nonTemporal": false,
    "nthreads": 1,
    "path": "/dev/dax0.0",
    "set-affinity": true,
    "source": "devdax",
    "stripeSize": 8589934592,
    "totalSize": 8589934592
  },
  "results": {
    "IOPS": 4501993.0803297,
    "MIOPS": 4.501993080329701,
    "MiB_per_sec": 549.5597021886841,
    "addr": 21846351151104,
    "byte_per_sec": 576255114.2822016,
    "success": true,
    "time": 14906.478708999999
  }
}
