{
  "params": {
    "accessPattern": "random",
    "accessType": "write",
    "blockSize": 32768,
    "granularity": "page",
    "nonTemporal": true,
    "nthreads": 1,
    "path": "/dev/dax0.0",
    "set-affinity": true,
    "source": "devdax",
    "stripeSize": 8589934592,
    "totalSize": 8589934592
  },
  "results": {
    "IOPS": 132585.10544041873,
    "MIOPS": 0.13258510544041874,
    "MiB_per_sec": 4143.284545013085,
    "addr": 21813065154560,
    "byte_per_sec": 4344548735.071641,
    "success": true,
    "time": 1977.175333
  }
}
