{
  "params": {
    "accessPattern": "random",
    "accessType": "write",
    "blockSize": 64,
    "granularity": "page",
    "nonTemporal": true,
    "nthreads": 8,
    "path": "/dev/dax0.0",
    "set-affinity": true,
    "source": "devdax",
    "stripeSize": 68719476736,
    "totalSize": 68719476736
  },
  "results": {
    "IOPS": 39130046.18337375,
    "MIOPS": 39.13004618337375,
    "MiB_per_sec": 2388.308482871933,
    "addr": 22430466703360,
    "byte_per_sec": 2504322955.73592,
    "success": true,
    "time": 27440.341342
  }
}
