{
  "params": {
    "accessPattern": "random",
    "accessType": "write",
    "blockSize": 262144,
    "granularity": "page",
    "nonTemporal": false,
    "nthreads": 8,
    "path": "/dev/dax0.0",
    "set-affinity": true,
    "source": "devdax",
    "stripeSize": 68719476736,
    "totalSize": 68719476736
  },
  "results": {
    "IOPS": 32160.891088055465,
    "MIOPS": 0.03216089108805546,
    "MiB_per_sec": 8040.222772013866,
    "addr": 22065394483200,
    "byte_per_sec": 8430784633.387212,
    "success": true,
    "time": 8151.017933
  }
}
