{
  "params": {
    "accessPattern": "random",
    "accessType": "write",
    "blockSize": 1048576,
    "granularity": "page",
    "nonTemporal": true,
    "nthreads": 1,
    "path": "/dev/dax0.0",
    "set-affinity": true,
    "source": "devdax",
    "stripeSize": 8589934592,
    "totalSize": 8589934592
  },
  "results": {
    "IOPS": 4008.6400246258895,
    "MIOPS": 0.00400864002462589,
    "MiB_per_sec": 4008.6400246258895,
    "addr": 22286585298944,
    "byte_per_sec": 4203363722.4621167,
    "success": true,
    "time": 2043.5858420000002
  }
}
