{
  "params": {
    "accessPattern": "random",
    "accessType": "write",
    "blockSize": 262144,
    "granularity": "page",
    "nonTemporal": false,
    "nthreads": 4,
    "path": "/dev/dax0.0",
    "set-affinity": true,
    "source": "devdax",
    "stripeSize": 34359738368,
    "totalSize": 34359738368
  },
  "results": {
    "IOPS": 23765.70487593492,
    "MIOPS": 0.02376570487593492,
    "MiB_per_sec": 5941.42621898373,
    "addr": 22635551391744,
    "byte_per_sec": 6230036938.997084,
    "success": true,
    "time": 5515.1741
  }
}
