{
  "params": {
    "accessPattern": "random",
    "accessType": "write",
    "blockSize": 1024,
    "granularity": "page",
    "nonTemporal": false,
    "nthreads": 2,
    "path": "/dev/dax0.0",
    "set-affinity": true,
    "source": "devdax",
    "stripeSize": 17179869184,
    "totalSize": 17179869184
  },
  "results": {
    "IOPS": 2364038.5802786807,
    "MIOPS": 2.3640385802786805,
    "MiB_per_sec": 2308.631426053399,
    "addr": 21740050710528,
    "byte_per_sec": 2420775506.205369,
    "success": true,
    "time": 7096.845262999999
  }
}
