{
  "params": {
    "accessPattern": "random",
    "accessType": "write",
    "blockSize": 524288,
    "granularity": "page",
    "nonTemporal": false,
    "nthreads": 1,
    "path": "/dev/dax0.0",
    "set-affinity": true,
    "source": "devdax",
    "stripeSize": 8589934592,
    "totalSize": 8589934592
  },
  "results": {
    "IOPS": 3847.075883091614,
    "MIOPS": 0.003847075883091614,
    "MiB_per_sec": 1923.537941545807,
    "addr": 21704617230336,
    "byte_per_sec": 2016975720.594336,
    "success": true,
    "time": 4258.819035
  }
}
