{
  "params": {
    "accessPattern": "random",
    "accessType": "write",
    "blockSize": 512,
    "granularity": "page",
    "nonTemporal": true,
    "nthreads": 2,
    "path": "/dev/dax0.0",
    "set-affinity": true,
    "source": "devdax",
    "stripeSize": 17179869184,
    "totalSize": 17179869184
  },
  "results": {
    "IOPS": 10037405.167863134,
    "MIOPS": 10.037405167863135,
    "MiB_per_sec": 4901.076742120671,
    "addr": 22486301278208,
    "byte_per_sec": 5139151445.945925,
    "success": true,
    "time": 3342.9388809999996
  }
}
