{
  "params": {
    "accessPattern": "random",
    "accessType": "write",
    "blockSize": 65536,
    "granularity": "page",
    "nonTemporal": false,
    "nthreads": 4,
    "path": "/dev/dax0.0",
    "set-affinity": true,
    "source": "devdax",
    "stripeSize": 34359738368,
    "totalSize": 34359738368
  },
  "results": {
    "IOPS": 90116.23798221564,
    "MIOPS": 0.09011623798221563,
    "MiB_per_sec": 5632.264873888477,
    "addr": 22138408927232,
    "byte_per_sec": 5905857772.402484,
    "success": true,
    "time": 5817.908201
  }
}
