{
  "params": {
    "accessPattern": "sequential",
    "accessType": "write",
    "blockSize": 128,
    "granularity": "page",
    "nonTemporal": false,
    "nthreads": 4,
    "path": "/dev/dax0.0",
    "set-affinity": true,
    "source": "devdax",
    "stripeSize": 34359738368,
    "totalSize": 34359738368
  },
  "results": {
    "IOPS": 32793746.605845053,
    "MIOPS": 32.79374660584505,
    "MiB_per_sec": 4003.14289622132,
    "addr": 21944061657088,
    "byte_per_sec": 4197599565.5481668,
    "success": true,
    "time": 8185.568402
  }
}
