{
  "params": {
    "accessPattern": "sequential",
    "accessType": "write",
    "blockSize": 131072,
    "granularity": "page",
    "nonTemporal": true,
    "nthreads": 1,
    "path": "/dev/dax0.0",
    "set-affinity": true,
    "source": "devdax",
    "stripeSize": 8589934592,
    "totalSize": 8589934592
  },
  "results": {
    "IOPS": 32246.73318650025,
    "MIOPS": 0.032246733186500245,
    "MiB_per_sec": 4030.841648312531,
    "addr": 22040698421248,
    "byte_per_sec": 4226643812.2209606,
    "success": true,
    "time": 2032.329899
  }
}
