{
  "params": {
    "accessPattern": "sequential",
    "accessType": "write",
    "blockSize": 2048,
    "granularity": "page",
    "nonTemporal": false,
    "nthreads": 16,
    "path": "/dev/dax0.0",
    "set-affinity": true,
    "source": "devdax",
    "stripeSize": 137438953472,
    "totalSize": 137438953472
  },
  "results": {
    "IOPS": 4237975.3669847865,
    "MIOPS": 4.237975366984786,
    "MiB_per_sec": 8277.295638642161,
    "addr": 22604412878848,
    "byte_per_sec": 8679373551.584843,
    "success": true,
    "time": 15835.123659
  }
}
