{
  "params": {
    "accessPattern": "sequential",
    "accessType": "write",
    "blockSize": 262144,
    "granularity": "page",
    "nonTemporal": true,
    "nthreads": 8,
    "path": "/dev/dax0.0",
    "set-affinity": true,
    "source": "devdax",
    "stripeSize": 68719476736,
    "totalSize": 68719476736
  },
  "results": {
    "IOPS": 44750.17389450961,
    "MIOPS": 0.04475017389450961,
    "MiB_per_sec": 11187.543473627402,
    "addr": 22036403453952,
    "byte_per_sec": 11730989585.402327,
    "success": true,
    "time": 5857.943717
  }
}
