{
  "params": {
    "accessPattern": "sequential",
    "accessType": "write",
    "blockSize": 524288,
    "granularity": "page",
    "nonTemporal": false,
    "nthreads": 1,
    "path": "/dev/dax0.0",
    "set-affinity": true,
    "source": "devdax",
    "stripeSize": 8589934592,
    "totalSize": 8589934592
  },
  "results": {
    "IOPS": 3893.236256437776,
    "MIOPS": 0.003893236256437776,
    "MiB_per_sec": 1946.618128218888,
    "addr": 22435835412480,
    "byte_per_sec": 2041177050.4152486,
    "success": true,
    "time": 4208.324109
  }
}
