{
  "params": {
    "accessPattern": "sequential",
    "accessType": "write",
    "blockSize": 1024,
    "granularity": "page",
    "nonTemporal": false,
    "nthreads": 8,
    "path": "/dev/dax0.0",
    "set-affinity": true,
    "source": "devdax",
    "stripeSize": 68719476736,
    "totalSize": 68719476736
  },
  "results": {
    "IOPS": 7381574.172025517,
    "MIOPS": 7.381574172025517,
    "MiB_per_sec": 7208.568527368669,
    "addr": 22364968452096,
    "byte_per_sec": 7558731952.154129,
    "success": true,
    "time": 9091.402786999999
  }
}
