{
  "params": {
    "accessPattern": "sequential",
    "accessType": "write",
    "blockSize": 524288,
    "granularity": "page",
    "nonTemporal": true,
    "nthreads": 4,
    "path": "/dev/dax0.0",
    "set-affinity": true,
    "source": "devdax",
    "stripeSize": 34359738368,
    "totalSize": 34359738368
  },
  "results": {
    "IOPS": 20612.124983637776,
    "MIOPS": 0.020612124983637774,
    "MiB_per_sec": 10306.062491818888,
    "addr": 22068615708672,
    "byte_per_sec": 10806689783.421482,
    "success": true,
    "time": 3179.487804
  }
}
