{
  "params": {
    "accessPattern": "sequential",
    "accessType": "write",
    "blockSize": 1024,
    "granularity": "page",
    "nonTemporal": true,
    "nthreads": 16,
    "path": "/dev/dax0.0",
    "set-affinity": true,
    "source": "devdax",
    "stripeSize": 137438953472,
    "totalSize": 137438953472
  },
  "results": {
    "IOPS": 10763283.482230837,
    "MIOPS": 10.763283482230836,
    "MiB_per_sec": 10511.019025616051,
    "addr": 22128745250816,
    "byte_per_sec": 11021602285.804377,
    "success": true,
    "time": 12469.961255
  }
}
