{
  "params": {
    "accessPattern": "sequential",
    "accessType": "write",
    "blockSize": 4096,
    "granularity": "page",
    "nonTemporal": false,
    "nthreads": 1,
    "path": "/dev/dax0.0",
    "set-affinity": true,
    "source": "devdax",
    "stripeSize": 8589934592,
    "totalSize": 8589934592
  },
  "results": {
    "IOPS": 503483.49046834453,
    "MIOPS": 0.5034834904683445,
    "MiB_per_sec": 1966.7323846419708,
    "addr": 21743271936000,
    "byte_per_sec": 2062268376.9583392,
    "success": true,
    "time": 4165.284542
  }
}
