{
  "params": {
    "accessPattern": "sequential",
    "accessType": "write",
    "blockSize": 131072,
    "granularity": "page",
    "nonTemporal": false,
    "nthreads": 8,
    "path": "/dev/dax0.0",
    "set-affinity": true,
    "source": "devdax",
    "stripeSize": 68719476736,
    "totalSize": 68719476736
  },
  "results": {
    "IOPS": 59010.505934627196,
    "MIOPS": 0.05901050593462719,
    "MiB_per_sec": 7376.313241828399,
    "addr": 21962315268096,
    "byte_per_sec": 7734625033.863456,
    "success": true,
    "time": 8884.655227
  }
}
