{
  "params": {
    "accessPattern": "sequential",
    "accessType": "write",
    "blockSize": 131072,
    "granularity": "page",
    "nonTemporal": true,
    "nthreads": 4,
    "path": "/dev/dax0.0",
    "set-affinity": true,
    "source": "devdax",
    "stripeSize": 34359738368,
    "totalSize": 34359738368
  },
  "results": {
    "IOPS": 94507.29117258491,
    "MIOPS": 0.09450729117258491,
    "MiB_per_sec": 11813.411396573114,
    "addr": 22440130379776,
    "byte_per_sec": 12387259668.57305,
    "success": true,
    "time": 2773.796569
  }
}
