{
  "params": {
    "accessPattern": "sequential",
    "accessType": "write",
    "blockSize": 131072,
    "granularity": "page",
    "nonTemporal": false,
    "nthreads": 1,
    "path": "/dev/dax0.0",
    "set-affinity": true,
    "source": "devdax",
    "stripeSize": 8589934592,
    "totalSize": 8589934592
  },
  "results": {
    "IOPS": 15550.417387857136,
    "MIOPS": 0.015550417387857136,
    "MiB_per_sec": 1943.802173482142,
    "addr": 22163104989184,
    "byte_per_sec": 2038224307.8612106,
    "success": true,
    "time": 4214.42064
  }
}
