{
  "params": {
    "accessPattern": "sequential",
    "accessType": "write",
    "blockSize": 128,
    "granularity": "page",
    "nonTemporal": false,
    "nthreads": 2,
    "path": "/dev/dax0.0",
    "set-affinity": true,
    "source": "devdax",
    "stripeSize": 17179869184,
    "totalSize": 17179869184
  },
  "results": {
    "IOPS": 16623142.107152566,
    "MIOPS": 16.623142107152567,
    "MiB_per_sec": 2029.1921517520223,
    "addr": 22486301278208,
    "byte_per_sec": 2127762189.7155285,
    "success": true,
    "time": 8074.149107
  }
}
