{
  "params": {
    "accessPattern": "sequential",
    "accessType": "write",
    "blockSize": 131072,
    "granularity": "page",
    "nonTemporal": true,
    "nthreads": 2,
    "path": "/dev/dax0.0",
    "set-affinity": true,
    "source": "devdax",
    "stripeSize": 17179869184,
    "totalSize": 17179869184
  },
  "results": {
    "IOPS": 63353.3859553824,
    "MIOPS": 0.0633533859553824,
    "MiB_per_sec": 7919.1732444228,
    "addr": 22344567357440,
    "byte_per_sec": 8303855003.943882,
    "success": true,
    "time": 2068.902838
  }
}
