{
  "params": {
    "accessPattern": "sequential",
    "accessType": "write",
    "blockSize": 128,
    "granularity": "page",
    "nonTemporal": false,
    "nthreads": 2,
    "path": "/dev/dax0.0",
    "set-affinity": true,
    "source": "devdax",
    "stripeSize": 17179869184,
    "totalSize": 17179869184
  },
  "results": {
    "IOPS": 16602661.176060397,
    "MIOPS": 16.602661176060398,
    "MiB_per_sec": 2026.6920380933102,
    "addr": 21939766689792,
    "byte_per_sec": 2125140630.5357308,
    "success": true,
    "time": 8084.109323
  }
}
