{
  "params": {
    "accessPattern": "sequential",
    "accessType": "write",
    "blockSize": 1048576,
    "granularity": "page",
    "nonTemporal": true,
    "nthreads": 8,
    "path": "/dev/dax0.0",
    "set-affinity": true,
    "source": "devdax",
    "stripeSize": 68719476736,
    "totalSize": 68719476736
  },
  "results": {
    "IOPS": 10313.544855397866,
    "MIOPS": 0.010313544855397866,
    "MiB_per_sec": 10313.544855397866,
    "addr": 22081500610560,
    "byte_per_sec": 10814535610.293673,
    "success": true,
    "time": 6354.362241
  }
}
