{
  "params": {
    "accessPattern": "sequential",
    "accessType": "write",
    "blockSize": 16384,
    "granularity": "page",
    "nonTemporal": true,
    "nthreads": 16,
    "path": "/dev/dax0.0",
    "set-affinity": true,
    "source": "devdax",
    "stripeSize": 137438953472,
    "totalSize": 137438953472
  },
  "results": {
    "IOPS": 609164.0606858125,
    "MIOPS": 0.6091640606858125,
    "MiB_per_sec": 9518.18844821582,
    "addr": 21600464273408,
    "byte_per_sec": 9980543970.276352,
    "success": true,
    "time": 13770.687638
  }
}
