{
  "params": {
    "accessPattern": "sequential",
    "accessType": "write",
    "blockSize": 32768,
    "granularity": "page",
    "nonTemporal": false,
    "nthreads": 2,
    "path": "/dev/dax0.0",
    "set-affinity": true,
    "source": "devdax",
    "stripeSize": 17179869184,
    "totalSize": 17179869184
  },
  "results": {
    "IOPS": 127872.02651252892,
    "MIOPS": 0.1278720265125289,
    "MiB_per_sec": 3996.0008285165286,
    "addr": 22053583323136,
    "byte_per_sec": 4190110564.7625475,
    "success": true,
    "time": 4100.09925
  }
}
