{
  "params": {
    "accessPattern": "sequential",
    "accessType": "write",
    "blockSize": 131072,
    "granularity": "page",
    "nonTemporal": true,
    "nthreads": 4,
    "path": "/dev/dax0.0",
    "set-affinity": true,
    "source": "devdax",
    "stripeSize": 34359738368,
    "totalSize": 34359738368
  },
  "results": {
    "IOPS": 87021.15749062918,
    "MIOPS": 0.08702115749062918,
    "MiB_per_sec": 10877.644686328647,
    "addr": 22130892734464,
    "byte_per_sec": 11406037154.611748,
    "success": true,
    "time": 3012.4168369999998
  }
}
