{
  "params": {
    "accessPattern": "sequential",
    "accessType": "write",
    "blockSize": 64,
    "granularity": "page",
    "nonTemporal": false,
    "nthreads": 1,
    "path": "/dev/dax0.0",
    "set-affinity": true,
    "source": "devdax",
    "stripeSize": 8589934592,
    "totalSize": 8589934592
  },
  "results": {
    "IOPS": 9186889.763591,
    "MIOPS": 9.186889763591001,
    "MiB_per_sec": 560.7232521723023,
    "addr": 22470195150848,
    "byte_per_sec": 587960944.869824,
    "success": true,
    "time": 14609.70268
  }
}
