{
  "params": {
    "accessPattern": "sequential",
    "accessType": "write",
    "blockSize": 128,
    "granularity": "page",
    "nonTemporal": false,
    "nthreads": 1,
    "path": "/dev/dax0.0",
    "set-affinity": true,
    "source": "devdax",
    "stripeSize": 8589934592,
    "totalSize": 8589934592
  },
  "results": {
    "IOPS": 8359851.220526656,
    "MIOPS": 8.359851220526656,
    "MiB_per_sec": 1020.4896509431953,
    "addr": 22349936066560,
    "byte_per_sec": 1070060956.227412,
    "success": true,
    "time": 8027.5189390000005
  }
}
