{
  "params": {
    "accessPattern": "sequential",
    "accessType": "write",
    "blockSize": 262144,
    "granularity": "page",
    "nonTemporal": false,
    "nthreads": 4,
    "path": "/dev/dax0.0",
    "set-affinity": true,
    "source": "devdax",
    "stripeSize": 34359738368,
    "totalSize": 34359738368
  },
  "results": {
    "IOPS": 23547.285650737296,
    "MIOPS": 0.023547285650737295,
    "MiB_per_sec": 5886.821412684324,
    "addr": 21807696445440,
    "byte_per_sec": 6172779649.626878,
    "success": true,
    "time": 5566.331591
  }
}
