{
  "params": {
    "accessPattern": "sequential",
    "accessType": "write",
    "blockSize": 131072,
    "granularity": "page",
    "nonTemporal": false,
    "nthreads": 8,
    "path": "/dev/dax0.0",
    "set-affinity": true,
    "source": "devdax",
    "stripeSize": 68719476736,
    "totalSize": 68719476736
  },
  "results": {
    "IOPS": 60124.74915036203,
    "MIOPS": 0.060124749150362033,
    "MiB_per_sec": 7515.593643795254,
    "addr": 22039624679424,
    "byte_per_sec": 7880671120.636252,
    "success": true,
    "time": 8720.003116999998
  }
}
