{
  "params": {
    "accessPattern": "sequential",
    "accessType": "write",
    "blockSize": 8192,
    "granularity": "page",
    "nonTemporal": true,
    "nthreads": 1,
    "path": "/dev/dax0.0",
    "set-affinity": true,
    "source": "devdax",
    "stripeSize": 8589934592,
    "totalSize": 8589934592
  },
  "results": {
    "IOPS": 516538.8907918847,
    "MIOPS": 0.5165388907918846,
    "MiB_per_sec": 4035.460084311599,
    "addr": 22047140872192,
    "byte_per_sec": 4231486593.3671193,
    "success": true,
    "time": 2030.0039719999997
  }
}
