{
  "params": {
    "accessPattern": "sequential",
    "accessType": "write",
    "blockSize": 512,
    "granularity": "page",
    "nonTemporal": false,
    "nthreads": 1,
    "path": "/dev/dax0.0",
    "set-affinity": true,
    "source": "devdax",
    "stripeSize": 8589934592,
    "totalSize": 8589934592
  },
  "results": {
    "IOPS": 4640355.138896962,
    "MIOPS": 4.640355138896962,
    "MiB_per_sec": 2265.798407664532,
    "addr": 22047140872192,
    "byte_per_sec": 2375861831.1152444,
    "success": true,
    "time": 3615.502585
  }
}
