{
  "params": {
    "accessPattern": "sequential",
    "accessType": "write",
    "blockSize": 16384,
    "granularity": "page",
    "nonTemporal": false,
    "nthreads": 1,
    "path": "/dev/dax0.0",
    "set-affinity": true,
    "source": "devdax",
    "stripeSize": 8589934592,
    "totalSize": 8589934592
  },
  "results": {
    "IOPS": 142532.5259009065,
    "MIOPS": 0.1425325259009065,
    "MiB_per_sec": 2227.070717201664,
    "addr": 22093311770624,
    "byte_per_sec": 2335252904.360452,
    "success": true,
    "time": 3678.374439
  }
}
