{
  "params": {
    "accessPattern": "sequential",
    "accessType": "write",
    "blockSize": 512,
    "granularity": "page",
    "nonTemporal": false,
    "nthreads": 4,
    "path": "/dev/dax0.0",
    "set-affinity": true,
    "source": "devdax",
    "stripeSize": 34359738368,
    "totalSize": 34359738368
  },
  "results": {
    "IOPS": 13332898.297199458,
    "MIOPS": 13.332898297199458,
    "MiB_per_sec": 6510.204246679423,
    "addr": 21945135398912,
    "byte_per_sec": 6826443928.166122,
    "success": true,
    "time": 5033.329025999999
  }
}
