{
  "params": {
    "accessPattern": "sequential",
    "accessType": "write",
    "blockSize": 128,
    "granularity": "page",
    "nonTemporal": false,
    "nthreads": 8,
    "path": "/dev/dax0.0",
    "set-affinity": true,
    "source": "devdax",
    "stripeSize": 68719476736,
    "totalSize": 68719476736
  },
  "results": {
    "IOPS": 56672709.453673564,
    "MIOPS": 56.67270945367356,
    "MiB_per_sec": 6918.055353231636,
    "addr": 22018149842944,
    "byte_per_sec": 7254106810.070216,
    "success": true,
    "time": 9473.182369
  }
}
