{
  "params": {
    "accessPattern": "sequential",
    "accessType": "write",
    "blockSize": 262144,
    "granularity": "page",
    "nonTemporal": false,
    "nthreads": 8,
    "path": "/dev/dax0.0",
    "set-affinity": true,
    "source": "devdax",
    "stripeSize": 68719476736,
    "totalSize": 68719476736
  },
  "results": {
    "IOPS": 29541.988067793533,
    "MIOPS": 0.029541988067793533,
    "MiB_per_sec": 7385.497016948383,
    "addr": 22338124906496,
    "byte_per_sec": 7744254920.043668,
    "success": true,
    "time": 8873.607267000001
  }
}
