{
  "params": {
    "accessPattern": "sequential",
    "accessType": "write",
    "blockSize": 262144,
    "granularity": "page",
    "nonTemporal": false,
    "nthreads": 2,
    "path": "/dev/dax0.0",
    "set-affinity": true,
    "source": "devdax",
    "stripeSize": 17179869184,
    "totalSize": 17179869184
  },
  "results": {
    "IOPS": 14809.224196093977,
    "MIOPS": 0.014809224196093977,
    "MiB_per_sec": 3702.3060490234943,
    "addr": 22380000837632,
    "byte_per_sec": 3882149267.6608596,
    "success": true,
    "time": 4425.34998
  }
}
