{
  "params": {
    "accessPattern": "sequential",
    "accessType": "write",
    "blockSize": 4096,
    "granularity": "page",
    "nonTemporal": false,
    "nthreads": 8,
    "path": "/dev/dax0.0",
    "set-affinity": true,
    "source": "devdax",
    "stripeSize": 68719476736,
    "totalSize": 68719476736
  },
  "results": {
    "IOPS": 2040690.2594478275,
    "MIOPS": 2.0406902594478273,
    "MiB_per_sec": 7971.446325968076,
    "addr": 22256520527872,
    "byte_per_sec": 8358667302.698301,
    "success": true,
    "time": 8221.343696
  }
}
