{
  "params": {
    "accessPattern": "sequential",
    "accessType": "write",
    "blockSize": 32768,
    "granularity": "page",
    "nonTemporal": true,
    "nthreads": 8,
    "path": "/dev/dax0.0",
    "set-affinity": true,
    "source": "devdax",
    "stripeSize": 68719476736,
    "totalSize": 68719476736
  },
  "results": {
    "IOPS": 374592.0714273049,
    "MIOPS": 0.3745920714273049,
    "MiB_per_sec": 11706.002232103277,
    "addr": 22568979398656,
    "byte_per_sec": 12274632996.529926,
    "success": true,
    "time": 5598.49543
  }
}
