{
  "params": {
    "accessPattern": "sequential",
    "accessType": "write",
    "blockSize": 64,
    "granularity": "page",
    "nonTemporal": false,
    "nthreads": 16,
    "path": "/dev/dax0.0",
    "set-affinity": true,
    "source": "devdax",
    "stripeSize": 137438953472,
    "totalSize": 137438953472
  },
  "results": {
    "IOPS": 123234069.6081257,
    "MIOPS": 123.23406960812571,
    "MiB_per_sec": 7521.6106938553285,
    "addr": 21960167784448,
    "byte_per_sec": 7886980454.920045,
    "success": true,
    "time": 17426.054782000003
  }
}
