{
  "params": {
    "accessPattern": "sequential",
    "accessType": "write",
    "blockSize": 256,
    "granularity": "page",
    "nonTemporal": true,
    "nthreads": 16,
    "path": "/dev/dax0.0",
    "set-affinity": true,
    "source": "devdax",
    "stripeSize": 137438953472,
    "totalSize": 137438953472
  },
  "results": {
    "IOPS": 43276976.972268015,
    "MIOPS": 43.27697697226802,
    "MiB_per_sec": 10565.66820612012,
    "addr": 21977347653632,
    "byte_per_sec": 11078906104.900612,
    "success": true,
    "time": 12405.462432
  }
}
