{
  "params": {
    "accessPattern": "sequential",
    "accessType": "write",
    "blockSize": 2048,
    "granularity": "page",
    "nonTemporal": false,
    "nthreads": 4,
    "path": "/dev/dax0.0",
    "set-affinity": true,
    "source": "devdax",
    "stripeSize": 34359738368,
    "totalSize": 34359738368
  },
  "results": {
    "IOPS": 2908356.948323161,
    "MIOPS": 2.908356948323161,
    "MiB_per_sec": 5680.384664693674,
    "addr": 22527103467520,
    "byte_per_sec": 5956315030.165833,
    "success": true,
    "time": 5768.623418
  }
}
