{
  "params": {
    "accessPattern": "sequential",
    "accessType": "write",
    "blockSize": 65536,
    "granularity": "page",
    "nonTemporal": false,
    "nthreads": 16,
    "path": "/dev/dax0.0",
    "set-affinity": true,
    "source": "devdax",
    "stripeSize": 137438953472,
    "totalSize": 137438953472
  },
  "results": {
    "IOPS": 131373.10205098233,
    "MIOPS": 0.13137310205098232,
    "MiB_per_sec": 8210.818878186396,
    "addr": 22032108486656,
    "byte_per_sec": 8609667616.013178,
    "success": true,
    "time": 15963.328621
  }
}
