{
  "params": {
    "accessPattern": "sequential",
    "accessType": "write",
    "blockSize": 1048576,
    "granularity": "page",
    "nonTemporal": false,
    "nthreads": 1,
    "path": "/dev/dax0.0",
    "set-affinity": true,
    "source": "devdax",
    "stripeSize": 8589934592,
    "totalSize": 8589934592
  },
  "results": {
    "IOPS": 1874.9473094488715,
    "MIOPS": 0.0018749473094488715,
    "MiB_per_sec": 1874.9473094488715,
    "addr": 22294101491712,
    "byte_per_sec": 1966024749.9526598,
    "success": true,
    "time": 4369.189448
  }
}
