{
  "params": {
    "accessPattern": "random",
    "accessType": "read",
    "blockSize": 128,
    "granularity": "page",
    "noflush": false,
    "nonTemporal": true,
    "nthreads": 32,
    "path": "/dev/dax0.0",
    "set-affinity": true,
    "source": "devdax",
    "stripeSize": 274877906944,
    "totalSize": 274877906944
  },
  "results": {
    "IOPS": 139885502.98662922,
    "MIOPS": 139.8855029866292,
    "MiB_per_sec": 17075.867063797512,
    "addr": 21018496204800,
    "byte_per_sec": 17905344382.28854,
    "success": true,
    "time": 15351.724104
  }
}
