{
  "params": {
    "accessPattern": "random",
    "accessType": "read",
    "blockSize": 1048576,
    "granularity": "page",
    "noflush": false,
    "nonTemporal": true,
    "nthreads": 32,
    "path": "/dev/dax0.0",
    "set-affinity": true,
    "source": "devdax",
    "stripeSize": 274877906944,
    "totalSize": 274877906944
  },
  "results": {
    "IOPS": 67266.21428219903,
    "MIOPS": 0.06726621428219903,
    "MiB_per_sec": 67266.21428219903,
    "addr": 21298742820864,
    "byte_per_sec": 70533737907.17113,
    "success": true,
    "time": 3897.1124330000002
  }
}
