{
  "params": {
    "accessPattern": "random",
    "accessType": "read",
    "blockSize": 2048,
    "granularity": "page",
    "noflush": false,
    "nonTemporal": true,
    "nthreads": 8,
    "path": "/dev/dax0.0",
    "set-affinity": true,
    "source": "devdax",
    "stripeSize": 68719476736,
    "totalSize": 68719476736
  },
  "results": {
    "IOPS": 8756892.967447678,
    "MIOPS": 8.756892967447678,
    "MiB_per_sec": 17103.306577046245,
    "addr": 20960514146304,
    "byte_per_sec": 17934116797.332844,
    "success": true,
    "time": 3831.773681
  }
}
