{
  "params": {
    "accessPattern": "random",
    "accessType": "read",
    "blockSize": 32768,
    "granularity": "page",
    "noflush": true,
    "nonTemporal": false,
    "nthreads": 16,
    "path": "/dev/dax0.0",
    "set-affinity": true,
    "source": "devdax",
    "stripeSize": 137438953472,
    "totalSize": 137438953472
  },
  "results": {
    "IOPS": 1775003.72806289,
    "MIOPS": 1.77500372806289,
    "MiB_per_sec": 55468.86650196531,
    "addr": 20568598380544,
    "byte_per_sec": 58163322161.16478,
    "success": true,
    "time": 2362.983206
  }
}
