{
  "params": {
    "accessPattern": "random",
    "accessType": "read",
    "blockSize": 1048576,
    "granularity": "page",
    "noflush": true,
    "nonTemporal": false,
    "nthreads": 2,
    "path": "/dev/dax0.0",
    "set-affinity": true,
    "source": "devdax",
    "stripeSize": 17179869184,
    "totalSize": 17179869184
  },
  "results": {
    "IOPS": 7779.855388433613,
    "MIOPS": 0.007779855388433613,
    "MiB_per_sec": 7779.855388433613,
    "addr": 20575040831488,
    "byte_per_sec": 8157769643.782165,
    "success": true,
    "time": 2105.9517410000003
  }
}
