{
  "params": {
    "accessPattern": "random",
    "accessType": "read",
    "blockSize": 512,
    "granularity": "page",
    "noflush": false,
    "nonTemporal": true,
    "nthreads": 16,
    "path": "/dev/dax0.0",
    "set-affinity": true,
    "source": "devdax",
    "stripeSize": 137438953472,
    "totalSize": 137438953472
  },
  "results": {
    "IOPS": 42083626.80597629,
    "MIOPS": 42.08362680597629,
    "MiB_per_sec": 20548.64590135561,
    "addr": 20577188315136,
    "byte_per_sec": 21546816924.65986,
    "success": true,
    "time": 6378.619819
  }
}
