{
  "params": {
    "accessPattern": "random",
    "accessType": "read",
    "blockSize": 16384,
    "granularity": "page",
    "noflush": true,
    "nonTemporal": false,
    "nthreads": 1,
    "path": "/dev/dax0.0",
    "set-affinity": true,
    "source": "devdax",
    "stripeSize": 8589934592,
    "totalSize": 8589934592
  },
  "results": {
    "IOPS": 271317.2653659958,
    "MIOPS": 0.2713172653659958,
    "MiB_per_sec": 4239.332271343685,
    "addr": 20488067743744,
    "byte_per_sec": 4445262075.756475,
    "success": true,
    "time": 1932.379789
  }
}
