{
  "params": {
    "accessPattern": "random",
    "accessType": "read",
    "blockSize": 256,
    "granularity": "page",
    "noflush": true,
    "nonTemporal": false,
    "nthreads": 2,
    "path": "/dev/dax0.0",
    "set-affinity": true,
    "source": "devdax",
    "stripeSize": 17179869184,
    "totalSize": 17179869184
  },
  "results": {
    "IOPS": 12529830.032881772,
    "MIOPS": 12.529830032881772,
    "MiB_per_sec": 3059.0405353715264,
    "addr": 20340965113856,
    "byte_per_sec": 3207636488.4177337,
    "success": true,
    "time": 5355.927720000001
  }
}
