{
  "params": {
    "accessPattern": "random",
    "accessType": "read",
    "blockSize": 131072,
    "granularity": "page",
    "noflush": true,
    "nonTemporal": false,
    "nthreads": 48,
    "path": "/dev/dax0.0",
    "set-affinity": true,
    "source": "devdax",
    "stripeSize": 412316860416,
    "totalSize": 412316860416
  },
  "results": {
    "IOPS": 630368.1588265556,
    "MIOPS": 0.6303681588265556,
    "MiB_per_sec": 78796.01985331945,
    "addr": 20420422008832,
    "byte_per_sec": 82623615313.7143,
    "success": true,
    "time": 4990.3028190000005
  }
}
