{
  "params": {
    "accessPattern": "random",
    "accessType": "read",
    "blockSize": 4096,
    "granularity": "page",
    "noflush": true,
    "nonTemporal": false,
    "nthreads": 2,
    "path": "/dev/dax0.0",
    "set-affinity": true,
    "source": "devdax",
    "stripeSize": 17179869184,
    "totalSize": 17179869184
  },
  "results": {
    "IOPS": 1969047.8304208969,
    "MIOPS": 1.969047830420897,
    "MiB_per_sec": 7691.593087581628,
    "addr": 20806969065472,
    "byte_per_sec": 8065219913.403994,
    "success": true,
    "time": 2130.117885
  }
}
