{
  "params": {
    "accessPattern": "random",
    "accessType": "read",
    "blockSize": 1024,
    "granularity": "page",
    "noflush": false,
    "nonTemporal": true,
    "nthreads": 8,
    "path": "/dev/dax0.0",
    "set-affinity": true,
    "source": "devdax",
    "stripeSize": 68719476736,
    "totalSize": 68719476736
  },
  "results": {
    "IOPS": 13374550.67741828,
    "MIOPS": 13.37455067741828,
    "MiB_per_sec": 13061.08464591629,
    "addr": 20773683068928,
    "byte_per_sec": 13695539893.67632,
    "success": true,
    "time": 5017.653722999999
  }
}
