{
  "params": {
    "accessPattern": "random",
    "accessType": "read",
    "blockSize": 16384,
    "granularity": "page",
    "noflush": true,
    "nonTemporal": false,
    "nthreads": 2,
    "path": "/dev/dax0.0",
    "set-affinity": true,
    "source": "devdax",
    "stripeSize": 17179869184,
    "totalSize": 17179869184
  },
  "results": {
    "IOPS": 535889.9063470376,
    "MIOPS": 0.5358899063470376,
    "MiB_per_sec": 8373.279786672463,
    "addr": 20358144983040,
    "byte_per_sec": 8780020225.589865,
    "success": true,
    "time": 1956.7004109999998
  }
}
