{
  "params": {
    "accessPattern": "random",
    "accessType": "read",
    "blockSize": 524288,
    "granularity": "page",
    "noflush": true,
    "nonTemporal": false,
    "nthreads": 48,
    "path": "/dev/dax0.0",
    "set-affinity": true,
    "source": "devdax",
    "stripeSize": 412316860416,
    "totalSize": 412316860416
  },
  "results": {
    "IOPS": 156904.04376796514,
    "MIOPS": 0.15690404376796513,
    "MiB_per_sec": 78452.02188398257,
    "addr": 20338817630208,
    "byte_per_sec": 82262907299.0189,
    "success": true,
    "time": 5012.184397
  }
}
