{
  "params": {
    "accessPattern": "random",
    "accessType": "read",
    "blockSize": 256,
    "granularity": "page",
    "noflush": false,
    "nonTemporal": true,
    "nthreads": 48,
    "path": "/dev/dax0.0",
    "set-affinity": true,
    "source": "devdax",
    "stripeSize": 412316860416,
    "totalSize": 412316860416
  },
  "results": {
    "IOPS": 165515036.3628475,
    "MIOPS": 165.5150363628475,
    "MiB_per_sec": 40408.94442452332,
    "addr": 20515985031168,
    "byte_per_sec": 42371849308.88896,
    "success": true,
    "time": 9730.914915
  }
}
