{
  "params": {
    "accessPattern": "random",
    "accessType": "read",
    "blockSize": 1024,
    "granularity": "page",
    "noflush": true,
    "nonTemporal": false,
    "nthreads": 48,
    "path": "/dev/dax0.0",
    "set-affinity": true,
    "source": "devdax",
    "stripeSize": 412316860416,
    "totalSize": 412316860416
  },
  "results": {
    "IOPS": 50590582.56624683,
    "MIOPS": 50.59058256624683,
    "MiB_per_sec": 49404.86578735042,
    "addr": 20238959640576,
    "byte_per_sec": 51804756547.836754,
    "success": true,
    "time": 7959.054108
  }
}
