{
  "params": {
    "accessPattern": "random",
    "accessType": "read",
    "blockSize": 2048,
    "granularity": "page",
    "noflush": false,
    "nonTemporal": true,
    "nthreads": 48,
    "path": "/dev/dax0.0",
    "set-affinity": true,
    "source": "devdax",
    "stripeSize": 412316860416,
    "totalSize": 412316860416
  },
  "results": {
    "IOPS": 25968852.67670362,
    "MIOPS": 25.96885267670362,
    "MiB_per_sec": 50720.41538418676,
    "addr": 20839181320192,
    "byte_per_sec": 53184210281.889015,
    "success": true,
    "time": 7752.617896000001
  }
}
