{
  "params": {
    "accessPattern": "random",
    "accessType": "read",
    "blockSize": 16384,
    "granularity": "page",
    "noflush": true,
    "nonTemporal": false,
    "nthreads": 2,
    "path": "/dev/dax0.0",
    "set-affinity": true,
    "source": "devdax",
    "stripeSize": 17179869184,
    "totalSize": 17179869184
  },
  "results": {
    "IOPS": 535378.3496642138,
    "MIOPS": 0.5353783496642138,
    "MiB_per_sec": 8365.286713503341,
    "addr": 20512763805696,
    "byte_per_sec": 8771638880.89848,
    "success": true,
    "time": 1958.5700479999998
  }
}
