{
  "params": {
    "accessPattern": "random",
    "accessType": "read",
    "blockSize": 1048576,
    "granularity": "page",
    "noflush": true,
    "nonTemporal": false,
    "nthreads": 4,
    "path": "/dev/dax0.0",
    "set-affinity": true,
    "source": "devdax",
    "stripeSize": 34359738368,
    "totalSize": 34359738368
  },
  "results": {
    "IOPS": 15279.306043202367,
    "MIOPS": 0.015279306043202366,
    "MiB_per_sec": 15279.306043202367,
    "addr": 20587925733376,
    "byte_per_sec": 16021513613.556965,
    "success": true,
    "time": 2144.600017
  }
}
