{
  "params": {
    "accessPattern": "random",
    "accessType": "read",
    "blockSize": 128,
    "granularity": "page",
    "noflush": false,
    "nonTemporal": true,
    "nthreads": 1,
    "path": "/dev/dax0.0",
    "set-affinity": true,
    "source": "devdax",
    "stripeSize": 8589934592,
    "totalSize": 8589934592
  },
  "results": {
    "IOPS": 5743646.865499898,
    "MIOPS": 5.743646865499898,
    "MiB_per_sec": 701.128767761218,
    "addr": 21160230125568,
    "byte_per_sec": 735186798.7839869,
    "success": true,
    "time": 11684.01637
  }
}
