{
  "params": {
    "accessPattern": "random",
    "accessType": "read",
    "blockSize": 256,
    "granularity": "page",
    "noflush": false,
    "nonTemporal": true,
    "nthreads": 8,
    "path": "/dev/dax0.0",
    "set-affinity": true,
    "source": "devdax",
    "stripeSize": 68719476736,
    "totalSize": 68719476736
  },
  "results": {
    "IOPS": 33960623.32034499,
    "MIOPS": 33.96062332034499,
    "MiB_per_sec": 8291.167802818602,
    "addr": 20371029884928,
    "byte_per_sec": 8693919570.008318,
    "success": true,
    "time": 7904.314754999999
  }
}
