{
  "params": {
    "accessPattern": "random",
    "accessType": "read",
    "blockSize": 8192,
    "granularity": "page",
    "noflush": true,
    "nonTemporal": false,
    "nthreads": 4,
    "path": "/dev/dax0.0",
    "set-affinity": true,
    "source": "devdax",
    "stripeSize": 34359738368,
    "totalSize": 34359738368
  },
  "results": {
    "IOPS": 2015774.1493867012,
    "MIOPS": 2.015774149386701,
    "MiB_per_sec": 15748.235542083603,
    "addr": 21061445877760,
    "byte_per_sec": 16513221831.775856,
    "success": true,
    "time": 2080.74104
  }
}
