{
  "params": {
    "accessPattern": "random",
    "accessType": "read",
    "blockSize": 65536,
    "granularity": "page",
    "noflush": false,
    "nonTemporal": true,
    "nthreads": 16,
    "path": "/dev/dax0.0",
    "set-affinity": true,
    "source": "devdax",
    "stripeSize": 137438953472,
    "totalSize": 137438953472
  },
  "results": {
    "IOPS": 666088.3562733692,
    "MIOPS": 0.6660883562733692,
    "MiB_per_sec": 41630.52226708557,
    "addr": 21063593361408,
    "byte_per_sec": 43652766516.73152,
    "success": true,
    "time": 3148.4591800000003
  }
}
