{
  "params": {
    "accessPattern": "random",
    "accessType": "read",
    "blockSize": 256,
    "granularity": "page",
    "noflush": false,
    "nonTemporal": true,
    "nthreads": 16,
    "path": "/dev/dax0.0",
    "set-affinity": true,
    "source": "devdax",
    "stripeSize": 137438953472,
    "totalSize": 137438953472
  },
  "results": {
    "IOPS": 64904466.02905547,
    "MIOPS": 64.90446602905547,
    "MiB_per_sec": 15845.81690162487,
    "addr": 20365661175808,
    "byte_per_sec": 16615543303.4382,
    "success": true,
    "time": 8271.709866
  }
}
