{
  "params": {
    "accessPattern": "random",
    "accessType": "read",
    "blockSize": 4096,
    "granularity": "page",
    "noflush": false,
    "nonTemporal": true,
    "nthreads": 1,
    "path": "/dev/dax0.0",
    "set-affinity": true,
    "source": "devdax",
    "stripeSize": 8589934592,
    "totalSize": 8589934592
  },
  "results": {
    "IOPS": 785013.6690957315,
    "MIOPS": 0.7850136690957314,
    "MiB_per_sec": 3066.459644905201,
    "addr": 20802674098176,
    "byte_per_sec": 3215415988.616116,
    "success": true,
    "time": 2671.484692
  }
}
