{
  "params": {
    "accessPattern": "random",
    "accessType": "read",
    "blockSize": 262144,
    "granularity": "page",
    "noflush": true,
    "nonTemporal": false,
    "nthreads": 48,
    "path": "/dev/dax0.0",
    "set-affinity": true,
    "source": "devdax",
    "stripeSize": 412316860416,
    "totalSize": 412316860416
  },
  "results": {
    "IOPS": 313039.95802340005,
    "MIOPS": 0.31303995802340007,
    "MiB_per_sec": 78259.98950585001,
    "addr": 20455855489024,
    "byte_per_sec": 82061546756.08618,
    "success": true,
    "time": 5024.483168
  }
}
