{
  "params": {
    "accessPattern": "random",
    "accessType": "read",
    "blockSize": 1048576,
    "granularity": "page",
    "noflush": true,
    "nonTemporal": false,
    "nthreads": 2,
    "path": "/dev/dax0.0",
    "set-affinity": true,
    "source": "devdax",
    "stripeSize": 17179869184,
    "totalSize": 17179869184
  },
  "results": {
    "IOPS": 7900.965521278732,
    "MIOPS": 0.007900965521278731,
    "MiB_per_sec": 7900.965521278732,
    "addr": 21218212184064,
    "byte_per_sec": 8284762822.440368,
    "success": true,
    "time": 2073.670611
  }
}
