{
  "params": {
    "accessPattern": "random",
    "accessType": "read",
    "blockSize": 16384,
    "granularity": "page",
    "noflush": false,
    "nonTemporal": true,
    "nthreads": 1,
    "path": "/dev/dax0.0",
    "set-affinity": true,
    "source": "devdax",
    "stripeSize": 8589934592,
    "totalSize": 8589934592
  },
  "results": {
    "IOPS": 222126.82351850462,
    "MIOPS": 0.22212682351850463,
    "MiB_per_sec": 3470.7316174766347,
    "addr": 20572893347840,
    "byte_per_sec": 3639325876.5271797,
    "success": true,
    "time": 2360.309267
  }
}
