{
  "params": {
    "accessPattern": "random",
    "accessType": "read",
    "blockSize": 2048,
    "granularity": "page",
    "noflush": false,
    "nonTemporal": true,
    "nthreads": 48,
    "path": "/dev/dax0.0",
    "set-affinity": true,
    "source": "devdax",
    "stripeSize": 412316860416,
    "totalSize": 412316860416
  },
  "results": {
    "IOPS": 29245569.125292413,
    "MIOPS": 29.245569125292413,
    "MiB_per_sec": 57120.252197836744,
    "addr": 20410758332416,
    "byte_per_sec": 59894925568.59886,
    "success": true,
    "time": 6884.003219
  }
}
