{
  "params": {
    "accessPattern": "random",
    "accessType": "read",
    "blockSize": 1048576,
    "granularity": "page",
    "noflush": false,
    "nonTemporal": true,
    "nthreads": 4,
    "path": "/dev/dax0.0",
    "set-affinity": true,
    "source": "devdax",
    "stripeSize": 34359738368,
    "totalSize": 34359738368
  },
  "results": {
    "IOPS": 13114.291983538875,
    "MIOPS": 0.013114291983538875,
    "MiB_per_sec": 13114.291983538875,
    "addr": 20558934704128,
    "byte_per_sec": 13751331830.93126,
    "success": true,
    "time": 2498.648043
  }
}
