{
  "params": {
    "accessPattern": "random",
    "accessType": "read",
    "blockSize": 262144,
    "granularity": "page",
    "noflush": false,
    "nonTemporal": true,
    "nthreads": 2,
    "path": "/dev/dax0.0",
    "set-affinity": true,
    "source": "devdax",
    "stripeSize": 17179869184,
    "totalSize": 17179869184
  },
  "results": {
    "IOPS": 27651.956742685776,
    "MIOPS": 0.027651956742685776,
    "MiB_per_sec": 6912.989185671444,
    "addr": 20448339296256,
    "byte_per_sec": 7248794548.35462,
    "success": true,
    "time": 2370.031192
  }
}
