{
  "params": {
    "accessPattern": "random",
    "accessType": "read",
    "blockSize": 65536,
    "granularity": "page",
    "noflush": false,
    "nonTemporal": true,
    "nthreads": 8,
    "path": "/dev/dax0.0",
    "set-affinity": true,
    "source": "devdax",
    "stripeSize": 68719476736,
    "totalSize": 68719476736
  },
  "results": {
    "IOPS": 384692.9756045358,
    "MIOPS": 0.3846929756045358,
    "MiB_per_sec": 24043.310975283486,
    "addr": 21182778703872,
    "byte_per_sec": 25211238849.218857,
    "success": true,
    "time": 2725.7477169999997
  }
}
