{
  "params": {
    "accessPattern": "random",
    "accessType": "read",
    "blockSize": 128,
    "granularity": "page",
    "noflush": false,
    "nonTemporal": true,
    "nthreads": 16,
    "path": "/dev/dax0.0",
    "set-affinity": true,
    "source": "devdax",
    "stripeSize": 137438953472,
    "totalSize": 137438953472
  },
  "results": {
    "IOPS": 71527396.2159973,
    "MIOPS": 71.5273962159973,
    "MiB_per_sec": 8731.371608398107,
    "addr": 20336670146560,
    "byte_per_sec": 9155506715.647654,
    "success": true,
    "time": 15011.616259
  }
}
