{
  "params": {
    "accessPattern": "random",
    "accessType": "read",
    "blockSize": 128,
    "granularity": "page",
    "noflush": true,
    "nonTemporal": false,
    "nthreads": 8,
    "path": "/dev/dax0.0",
    "set-affinity": true,
    "source": "devdax",
    "stripeSize": 68719476736,
    "totalSize": 68719476736
  },
  "results": {
    "IOPS": 55274044.37274778,
    "MIOPS": 55.27404437274778,
    "MiB_per_sec": 6747.319869720188,
    "addr": 20429011943424,
    "byte_per_sec": 7075077679.711716,
    "success": true,
    "time": 9712.893602999999
  }
}
