{
  "params": {
    "accessPattern": "random",
    "accessType": "read",
    "blockSize": 256,
    "granularity": "page",
    "noflush": false,
    "nonTemporal": true,
    "nthreads": 48,
    "path": "/dev/dax0.0",
    "set-affinity": true,
    "source": "devdax",
    "stripeSize": 412316860416,
    "totalSize": 412316860416
  },
  "results": {
    "IOPS": 164886835.05603895,
    "MIOPS": 164.88683505603893,
    "MiB_per_sec": 40255.57496485326,
    "addr": 20216411062272,
    "byte_per_sec": 42211029774.34597,
    "success": true,
    "time": 9767.988666000001
  }
}
