{
  "params": {
    "accessPattern": "random",
    "accessType": "read",
    "blockSize": 64,
    "granularity": "page",
    "noflush": true,
    "nonTemporal": false,
    "nthreads": 2,
    "path": "/dev/dax0.0",
    "set-affinity": true,
    "source": "devdax",
    "stripeSize": 17179869184,
    "totalSize": 17179869184
  },
  "results": {
    "IOPS": 14515569.570331877,
    "MIOPS": 14.515569570331877,
    "MiB_per_sec": 885.9600567829515,
    "addr": 21180631220224,
    "byte_per_sec": 928996452.5012401,
    "success": true,
    "time": 18492.933033
  }
}
