{
  "params": {
    "accessPattern": "random",
    "accessType": "read",
    "blockSize": 32768,
    "granularity": "page",
    "noflush": true,
    "nonTemporal": false,
    "nthreads": 4,
    "path": "/dev/dax0.0",
    "set-affinity": true,
    "source": "devdax",
    "stripeSize": 34359738368,
    "totalSize": 34359738368
  },
  "results": {
    "IOPS": 510094.0261990269,
    "MIOPS": 0.5100940261990269,
    "MiB_per_sec": 15940.43831871959,
    "addr": 21226802118656,
    "byte_per_sec": 16714761050.489714,
    "success": true,
    "time": 2055.6523819999998
  }
}
