{
  "params": {
    "accessPattern": "random",
    "accessType": "read",
    "blockSize": 65536,
    "granularity": "page",
    "noflush": false,
    "nonTemporal": true,
    "nthreads": 16,
    "path": "/dev/dax0.0",
    "set-affinity": true,
    "source": "devdax",
    "stripeSize": 137438953472,
    "totalSize": 137438953472
  },
  "results": {
    "IOPS": 666158.8856093242,
    "MIOPS": 0.6661588856093242,
    "MiB_per_sec": 41634.93035058276,
    "addr": 20671677595648,
    "byte_per_sec": 43657388727.29267,
    "success": true,
    "time": 3148.125838
  }
}
