{
  "params": {
    "accessPattern": "random",
    "accessType": "read",
    "blockSize": 1024,
    "granularity": "page",
    "noflush": false,
    "nonTemporal": true,
    "nthreads": 16,
    "path": "/dev/dax0.0",
    "set-affinity": true,
    "source": "devdax",
    "stripeSize": 137438953472,
    "totalSize": 137438953472
  },
  "results": {
    "IOPS": 23435685.594859924,
    "MIOPS": 23.435685594859923,
    "MiB_per_sec": 22886.411713730395,
    "addr": 20941186793472,
    "byte_per_sec": 23998142049.136562,
    "success": true,
    "time": 5727.06642
  }
}
