{
  "params": {
    "accessPattern": "random",
    "accessType": "read",
    "blockSize": 128,
    "granularity": "page",
    "noflush": false,
    "nonTemporal": true,
    "nthreads": 48,
    "path": "/dev/dax0.0",
    "set-affinity": true,
    "source": "devdax",
    "stripeSize": 412316860416,
    "totalSize": 412316860416
  },
  "results": {
    "IOPS": 204165035.32253137,
    "MIOPS": 204.16503532253137,
    "MiB_per_sec": 24922.489663394943,
    "addr": 21304111529984,
    "byte_per_sec": 26133124521.284016,
    "success": true,
    "time": 15777.55695
  }
}
