{
  "params": {
    "accessPattern": "random",
    "accessType": "read",
    "blockSize": 128,
    "granularity": "page",
    "noflush": false,
    "nonTemporal": true,
    "nthreads": 48,
    "path": "/dev/dax0.0",
    "set-affinity": true,
    "source": "devdax",
    "stripeSize": 412316860416,
    "totalSize": 412316860416
  },
  "results": {
    "IOPS": 205610894.85611492,
    "MIOPS": 205.61089485611492,
    "MiB_per_sec": 25098.98618849059,
    "addr": 20943334277120,
    "byte_per_sec": 26318194541.58271,
    "success": true,
    "time": 15666.608884000001
  }
}
