{
  "params": {
    "accessPattern": "random",
    "accessType": "read",
    "blockSize": 64,
    "granularity": "page",
    "noflush": false,
    "nonTemporal": true,
    "nthreads": 4,
    "path": "/dev/dax0.0",
    "set-affinity": true,
    "source": "devdax",
    "stripeSize": 34359738368,
    "totalSize": 34359738368
  },
  "results": {
    "IOPS": 18197301.087460645,
    "MIOPS": 18.197301087460644,
    "MiB_per_sec": 1110.6751152014554,
    "addr": 21045339750400,
    "byte_per_sec": 1164627269.5974813,
    "success": true,
    "time": 29502.776781
  }
}
