{
  "params": {
    "accessPattern": "random",
    "accessType": "read",
    "blockSize": 16384,
    "granularity": "page",
    "noflush": true,
    "nonTemporal": false,
    "nthreads": 32,
    "path": "/dev/dax0.0",
    "set-affinity": true,
    "source": "devdax",
    "stripeSize": 274877906944,
    "totalSize": 274877906944
  },
  "results": {
    "IOPS": 4668087.883808569,
    "MIOPS": 4.668087883808569,
    "MiB_per_sec": 72938.87318450889,
    "addr": 20412905816064,
    "byte_per_sec": 76481951888.3196,
    "success": true,
    "time": 3594.023167
  }
}
