{
  "params": {
    "accessPattern": "random",
    "accessType": "read",
    "blockSize": 2048,
    "granularity": "page",
    "noflush": true,
    "nonTemporal": false,
    "nthreads": 2,
    "path": "/dev/dax0.0",
    "set-affinity": true,
    "source": "devdax",
    "stripeSize": 17179869184,
    "totalSize": 17179869184
  },
  "results": {
    "IOPS": 3252059.406737548,
    "MIOPS": 3.2520594067375477,
    "MiB_per_sec": 6351.678528784273,
    "addr": 20293720473600,
    "byte_per_sec": 6660217664.998498,
    "success": true,
    "time": 2579.475634
  }
}
