{
  "params": {
    "accessPattern": "random",
    "accessType": "read",
    "blockSize": 2048,
    "granularity": "page",
    "noflush": false,
    "nonTemporal": true,
    "nthreads": 1,
    "path": "/dev/dax0.0",
    "set-affinity": true,
    "source": "devdax",
    "stripeSize": 8589934592,
    "totalSize": 8589934592
  },
  "results": {
    "IOPS": 1262148.9541131554,
    "MIOPS": 1.2621489541131554,
    "MiB_per_sec": 2465.1346760022566,
    "addr": 20762945650688,
    "byte_per_sec": 2584881058.023742,
    "success": true,
    "time": 3323.1450109999996
  }
}
