{
  "params": {
    "accessPattern": "random",
    "accessType": "read",
    "blockSize": 131072,
    "granularity": "page",
    "noflush": true,
    "nonTemporal": false,
    "nthreads": 1,
    "path": "/dev/dax0.0",
    "set-affinity": true,
    "source": "devdax",
    "stripeSize": 8589934592,
    "totalSize": 8589934592
  },
  "results": {
    "IOPS": 32956.621786955046,
    "MIOPS": 0.03295662178695505,
    "MiB_per_sec": 4119.577723369381,
    "addr": 21160230125568,
    "byte_per_sec": 4319690330.859772,
    "success": true,
    "time": 1988.55333
  }
}
