{
  "params": {
    "accessPattern": "random",
    "accessType": "read",
    "blockSize": 65536,
    "granularity": "page",
    "noflush": false,
    "nonTemporal": true,
    "nthreads": 2,
    "path": "/dev/dax0.0",
    "set-affinity": true,
    "source": "devdax",
    "stripeSize": 17179869184,
    "totalSize": 17179869184
  },
  "results": {
    "IOPS": 110535.80987407573,
    "MIOPS": 0.11053580987407573,
    "MiB_per_sec": 6908.488117129733,
    "addr": 20771535585280,
    "byte_per_sec": 7244074835.907427,
    "success": true,
    "time": 2371.575332
  }
}
