{
  "params": {
    "accessPattern": "random",
    "accessType": "read",
    "blockSize": 262144,
    "granularity": "page",
    "noflush": false,
    "nonTemporal": true,
    "nthreads": 32,
    "path": "/dev/dax0.0",
    "set-affinity": true,
    "source": "devdax",
    "stripeSize": 274877906944,
    "totalSize": 274877906944
  },
  "results": {
    "IOPS": 266323.4273272845,
    "MIOPS": 0.2663234273272845,
    "MiB_per_sec": 66580.85683182112,
    "addr": 20823075192832,
    "byte_per_sec": 69815088533.28366,
    "success": true,
    "time": 3937.227793
  }
}
