{
  "params": {
    "accessPattern": "random",
    "accessType": "read",
    "blockSize": 262144,
    "granularity": "page",
    "noflush": true,
    "nonTemporal": false,
    "nthreads": 8,
    "path": "/dev/dax0.0",
    "set-affinity": true,
    "source": "devdax",
    "stripeSize": 68719476736,
    "totalSize": 68719476736
  },
  "results": {
    "IOPS": 122850.79598556006,
    "MIOPS": 0.12285079598556006,
    "MiB_per_sec": 30712.698996390016,
    "addr": 20927228149760,
    "byte_per_sec": 32204599062.838657,
    "success": true,
    "time": 2133.840468
  }
}
