{
  "params": {
    "accessPattern": "random",
    "accessType": "read",
    "blockSize": 2048,
    "granularity": "page",
    "noflush": false,
    "nonTemporal": true,
    "nthreads": 1,
    "path": "/dev/dax0.0",
    "set-affinity": true,
    "source": "devdax",
    "stripeSize": 8589934592,
    "totalSize": 8589934592
  },
  "results": {
    "IOPS": 1160930.426732599,
    "MIOPS": 1.160930426732599,
    "MiB_per_sec": 2267.4422397121075,
    "addr": 20567524638720,
    "byte_per_sec": 2377585513.948363,
    "success": true,
    "time": 3612.8814469999998
  }
}
