{
  "params": {
    "accessPattern": "random",
    "accessType": "read",
    "blockSize": 131072,
    "granularity": "page",
    "noflush": true,
    "nonTemporal": false,
    "nthreads": 4,
    "path": "/dev/dax0.0",
    "set-affinity": true,
    "source": "devdax",
    "stripeSize": 34359738368,
    "totalSize": 34359738368
  },
  "results": {
    "IOPS": 127527.13176165386,
    "MIOPS": 0.12752713176165387,
    "MiB_per_sec": 15940.891470206732,
    "addr": 20499878903808,
    "byte_per_sec": 16715236214.263494,
    "success": true,
    "time": 2055.593946
  }
}
