{
  "params": {
    "accessPattern": "random",
    "accessType": "read",
    "blockSize": 64,
    "granularity": "page",
    "noflush": false,
    "nonTemporal": true,
    "nthreads": 16,
    "path": "/dev/dax0.0",
    "set-affinity": true,
    "source": "devdax",
    "stripeSize": 137438953472,
    "totalSize": 137438953472
  },
  "results": {
    "IOPS": 71919776.10418409,
    "MIOPS": 71.9197761041841,
    "MiB_per_sec": 4389.634771983892,
    "addr": 20813411516416,
    "byte_per_sec": 4602865670.667782,
    "success": true,
    "time": 29859.431777
  }
}
