{
  "params": {
    "accessPattern": "random",
    "accessType": "read",
    "blockSize": 8192,
    "granularity": "page",
    "noflush": true,
    "nonTemporal": false,
    "nthreads": 16,
    "path": "/dev/dax0.0",
    "set-affinity": true,
    "source": "devdax",
    "stripeSize": 137438953472,
    "totalSize": 137438953472
  },
  "results": {
    "IOPS": 7016752.67509457,
    "MIOPS": 7.01675267509457,
    "MiB_per_sec": 54818.38027417633,
    "addr": 21261161857024,
    "byte_per_sec": 57481237914.37472,
    "success": true,
    "time": 2391.022853
  }
}
