{
  "params": {
    "accessPattern": "random",
    "accessType": "read",
    "blockSize": 524288,
    "granularity": "page",
    "noflush": false,
    "nonTemporal": true,
    "nthreads": 48,
    "path": "/dev/dax0.0",
    "set-affinity": true,
    "source": "devdax",
    "stripeSize": 412316860416,
    "totalSize": 412316860416
  },
  "results": {
    "IOPS": 143203.61144186038,
    "MIOPS": 0.1432036114418604,
    "MiB_per_sec": 71601.80572093019,
    "addr": 21081846972416,
    "byte_per_sec": 75079935035.6301,
    "success": true,
    "time": 5491.705077
  }
}
