{
  "params": {
    "accessPattern": "random",
    "accessType": "read",
    "blockSize": 1048576,
    "granularity": "page",
    "noflush": true,
    "nonTemporal": false,
    "nthreads": 1,
    "path": "/dev/dax0.0",
    "set-affinity": true,
    "source": "devdax",
    "stripeSize": 8589934592,
    "totalSize": 8589934592
  },
  "results": {
    "IOPS": 3978.5657644575267,
    "MIOPS": 0.003978565764457527,
    "MiB_per_sec": 3978.5657644575267,
    "addr": 20917564473344,
    "byte_per_sec": 4171828575.0318155,
    "success": true,
    "time": 2059.033452
  }
}
