{
  "params": {
    "accessPattern": "random",
    "accessType": "read",
    "blockSize": 512,
    "granularity": "page",
    "noflush": true,
    "nonTemporal": false,
    "nthreads": 2,
    "path": "/dev/dax0.0",
    "set-affinity": true,
    "source": "devdax",
    "stripeSize": 17179869184,
    "totalSize": 17179869184
  },
  "results": {
    "IOPS": 8073871.839483989,
    "MIOPS": 8.073871839483989,
    "MiB_per_sec": 3942.3202341230417,
    "addr": 20633022889984,
    "byte_per_sec": 4133822381.8158026,
    "success": true,
    "time": 4155.928242
  }
}
