{
  "params": {
    "accessPattern": "random",
    "accessType": "read",
    "blockSize": 256,
    "granularity": "page",
    "noflush": true,
    "nonTemporal": false,
    "nthreads": 2,
    "path": "/dev/dax0.0",
    "set-affinity": true,
    "source": "devdax",
    "stripeSize": 17179869184,
    "totalSize": 17179869184
  },
  "results": {
    "IOPS": 12517306.509048313,
    "MIOPS": 12.517306509048312,
    "MiB_per_sec": 3055.9830344356233,
    "addr": 20862803640320,
    "byte_per_sec": 3204430466.316368,
    "success": true,
    "time": 5361.286308000001
  }
}
