{
  "params": {
    "accessPattern": "random",
    "accessType": "read",
    "blockSize": 64,
    "granularity": "page",
    "noflush": true,
    "nonTemporal": false,
    "nthreads": 4,
    "path": "/dev/dax0.0",
    "set-affinity": true,
    "source": "devdax",
    "stripeSize": 34359738368,
    "totalSize": 34359738368
  },
  "results": {
    "IOPS": 28474277.62345677,
    "MIOPS": 28.474277623456768,
    "MiB_per_sec": 1737.9319838535625,
    "addr": 20994873884672,
    "byte_per_sec": 1822353767.9012332,
    "success": true,
    "time": 18854.592875000002
  }
}
