{
  "params": {
    "accessPattern": "sequential",
    "accessType": "read",
    "blockSize": 65536,
    "granularity": "page",
    "noflush": false,
    "nonTemporal": true,
    "nthreads": 2,
    "path": "/dev/dax0.0",
    "set-affinity": true,
    "source": "devdax",
    "stripeSize": 17179869184,
    "totalSize": 17179869184
  },
  "results": {
    "IOPS": 110103.56189558859,
    "MIOPS": 0.11010356189558859,
    "MiB_per_sec": 6881.472618474287,
    "addr": 20703889850368,
    "byte_per_sec": 7215747032.389294,
    "success": true,
    "time": 2380.885736
  }
}
