{
  "params": {
    "accessPattern": "sequential",
    "accessType": "read",
    "blockSize": 65536,
    "granularity": "page",
    "noflush": false,
    "nonTemporal": true,
    "nthreads": 4,
    "path": "/dev/dax0.0",
    "set-affinity": true,
    "source": "devdax",
    "stripeSize": 34359738368,
    "totalSize": 34359738368
  },
  "results": {
    "IOPS": 209112.5484256448,
    "MIOPS": 0.2091125484256448,
    "MiB_per_sec": 13069.5342766028,
    "addr": 20948702986240,
    "byte_per_sec": 13704399973.623058,
    "success": true,
    "time": 2507.204871
  }
}
