{
  "params": {
    "accessPattern": "sequential",
    "accessType": "read",
    "blockSize": 262144,
    "granularity": "page",
    "noflush": false,
    "nonTemporal": true,
    "nthreads": 2,
    "path": "/dev/dax0.0",
    "set-affinity": true,
    "source": "devdax",
    "stripeSize": 17179869184,
    "totalSize": 17179869184
  },
  "results": {
    "IOPS": 27704.626413598853,
    "MIOPS": 0.027704626413598853,
    "MiB_per_sec": 6926.156603399713,
    "addr": 21141976514560,
    "byte_per_sec": 7262601586.566458,
    "success": true,
    "time": 2365.525491
  }
}
