{
  "params": {
    "accessPattern": "sequential",
    "accessType": "read",
    "blockSize": 16384,
    "granularity": "page",
    "noflush": true,
    "nonTemporal": false,
    "nthreads": 1,
    "path": "/dev/dax0.0",
    "set-affinity": true,
    "source": "devdax",
    "stripeSize": 8589934592,
    "totalSize": 8589934592
  },
  "results": {
    "IOPS": 282412.80363020423,
    "MIOPS": 0.2824128036302042,
    "MiB_per_sec": 4412.700056721941,
    "addr": 20634096631808,
    "byte_per_sec": 4627051374.677266,
    "success": true,
    "time": 1856.45974
  }
}
