{
  "params": {
    "accessPattern": "sequential",
    "accessType": "read",
    "blockSize": 8192,
    "granularity": "page",
    "noflush": true,
    "nonTemporal": false,
    "nthreads": 1,
    "path": "/dev/dax0.0",
    "set-affinity": true,
    "source": "devdax",
    "stripeSize": 8589934592,
    "totalSize": 8589934592
  },
  "results": {
    "IOPS": 565174.1709580602,
    "MIOPS": 0.5651741709580602,
    "MiB_per_sec": 4415.423210609845,
    "addr": 21080773230592,
    "byte_per_sec": 4629906808.488429,
    "success": true,
    "time": 1855.314793
  }
}
