{
  "params": {
    "accessPattern": "sequential",
    "accessType": "read",
    "blockSize": 2048,
    "granularity": "page",
    "noflush": false,
    "nonTemporal": true,
    "nthreads": 16,
    "path": "/dev/dax0.0",
    "set-affinity": true,
    "source": "devdax",
    "stripeSize": 137438953472,
    "totalSize": 137438953472
  },
  "results": {
    "IOPS": 21058444.302766643,
    "MIOPS": 21.05844430276664,
    "MiB_per_sec": 41129.7740288411,
    "addr": 20348481306624,
    "byte_per_sec": 43127693932.066086,
    "success": true,
    "time": 3186.791153
  }
}
