{
  "params": {
    "accessPattern": "sequential",
    "accessType": "read",
    "blockSize": 128,
    "granularity": "page",
    "noflush": true,
    "nonTemporal": false,
    "nthreads": 48,
    "path": "/dev/dax0.0",
    "set-affinity": true,
    "source": "devdax",
    "stripeSize": 412316860416,
    "totalSize": 412316860416
  },
  "results": {
    "IOPS": 573792968.1863699,
    "MIOPS": 573.7929681863699,
    "MiB_per_sec": 70043.08693681273,
    "addr": 20592220700672,
    "byte_per_sec": 73445499927.85535,
    "success": true,
    "time": 5613.915908
  }
}
