{
  "params": {
    "accessPattern": "sequential",
    "accessType": "read",
    "blockSize": 512,
    "granularity": "page",
    "noflush": false,
    "nonTemporal": true,
    "nthreads": 1,
    "path": "/dev/dax0.0",
    "set-affinity": true,
    "source": "devdax",
    "stripeSize": 8589934592,
    "totalSize": 8589934592
  },
  "results": {
    "IOPS": 5242542.558833317,
    "MIOPS": 5.242542558833317,
    "MiB_per_sec": 2559.8352338053305,
    "addr": 21049634717696,
    "byte_per_sec": 2684181790.1226583,
    "success": true,
    "time": 3200.205971
  }
}
