{
  "params": {
    "accessPattern": "sequential",
    "accessType": "read",
    "blockSize": 512,
    "granularity": "page",
    "noflush": true,
    "nonTemporal": false,
    "nthreads": 8,
    "path": "/dev/dax0.0",
    "set-affinity": true,
    "source": "devdax",
    "stripeSize": 68719476736,
    "totalSize": 68719476736
  },
  "results": {
    "IOPS": 57728077.05250592,
    "MIOPS": 57.72807705250592,
    "MiB_per_sec": 28187.537623293905,
    "addr": 20274393120768,
    "byte_per_sec": 29556775450.88303,
    "success": true,
    "time": 2324.999114
  }
}
