{
  "params": {
    "accessPattern": "sequential",
    "accessType": "read",
    "blockSize": 8192,
    "granularity": "page",
    "noflush": false,
    "nonTemporal": true,
    "nthreads": 32,
    "path": "/dev/dax0.0",
    "set-affinity": true,
    "source": "devdax",
    "stripeSize": 274877906944,
    "totalSize": 274877906944
  },
  "results": {
    "IOPS": 8464547.950103061,
    "MIOPS": 8.46454795010306,
    "MiB_per_sec": 66129.28086018017,
    "addr": 21072183296000,
    "byte_per_sec": 69341576807.24428,
    "success": true,
    "time": 3964.113878
  }
}
