{
  "params": {
    "accessPattern": "sequential",
    "accessType": "read",
    "blockSize": 524288,
    "granularity": "page",
    "noflush": false,
    "nonTemporal": true,
    "nthreads": 16,
    "path": "/dev/dax0.0",
    "set-affinity": true,
    "source": "devdax",
    "stripeSize": 137438953472,
    "totalSize": 137438953472
  },
  "results": {
    "IOPS": 83174.40141488267,
    "MIOPS": 0.08317440141488266,
    "MiB_per_sec": 41587.200707441334,
    "addr": 20353850015744,
    "byte_per_sec": 43607340569.006004,
    "success": true,
    "time": 3151.738943
  }
}
