{
  "params": {
    "accessPattern": "sequential",
    "accessType": "read",
    "blockSize": 65536,
    "granularity": "page",
    "noflush": true,
    "nonTemporal": false,
    "nthreads": 4,
    "path": "/dev/dax0.0",
    "set-affinity": true,
    "source": "devdax",
    "stripeSize": 34359738368,
    "totalSize": 34359738368
  },
  "results": {
    "IOPS": 256155.04722300972,
    "MIOPS": 0.25615504722300975,
    "MiB_per_sec": 16009.690451438108,
    "addr": 20946555502592,
    "byte_per_sec": 16787377174.807165,
    "success": true,
    "time": 2046.760373
  }
}
