{
  "params": {
    "accessPattern": "sequential",
    "accessType": "read",
    "blockSize": 256,
    "granularity": "page",
    "noflush": false,
    "nonTemporal": true,
    "nthreads": 32,
    "path": "/dev/dax0.0",
    "set-affinity": true,
    "source": "devdax",
    "stripeSize": 274877906944,
    "totalSize": 274877906944
  },
  "results": {
    "IOPS": 142773129.55973062,
    "MIOPS": 142.77312955973062,
    "MiB_per_sec": 34856.72108391861,
    "addr": 20240033382400,
    "byte_per_sec": 36549921167.29104,
    "success": true,
    "time": 7520.61559
  }
}
