{
  "params": {
    "accessPattern": "sequential",
    "accessType": "read",
    "blockSize": 4096,
    "granularity": "page",
    "noflush": false,
    "nonTemporal": true,
    "nthreads": 8,
    "path": "/dev/dax0.0",
    "set-affinity": true,
    "source": "devdax",
    "stripeSize": 68719476736,
    "totalSize": 68719476736
  },
  "results": {
    "IOPS": 5424474.900445702,
    "MIOPS": 5.424474900445701,
    "MiB_per_sec": 21189.35507986602,
    "addr": 20227148480512,
    "byte_per_sec": 22218649192.225594,
    "success": true,
    "time": 3092.873745
  }
}
