{
  "params": {
    "accessPattern": "sequential",
    "accessType": "read",
    "blockSize": 512,
    "granularity": "page",
    "noflush": true,
    "nonTemporal": false,
    "nthreads": 48,
    "path": "/dev/dax0.0",
    "set-affinity": true,
    "source": "devdax",
    "stripeSize": 412316860416,
    "totalSize": 412316860416
  },
  "results": {
    "IOPS": 150241674.65836573,
    "MIOPS": 150.24167465836572,
    "MiB_per_sec": 73360.19270428014,
    "addr": 21102248067072,
    "byte_per_sec": 76923737425.08325,
    "success": true,
    "time": 5360.073161
  }
}
