{
  "params": {
    "accessPattern": "sequential",
    "accessType": "read",
    "blockSize": 131072,
    "granularity": "page",
    "noflush": true,
    "nonTemporal": false,
    "nthreads": 1,
    "path": "/dev/dax0.0",
    "set-affinity": true,
    "source": "devdax",
    "stripeSize": 8589934592,
    "totalSize": 8589934592
  },
  "results": {
    "IOPS": 32945.9927188964,
    "MIOPS": 0.0329459927188964,
    "MiB_per_sec": 4118.24908986205,
    "addr": 21101174325248,
    "byte_per_sec": 4318297157.651189,
    "success": true,
    "time": 1989.1948790000001
  }
}
