{
  "params": {
    "accessPattern": "sequential",
    "accessType": "read",
    "blockSize": 8192,
    "granularity": "page",
    "noflush": false,
    "nonTemporal": true,
    "nthreads": 8,
    "path": "/dev/dax0.0",
    "set-affinity": true,
    "source": "devdax",
    "stripeSize": 68719476736,
    "totalSize": 68719476736
  },
  "results": {
    "IOPS": 3017045.9574807873,
    "MIOPS": 3.0170459574807875,
    "MiB_per_sec": 23570.67154281865,
    "addr": 20728585912320,
    "byte_per_sec": 24715640483.68261,
    "success": true,
    "time": 2780.4044480000002
  }
}
