{
  "params": {
    "accessPattern": "sequential",
    "accessType": "read",
    "blockSize": 64,
    "granularity": "page",
    "noflush": false,
    "nonTemporal": true,
    "nthreads": 16,
    "path": "/dev/dax0.0",
    "set-affinity": true,
    "source": "devdax",
    "stripeSize": 137438953472,
    "totalSize": 137438953472
  },
  "results": {
    "IOPS": 81939422.95715137,
    "MIOPS": 81.93942295715136,
    "MiB_per_sec": 5001.185483224571,
    "addr": 20294794215424,
    "byte_per_sec": 5244123069.257688,
    "success": true,
    "time": 26208.186127
  }
}
