{
  "params": {
    "accessPattern": "sequential",
    "accessType": "read",
    "blockSize": 8192,
    "granularity": "page",
    "noflush": false,
    "nonTemporal": true,
    "nthreads": 4,
    "path": "/dev/dax0.0",
    "set-affinity": true,
    "source": "devdax",
    "stripeSize": 34359738368,
    "totalSize": 34359738368
  },
  "results": {
    "IOPS": 1629012.5466672927,
    "MIOPS": 1.6290125466672927,
    "MiB_per_sec": 12726.660520838224,
    "addr": 20323785244672,
    "byte_per_sec": 13344870782.298462,
    "success": true,
    "time": 2574.752422
  }
}
