{
  "params": {
    "accessPattern": "sequential",
    "accessType": "read",
    "blockSize": 262144,
    "granularity": "page",
    "noflush": false,
    "nonTemporal": true,
    "nthreads": 48,
    "path": "/dev/dax0.0",
    "set-affinity": true,
    "source": "devdax",
    "stripeSize": 412316860416,
    "totalSize": 412316860416
  },
  "results": {
    "IOPS": 284181.0942519884,
    "MIOPS": 0.2841810942519884,
    "MiB_per_sec": 71045.2735629971,
    "addr": 20552492253184,
    "byte_per_sec": 74496368771.59325,
    "success": true,
    "time": 5534.724272
  }
}
