{
  "params": {
    "accessPattern": "sequential",
    "accessType": "read",
    "blockSize": 262144,
    "granularity": "page",
    "noflush": false,
    "nonTemporal": true,
    "nthreads": 8,
    "path": "/dev/dax0.0",
    "set-affinity": true,
    "source": "devdax",
    "stripeSize": 68719476736,
    "totalSize": 68719476736
  },
  "results": {
    "IOPS": 96123.27492022587,
    "MIOPS": 0.09612327492022588,
    "MiB_per_sec": 24030.818730056468,
    "addr": 20319490277376,
    "byte_per_sec": 25198139780.68769,
    "success": true,
    "time": 2727.164677
  }
}
