{
  "params": {
    "accessPattern": "sequential",
    "accessType": "read",
    "blockSize": 1024,
    "granularity": "page",
    "noflush": true,
    "nonTemporal": false,
    "nthreads": 16,
    "path": "/dev/dax0.0",
    "set-affinity": true,
    "source": "devdax",
    "stripeSize": 137438953472,
    "totalSize": 137438953472
  },
  "results": {
    "IOPS": 57387780.049469784,
    "MIOPS": 57.38778004946978,
    "MiB_per_sec": 56042.753954560336,
    "addr": 20750060748800,
    "byte_per_sec": 58765086770.65706,
    "success": true,
    "time": 2338.785851
  }
}
