{
  "params": {
    "accessPattern": "sequential",
    "accessType": "read",
    "blockSize": 128,
    "granularity": "page",
    "noflush": true,
    "nonTemporal": false,
    "nthreads": 4,
    "path": "/dev/dax0.0",
    "set-affinity": true,
    "source": "devdax",
    "stripeSize": 34359738368,
    "totalSize": 34359738368
  },
  "results": {
    "IOPS": 104531265.67913994,
    "MIOPS": 104.53126567913993,
    "MiB_per_sec": 12760.164267473137,
    "addr": 20962661629952,
    "byte_per_sec": 13380002006.929913,
    "success": true,
    "time": 2567.9920190000003
  }
}
