{
  "params": {
    "accessPattern": "sequential",
    "accessType": "read",
    "blockSize": 16384,
    "granularity": "page",
    "noflush": true,
    "nonTemporal": false,
    "nthreads": 2,
    "path": "/dev/dax0.0",
    "set-affinity": true,
    "source": "devdax",
    "stripeSize": 17179869184,
    "totalSize": 17179869184
  },
  "results": {
    "IOPS": 556961.8420325676,
    "MIOPS": 0.5569618420325676,
    "MiB_per_sec": 8702.528781758869,
    "addr": 20715701010432,
    "byte_per_sec": 9125262819.861588,
    "success": true,
    "time": 1882.6711650000002
  }
}
