{
  "params": {
    "accessPattern": "sequential",
    "accessType": "read",
    "blockSize": 2048,
    "granularity": "page",
    "noflush": true,
    "nonTemporal": false,
    "nthreads": 4,
    "path": "/dev/dax0.0",
    "set-affinity": true,
    "source": "devdax",
    "stripeSize": 34359738368,
    "totalSize": 34359738368
  },
  "results": {
    "IOPS": 8527431.684228756,
    "MIOPS": 8.527431684228755,
    "MiB_per_sec": 16655.140008259288,
    "addr": 21174188769280,
    "byte_per_sec": 17464180089.30049,
    "success": true,
    "time": 1967.440681
  }
}
