{
  "params": {
    "accessPattern": "sequential",
    "accessType": "read",
    "blockSize": 16384,
    "granularity": "page",
    "noflush": false,
    "nonTemporal": true,
    "nthreads": 48,
    "path": "/dev/dax0.0",
    "set-affinity": true,
    "source": "devdax",
    "stripeSize": 412316860416,
    "totalSize": 412316860416
  },
  "results": {
    "IOPS": 4550030.032993706,
    "MIOPS": 4.550030032993706,
    "MiB_per_sec": 71094.21926552666,
    "addr": 20895015895040,
    "byte_per_sec": 74547692060.56888,
    "success": true,
    "time": 5530.9138219999995
  }
}
