{
  "params": {
    "accessPattern": "sequential",
    "accessType": "read",
    "blockSize": 131072,
    "granularity": "page",
    "noflush": true,
    "nonTemporal": false,
    "nthreads": 32,
    "path": "/dev/dax0.0",
    "set-affinity": true,
    "source": "devdax",
    "stripeSize": 274877906944,
    "totalSize": 274877906944
  },
  "results": {
    "IOPS": 603182.9712563667,
    "MIOPS": 0.6031829712563667,
    "MiB_per_sec": 75397.87140704584,
    "addr": 21176336252928,
    "byte_per_sec": 79060398408.5145,
    "success": true,
    "time": 3476.809028
  }
}
