{
  "params": {
    "accessPattern": "sequential",
    "accessType": "read",
    "blockSize": 131072,
    "granularity": "page",
    "noflush": true,
    "nonTemporal": false,
    "nthreads": 8,
    "path": "/dev/dax0.0",
    "set-affinity": true,
    "source": "devdax",
    "stripeSize": 68719476736,
    "totalSize": 68719476736
  },
  "results": {
    "IOPS": 244661.07747551723,
    "MIOPS": 0.24466107747551724,
    "MiB_per_sec": 30582.634684439654,
    "addr": 20287278022656,
    "byte_per_sec": 32068216746.870995,
    "success": true,
    "time": 2142.915438
  }
}
