{
  "params": {
    "accessPattern": "sequential",
    "accessType": "read",
    "blockSize": 32768,
    "granularity": "page",
    "noflush": false,
    "nonTemporal": true,
    "nthreads": 2,
    "path": "/dev/dax0.0",
    "set-affinity": true,
    "source": "devdax",
    "stripeSize": 17179869184,
    "totalSize": 17179869184
  },
  "results": {
    "IOPS": 221356.20693189598,
    "MIOPS": 0.22135620693189598,
    "MiB_per_sec": 6917.3814666217495,
    "addr": 21029233623040,
    "byte_per_sec": 7253400188.744368,
    "success": true,
    "time": 2368.52631
  }
}
