{
  "params": {
    "accessPattern": "sequential",
    "accessType": "read",
    "blockSize": 128,
    "granularity": "page",
    "noflush": true,
    "nonTemporal": false,
    "nthreads": 32,
    "path": "/dev/dax0.0",
    "set-affinity": true,
    "source": "devdax",
    "stripeSize": 274877906944,
    "totalSize": 274877906944
  },
  "results": {
    "IOPS": 522445571.33061665,
    "MIOPS": 522.4455713306166,
    "MiB_per_sec": 63775.094156569416,
    "addr": 20626580439040,
    "byte_per_sec": 66873033130.31893,
    "success": true,
    "time": 4110.444735
  }
}
