{
  "params": {
    "accessPattern": "sequential",
    "accessType": "read",
    "blockSize": 64,
    "granularity": "page",
    "noflush": false,
    "nonTemporal": true,
    "nthreads": 2,
    "path": "/dev/dax0.0",
    "set-affinity": true,
    "source": "devdax",
    "stripeSize": 17179869184,
    "totalSize": 17179869184
  },
  "results": {
    "IOPS": 9111262.869962616,
    "MIOPS": 9.111262869962616,
    "MiB_per_sec": 556.1073529029917,
    "addr": 20584704507904,
    "byte_per_sec": 583120823.6776074,
    "success": true,
    "time": 29461.937366000002
  }
}
