{
  "params": {
    "accessPattern": "sequential",
    "accessType": "read",
    "blockSize": 32768,
    "granularity": "page",
    "noflush": true,
    "nonTemporal": false,
    "nthreads": 8,
    "path": "/dev/dax0.0",
    "set-affinity": true,
    "source": "devdax",
    "stripeSize": 68719476736,
    "totalSize": 68719476736
  },
  "results": {
    "IOPS": 1004343.3889083447,
    "MIOPS": 1.0043433889083446,
    "MiB_per_sec": 31385.73090338577,
    "addr": 21023864913920,
    "byte_per_sec": 32910324167.74864,
    "success": true,
    "time": 2088.082645
  }
}
