{
  "params": {
    "accessPattern": "sequential",
    "accessType": "read",
    "blockSize": 4096,
    "granularity": "page",
    "noflush": true,
    "nonTemporal": false,
    "nthreads": 48,
    "path": "/dev/dax0.0",
    "set-affinity": true,
    "source": "devdax",
    "stripeSize": 412316860416,
    "totalSize": 412316860416
  },
  "results": {
    "IOPS": 20476492.97148546,
    "MIOPS": 20.47649297148546,
    "MiB_per_sec": 79986.30066986507,
    "addr": 20546049802240,
    "byte_per_sec": 83871715211.20444,
    "success": true,
    "time": 4916.0418310000005
  }
}
