{
  "params": {
    "accessPattern": "sequential",
    "accessType": "read",
    "blockSize": 32768,
    "granularity": "page",
    "noflush": true,
    "nonTemporal": false,
    "nthreads": 16,
    "path": "/dev/dax0.0",
    "set-affinity": true,
    "source": "devdax",
    "stripeSize": 137438953472,
    "totalSize": 137438953472
  },
  "results": {
    "IOPS": 1846666.3394244772,
    "MIOPS": 1.846666339424477,
    "MiB_per_sec": 57708.32310701491,
    "addr": 20995947626496,
    "byte_per_sec": 60511562610.26127,
    "success": true,
    "time": 2271.284157
  }
}
