{
  "params": {
    "accessPattern": "sequential",
    "accessType": "read",
    "blockSize": 262144,
    "granularity": "page",
    "noflush": false,
    "nonTemporal": true,
    "nthreads": 48,
    "path": "/dev/dax0.0",
    "set-affinity": true,
    "source": "devdax",
    "stripeSize": 412316860416,
    "totalSize": 412316860416
  },
  "results": {
    "IOPS": 283491.22652272676,
    "MIOPS": 0.28349122652272674,
    "MiB_per_sec": 70872.80663068169,
    "addr": 21157008900096,
    "byte_per_sec": 74315524085.57368,
    "success": true,
    "time": 5548.192864
  }
}
