{
  "params": {
    "accessPattern": "sequential",
    "accessType": "read",
    "blockSize": 1048576,
    "granularity": "page",
    "noflush": false,
    "nonTemporal": true,
    "nthreads": 1,
    "path": "/dev/dax0.0",
    "set-affinity": true,
    "source": "devdax",
    "stripeSize": 8589934592,
    "totalSize": 8589934592
  },
  "results": {
    "IOPS": 3564.750990096207,
    "MIOPS": 0.0035647509900962066,
    "MiB_per_sec": 3564.750990096207,
    "addr": 20614769278976,
    "byte_per_sec": 3737912334.19112,
    "success": true,
    "time": 2298.056729
  }
}
