{
  "params": {
    "accessPattern": "random",
    "accessType": "write",
    "blockSize": 128,
    "granularity": "page",
    "noflush": false,
    "nonTemporal": true,
    "nthreads": 8,
    "path": "/dev/dax0.0",
    "set-affinity": true,
    "source": "devdax",
    "stripeSize": 68719476736,
    "totalSize": 68719476736
  },
  "results": {
    "IOPS": 32323886.52533272,
    "MIOPS": 32.32388652533272,
    "MiB_per_sec": 3945.786929361904,
    "addr": 21081846972416,
    "byte_per_sec": 4137457475.242588,
    "success": true,
    "time": 16609.107682
  }
}
