{
  "params": {
    "accessPattern": "random",
    "accessType": "write",
    "blockSize": 8192,
    "granularity": "page",
    "noflush": false,
    "nonTemporal": true,
    "nthreads": 1,
    "path": "/dev/dax0.0",
    "set-affinity": true,
    "source": "devdax",
    "stripeSize": 8589934592,
    "totalSize": 8589934592
  },
  "results": {
    "IOPS": 1477563.8066455089,
    "MIOPS": 1.4775638066455088,
    "MiB_per_sec": 11543.467239418038,
    "addr": 20570745864192,
    "byte_per_sec": 12104202704.040009,
    "success": true,
    "time": 709.665461
  }
}
