{
  "params": {
    "accessPattern": "random",
    "accessType": "write",
    "blockSize": 1048576,
    "granularity": "page",
    "noflush": false,
    "nonTemporal": true,
    "nthreads": 16,
    "path": "/dev/dax0.0",
    "set-affinity": true,
    "source": "devdax",
    "stripeSize": 137438953472,
    "totalSize": 137438953472
  },
  "results": {
    "IOPS": 24010.0623864831,
    "MIOPS": 0.0240100623864831,
    "MiB_per_sec": 24010.0623864831,
    "addr": 20822001451008,
    "byte_per_sec": 25176375176.968903,
    "success": true,
    "time": 5459.044541
  }
}
