{
  "params": {
    "accessPattern": "random",
    "accessType": "write",
    "blockSize": 1024,
    "granularity": "page",
    "noflush": false,
    "nonTemporal": false,
    "nthreads": 8,
    "path": "/dev/dax0.0",
    "set-affinity": true,
    "source": "devdax",
    "stripeSize": 68719476736,
    "totalSize": 68719476736
  },
  "results": {
    "IOPS": 7652245.554024492,
    "MIOPS": 7.652245554024493,
    "MiB_per_sec": 7472.896048852043,
    "addr": 20800526614528,
    "byte_per_sec": 7835899447.32108,
    "success": true,
    "time": 8769.826259
  }
}
