{
  "params": {
    "accessPattern": "random",
    "accessType": "write",
    "blockSize": 256,
    "granularity": "page",
    "noflush": false,
    "nonTemporal": true,
    "nthreads": 32,
    "path": "/dev/dax0.0",
    "set-affinity": true,
    "source": "devdax",
    "stripeSize": 274877906944,
    "totalSize": 274877906944
  },
  "results": {
    "IOPS": 85345840.46270388,
    "MIOPS": 85.34584046270389,
    "MiB_per_sec": 20836.386831714815,
    "addr": 20410758332416,
    "byte_per_sec": 21848535158.452194,
    "success": true,
    "time": 12581.068019
  }
}
