{
  "params": {
    "accessPattern": "random",
    "accessType": "write",
    "blockSize": 65536,
    "granularity": "page",
    "noflush": false,
    "nonTemporal": false,
    "nthreads": 1,
    "path": "/dev/dax0.0",
    "set-affinity": true,
    "source": "devdax",
    "stripeSize": 8589934592,
    "totalSize": 8589934592
  },
  "results": {
    "IOPS": 43171.114634587815,
    "MIOPS": 0.043171114634587816,
    "MiB_per_sec": 2698.1946646617384,
    "addr": 21012053753856,
    "byte_per_sec": 2829262168.692347,
    "success": true,
    "time": 3036.104143
  }
}
