{
  "params": {
    "accessPattern": "random",
    "accessType": "write",
    "blockSize": 65536,
    "granularity": "page",
    "noflush": false,
    "nonTemporal": true,
    "nthreads": 32,
    "path": "/dev/dax0.0",
    "set-affinity": true,
    "source": "devdax",
    "stripeSize": 274877906944,
    "totalSize": 274877906944
  },
  "results": {
    "IOPS": 386717.7522134213,
    "MIOPS": 0.38671775221342125,
    "MiB_per_sec": 24169.85951333883,
    "addr": 20569672122368,
    "byte_per_sec": 25343934609.058777,
    "success": true,
    "time": 10845.904994
  }
}
