{
  "params": {
    "accessPattern": "random",
    "accessType": "write",
    "blockSize": 8192,
    "granularity": "page",
    "noflush": false,
    "nonTemporal": true,
    "nthreads": 1,
    "path": "/dev/dax0.0",
    "set-affinity": true,
    "source": "devdax",
    "stripeSize": 8589934592,
    "totalSize": 8589934592
  },
  "results": {
    "IOPS": 1493338.7556186465,
    "MIOPS": 1.4933387556186466,
    "MiB_per_sec": 11666.709028270676,
    "addr": 20728585912320,
    "byte_per_sec": 12233431086.027952,
    "success": true,
    "time": 702.1688790000001
  }
}
