{
  "params": {
    "accessPattern": "random",
    "accessType": "write",
    "blockSize": 8192,
    "granularity": "page",
    "noflush": false,
    "nonTemporal": false,
    "nthreads": 48,
    "path": "/dev/dax0.0",
    "set-affinity": true,
    "source": "devdax",
    "stripeSize": 412316860416,
    "totalSize": 412316860416
  },
  "results": {
    "IOPS": 3066655.193409576,
    "MIOPS": 3.0666551934095763,
    "MiB_per_sec": 23958.243698512313,
    "addr": 21216064700416,
    "byte_per_sec": 25122039344.411247,
    "success": true,
    "time": 16412.555317
  }
}
