{
  "params": {
    "accessPattern": "random",
    "accessType": "write",
    "blockSize": 16384,
    "granularity": "page",
    "noflush": false,
    "nonTemporal": true,
    "nthreads": 32,
    "path": "/dev/dax0.0",
    "set-affinity": true,
    "source": "devdax",
    "stripeSize": 274877906944,
    "totalSize": 274877906944
  },
  "results": {
    "IOPS": 1500013.9792225182,
    "MIOPS": 1.5000139792225182,
    "MiB_per_sec": 23437.718425351846,
    "addr": 20799452872704,
    "byte_per_sec": 24576229035.581738,
    "success": true,
    "time": 11184.706431
  }
}
