{
  "params": {
    "accessPattern": "random",
    "accessType": "write",
    "blockSize": 2048,
    "granularity": "page",
    "noflush": false,
    "nonTemporal": true,
    "nthreads": 48,
    "path": "/dev/dax0.0",
    "set-affinity": true,
    "source": "devdax",
    "stripeSize": 412316860416,
    "totalSize": 412316860416
  },
  "results": {
    "IOPS": 12718485.181660686,
    "MIOPS": 12.718485181660686,
    "MiB_per_sec": 24840.791370431027,
    "addr": 20346333822976,
    "byte_per_sec": 26047457652.041084,
    "success": true,
    "time": 15829.447385
  }
}
