{
  "params": {
    "accessPattern": "random",
    "accessType": "write",
    "blockSize": 32768,
    "granularity": "page",
    "noflush": false,
    "nonTemporal": false,
    "nthreads": 48,
    "path": "/dev/dax0.0",
    "set-affinity": true,
    "source": "devdax",
    "stripeSize": 412316860416,
    "totalSize": 412316860416
  },
  "results": {
    "IOPS": 778388.2943038241,
    "MIOPS": 0.7783882943038241,
    "MiB_per_sec": 24324.634196994502,
    "addr": 20872467316736,
    "byte_per_sec": 25506227627.747707,
    "success": true,
    "time": 16165.340733000001
  }
}
