{
  "params": {
    "accessPattern": "random",
    "accessType": "write",
    "blockSize": 8192,
    "granularity": "page",
    "noflush": false,
    "nonTemporal": false,
    "nthreads": 4,
    "path": "/dev/dax0.0",
    "set-affinity": true,
    "source": "devdax",
    "stripeSize": 34359738368,
    "totalSize": 34359738368
  },
  "results": {
    "IOPS": 1040599.4173226393,
    "MIOPS": 1.0405994173226392,
    "MiB_per_sec": 8129.682947833119,
    "addr": 20358144983040,
    "byte_per_sec": 8524590426.707061,
    "success": true,
    "time": 4030.661492
  }
}
