{
  "params": {
    "accessPattern": "random",
    "accessType": "write",
    "blockSize": 4096,
    "granularity": "page",
    "noflush": false,
    "nonTemporal": false,
    "nthreads": 1,
    "path": "/dev/dax0.0",
    "set-affinity": true,
    "source": "devdax",
    "stripeSize": 8589934592,
    "totalSize": 8589934592
  },
  "results": {
    "IOPS": 561684.9701468854,
    "MIOPS": 0.5616849701468853,
    "MiB_per_sec": 2194.081914636271,
    "addr": 20919711956992,
    "byte_per_sec": 2300661637.7216425,
    "success": true,
    "time": 3733.680108
  }
}
