{
  "params": {
    "accessPattern": "random",
    "accessType": "write",
    "blockSize": 1048576,
    "granularity": "page",
    "noflush": false,
    "nonTemporal": true,
    "nthreads": 2,
    "path": "/dev/dax0.0",
    "set-affinity": true,
    "source": "devdax",
    "stripeSize": 17179869184,
    "totalSize": 17179869184
  },
  "results": {
    "IOPS": 24534.62070609228,
    "MIOPS": 0.02453462070609228,
    "MiB_per_sec": 24534.62070609228,
    "addr": 20804821581824,
    "byte_per_sec": 25726414441.511417,
    "success": true,
    "time": 667.7910449999999
  }
}
