{
  "params": {
    "accessPattern": "random",
    "accessType": "write",
    "blockSize": 512,
    "granularity": "page",
    "noflush": false,
    "nonTemporal": false,
    "nthreads": 8,
    "path": "/dev/dax0.0",
    "set-affinity": true,
    "source": "devdax",
    "stripeSize": 68719476736,
    "totalSize": 68719476736
  },
  "results": {
    "IOPS": 7874094.068367704,
    "MIOPS": 7.874094068367704,
    "MiB_per_sec": 3844.772494320168,
    "addr": 20402168397824,
    "byte_per_sec": 4031536163.0042644,
    "success": true,
    "time": 17045.48191
  }
}
