{
  "params": {
    "accessPattern": "random",
    "accessType": "write",
    "blockSize": 131072,
    "granularity": "page",
    "noflush": false,
    "nonTemporal": false,
    "nthreads": 4,
    "path": "/dev/dax0.0",
    "set-affinity": true,
    "source": "devdax",
    "stripeSize": 34359738368,
    "totalSize": 34359738368
  },
  "results": {
    "IOPS": 70818.84354577457,
    "MIOPS": 0.07081884354577457,
    "MiB_per_sec": 8852.35544322182,
    "addr": 20856361189376,
    "byte_per_sec": 9282367461.231764,
    "success": true,
    "time": 3701.613679
  }
}
