{
  "params": {
    "accessPattern": "random",
    "accessType": "write",
    "blockSize": 262144,
    "granularity": "page",
    "noflush": false,
    "nonTemporal": false,
    "nthreads": 8,
    "path": "/dev/dax0.0",
    "set-affinity": true,
    "source": "devdax",
    "stripeSize": 68719476736,
    "totalSize": 68719476736
  },
  "results": {
    "IOPS": 54883.216783888645,
    "MIOPS": 0.05488321678388865,
    "MiB_per_sec": 13720.804195972161,
    "addr": 20465519165440,
    "byte_per_sec": 14387305980.595705,
    "success": true,
    "time": 4776.396417
  }
}
