{
  "params": {
    "accessPattern": "random",
    "accessType": "write",
    "blockSize": 1024,
    "granularity": "page",
    "noflush": false,
    "nonTemporal": false,
    "nthreads": 48,
    "path": "/dev/dax0.0",
    "set-affinity": true,
    "source": "devdax",
    "stripeSize": 412316860416,
    "totalSize": 412316860416
  },
  "results": {
    "IOPS": 16249493.266999898,
    "MIOPS": 16.2494932669999,
    "MiB_per_sec": 15868.645768554588,
    "addr": 20577188315136,
    "byte_per_sec": 16639481105.407896,
    "success": true,
    "time": 24779.430188
  }
}
