{
  "params": {
    "accessPattern": "random",
    "accessType": "write",
    "blockSize": 262144,
    "granularity": "page",
    "noflush": false,
    "nonTemporal": true,
    "nthreads": 2,
    "path": "/dev/dax0.0",
    "set-affinity": true,
    "source": "devdax",
    "stripeSize": 17179869184,
    "totalSize": 17179869184
  },
  "results": {
    "IOPS": 97082.93568724215,
    "MIOPS": 0.09708293568724215,
    "MiB_per_sec": 24270.733921810537,
    "addr": 20897163378688,
    "byte_per_sec": 25449709092.796406,
    "success": true,
    "time": 675.051692
  }
}
