{
  "params": {
    "accessPattern": "random",
    "accessType": "write",
    "blockSize": 65536,
    "granularity": "page",
    "noflush": false,
    "nonTemporal": true,
    "nthreads": 1,
    "path": "/dev/dax0.0",
    "set-affinity": true,
    "source": "devdax",
    "stripeSize": 8589934592,
    "totalSize": 8589934592
  },
  "results": {
    "IOPS": 247776.63982437376,
    "MIOPS": 0.24777663982437376,
    "MiB_per_sec": 15486.03998902336,
    "addr": 20245402091520,
    "byte_per_sec": 16238289867.530159,
    "success": true,
    "time": 528.992564
  }
}
