{
  "params": {
    "accessPattern": "random",
    "accessType": "write",
    "blockSize": 1048576,
    "granularity": "page",
    "noflush": false,
    "nonTemporal": true,
    "nthreads": 4,
    "path": "/dev/dax0.0",
    "set-affinity": true,
    "source": "devdax",
    "stripeSize": 34359738368,
    "totalSize": 34359738368
  },
  "results": {
    "IOPS": 24953.857600153642,
    "MIOPS": 0.02495385760015364,
    "MiB_per_sec": 24953.857600153642,
    "addr": 20606179344384,
    "byte_per_sec": 26166016186.938705,
    "success": true,
    "time": 1313.143664
  }
}
