{
  "params": {
    "accessPattern": "random",
    "accessType": "write",
    "blockSize": 262144,
    "granularity": "page",
    "noflush": false,
    "nonTemporal": true,
    "nthreads": 16,
    "path": "/dev/dax0.0",
    "set-affinity": true,
    "source": "devdax",
    "stripeSize": 137438953472,
    "totalSize": 137438953472
  },
  "results": {
    "IOPS": 96755.98876862519,
    "MIOPS": 0.09675598876862519,
    "MiB_per_sec": 24188.997192156297,
    "addr": 21083994456064,
    "byte_per_sec": 25364001919.76248,
    "success": true,
    "time": 5418.662004
  }
}
