{
  "params": {
    "accessPattern": "random",
    "accessType": "write",
    "blockSize": 4096,
    "granularity": "page",
    "noflush": false,
    "nonTemporal": true,
    "nthreads": 32,
    "path": "/dev/dax0.0",
    "set-affinity": true,
    "source": "devdax",
    "stripeSize": 274877906944,
    "totalSize": 274877906944
  },
  "results": {
    "IOPS": 6142643.584210624,
    "MIOPS": 6.142643584210624,
    "MiB_per_sec": 23994.70150082275,
    "addr": 20826296418304,
    "byte_per_sec": 25160268120.926716,
    "success": true,
    "time": 10925.078604999999
  }
}
