{
  "params": {
    "accessPattern": "random",
    "accessType": "write",
    "blockSize": 262144,
    "granularity": "page",
    "noflush": false,
    "nonTemporal": true,
    "nthreads": 16,
    "path": "/dev/dax0.0",
    "set-affinity": true,
    "source": "devdax",
    "stripeSize": 137438953472,
    "totalSize": 137438953472
  },
  "results": {
    "IOPS": 96786.82323370823,
    "MIOPS": 0.09678682323370823,
    "MiB_per_sec": 24196.705808427057,
    "addr": 20539607351296,
    "byte_per_sec": 25372084989.77721,
    "success": true,
    "time": 5416.9357199999995
  }
}
