{
  "params": {
    "accessPattern": "random",
    "accessType": "write",
    "blockSize": 32768,
    "granularity": "page",
    "noflush": false,
    "nonTemporal": false,
    "nthreads": 2,
    "path": "/dev/dax0.0",
    "set-affinity": true,
    "source": "devdax",
    "stripeSize": 17179869184,
    "totalSize": 17179869184
  },
  "results": {
    "IOPS": 163615.4083501361,
    "MIOPS": 0.1636154083501361,
    "MiB_per_sec": 5112.981510941753,
    "addr": 20327006470144,
    "byte_per_sec": 5361349700.81726,
    "success": true,
    "time": 3204.392577
  }
}
