{
  "params": {
    "accessPattern": "random",
    "accessType": "write",
    "blockSize": 128,
    "granularity": "page",
    "noflush": false,
    "nonTemporal": true,
    "nthreads": 4,
    "path": "/dev/dax0.0",
    "set-affinity": true,
    "source": "devdax",
    "stripeSize": 34359738368,
    "totalSize": 34359738368
  },
  "results": {
    "IOPS": 16239073.840376634,
    "MIOPS": 16.239073840376633,
    "MiB_per_sec": 1982.3088184053508,
    "addr": 21163451351040,
    "byte_per_sec": 2078601451.5682092,
    "success": true,
    "time": 16530.219557999997
  }
}
