{
  "params": {
    "accessPattern": "random",
    "accessType": "write",
    "blockSize": 262144,
    "granularity": "page",
    "noflush": false,
    "nonTemporal": false,
    "nthreads": 1,
    "path": "/dev/dax0.0",
    "set-affinity": true,
    "source": "devdax",
    "stripeSize": 8589934592,
    "totalSize": 8589934592
  },
  "results": {
    "IOPS": 10927.256423970333,
    "MIOPS": 0.010927256423970333,
    "MiB_per_sec": 2731.8141059925833,
    "addr": 20710332301312,
    "byte_per_sec": 2864514708.005279,
    "success": true,
    "time": 2998.7399149999997
  }
}
