{
  "params": {
    "accessPattern": "random",
    "accessType": "write",
    "blockSize": 262144,
    "granularity": "page",
    "noflush": false,
    "nonTemporal": true,
    "nthreads": 2,
    "path": "/dev/dax0.0",
    "set-affinity": true,
    "source": "devdax",
    "stripeSize": 17179869184,
    "totalSize": 17179869184
  },
  "results": {
    "IOPS": 96113.40128310482,
    "MIOPS": 0.09611340128310482,
    "MiB_per_sec": 24028.350320776204,
    "addr": 20456929230848,
    "byte_per_sec": 25195551465.95823,
    "success": true,
    "time": 681.861209
  }
}
