{
  "params": {
    "accessPattern": "random",
    "accessType": "write",
    "blockSize": 8192,
    "granularity": "page",
    "noflush": false,
    "nonTemporal": true,
    "nthreads": 8,
    "path": "/dev/dax0.0",
    "set-affinity": true,
    "source": "devdax",
    "stripeSize": 68719476736,
    "totalSize": 68719476736
  },
  "results": {
    "IOPS": 3114372.5077140457,
    "MIOPS": 3.114372507714046,
    "MiB_per_sec": 24331.035216515982,
    "addr": 21219285925888,
    "byte_per_sec": 25512939583.193462,
    "success": true,
    "time": 2693.5146579999996
  }
}
