{
  "params": {
    "accessPattern": "random",
    "accessType": "write",
    "blockSize": 131072,
    "granularity": "page",
    "noflush": false,
    "nonTemporal": true,
    "nthreads": 4,
    "path": "/dev/dax0.0",
    "set-affinity": true,
    "source": "devdax",
    "stripeSize": 34359738368,
    "totalSize": 34359738368
  },
  "results": {
    "IOPS": 200782.53627102158,
    "MIOPS": 0.20078253627102158,
    "MiB_per_sec": 25097.817033877698,
    "addr": 20346333822976,
    "byte_per_sec": 26316968594.11534,
    "success": true,
    "time": 1305.611558
  }
}
