{
  "params": {
    "accessPattern": "random",
    "accessType": "write",
    "blockSize": 4096,
    "granularity": "page",
    "noflush": false,
    "nonTemporal": true,
    "nthreads": 32,
    "path": "/dev/dax0.0",
    "set-affinity": true,
    "source": "devdax",
    "stripeSize": 274877906944,
    "totalSize": 274877906944
  },
  "results": {
    "IOPS": 6233788.335090047,
    "MIOPS": 6.233788335090047,
    "MiB_per_sec": 24350.735683945495,
    "addr": 21281562951680,
    "byte_per_sec": 25533597020.52883,
    "success": true,
    "time": 10765.342099
  }
}
