{
  "params": {
    "accessPattern": "random",
    "accessType": "write",
    "blockSize": 128,
    "granularity": "page",
    "noflush": false,
    "nonTemporal": true,
    "nthreads": 4,
    "path": "/dev/dax0.0",
    "set-affinity": true,
    "source": "devdax",
    "stripeSize": 34359738368,
    "totalSize": 34359738368
  },
  "results": {
    "IOPS": 16245148.453600353,
    "MIOPS": 16.245148453600354,
    "MiB_per_sec": 1983.0503483398868,
    "addr": 20889647185920,
    "byte_per_sec": 2079379002.0608451,
    "success": true,
    "time": 16524.038347
  }
}
