{
  "params": {
    "accessPattern": "random",
    "accessType": "write",
    "blockSize": 8192,
    "granularity": "page",
    "noflush": false,
    "nonTemporal": false,
    "nthreads": 48,
    "path": "/dev/dax0.0",
    "set-affinity": true,
    "source": "devdax",
    "stripeSize": 412316860416,
    "totalSize": 412316860416
  },
  "results": {
    "IOPS": 3065346.570412309,
    "MIOPS": 3.065346570412309,
    "MiB_per_sec": 23948.020081346163,
    "addr": 21237539536896,
    "byte_per_sec": 25111319104.817635,
    "success": true,
    "time": 16419.561979000002
  }
}
