{
  "params": {
    "accessPattern": "random",
    "accessType": "write",
    "blockSize": 2048,
    "granularity": "page",
    "noflush": false,
    "nonTemporal": true,
    "nthreads": 2,
    "path": "/dev/dax0.0",
    "set-affinity": true,
    "source": "devdax",
    "stripeSize": 17179869184,
    "totalSize": 17179869184
  },
  "results": {
    "IOPS": 5768474.384951841,
    "MIOPS": 5.768474384951841,
    "MiB_per_sec": 11266.551533109065,
    "addr": 20927228149760,
    "byte_per_sec": 11813835540.38137,
    "success": true,
    "time": 1454.216044
  }
}
