{
  "params": {
    "accessPattern": "random",
    "accessType": "write",
    "blockSize": 128,
    "granularity": "page",
    "noflush": false,
    "nonTemporal": false,
    "nthreads": 2,
    "path": "/dev/dax0.0",
    "set-affinity": true,
    "source": "devdax",
    "stripeSize": 17179869184,
    "totalSize": 17179869184
  },
  "results": {
    "IOPS": 2613726.187090641,
    "MIOPS": 2.613726187090641,
    "MiB_per_sec": 319.058372447588,
    "addr": 20745765781504,
    "byte_per_sec": 334556951.94760203,
    "success": true,
    "time": 51351.105048
  }
}
