{
  "params": {
    "accessPattern": "random",
    "accessType": "write",
    "blockSize": 16384,
    "granularity": "page",
    "noflush": false,
    "nonTemporal": true,
    "nthreads": 48,
    "path": "/dev/dax0.0",
    "set-affinity": true,
    "source": "devdax",
    "stripeSize": 412316860416,
    "totalSize": 412316860416
  },
  "results": {
    "IOPS": 1496863.0338267307,
    "MIOPS": 1.4968630338267306,
    "MiB_per_sec": 23388.484903542667,
    "addr": 21092584390656,
    "byte_per_sec": 24524603946.217155,
    "success": true,
    "time": 16812.375903
  }
}
