{
  "params": {
    "accessPattern": "random",
    "accessType": "write",
    "blockSize": 32768,
    "granularity": "page",
    "noflush": false,
    "nonTemporal": true,
    "nthreads": 2,
    "path": "/dev/dax0.0",
    "set-affinity": true,
    "source": "devdax",
    "stripeSize": 17179869184,
    "totalSize": 17179869184
  },
  "results": {
    "IOPS": 765510.4195726212,
    "MIOPS": 0.7655104195726212,
    "MiB_per_sec": 23922.200611644414,
    "addr": 20303384150016,
    "byte_per_sec": 25084245428.555653,
    "success": true,
    "time": 684.886824
  }
}
