{
  "params": {
    "accessPattern": "random",
    "accessType": "write",
    "blockSize": 262144,
    "granularity": "page",
    "noflush": false,
    "nonTemporal": true,
    "nthreads": 32,
    "path": "/dev/dax0.0",
    "set-affinity": true,
    "source": "devdax",
    "stripeSize": 274877906944,
    "totalSize": 274877906944
  },
  "results": {
    "IOPS": 94467.84708540289,
    "MIOPS": 0.09446784708540289,
    "MiB_per_sec": 23616.96177135072,
    "addr": 20322711502848,
    "byte_per_sec": 24764179306.355854,
    "success": true,
    "time": 11099.818958
  }
}
