{
  "params": {
    "accessPattern": "random",
    "accessType": "write",
    "blockSize": 16384,
    "granularity": "page",
    "noflush": false,
    "nonTemporal": true,
    "nthreads": 32,
    "path": "/dev/dax0.0",
    "set-affinity": true,
    "source": "devdax",
    "stripeSize": 274877906944,
    "totalSize": 274877906944
  },
  "results": {
    "IOPS": 1524042.1881142347,
    "MIOPS": 1.5240421881142348,
    "MiB_per_sec": 23813.159189284917,
    "addr": 20795157905408,
    "byte_per_sec": 24969907210.06362,
    "success": true,
    "time": 11008.367177
  }
}
