{
  "params": {
    "accessPattern": "random",
    "accessType": "write",
    "blockSize": 262144,
    "granularity": "page",
    "noflush": false,
    "nonTemporal": true,
    "nthreads": 1,
    "path": "/dev/dax0.0",
    "set-affinity": true,
    "source": "devdax",
    "stripeSize": 8589934592,
    "totalSize": 8589934592
  },
  "results": {
    "IOPS": 64932.13761340905,
    "MIOPS": 0.06493213761340905,
    "MiB_per_sec": 16233.034403352263,
    "addr": 20214263578624,
    "byte_per_sec": 17021570282.529503,
    "success": true,
    "time": 504.64995
  }
}
