{
  "params": {
    "accessPattern": "random",
    "accessType": "write",
    "blockSize": 16384,
    "granularity": "page",
    "noflush": false,
    "nonTemporal": true,
    "nthreads": 48,
    "path": "/dev/dax0.0",
    "set-affinity": true,
    "source": "devdax",
    "stripeSize": 412316860416,
    "totalSize": 412316860416
  },
  "results": {
    "IOPS": 1512419.7043230194,
    "MIOPS": 1.5124197043230194,
    "MiB_per_sec": 23631.557880047178,
    "addr": 20928301891584,
    "byte_per_sec": 24779484435.62835,
    "success": true,
    "time": 16639.444678
  }
}
