{
  "params": {
    "accessPattern": "random",
    "accessType": "write",
    "blockSize": 131072,
    "granularity": "page",
    "noflush": false,
    "nonTemporal": false,
    "nthreads": 8,
    "path": "/dev/dax0.0",
    "set-affinity": true,
    "source": "devdax",
    "stripeSize": 68719476736,
    "totalSize": 68719476736
  },
  "results": {
    "IOPS": 109413.13018712292,
    "MIOPS": 0.10941313018712293,
    "MiB_per_sec": 13676.641273390365,
    "addr": 21298742820864,
    "byte_per_sec": 14340997799.886576,
    "success": true,
    "time": 4791.819767
  }
}
