{
  "params": {
    "accessPattern": "random",
    "accessType": "write",
    "blockSize": 2048,
    "granularity": "page",
    "noflush": false,
    "nonTemporal": false,
    "nthreads": 8,
    "path": "/dev/dax0.0",
    "set-affinity": true,
    "source": "devdax",
    "stripeSize": 68719476736,
    "totalSize": 68719476736
  },
  "results": {
    "IOPS": 4812777.921572221,
    "MIOPS": 4.812777921572222,
    "MiB_per_sec": 9399.956878070745,
    "addr": 20576114573312,
    "byte_per_sec": 9856569183.37991,
    "success": true,
    "time": 6971.946876999999
  }
}
