{
  "params": {
    "accessPattern": "random",
    "accessType": "write",
    "blockSize": 8192,
    "granularity": "page",
    "noflush": false,
    "nonTemporal": false,
    "nthreads": 8,
    "path": "/dev/dax0.0",
    "set-affinity": true,
    "source": "devdax",
    "stripeSize": 68719476736,
    "totalSize": 68719476736
  },
  "results": {
    "IOPS": 1673351.6128121528,
    "MIOPS": 1.6733516128121528,
    "MiB_per_sec": 13073.059475094944,
    "addr": 20769388101632,
    "byte_per_sec": 13708096412.157156,
    "success": true,
    "time": 5013.057588
  }
}
