{
  "params": {
    "accessPattern": "random",
    "accessType": "write",
    "blockSize": 1048576,
    "granularity": "page",
    "noflush": false,
    "nonTemporal": true,
    "nthreads": 2,
    "path": "/dev/dax0.0",
    "set-affinity": true,
    "source": "devdax",
    "stripeSize": 17179869184,
    "totalSize": 17179869184
  },
  "results": {
    "IOPS": 24321.956832537726,
    "MIOPS": 0.024321956832537725,
    "MiB_per_sec": 24321.956832537726,
    "addr": 20387136012288,
    "byte_per_sec": 25503420207.63508,
    "success": true,
    "time": 673.630009
  }
}
