{
  "params": {
    "accessPattern": "random",
    "accessType": "write",
    "blockSize": 32768,
    "granularity": "page",
    "noflush": false,
    "nonTemporal": false,
    "nthreads": 4,
    "path": "/dev/dax0.0",
    "set-affinity": true,
    "source": "devdax",
    "stripeSize": 34359738368,
    "totalSize": 34359738368
  },
  "results": {
    "IOPS": 286955.8993830775,
    "MIOPS": 0.28695589938307753,
    "MiB_per_sec": 8967.371855721172,
    "addr": 20493436452864,
    "byte_per_sec": 9402970910.984684,
    "success": true,
    "time": 3654.13641
  }
}
