{
  "params": {
    "accessPattern": "random",
    "accessType": "write",
    "blockSize": 4096,
    "granularity": "page",
    "noflush": false,
    "nonTemporal": true,
    "nthreads": 48,
    "path": "/dev/dax0.0",
    "set-affinity": true,
    "source": "devdax",
    "stripeSize": 412316860416,
    "totalSize": 412316860416
  },
  "results": {
    "IOPS": 6216949.057175968,
    "MIOPS": 6.216949057175968,
    "MiB_per_sec": 24284.957254593624,
    "addr": 20600810635264,
    "byte_per_sec": 25464623338.192764,
    "success": true,
    "time": 16191.751786
  }
}
