{
  "params": {
    "accessPattern": "random",
    "accessType": "write",
    "blockSize": 1048576,
    "granularity": "page",
    "noflush": false,
    "nonTemporal": false,
    "nthreads": 8,
    "path": "/dev/dax0.0",
    "set-affinity": true,
    "source": "devdax",
    "stripeSize": 68719476736,
    "totalSize": 68719476736
  },
  "results": {
    "IOPS": 13887.073992452411,
    "MIOPS": 0.013887073992452412,
    "MiB_per_sec": 13887.073992452411,
    "addr": 21122649161728,
    "byte_per_sec": 14561652498.70978,
    "success": true,
    "time": 4719.208670999999
  }
}
