{
  "params": {
    "accessPattern": "random",
    "accessType": "write",
    "blockSize": 64,
    "granularity": "page",
    "noflush": false,
    "nonTemporal": false,
    "nthreads": 8,
    "path": "/dev/dax0.0",
    "set-affinity": true,
    "source": "devdax",
    "stripeSize": 68719476736,
    "totalSize": 68719476736
  },
  "results": {
    "IOPS": 10660706.147753969,
    "MIOPS": 10.660706147753968,
    "MiB_per_sec": 650.6778654634991,
    "addr": 20834886352896,
    "byte_per_sec": 682285193.456254,
    "success": true,
    "time": 100719.577964
  }
}
