{
  "params": {
    "accessPattern": "random",
    "accessType": "write",
    "blockSize": 64,
    "granularity": "page",
    "noflush": false,
    "nonTemporal": false,
    "nthreads": 8,
    "path": "/dev/dax0.0",
    "set-affinity": true,
    "source": "devdax",
    "stripeSize": 68719476736,
    "totalSize": 68719476736
  },
  "results": {
    "IOPS": 10658415.017029066,
    "MIOPS": 10.658415017029066,
    "MiB_per_sec": 650.5380259417154,
    "addr": 20750060748800,
    "byte_per_sec": 682138561.0898602,
    "success": true,
    "time": 100741.228624
  }
}
