{
  "params": {
    "accessPattern": "sequential",
    "accessType": "write",
    "blockSize": 131072,
    "granularity": "page",
    "noflush": false,
    "nonTemporal": true,
    "nthreads": 8,
    "path": "/dev/dax0.0",
    "set-affinity": true,
    "source": "devdax",
    "stripeSize": 68719476736,
    "totalSize": 68719476736
  },
  "results": {
    "IOPS": 193212.41550180482,
    "MIOPS": 0.19321241550180482,
    "MiB_per_sec": 24151.551937725602,
    "addr": 20750060748800,
    "byte_per_sec": 25324737724.65256,
    "success": true,
    "time": 2713.531626
  }
}
