{
  "params": {
    "accessPattern": "sequential",
    "accessType": "write",
    "blockSize": 256,
    "granularity": "page",
    "noflush": false,
    "nonTemporal": false,
    "nthreads": 4,
    "path": "/dev/dax0.0",
    "set-affinity": true,
    "source": "devdax",
    "stripeSize": 34359738368,
    "totalSize": 34359738368
  },
  "results": {
    "IOPS": 12937040.770412179,
    "MIOPS": 12.937040770412178,
    "MiB_per_sec": 3158.457219338911,
    "addr": 20407537106944,
    "byte_per_sec": 3311882437.2255177,
    "success": true,
    "time": 10374.6854
  }
}
