{
  "params": {
    "accessPattern": "sequential",
    "accessType": "write",
    "blockSize": 2048,
    "granularity": "page",
    "noflush": false,
    "nonTemporal": false,
    "nthreads": 16,
    "path": "/dev/dax0.0",
    "set-affinity": true,
    "source": "devdax",
    "stripeSize": 137438953472,
    "totalSize": 137438953472
  },
  "results": {
    "IOPS": 8321421.939766377,
    "MIOPS": 8.321421939766378,
    "MiB_per_sec": 16252.777226106205,
    "addr": 20430085685248,
    "byte_per_sec": 17042272132.64154,
    "success": true,
    "time": 8064.590942000001
  }
}
