{
  "params": {
    "accessPattern": "sequential",
    "accessType": "write",
    "blockSize": 8192,
    "granularity": "page",
    "noflush": false,
    "nonTemporal": true,
    "nthreads": 1,
    "path": "/dev/dax0.0",
    "set-affinity": true,
    "source": "devdax",
    "stripeSize": 8589934592,
    "totalSize": 8589934592
  },
  "results": {
    "IOPS": 1504633.2363861573,
    "MIOPS": 1.5046332363861574,
    "MiB_per_sec": 11754.947159266854,
    "addr": 20513837547520,
    "byte_per_sec": 12325955472.4754,
    "success": true,
    "time": 696.898071
  }
}
