{
  "params": {
    "accessPattern": "sequential",
    "accessType": "write",
    "blockSize": 256,
    "granularity": "page",
    "noflush": false,
    "nonTemporal": true,
    "nthreads": 48,
    "path": "/dev/dax0.0",
    "set-affinity": true,
    "source": "devdax",
    "stripeSize": 412316860416,
    "totalSize": 412316860416
  },
  "results": {
    "IOPS": 104345518.11996451,
    "MIOPS": 104.34551811996451,
    "MiB_per_sec": 25474.98000975696,
    "addr": 21217138442240,
    "byte_per_sec": 26712452638.710915,
    "success": true,
    "time": 15435.38012
  }
}
