{
  "params": {
    "accessPattern": "sequential",
    "accessType": "write",
    "blockSize": 131072,
    "granularity": "page",
    "noflush": false,
    "nonTemporal": false,
    "nthreads": 48,
    "path": "/dev/dax0.0",
    "set-affinity": true,
    "source": "devdax",
    "stripeSize": 412316860416,
    "totalSize": 412316860416
  },
  "results": {
    "IOPS": 192291.7989318142,
    "MIOPS": 0.1922917989318142,
    "MiB_per_sec": 24036.474866476776,
    "addr": 21267604307968,
    "byte_per_sec": 25204070669.59075,
    "success": true,
    "time": 16359.137610000002
  }
}
