{
  "params": {
    "accessPattern": "sequential",
    "accessType": "write",
    "blockSize": 262144,
    "granularity": "page",
    "noflush": false,
    "nonTemporal": true,
    "nthreads": 16,
    "path": "/dev/dax0.0",
    "set-affinity": true,
    "source": "devdax",
    "stripeSize": 137438953472,
    "totalSize": 137438953472
  },
  "results": {
    "IOPS": 97461.89158162233,
    "MIOPS": 0.09746189158162233,
    "MiB_per_sec": 24365.472895405583,
    "addr": 21094731874304,
    "byte_per_sec": 25549050106.772804,
    "success": true,
    "time": 5379.415395
  }
}
