{
  "params": {
    "accessPattern": "sequential",
    "accessType": "write",
    "blockSize": 4096,
    "granularity": "page",
    "noflush": false,
    "nonTemporal": false,
    "nthreads": 16,
    "path": "/dev/dax0.0",
    "set-affinity": true,
    "source": "devdax",
    "stripeSize": 137438953472,
    "totalSize": 137438953472
  },
  "results": {
    "IOPS": 4306620.786940497,
    "MIOPS": 4.306620786940497,
    "MiB_per_sec": 16822.737448986318,
    "addr": 20418274525184,
    "byte_per_sec": 17639918743.308277,
    "success": true,
    "time": 7791.359783
  }
}
