{
  "params": {
    "accessPattern": "sequential",
    "accessType": "write",
    "blockSize": 262144,
    "granularity": "page",
    "noflush": false,
    "nonTemporal": true,
    "nthreads": 4,
    "path": "/dev/dax0.0",
    "set-affinity": true,
    "source": "devdax",
    "stripeSize": 34359738368,
    "totalSize": 34359738368
  },
  "results": {
    "IOPS": 100327.83285918241,
    "MIOPS": 0.10032783285918241,
    "MiB_per_sec": 25081.958214795603,
    "addr": 20475182841856,
    "byte_per_sec": 26300339417.037514,
    "success": true,
    "time": 1306.4370700000002
  }
}
