{
  "params": {
    "accessPattern": "sequential",
    "accessType": "write",
    "blockSize": 1024,
    "granularity": "page",
    "noflush": false,
    "nonTemporal": true,
    "nthreads": 1,
    "path": "/dev/dax0.0",
    "set-affinity": true,
    "source": "devdax",
    "stripeSize": 8589934592,
    "totalSize": 8589934592
  },
  "results": {
    "IOPS": 3514173.2482215064,
    "MIOPS": 3.5141732482215065,
    "MiB_per_sec": 3431.809812716315,
    "addr": 20265803186176,
    "byte_per_sec": 3598513406.1788225,
    "success": true,
    "time": 2387.078669
  }
}
