{
  "params": {
    "accessPattern": "sequential",
    "accessType": "write",
    "blockSize": 32768,
    "granularity": "page",
    "noflush": false,
    "nonTemporal": true,
    "nthreads": 2,
    "path": "/dev/dax0.0",
    "set-affinity": true,
    "source": "devdax",
    "stripeSize": 17179869184,
    "totalSize": 17179869184
  },
  "results": {
    "IOPS": 781357.5220174242,
    "MIOPS": 0.7813575220174243,
    "MiB_per_sec": 24417.422563044507,
    "addr": 20280835571712,
    "byte_per_sec": 25603523281.466957,
    "success": true,
    "time": 670.996292
  }
}
