{
  "params": {
    "accessPattern": "sequential",
    "accessType": "write",
    "blockSize": 131072,
    "granularity": "page",
    "noflush": false,
    "nonTemporal": true,
    "nthreads": 8,
    "path": "/dev/dax0.0",
    "set-affinity": true,
    "source": "devdax",
    "stripeSize": 68719476736,
    "totalSize": 68719476736
  },
  "results": {
    "IOPS": 192880.64773698524,
    "MIOPS": 0.19288064773698524,
    "MiB_per_sec": 24110.080967123155,
    "addr": 20522427482112,
    "byte_per_sec": 25281252260.18213,
    "success": true,
    "time": 2718.1990840000003
  }
}
