{
  "params": {
    "accessPattern": "sequential",
    "accessType": "write",
    "blockSize": 4096,
    "granularity": "page",
    "noflush": false,
    "nonTemporal": true,
    "nthreads": 48,
    "path": "/dev/dax0.0",
    "set-affinity": true,
    "source": "devdax",
    "stripeSize": 412316860416,
    "totalSize": 412316860416
  },
  "results": {
    "IOPS": 6323111.267451992,
    "MIOPS": 6.323111267451992,
    "MiB_per_sec": 24699.653388484345,
    "addr": 21164525092864,
    "byte_per_sec": 25899463751.48336,
    "success": true,
    "time": 15919.899515
  }
}
