{
  "params": {
    "accessPattern": "sequential",
    "accessType": "write",
    "blockSize": 1024,
    "granularity": "page",
    "noflush": false,
    "nonTemporal": false,
    "nthreads": 16,
    "path": "/dev/dax0.0",
    "set-affinity": true,
    "source": "devdax",
    "stripeSize": 137438953472,
    "totalSize": 137438953472
  },
  "results": {
    "IOPS": 17129837.064119104,
    "MIOPS": 17.129837064119105,
    "MiB_per_sec": 16728.356507928813,
    "addr": 20960514146304,
    "byte_per_sec": 17540953153.657963,
    "success": true,
    "time": 7835.318427
  }
}
