{
  "params": {
    "accessPattern": "sequential",
    "accessType": "write",
    "blockSize": 8192,
    "granularity": "page",
    "noflush": false,
    "nonTemporal": false,
    "nthreads": 8,
    "path": "/dev/dax0.0",
    "set-affinity": true,
    "source": "devdax",
    "stripeSize": 68719476736,
    "totalSize": 68719476736
  },
  "results": {
    "IOPS": 1691570.8198198609,
    "MIOPS": 1.691570819819861,
    "MiB_per_sec": 13215.397029842663,
    "addr": 21014201237504,
    "byte_per_sec": 13857348155.9643,
    "success": true,
    "time": 4959.064026
  }
}
