{
  "params": {
    "accessPattern": "sequential",
    "accessType": "write",
    "blockSize": 131072,
    "granularity": "page",
    "noflush": false,
    "nonTemporal": false,
    "nthreads": 2,
    "path": "/dev/dax0.0",
    "set-affinity": true,
    "source": "devdax",
    "stripeSize": 17179869184,
    "totalSize": 17179869184
  },
  "results": {
    "IOPS": 40024.07796154908,
    "MIOPS": 0.04002407796154908,
    "MiB_per_sec": 5003.009745193635,
    "addr": 20272245637120,
    "byte_per_sec": 5246035946.576161,
    "success": true,
    "time": 3274.82872
  }
}
