{
  "params": {
    "accessPattern": "sequential",
    "accessType": "write",
    "blockSize": 262144,
    "granularity": "page",
    "noflush": false,
    "nonTemporal": true,
    "nthreads": 16,
    "path": "/dev/dax0.0",
    "set-affinity": true,
    "source": "devdax",
    "stripeSize": 137438953472,
    "totalSize": 137438953472
  },
  "results": {
    "IOPS": 97454.55774586528,
    "MIOPS": 0.09745455774586528,
    "MiB_per_sec": 24363.63943646632,
    "addr": 20295867957248,
    "byte_per_sec": 25547127585.73211,
    "success": true,
    "time": 5379.8202169999995
  }
}
