{
  "params": {
    "accessPattern": "sequential",
    "accessType": "write",
    "blockSize": 65536,
    "granularity": "page",
    "noflush": false,
    "nonTemporal": false,
    "nthreads": 48,
    "path": "/dev/dax0.0",
    "set-affinity": true,
    "source": "devdax",
    "stripeSize": 412316860416,
    "totalSize": 412316860416
  },
  "results": {
    "IOPS": 384223.2874565474,
    "MIOPS": 0.3842232874565474,
    "MiB_per_sec": 24013.95546603421,
    "addr": 21122649161728,
    "byte_per_sec": 25180457366.75229,
    "success": true,
    "time": 16374.478605
  }
}
