{
  "params": {
    "accessPattern": "sequential",
    "accessType": "write",
    "blockSize": 1048576,
    "granularity": "page",
    "noflush": false,
    "nonTemporal": false,
    "nthreads": 2,
    "path": "/dev/dax0.0",
    "set-affinity": true,
    "source": "devdax",
    "stripeSize": 17179869184,
    "totalSize": 17179869184
  },
  "results": {
    "IOPS": 5075.589807327438,
    "MIOPS": 0.0050755898073274386,
    "MiB_per_sec": 5075.589807327438,
    "addr": 20973399048192,
    "byte_per_sec": 5322141657.808176,
    "success": true,
    "time": 3227.999232
  }
}
