{
  "params": {
    "accessPattern": "sequential",
    "accessType": "write",
    "blockSize": 524288,
    "granularity": "page",
    "noflush": false,
    "nonTemporal": false,
    "nthreads": 2,
    "path": "/dev/dax0.0",
    "set-affinity": true,
    "source": "devdax",
    "stripeSize": 17179869184,
    "totalSize": 17179869184
  },
  "results": {
    "IOPS": 10065.08389857914,
    "MIOPS": 0.010065083898579139,
    "MiB_per_sec": 5032.54194928957,
    "addr": 21288005402624,
    "byte_per_sec": 5277002707.01826,
    "success": true,
    "time": 3255.6112129999997
  }
}
