{
  "params": {
    "accessPattern": "sequential",
    "accessType": "write",
    "blockSize": 2048,
    "granularity": "page",
    "noflush": false,
    "nonTemporal": true,
    "nthreads": 1,
    "path": "/dev/dax0.0",
    "set-affinity": true,
    "source": "devdax",
    "stripeSize": 8589934592,
    "totalSize": 8589934592
  },
  "results": {
    "IOPS": 3012135.10826466,
    "MIOPS": 3.01213510826466,
    "MiB_per_sec": 5883.076383329414,
    "addr": 21188147412992,
    "byte_per_sec": 6168852701.726024,
    "success": true,
    "time": 1392.468747
  }
}
