{
  "params": {
    "accessPattern": "sequential",
    "accessType": "write",
    "blockSize": 16384,
    "granularity": "page",
    "noflush": false,
    "nonTemporal": false,
    "nthreads": 4,
    "path": "/dev/dax0.0",
    "set-affinity": true,
    "source": "devdax",
    "stripeSize": 34359738368,
    "totalSize": 34359738368
  },
  "results": {
    "IOPS": 564493.4767556457,
    "MIOPS": 0.5644934767556458,
    "MiB_per_sec": 8820.210574306964,
    "addr": 20561082187776,
    "byte_per_sec": 9248661123.1645,
    "success": true,
    "time": 3715.1040470000003
  }
}
