{
  "params": {
    "accessPattern": "sequential",
    "accessType": "write",
    "blockSize": 512,
    "granularity": "page",
    "noflush": false,
    "nonTemporal": true,
    "nthreads": 48,
    "path": "/dev/dax0.0",
    "set-affinity": true,
    "source": "devdax",
    "stripeSize": 412316860416,
    "totalSize": 412316860416
  },
  "results": {
    "IOPS": 51649213.50326488,
    "MIOPS": 51.64921350326488,
    "MiB_per_sec": 25219.342530891056,
    "addr": 20495583936512,
    "byte_per_sec": 26444397313.67162,
    "success": true,
    "time": 15591.841838
  }
}
