{
  "params": {
    "accessPattern": "sequential",
    "accessType": "write",
    "blockSize": 8192,
    "granularity": "page",
    "noflush": false,
    "nonTemporal": true,
    "nthreads": 48,
    "path": "/dev/dax0.0",
    "set-affinity": true,
    "source": "devdax",
    "stripeSize": 412316860416,
    "totalSize": 412316860416
  },
  "results": {
    "IOPS": 3040106.8878904837,
    "MIOPS": 3.0401068878904836,
    "MiB_per_sec": 23750.835061644404,
    "addr": 20409684590592,
    "byte_per_sec": 24904555625.598843,
    "success": true,
    "time": 16555.881045
  }
}
