{
  "params": {
    "accessPattern": "sequential",
    "accessType": "write",
    "blockSize": 1048576,
    "granularity": "page",
    "noflush": false,
    "nonTemporal": false,
    "nthreads": 16,
    "path": "/dev/dax0.0",
    "set-affinity": true,
    "source": "devdax",
    "stripeSize": 137438953472,
    "totalSize": 137438953472
  },
  "results": {
    "IOPS": 22062.266132122582,
    "MIOPS": 0.02206226613212258,
    "MiB_per_sec": 22062.266132122582,
    "addr": 21093658132480,
    "byte_per_sec": 23133962771.75657,
    "success": true,
    "time": 5941.003486
  }
}
