{
  "params": {
    "accessPattern": "sequential",
    "accessType": "write",
    "blockSize": 1048576,
    "granularity": "page",
    "noflush": false,
    "nonTemporal": true,
    "nthreads": 32,
    "path": "/dev/dax0.0",
    "set-affinity": true,
    "source": "devdax",
    "stripeSize": 274877906944,
    "totalSize": 274877906944
  },
  "results": {
    "IOPS": 23995.429348889436,
    "MIOPS": 0.023995429348889437,
    "MiB_per_sec": 23995.429348889436,
    "addr": 20984136466432,
    "byte_per_sec": 25161031324.94109,
    "success": true,
    "time": 10924.747217
  }
}
