{
  "params": {
    "accessPattern": "sequential",
    "accessType": "write",
    "blockSize": 512,
    "granularity": "page",
    "noflush": false,
    "nonTemporal": true,
    "nthreads": 16,
    "path": "/dev/dax0.0",
    "set-affinity": true,
    "source": "devdax",
    "stripeSize": 137438953472,
    "totalSize": 137438953472
  },
  "results": {
    "IOPS": 48664259.259661384,
    "MIOPS": 48.664259259661385,
    "MiB_per_sec": 23761.845341631535,
    "addr": 20307679117312,
    "byte_per_sec": 24916100740.94663,
    "success": true,
    "time": 5516.069906000001
  }
}
