{
  "params": {
    "accessPattern": "sequential",
    "accessType": "write",
    "blockSize": 524288,
    "granularity": "page",
    "noflush": false,
    "nonTemporal": false,
    "nthreads": 16,
    "path": "/dev/dax0.0",
    "set-affinity": true,
    "source": "devdax",
    "stripeSize": 137438953472,
    "totalSize": 137438953472
  },
  "results": {
    "IOPS": 42286.02334943187,
    "MIOPS": 0.042286023349431864,
    "MiB_per_sec": 21143.011674715934,
    "addr": 20265803186176,
    "byte_per_sec": 22170054609.826935,
    "success": true,
    "time": 6199.306041
  }
}
