{
  "params": {
    "accessPattern": "sequential",
    "accessType": "write",
    "blockSize": 64,
    "granularity": "page",
    "noflush": false,
    "nonTemporal": false,
    "nthreads": 32,
    "path": "/dev/dax0.0",
    "set-affinity": true,
    "source": "devdax",
    "stripeSize": 274877906944,
    "totalSize": 274877906944
  },
  "results": {
    "IOPS": 115300169.76458082,
    "MIOPS": 115.30016976458082,
    "MiB_per_sec": 7037.363877232716,
    "addr": 20576114573312,
    "byte_per_sec": 7379210864.933172,
    "success": true,
    "time": 37250.311988
  }
}
