{
  "params": {
    "accessPattern": "sequential",
    "accessType": "write",
    "blockSize": 2048,
    "granularity": "page",
    "noflush": false,
    "nonTemporal": true,
    "nthreads": 2,
    "path": "/dev/dax0.0",
    "set-affinity": true,
    "source": "devdax",
    "stripeSize": 17179869184,
    "totalSize": 17179869184
  },
  "results": {
    "IOPS": 5861277.271211806,
    "MIOPS": 5.861277271211806,
    "MiB_per_sec": 11447.807170335558,
    "addr": 20840255062016,
    "byte_per_sec": 12003895851.441778,
    "success": true,
    "time": 1431.191123
  }
}
