{
  "params": {
    "accessPattern": "sequential",
    "accessType": "write",
    "blockSize": 524288,
    "granularity": "page",
    "noflush": false,
    "nonTemporal": false,
    "nthreads": 48,
    "path": "/dev/dax0.0",
    "set-affinity": true,
    "source": "devdax",
    "stripeSize": 412316860416,
    "totalSize": 412316860416
  },
  "results": {
    "IOPS": 48355.84492229745,
    "MIOPS": 0.048355844922297456,
    "MiB_per_sec": 24177.922461148726,
    "addr": 21050708459520,
    "byte_per_sec": 25352389222.621487,
    "success": true,
    "time": 16263.432088999998
  }
}
