{
  "params": {
    "accessPattern": "sequential",
    "accessType": "write",
    "blockSize": 256,
    "granularity": "page",
    "noflush": false,
    "nonTemporal": true,
    "nthreads": 16,
    "path": "/dev/dax0.0",
    "set-affinity": true,
    "source": "devdax",
    "stripeSize": 137438953472,
    "totalSize": 137438953472
  },
  "results": {
    "IOPS": 61317546.562072374,
    "MIOPS": 61.31754656207237,
    "MiB_per_sec": 14970.10414113095,
    "addr": 20575040831488,
    "byte_per_sec": 15697291919.890528,
    "success": true,
    "time": 8755.583713
  }
}
