{
  "params": {
    "accessPattern": "sequential",
    "accessType": "write",
    "blockSize": 32768,
    "granularity": "page",
    "noflush": false,
    "nonTemporal": true,
    "nthreads": 2,
    "path": "/dev/dax0.0",
    "set-affinity": true,
    "source": "devdax",
    "stripeSize": 17179869184,
    "totalSize": 17179869184
  },
  "results": {
    "IOPS": 780896.0587753449,
    "MIOPS": 0.7808960587753448,
    "MiB_per_sec": 24403.001836729527,
    "addr": 21248276955136,
    "byte_per_sec": 25588402053.9505,
    "success": true,
    "time": 671.392811
  }
}
