{
  "params": {
    "version": "0.2.0",
    "source": "devdax",
    "path": "/dev/dax0.1",
    "nthreads": 16,
    "nsegments": 1,
    "stripeSize": 137438953472,
    "blockSize": 524288,
    "paddingSize": 16384,
    "totalSize": 137438953472,
    "extentSize": 137439215616,
    "accessType": "read",
    "accessPattern": "random",
    "granularity": "page",
    "nonTemporal": true,
    "noflush": false,
    "set-affinity": true
  },
  "results": {
    "success": true,
    "time": 5496.53493,
    "byte_per_sec": 25004653881.459095,
    "MiB_per_sec": 23846.296197375388,
    "IOPS": 47692.592394750776,
    "MIOPS": 0.04769259239475078,
    "addr": 140207059894272
  }
}
