{
  "params": {
    "version": "0.2.0",
    "source": "devdax",
    "path": "/dev/dax0.1",
    "nthreads": 16,
    "nsegments": 1,
    "stripeSize": 137438953472,
    "blockSize": 524288,
    "paddingSize": 16384,
    "totalSize": 137438953472,
    "extentSize": 137439215616,
    "accessType": "read",
    "accessPattern": "random",
    "granularity": "page",
    "nonTemporal": false,
    "noflush": true,
    "set-affinity": true
  },
  "results": {
    "success": true,
    "time": 3797.826027,
    "byte_per_sec": 36188849224.50398,
    "MiB_per_sec": 34512.376045707686,
    "IOPS": 69024.75209141537,
    "MIOPS": 0.06902475209141537,
    "addr": 139524160094208
  }
}
