{
  "params": {
    "version": "0.2.0",
    "source": "devdax",
    "path": "/dev/dax0.1",
    "nthreads": 8,
    "nsegments": 1,
    "stripeSize": 68719476736,
    "blockSize": 4096,
    "paddingSize": 16384,
    "totalSize": 68719476736,
    "extentSize": 68719607808,
    "accessType": "read",
    "accessPattern": "random",
    "granularity": "page",
    "nonTemporal": false,
    "noflush": true,
    "set-affinity": true
  },
  "results": {
    "success": true,
    "time": 3241.184958,
    "byte_per_sec": 21201960895.93231,
    "MiB_per_sec": 20219.765563900288,
    "IOPS": 5176259.984358474,
    "MIOPS": 5.176259984358474,
    "addr": 140200617443328
  }
}
