{
  "params": {
    "version": "0.2.0",
    "source": "devdax",
    "path": "/dev/dax0.1",
    "nthreads": 8,
    "nsegments": 1,
    "stripeSize": 68719476736,
    "blockSize": 262144,
    "paddingSize": 16384,
    "totalSize": 68719476736,
    "extentSize": 68719607808,
    "accessType": "read",
    "accessPattern": "random",
    "granularity": "page",
    "nonTemporal": false,
    "noflush": true,
    "set-affinity": true
  },
  "results": {
    "success": true,
    "time": 2715.0766599999997,
    "byte_per_sec": 25310326499.583996,
    "MiB_per_sec": 24137.80832250976,
    "IOPS": 96551.23329003905,
    "MIOPS": 0.09655123329003905,
    "addr": 139884937347072
  }
}
