{
  "params": {
    "version": "0.2.0",
    "source": "devdax",
    "path": "/dev/dax0.1",
    "nthreads": 2,
    "nsegments": 1,
    "stripeSize": 17179869184,
    "blockSize": 65536,
    "paddingSize": 16384,
    "totalSize": 17179869184,
    "extentSize": 17179901952,
    "accessType": "read",
    "accessPattern": "random",
    "granularity": "page",
    "nonTemporal": false,
    "noflush": true,
    "set-affinity": true
  },
  "results": {
    "success": true,
    "time": 2345.61652,
    "byte_per_sec": 7324244622.901957,
    "MiB_per_sec": 6984.943983938176,
    "IOPS": 111759.10374301081,
    "MIOPS": 0.11175910374301082,
    "addr": 139762530779136
  }
}
