{
  "params": {
    "version": "0.2.0",
    "source": "devdax",
    "path": "/dev/dax0.1",
    "nthreads": 8,
    "nsegments": 1,
    "stripeSize": 68719476736,
    "blockSize": 65536,
    "paddingSize": 16384,
    "totalSize": 68719476736,
    "extentSize": 68719607808,
    "accessType": "read",
    "accessPattern": "random",
    "granularity": "page",
    "nonTemporal": true,
    "noflush": false,
    "set-affinity": true
  },
  "results": {
    "success": true,
    "time": 4144.383903999999,
    "byte_per_sec": 16581349201.18636,
    "MiB_per_sec": 15813.20686453472,
    "IOPS": 253011.30983255553,
    "MIOPS": 0.25301130983255554,
    "addr": 139524160094208
  }
}
