{
  "params": {
    "version": "0.2.0",
    "source": "devdax",
    "path": "/dev/dax0.1",
    "nthreads": 8,
    "nsegments": 1,
    "stripeSize": 68719476736,
    "blockSize": 128,
    "paddingSize": 16384,
    "totalSize": 68719476736,
    "extentSize": 68719607808,
    "accessType": "read",
    "accessPattern": "random",
    "granularity": "page",
    "nonTemporal": false,
    "noflush": true,
    "set-affinity": true
  },
  "results": {
    "success": true,
    "time": 31789.089726000002,
    "byte_per_sec": 2161731503.7427754,
    "MiB_per_sec": 2061.5878140857462,
    "IOPS": 16888527.372990433,
    "MIOPS": 16.888527372990435,
    "addr": 139281494441984
  }
}
