{
  "params": {
    "version": "0.2.0",
    "source": "devdax",
    "path": "/dev/dax0.1",
    "nthreads": 1,
    "nsegments": 1,
    "stripeSize": 8589934592,
    "blockSize": 256,
    "paddingSize": 16384,
    "totalSize": 8589934592,
    "extentSize": 8589950976,
    "accessType": "read",
    "accessPattern": "random",
    "granularity": "page",
    "nonTemporal": false,
    "noflush": true,
    "set-affinity": true
  },
  "results": {
    "success": true,
    "time": 8749.461993,
    "byte_per_sec": 981767175.9557753,
    "MiB_per_sec": 936.2861403997185,
    "IOPS": 3835028.031077247,
    "MIOPS": 3.8350280310772473,
    "addr": 140224239763456
  }
}
