{
  "params": {
    "version": "0.2.0",
    "source": "devdax",
    "path": "/dev/dax0.1",
    "nthreads": 1,
    "nsegments": 1,
    "stripeSize": 8589934592,
    "blockSize": 512,
    "paddingSize": 16384,
    "totalSize": 8589934592,
    "extentSize": 8589950976,
    "accessType": "read",
    "accessPattern": "random",
    "granularity": "page",
    "nonTemporal": true,
    "noflush": false,
    "set-affinity": true
  },
  "results": {
    "success": true,
    "time": 10177.172904000001,
    "byte_per_sec": 844039368.597525,
    "MiB_per_sec": 804.9386678672075,
    "IOPS": 1648514.391792041,
    "MIOPS": 1.648514391792041,
    "addr": 140030966235136
  }
}
