{
  "params": {
    "version": "0.2.0",
    "source": "devdax",
    "path": "/dev/dax0.1",
    "nthreads": 16,
    "nsegments": 1,
    "stripeSize": 137438953472,
    "blockSize": 1048576,
    "paddingSize": 16384,
    "totalSize": 137438953472,
    "extentSize": 137439215616,
    "accessType": "read",
    "accessPattern": "random",
    "granularity": "page",
    "nonTemporal": true,
    "noflush": false,
    "set-affinity": true
  },
  "results": {
    "success": true,
    "time": 5479.306584,
    "byte_per_sec": 25083274929.957817,
    "MiB_per_sec": 23921.27507205755,
    "IOPS": 23921.27507205755,
    "MIOPS": 0.02392127507205755,
    "addr": 139602543247360
  }
}
