{
  "params": {
    "version": "0.2.0",
    "source": "devdax",
    "path": "/dev/dax0.1",
    "nthreads": 8,
    "nsegments": 1,
    "stripeSize": 68719476736,
    "blockSize": 128,
    "paddingSize": 16384,
    "totalSize": 68719476736,
    "extentSize": 68719607808,
    "accessType": "read",
    "accessPattern": "random",
    "granularity": "page",
    "nonTemporal": false,
    "noflush": true,
    "set-affinity": true
  },
  "results": {
    "success": true,
    "time": 16759.475331,
    "byte_per_sec": 4100335802.8093867,
    "MiB_per_sec": 3910.384943780314,
    "IOPS": 32033873.459448334,
    "MIOPS": 32.03387345944834,
    "addr": 139484431646720
  }
}
