{
  "params": {
    "version": "0.2.0",
    "source": "devdax",
    "path": "/dev/dax0.1",
    "nthreads": 4,
    "nsegments": 1,
    "stripeSize": 34359738368,
    "blockSize": 32768,
    "paddingSize": 16384,
    "totalSize": 34359738368,
    "extentSize": 34359803904,
    "accessType": "read",
    "accessPattern": "random",
    "granularity": "page",
    "nonTemporal": false,
    "noflush": true,
    "set-affinity": true
  },
  "results": {
    "success": true,
    "time": 2532.810317,
    "byte_per_sec": 13565855341.54708,
    "MiB_per_sec": 12937.407819315986,
    "IOPS": 413997.05021811154,
    "MIOPS": 0.41399705021811156,
    "addr": 140298327949312
  }
}
