{
  "params": {
    "version": "0.2.0",
    "source": "devdax",
    "path": "/dev/dax0.1",
    "nthreads": 1,
    "nsegments": 1,
    "stripeSize": 8589934592,
    "blockSize": 256,
    "paddingSize": 16384,
    "totalSize": 8589934592,
    "extentSize": 8589950976,
    "accessType": "read",
    "accessPattern": "random",
    "granularity": "page",
    "nonTemporal": true,
    "noflush": false,
    "set-affinity": true
  },
  "results": {
    "success": true,
    "time": 12759.600801999999,
    "byte_per_sec": 673213427.7001498,
    "MiB_per_sec": 642.0263554574487,
    "IOPS": 2629739.95195371,
    "MIOPS": 2.62973995195371,
    "addr": 140019155075072
  }
}
