{
  "params": {
    "version": "0.2.0",
    "source": "devdax",
    "path": "/dev/dax0.1",
    "nthreads": 2,
    "nsegments": 1,
    "stripeSize": 17179869184,
    "blockSize": 2048,
    "paddingSize": 16384,
    "totalSize": 17179869184,
    "extentSize": 17179901952,
    "accessType": "read",
    "accessPattern": "random",
    "granularity": "page",
    "nonTemporal": false,
    "noflush": true,
    "set-affinity": true
  },
  "results": {
    "success": true,
    "time": 3867.318481,
    "byte_per_sec": 4442320762.669042,
    "MiB_per_sec": 4236.527216595689,
    "IOPS": 2169101.934896993,
    "MIOPS": 2.169101934896993,
    "addr": 139910707150848
  }
}
