{
  "params": {
    "version": "0.2.0",
    "source": "devdax",
    "path": "/dev/dax0.1",
    "nthreads": 4,
    "nsegments": 1,
    "stripeSize": 34359738368,
    "blockSize": 1024,
    "paddingSize": 16384,
    "totalSize": 34359738368,
    "extentSize": 34359803904,
    "accessType": "read",
    "accessPattern": "random",
    "granularity": "page",
    "nonTemporal": true,
    "noflush": false,
    "set-affinity": true
  },
  "results": {
    "success": true,
    "time": 6193.900718,
    "byte_per_sec": 5547350519.866695,
    "MiB_per_sec": 5290.365714899726,
    "IOPS": 5417334.49205732,
    "MIOPS": 5.41733449205732,
    "addr": 139334107791360
  }
}
