{
  "params": {
    "version": "0.2.0",
    "source": "devdax",
    "path": "/dev/dax0.1",
    "nthreads": 8,
    "nsegments": 1,
    "stripeSize": 68719476736,
    "blockSize": 256,
    "paddingSize": 16384,
    "totalSize": 68719476736,
    "extentSize": 68719607808,
    "accessType": "read",
    "accessPattern": "random",
    "granularity": "page",
    "nonTemporal": true,
    "noflush": false,
    "set-affinity": true
  },
  "results": {
    "success": true,
    "time": 21191.823794,
    "byte_per_sec": 3242735377.757171,
    "MiB_per_sec": 3092.513444668933,
    "IOPS": 12666935.06936395,
    "MIOPS": 12.66693506936395,
    "addr": 140215649828864
  }
}
