{
  "params": {
    "version": "0.2.0",
    "source": "devdax",
    "path": "/dev/dax0.1",
    "nthreads": 8,
    "nsegments": 1,
    "stripeSize": 68719476736,
    "blockSize": 32768,
    "paddingSize": 16384,
    "totalSize": 68719476736,
    "extentSize": 68719607808,
    "accessType": "read",
    "accessPattern": "random",
    "granularity": "page",
    "nonTemporal": true,
    "noflush": false,
    "set-affinity": true
  },
  "results": {
    "success": true,
    "time": 4200.01037,
    "byte_per_sec": 16361739777.323454,
    "MiB_per_sec": 15603.770997355894,
    "IOPS": 499320.6719153886,
    "MIOPS": 0.4993206719153886,
    "addr": 139714212397056
  }
}
