{
  "params": {
    "version": "0.2.0",
    "source": "devdax",
    "path": "/dev/dax0.1",
    "nthreads": 1,
    "nsegments": 1,
    "stripeSize": 8589934592,
    "blockSize": 16384,
    "paddingSize": 16384,
    "totalSize": 8589934592,
    "extentSize": 8589950976,
    "accessType": "read",
    "accessPattern": "random",
    "granularity": "page",
    "nonTemporal": true,
    "noflush": false,
    "set-affinity": true
  },
  "results": {
    "success": true,
    "time": 3114.263512,
    "byte_per_sec": 2758255542.2496953,
    "MiB_per_sec": 2630.4774687287286,
    "IOPS": 168350.55799863863,
    "MIOPS": 0.16835055799863863,
    "addr": 140004122689536
  }
}
