{
  "params": {
    "version": "0.2.0",
    "source": "devdax",
    "path": "/dev/dax0.1",
    "nthreads": 16,
    "nsegments": 1,
    "stripeSize": 137438953472,
    "blockSize": 65536,
    "paddingSize": 16384,
    "totalSize": 137438953472,
    "extentSize": 137439215616,
    "accessType": "read",
    "accessPattern": "random",
    "granularity": "page",
    "nonTemporal": true,
    "noflush": false,
    "set-affinity": true
  },
  "results": {
    "success": true,
    "time": 5776.6996500000005,
    "byte_per_sec": 23791950732.97605,
    "MiB_per_sec": 22689.772351242114,
    "IOPS": 363036.35761987383,
    "MIOPS": 0.36303635761987385,
    "addr": 140005196431360
  }
}
