{
  "params": {
    "version": "0.2.0",
    "source": "devdax",
    "path": "/dev/dax0.1",
    "nthreads": 1,
    "nsegments": 1,
    "stripeSize": 8589934592,
    "blockSize": 2048,
    "paddingSize": 16384,
    "totalSize": 8589934592,
    "extentSize": 8589950976,
    "accessType": "read",
    "accessPattern": "random",
    "granularity": "page",
    "nonTemporal": true,
    "noflush": false,
    "set-affinity": true
  },
  "results": {
    "success": true,
    "time": 4100.077208,
    "byte_per_sec": 2095066545.3907716,
    "MiB_per_sec": 1998.0111555011479,
    "IOPS": 1022981.7116165877,
    "MIOPS": 1.0229817116165878,
    "addr": 139535971254272
  }
}
