{
  "params": {
    "version": "0.2.0",
    "source": "devdax",
    "path": "/dev/dax0.1",
    "nthreads": 4,
    "nsegments": 1,
    "stripeSize": 34359738368,
    "blockSize": 131072,
    "paddingSize": 16384,
    "totalSize": 34359738368,
    "extentSize": 34359803904,
    "accessType": "read",
    "accessPattern": "random",
    "granularity": "page",
    "nonTemporal": true,
    "noflush": false,
    "set-affinity": true
  },
  "results": {
    "success": true,
    "time": 3644.159572,
    "byte_per_sec": 9428713998.14761,
    "MiB_per_sec": 8991.922376773462,
    "IOPS": 71935.3790141877,
    "MIOPS": 0.0719353790141877,
    "addr": 139408195977216
  }
}
