{
  "params": {
    "version": "0.2.0",
    "source": "devdax",
    "path": "/dev/dax0.1",
    "nthreads": 2,
    "nsegments": 1,
    "stripeSize": 17179869184,
    "blockSize": 262144,
    "paddingSize": 16384,
    "totalSize": 17179869184,
    "extentSize": 17179901952,
    "accessType": "read",
    "accessPattern": "random",
    "granularity": "page",
    "nonTemporal": true,
    "noflush": false,
    "set-affinity": true
  },
  "results": {
    "success": true,
    "time": 3194.798118,
    "byte_per_sec": 5377450639.903,
    "MiB_per_sec": 5128.336563017845,
    "IOPS": 20513.34625207138,
    "MIOPS": 0.02051334625207138,
    "addr": 140123308032000
  }
}
