{
  "params": {
    "version": "0.2.0",
    "source": "devdax",
    "path": "/dev/dax0.1",
    "nthreads": 8,
    "nsegments": 1,
    "stripeSize": 68719476736,
    "blockSize": 1024,
    "paddingSize": 16384,
    "totalSize": 68719476736,
    "extentSize": 68719607808,
    "accessType": "read",
    "accessPattern": "random",
    "granularity": "page",
    "nonTemporal": false,
    "noflush": true,
    "set-affinity": true
  },
  "results": {
    "success": true,
    "time": 6005.8357510000005,
    "byte_per_sec": 11442117231.487371,
    "MiB_per_sec": 10912.053328978893,
    "IOPS": 11173942.608874386,
    "MIOPS": 11.173942608874386,
    "addr": 140088948293632
  }
}
