{
  "params": {
    "version": "0.2.0",
    "source": "devdax",
    "path": "/dev/dax0.1",
    "nthreads": 8,
    "nsegments": 1,
    "stripeSize": 68719476736,
    "blockSize": 1024,
    "paddingSize": 16384,
    "totalSize": 68719476736,
    "extentSize": 68719607808,
    "accessType": "read",
    "accessPattern": "random",
    "granularity": "page",
    "nonTemporal": false,
    "noflush": true,
    "set-affinity": true
  },
  "results": {
    "success": true,
    "time": 6079.218271000001,
    "byte_per_sec": 11303998914.435425,
    "MiB_per_sec": 10780.333437381196,
    "IOPS": 11039061.439878345,
    "MIOPS": 11.039061439878344,
    "addr": 140178068865024
  }
}
