{
  "params": {
    "version": "0.2.0",
    "source": "devdax",
    "path": "/dev/dax0.1",
    "nthreads": 16,
    "nsegments": 1,
    "stripeSize": 137438953472,
    "blockSize": 262144,
    "paddingSize": 16384,
    "totalSize": 137438953472,
    "extentSize": 137439215616,
    "accessType": "read",
    "accessPattern": "random",
    "granularity": "page",
    "nonTemporal": true,
    "noflush": false,
    "set-affinity": true
  },
  "results": {
    "success": true,
    "time": 5546.330908,
    "byte_per_sec": 24780157504.442936,
    "MiB_per_sec": 23632.199768488823,
    "IOPS": 94528.79907395529,
    "MIOPS": 0.0945287990739553,
    "addr": 140259673243648
  }
}
