{
  "params": {
    "version": "0.2.0",
    "source": "devdax",
    "path": "/dev/dax0.1",
    "nthreads": 4,
    "nsegments": 1,
    "stripeSize": 34359738368,
    "blockSize": 16384,
    "paddingSize": 16384,
    "totalSize": 34359738368,
    "extentSize": 34359803904,
    "accessType": "read",
    "accessPattern": "random",
    "granularity": "page",
    "nonTemporal": false,
    "noflush": true,
    "set-affinity": true
  },
  "results": {
    "success": true,
    "time": 2556.11374,
    "byte_per_sec": 13442178972.833973,
    "MiB_per_sec": 12819.460842927907,
    "IOPS": 820445.493947386,
    "MIOPS": 0.8204454939473861,
    "addr": 139250355929088
  }
}
