{
  "params": {
    "version": "0.2.0",
    "source": "devdax",
    "path": "/dev/dax0.1",
    "nthreads": 4,
    "nsegments": 1,
    "stripeSize": 34359738368,
    "blockSize": 256,
    "paddingSize": 16384,
    "totalSize": 34359738368,
    "extentSize": 34359803904,
    "accessType": "read",
    "accessPattern": "random",
    "granularity": "page",
    "nonTemporal": false,
    "noflush": true,
    "set-affinity": true
  },
  "results": {
    "success": true,
    "time": 8943.888515999999,
    "byte_per_sec": 3841700207.5252614,
    "MiB_per_sec": 3663.7308192494024,
    "IOPS": 15006641.435645552,
    "MIOPS": 15.006641435645552,
    "addr": 140208133636096
  }
}
