{
  "params": {
    "version": "0.2.0",
    "source": "devdax",
    "path": "/dev/dax0.1",
    "nthreads": 8,
    "nsegments": 1,
    "stripeSize": 68719476736,
    "blockSize": 131072,
    "paddingSize": 16384,
    "totalSize": 68719476736,
    "extentSize": 68719607808,
    "accessType": "read",
    "accessPattern": "random",
    "granularity": "page",
    "nonTemporal": false,
    "noflush": true,
    "set-affinity": true
  },
  "results": {
    "success": true,
    "time": 3048.483662,
    "byte_per_sec": 22542183050.741898,
    "MiB_per_sec": 21497.901011220834,
    "IOPS": 171983.20808976667,
    "MIOPS": 0.17198320808976666,
    "addr": 139773268197376
  }
}
