{
  "params": {
    "version": "0.2.0",
    "source": "devdax",
    "path": "/dev/dax0.1",
    "nthreads": 4,
    "nsegments": 1,
    "stripeSize": 34359738368,
    "blockSize": 2048,
    "paddingSize": 16384,
    "totalSize": 34359738368,
    "extentSize": 34359803904,
    "accessType": "read",
    "accessPattern": "random",
    "granularity": "page",
    "nonTemporal": false,
    "noflush": true,
    "set-affinity": true
  },
  "results": {
    "success": true,
    "time": 3490.5150599999997,
    "byte_per_sec": 9843744483.94444,
    "MiB_per_sec": 9387.726291603509,
    "IOPS": 4806515.8613009965,
    "MIOPS": 4.806515861300997,
    "addr": 139802259226624
  }
}
