{
  "params": {
    "version": "0.2.0",
    "source": "devdax",
    "path": "/dev/dax0.1",
    "nthreads": 2,
    "nsegments": 1,
    "stripeSize": 17179869184,
    "blockSize": 262144,
    "paddingSize": 16384,
    "totalSize": 17179869184,
    "extentSize": 17179901952,
    "accessType": "read",
    "accessPattern": "random",
    "granularity": "page",
    "nonTemporal": true,
    "noflush": false,
    "set-affinity": true
  },
  "results": {
    "success": true,
    "time": 3202.618897,
    "byte_per_sec": 5364318932.887381,
    "MiB_per_sec": 5115.813191306477,
    "IOPS": 20463.25276522591,
    "MIOPS": 0.020463252765225908,
    "addr": 140181290090496
  }
}
