{
  "params": {
    "version": "0.2.0",
    "source": "devdax",
    "path": "/dev/dax0.1",
    "nthreads": 16,
    "nsegments": 1,
    "stripeSize": 137438953472,
    "blockSize": 128,
    "paddingSize": 16384,
    "totalSize": 137438953472,
    "extentSize": 137439215616,
    "accessType": "read",
    "accessPattern": "random",
    "granularity": "page",
    "nonTemporal": false,
    "noflush": true,
    "set-affinity": true
  },
  "results": {
    "success": true,
    "time": 21824.97694,
    "byte_per_sec": 6297324109.429276,
    "MiB_per_sec": 6005.596265248562,
    "IOPS": 49197844.60491622,
    "MIOPS": 49.19784460491622,
    "addr": 139340550242304
  }
}
