{
  "params": {
    "version": "0.2.0",
    "source": "devdax",
    "path": "/dev/dax0.1",
    "nthreads": 1,
    "nsegments": 1,
    "stripeSize": 8589934592,
    "blockSize": 1024,
    "paddingSize": 16384,
    "totalSize": 8589934592,
    "extentSize": 8589950976,
    "accessType": "read",
    "accessPattern": "sequential",
    "granularity": "page",
    "nonTemporal": true,
    "noflush": false,
    "set-affinity": true
  },
  "results": {
    "success": true,
    "time": 3885.752861,
    "byte_per_sec": 2210622985.8862863,
    "MiB_per_sec": 2108.2143648970473,
    "IOPS": 2158811.5096545764,
    "MIOPS": 2.1588115096545764,
    "addr": 139999827722240
  }
}
