{
  "params": {
    "version": "0.2.0",
    "source": "devdax",
    "path": "/dev/dax0.1",
    "nthreads": 1,
    "nsegments": 1,
    "stripeSize": 8589934592,
    "blockSize": 16384,
    "paddingSize": 16384,
    "totalSize": 8589934592,
    "extentSize": 8589950976,
    "accessType": "read",
    "accessPattern": "sequential",
    "granularity": "page",
    "nonTemporal": true,
    "noflush": false,
    "set-affinity": true
  },
  "results": {
    "success": true,
    "time": 3089.847774,
    "byte_per_sec": 2780051064.0949135,
    "MiB_per_sec": 2651.2632981251845,
    "IOPS": 169680.8510800118,
    "MIOPS": 0.1696808510800118,
    "addr": 139896748507136
  }
}
