{
  "params": {
    "version": "0.2.0",
    "source": "devdax",
    "path": "/dev/dax0.1",
    "nthreads": 2,
    "nsegments": 1,
    "stripeSize": 17179869184,
    "blockSize": 128,
    "paddingSize": 16384,
    "totalSize": 17179869184,
    "extentSize": 17179901952,
    "accessType": "read",
    "accessPattern": "sequential",
    "granularity": "page",
    "nonTemporal": false,
    "noflush": true,
    "set-affinity": true
  },
  "results": {
    "success": true,
    "time": 2782.207129,
    "byte_per_sec": 6174906607.393716,
    "MiB_per_sec": 5888.849837678638,
    "IOPS": 48241457.870263405,
    "MIOPS": 48.2414578702634,
    "addr": 139534897512448
  }
}
