{
  "params": {
    "version": "0.2.0",
    "source": "devdax",
    "path": "/dev/dax0.1",
    "nthreads": 16,
    "nsegments": 1,
    "stripeSize": 137438953472,
    "blockSize": 16384,
    "paddingSize": 16384,
    "totalSize": 137438953472,
    "extentSize": 137439215616,
    "accessType": "read",
    "accessPattern": "sequential",
    "granularity": "page",
    "nonTemporal": false,
    "noflush": true,
    "set-affinity": true
  },
  "results": {
    "success": true,
    "time": 3728.3272269999998,
    "byte_per_sec": 36863436362.74392,
    "MiB_per_sec": 35155.712473625106,
    "IOPS": 2249965.598312007,
    "MIOPS": 2.2499655983120066,
    "addr": 140012712624128
  }
}
