{
  "params": {
    "version": "0.2.0",
    "source": "devdax",
    "path": "/dev/dax0.1",
    "nthreads": 2,
    "nsegments": 1,
    "stripeSize": 17179869184,
    "blockSize": 524288,
    "paddingSize": 16384,
    "totalSize": 17179869184,
    "extentSize": 17179901952,
    "accessType": "read",
    "accessPattern": "sequential",
    "granularity": "page",
    "nonTemporal": false,
    "noflush": true,
    "set-affinity": true
  },
  "results": {
    "success": true,
    "time": 2383.297666,
    "byte_per_sec": 7208444597.20123,
    "MiB_per_sec": 6874.508473588209,
    "IOPS": 13749.016947176418,
    "MIOPS": 0.013749016947176418,
    "addr": 140195248734208
  }
}
