{
  "params": {
    "version": "0.2.0",
    "source": "devdax",
    "path": "/dev/dax0.1",
    "nthreads": 1,
    "nsegments": 1,
    "stripeSize": 8589934592,
    "blockSize": 8192,
    "paddingSize": 16384,
    "totalSize": 8589934592,
    "extentSize": 8589950976,
    "accessType": "read",
    "accessPattern": "sequential",
    "granularity": "page",
    "nonTemporal": false,
    "noflush": true,
    "set-affinity": true
  },
  "results": {
    "success": true,
    "time": 2258.2882529999997,
    "byte_per_sec": 3803737003.276171,
    "MiB_per_sec": 3627.5262863885605,
    "IOPS": 464323.36465773574,
    "MIOPS": 0.4643233646577357,
    "addr": 139789374324736
  }
}
