{
  "params": {
    "version": "0.2.0",
    "source": "devdax",
    "path": "/dev/dax0.1",
    "nthreads": 2,
    "nsegments": 1,
    "stripeSize": 17179869184,
    "blockSize": 256,
    "paddingSize": 16384,
    "totalSize": 17179869184,
    "extentSize": 17179901952,
    "accessType": "read",
    "accessPattern": "sequential",
    "granularity": "page",
    "nonTemporal": true,
    "noflush": false,
    "set-affinity": true
  },
  "results": {
    "success": true,
    "time": 10842.019306999999,
    "byte_per_sec": 1584563603.6552763,
    "MiB_per_sec": 1511.1576115181697,
    "IOPS": 6189701.576778423,
    "MIOPS": 6.189701576778423,
    "addr": 139862388768768
  }
}
