{
  "params": {
    "version": "0.2.0",
    "source": "devdax",
    "path": "/dev/dax0.1",
    "nthreads": 8,
    "nsegments": 1,
    "stripeSize": 68719476736,
    "blockSize": 65536,
    "paddingSize": 16384,
    "totalSize": 68719476736,
    "extentSize": 68719607808,
    "accessType": "read",
    "accessPattern": "sequential",
    "granularity": "page",
    "nonTemporal": true,
    "noflush": false,
    "set-affinity": true
  },
  "results": {
    "success": true,
    "time": 4093.418698,
    "byte_per_sec": 16787795680.313766,
    "MiB_per_sec": 16010.089569391028,
    "IOPS": 256161.43311025645,
    "MIOPS": 0.25616143311025646,
    "addr": 139613280665600
  }
}
