{
  "params": {
    "version": "0.2.0",
    "source": "devdax",
    "path": "/dev/dax0.1",
    "nthreads": 1,
    "nsegments": 1,
    "stripeSize": 8589934592,
    "blockSize": 1024,
    "paddingSize": 16384,
    "totalSize": 8589934592,
    "extentSize": 8589950976,
    "accessType": "read",
    "accessPattern": "sequential",
    "granularity": "page",
    "nonTemporal": false,
    "noflush": true,
    "set-affinity": true
  },
  "results": {
    "success": true,
    "time": 2378.783199,
    "byte_per_sec": 3611062410.2318625,
    "MiB_per_sec": 3443.777475578177,
    "IOPS": 3526428.1349920533,
    "MIOPS": 3.526428134992053,
    "addr": 140131897966592
  }
}
