{
  "params": {
    "version": "0.2.0",
    "source": "devdax",
    "path": "/dev/dax0.1",
    "nthreads": 2,
    "nsegments": 1,
    "stripeSize": 17179869184,
    "blockSize": 16384,
    "paddingSize": 16384,
    "totalSize": 17179869184,
    "extentSize": 17179901952,
    "accessType": "read",
    "accessPattern": "sequential",
    "granularity": "page",
    "nonTemporal": true,
    "noflush": false,
    "set-affinity": true
  },
  "results": {
    "success": true,
    "time": 3244.10932,
    "byte_per_sec": 5295712162.99209,
    "MiB_per_sec": 5050.384676925745,
    "IOPS": 323224.6193232477,
    "MIOPS": 0.3232246193232477,
    "addr": 140153372803072
  }
}
