{
  "params": {
    "version": "0.2.0",
    "source": "devdax",
    "path": "/dev/dax0.1",
    "nthreads": 2,
    "nsegments": 1,
    "stripeSize": 17179869184,
    "blockSize": 32768,
    "paddingSize": 16384,
    "totalSize": 17179869184,
    "extentSize": 17179901952,
    "accessType": "read",
    "accessPattern": "sequential",
    "granularity": "page",
    "nonTemporal": true,
    "noflush": false,
    "set-affinity": true
  },
  "results": {
    "success": true,
    "time": 3249.841688,
    "byte_per_sec": 5286371101.532869,
    "MiB_per_sec": 5041.476346524114,
    "IOPS": 161327.24308877165,
    "MIOPS": 0.16132724308877164,
    "addr": 139776489422848
  }
}
