{
  "params": {
    "version": "0.2.0",
    "source": "devdax",
    "path": "/dev/dax0.1",
    "nthreads": 4,
    "nsegments": 1,
    "stripeSize": 34359738368,
    "blockSize": 524288,
    "paddingSize": 16384,
    "totalSize": 34359738368,
    "extentSize": 34359803904,
    "accessType": "read",
    "accessPattern": "sequential",
    "granularity": "page",
    "nonTemporal": false,
    "noflush": true,
    "set-affinity": true
  },
  "results": {
    "success": true,
    "time": 2506.97436,
    "byte_per_sec": 13705660064.269663,
    "MiB_per_sec": 13070.735992688811,
    "IOPS": 26141.471985377622,
    "MIOPS": 0.026141471985377623,
    "addr": 139722802331648
  }
}
