{
  "params": {
    "version": "0.2.0",
    "source": "devdax",
    "path": "/dev/dax0.1",
    "nthreads": 8,
    "nsegments": 1,
    "stripeSize": 68719476736,
    "blockSize": 4096,
    "paddingSize": 16384,
    "totalSize": 68719476736,
    "extentSize": 68719607808,
    "accessType": "read",
    "accessPattern": "sequential",
    "granularity": "page",
    "nonTemporal": false,
    "noflush": true,
    "set-affinity": true
  },
  "results": {
    "success": true,
    "time": 2707.929212,
    "byte_per_sec": 25377131880.506485,
    "MiB_per_sec": 24201.518898493276,
    "IOPS": 6195588.838014279,
    "MIOPS": 6.195588838014278,
    "addr": 140010565140480
  }
}
