{
  "params": {
    "version": "0.2.0",
    "source": "devdax",
    "path": "/dev/dax0.1",
    "nthreads": 8,
    "nsegments": 1,
    "stripeSize": 68719476736,
    "blockSize": 65536,
    "paddingSize": 16384,
    "totalSize": 68719476736,
    "extentSize": 68719607808,
    "accessType": "read",
    "accessPattern": "sequential",
    "granularity": "page",
    "nonTemporal": false,
    "noflush": true,
    "set-affinity": true
  },
  "results": {
    "success": true,
    "time": 2701.814605,
    "byte_per_sec": 25434564092.15761,
    "MiB_per_sec": 24256.290523679363,
    "IOPS": 388100.6483788698,
    "MIOPS": 0.3881006483788698,
    "addr": 139853798834176
  }
}
