{
  "params": {
    "version": "0.2.0",
    "source": "devdax",
    "path": "/dev/dax0.1",
    "nthreads": 16,
    "nsegments": 1,
    "stripeSize": 137438953472,
    "blockSize": 512,
    "paddingSize": 16384,
    "totalSize": 137438953472,
    "extentSize": 137439215616,
    "accessType": "read",
    "accessPattern": "sequential",
    "granularity": "page",
    "nonTemporal": false,
    "noflush": true,
    "set-affinity": true
  },
  "results": {
    "success": true,
    "time": 3968.2791850000003,
    "byte_per_sec": 34634396186.5173,
    "MiB_per_sec": 33029.93410732012,
    "IOPS": 67645305.05179161,
    "MIOPS": 67.64530505179161,
    "addr": 139843061415936
  }
}
