{
  "params": {
    "version": "0.2.0",
    "source": "devdax",
    "path": "/dev/dax0.1",
    "nthreads": 4,
    "nsegments": 1,
    "stripeSize": 34359738368,
    "blockSize": 8192,
    "paddingSize": 16384,
    "totalSize": 34359738368,
    "extentSize": 34359803904,
    "accessType": "read",
    "accessPattern": "sequential",
    "granularity": "page",
    "nonTemporal": false,
    "noflush": true,
    "set-affinity": true
  },
  "results": {
    "success": true,
    "time": 2383.091708,
    "byte_per_sec": 14418135169.8111,
    "MiB_per_sec": 13750.205201922512,
    "IOPS": 1760026.2658460815,
    "MIOPS": 1.7600262658460815,
    "addr": 139935403212800
  }
}
