{
  "params": {
    "version": "0.2.0",
    "source": "devdax",
    "path": "/dev/dax0.1",
    "nthreads": 4,
    "nsegments": 1,
    "stripeSize": 34359738368,
    "blockSize": 256,
    "paddingSize": 16384,
    "totalSize": 34359738368,
    "extentSize": 34359803904,
    "accessType": "read",
    "accessPattern": "sequential",
    "granularity": "page",
    "nonTemporal": true,
    "noflush": false,
    "set-affinity": true
  },
  "results": {
    "success": true,
    "time": 11041.549455,
    "byte_per_sec": 3111858395.2400546,
    "MiB_per_sec": 2967.699427833609,
    "IOPS": 12155696.856406463,
    "MIOPS": 12.155696856406463,
    "addr": 139408195977216
  }
}
