{
  "params": {
    "version": "0.2.0",
    "source": "devdax",
    "path": "/dev/dax0.1",
    "nthreads": 8,
    "nsegments": 1,
    "stripeSize": 68719476736,
    "blockSize": 32768,
    "paddingSize": 16384,
    "totalSize": 68719476736,
    "extentSize": 68719607808,
    "accessType": "read",
    "accessPattern": "sequential",
    "granularity": "page",
    "nonTemporal": false,
    "noflush": true,
    "set-affinity": true
  },
  "results": {
    "success": true,
    "time": 2727.965233,
    "byte_per_sec": 25190745066.947853,
    "MiB_per_sec": 24023.76658148561,
    "IOPS": 768760.5306075395,
    "MIOPS": 0.7687605306075395,
    "addr": 139254650896384
  }
}
