{
  "params": {
    "version": "0.2.0",
    "source": "devdax",
    "path": "/dev/dax0.1",
    "nthreads": 8,
    "nsegments": 1,
    "stripeSize": 68719476736,
    "blockSize": 1048576,
    "paddingSize": 16384,
    "totalSize": 68719476736,
    "extentSize": 68719607808,
    "accessType": "read",
    "accessPattern": "sequential",
    "granularity": "page",
    "nonTemporal": true,
    "noflush": false,
    "set-affinity": true
  },
  "results": {
    "success": true,
    "time": 4035.866489,
    "byte_per_sec": 17027192778.378353,
    "MiB_per_sec": 16238.396433237413,
    "IOPS": 16238.396433237413,
    "MIOPS": 0.016238396433237413,
    "addr": 140274705629184
  }
}
