{
  "params": {
    "version": "0.2.0",
    "source": "devdax",
    "path": "/dev/dax0.1",
    "nthreads": 2,
    "nsegments": 1,
    "stripeSize": 17179869184,
    "blockSize": 524288,
    "paddingSize": 16384,
    "totalSize": 17179869184,
    "extentSize": 17179901952,
    "accessType": "read",
    "accessPattern": "sequential",
    "granularity": "page",
    "nonTemporal": false,
    "noflush": true,
    "set-affinity": true
  },
  "results": {
    "success": true,
    "time": 2399.105107,
    "byte_per_sec": 7160948944.61829,
    "MiB_per_sec": 6829.213089578905,
    "IOPS": 13658.42617915781,
    "MIOPS": 0.01365842617915781,
    "addr": 140273631887360
  }
}
