{
  "params": {
    "version": "0.2.0",
    "source": "devdax",
    "path": "/dev/dax0.1",
    "nthreads": 2,
    "nsegments": 1,
    "stripeSize": 17179869184,
    "blockSize": 32768,
    "paddingSize": 16384,
    "totalSize": 17179869184,
    "extentSize": 17179901952,
    "accessType": "read",
    "accessPattern": "sequential",
    "granularity": "page",
    "nonTemporal": true,
    "noflush": false,
    "set-affinity": true
  },
  "results": {
    "success": true,
    "time": 3253.3760389999998,
    "byte_per_sec": 5280628177.63932,
    "MiB_per_sec": 5035.999467505761,
    "IOPS": 161151.98296018434,
    "MIOPS": 0.16115198296018435,
    "addr": 139707769946112
  }
}
