{
  "params": {
    "version": "0.2.0",
    "source": "devdax",
    "path": "/dev/dax0.1",
    "nthreads": 4,
    "nsegments": 1,
    "stripeSize": 34359738368,
    "blockSize": 65536,
    "paddingSize": 16384,
    "totalSize": 34359738368,
    "extentSize": 34359803904,
    "accessType": "read",
    "accessPattern": "sequential",
    "granularity": "page",
    "nonTemporal": true,
    "noflush": false,
    "set-affinity": true
  },
  "results": {
    "success": true,
    "time": 3512.1682060000003,
    "byte_per_sec": 9783056036.240423,
    "MiB_per_sec": 9329.849277725623,
    "IOPS": 149277.58844360997,
    "MIOPS": 0.14927758844360997,
    "addr": 139960099274752
  }
}
