{
  "params": {
    "version": "0.2.0",
    "source": "devdax",
    "path": "/dev/dax0.1",
    "nthreads": 16,
    "nsegments": 1,
    "stripeSize": 137438953472,
    "blockSize": 1024,
    "paddingSize": 16384,
    "totalSize": 137438953472,
    "extentSize": 137439215616,
    "accessType": "read",
    "accessPattern": "sequential",
    "granularity": "page",
    "nonTemporal": true,
    "noflush": false,
    "set-affinity": true
  },
  "results": {
    "success": true,
    "time": 6180.605817,
    "byte_per_sec": 22237132983.62577,
    "MiB_per_sec": 21206.98259699418,
    "IOPS": 21715950.17932204,
    "MIOPS": 21.715950179322043,
    "addr": 139928960761856
  }
}
