{
  "params": {
    "version": "0.2.0",
    "source": "devdax",
    "path": "/dev/dax0.1",
    "nthreads": 8,
    "nsegments": 1,
    "stripeSize": 68719476736,
    "blockSize": 65536,
    "paddingSize": 16384,
    "totalSize": 68719476736,
    "extentSize": 68719607808,
    "accessType": "read",
    "accessPattern": "sequential",
    "granularity": "page",
    "nonTemporal": false,
    "noflush": true,
    "set-affinity": true
  },
  "results": {
    "success": true,
    "time": 2702.733659,
    "byte_per_sec": 25425915168.210068,
    "MiB_per_sec": 24248.04226704604,
    "IOPS": 387968.67627273663,
    "MIOPS": 0.3879686762727366,
    "addr": 139880642379776
  }
}
