{
  "params": {
    "version": "0.2.0",
    "source": "devdax",
    "path": "/dev/dax0.1",
    "nthreads": 16,
    "nsegments": 1,
    "stripeSize": 137438953472,
    "blockSize": 4096,
    "paddingSize": 16384,
    "totalSize": 137438953472,
    "extentSize": 137439215616,
    "accessType": "read",
    "accessPattern": "sequential",
    "granularity": "page",
    "nonTemporal": false,
    "noflush": true,
    "set-affinity": true
  },
  "results": {
    "success": true,
    "time": 3684.7191119999998,
    "byte_per_sec": 37299709772.83003,
    "MiB_per_sec": 35571.7752197552,
    "IOPS": 9106374.456257332,
    "MIOPS": 9.106374456257333,
    "addr": 140057809780736
  }
}
