{
  "params": {
    "version": "0.2.0",
    "source": "devdax",
    "path": "/dev/dax0.1",
    "nthreads": 2,
    "nsegments": 1,
    "stripeSize": 17179869184,
    "blockSize": 128,
    "paddingSize": 16384,
    "totalSize": 17179869184,
    "extentSize": 17179901952,
    "accessType": "read",
    "accessPattern": "sequential",
    "granularity": "page",
    "nonTemporal": false,
    "noflush": true,
    "set-affinity": true
  },
  "results": {
    "success": true,
    "time": 2799.592,
    "byte_per_sec": 6136561750.426491,
    "MiB_per_sec": 5852.2813324227245,
    "IOPS": 47941888.67520696,
    "MIOPS": 47.94188867520696,
    "addr": 139646566662144
  }
}
