{
  "params": {
    "version": "0.2.0",
    "source": "devdax",
    "path": "/dev/dax0.1",
    "nthreads": 4,
    "nsegments": 1,
    "stripeSize": 34359738368,
    "blockSize": 1048576,
    "paddingSize": 16384,
    "totalSize": 34359738368,
    "extentSize": 34359803904,
    "accessType": "read",
    "accessPattern": "sequential",
    "granularity": "page",
    "nonTemporal": true,
    "noflush": false,
    "set-affinity": true
  },
  "results": {
    "success": true,
    "time": 3485.9236450000003,
    "byte_per_sec": 9856709976.21636,
    "MiB_per_sec": 9400.091148582802,
    "IOPS": 9400.091148582802,
    "MIOPS": 0.009400091148582802,
    "addr": 139530602545152
  }
}
