{
  "params": {
    "version": "0.2.0",
    "source": "devdax",
    "path": "/dev/dax0.1",
    "nthreads": 4,
    "nsegments": 1,
    "stripeSize": 34359738368,
    "blockSize": 262144,
    "paddingSize": 16384,
    "totalSize": 34359738368,
    "extentSize": 34359803904,
    "accessType": "read",
    "accessPattern": "sequential",
    "granularity": "page",
    "nonTemporal": false,
    "noflush": true,
    "set-affinity": true
  },
  "results": {
    "success": true,
    "time": 2436.210095,
    "byte_per_sec": 14103766517.723095,
    "MiB_per_sec": 13450.39989254293,
    "IOPS": 53801.59957017172,
    "MIOPS": 0.05380159957017172,
    "addr": 139557446090752
  }
}
