{
  "params": {
    "version": "0.2.0",
    "source": "devdax",
    "path": "/dev/dax0.1",
    "nthreads": 2,
    "nsegments": 1,
    "stripeSize": 17179869184,
    "blockSize": 64,
    "paddingSize": 16384,
    "totalSize": 17179869184,
    "extentSize": 17179901952,
    "accessType": "read",
    "accessPattern": "sequential",
    "granularity": "page",
    "nonTemporal": true,
    "noflush": false,
    "set-affinity": true
  },
  "results": {
    "success": true,
    "time": 25705.801073,
    "byte_per_sec": 668326543.6938597,
    "MiB_per_sec": 637.3658596933934,
    "IOPS": 10442602.245216558,
    "MIOPS": 10.442602245216557,
    "addr": 139346992693248
  }
}
