{
  "params": {
    "version": "0.2.0",
    "source": "devdax",
    "path": "/dev/dax0.1",
    "nthreads": 16,
    "nsegments": 1,
    "stripeSize": 137438953472,
    "blockSize": 524288,
    "paddingSize": 16384,
    "totalSize": 137438953472,
    "extentSize": 137439215616,
    "accessType": "read",
    "accessPattern": "sequential",
    "granularity": "page",
    "nonTemporal": false,
    "noflush": true,
    "set-affinity": true
  },
  "results": {
    "success": true,
    "time": 3759.136173,
    "byte_per_sec": 36561312798.17833,
    "MiB_per_sec": 34867.5849897178,
    "IOPS": 69735.1699794356,
    "MIOPS": 0.0697351699794356,
    "addr": 140152299061248
  }
}
