{
  "params": {
    "version": "0.2.0",
    "source": "devdax",
    "path": "/dev/dax0.1",
    "nthreads": 1,
    "nsegments": 1,
    "stripeSize": 8589934592,
    "blockSize": 256,
    "paddingSize": 16384,
    "totalSize": 8589934592,
    "extentSize": 8589950976,
    "accessType": "read",
    "accessPattern": "sequential",
    "granularity": "page",
    "nonTemporal": false,
    "noflush": true,
    "set-affinity": true
  },
  "results": {
    "success": true,
    "time": 2422.174121,
    "byte_per_sec": 3546373696.889151,
    "MiB_per_sec": 3382.085511101867,
    "IOPS": 13853022.253473246,
    "MIOPS": 13.853022253473247,
    "addr": 139635829243904
  }
}
