{
  "params": {
    "version": "0.2.0",
    "source": "devdax",
    "path": "/dev/dax0.1",
    "nthreads": 16,
    "nsegments": 1,
    "stripeSize": 137438953472,
    "blockSize": 256,
    "paddingSize": 16384,
    "totalSize": 137438953472,
    "extentSize": 137439215616,
    "accessType": "read",
    "accessPattern": "sequential",
    "granularity": "page",
    "nonTemporal": false,
    "noflush": true,
    "set-affinity": true
  },
  "results": {
    "success": true,
    "time": 3880.3416859999998,
    "byte_per_sec": 35419291545.34769,
    "MiB_per_sec": 33778.468652103125,
    "IOPS": 138356607.5990144,
    "MIOPS": 138.3566075990144,
    "addr": 139695958786048
  }
}
