{
  "params": {
    "version": "0.2.0",
    "source": "devdax",
    "path": "/dev/dax0.1",
    "nthreads": 4,
    "nsegments": 1,
    "stripeSize": 34359738368,
    "blockSize": 16384,
    "paddingSize": 16384,
    "totalSize": 34359738368,
    "extentSize": 34359803904,
    "accessType": "read",
    "accessPattern": "sequential",
    "granularity": "page",
    "nonTemporal": false,
    "noflush": true,
    "set-affinity": true
  },
  "results": {
    "success": true,
    "time": 2463.64816,
    "byte_per_sec": 13946690491.71372,
    "MiB_per_sec": 13300.600520814629,
    "IOPS": 851238.4333321363,
    "MIOPS": 0.8512384333321362,
    "addr": 140295106723840
  }
}
