{
  "params": {
    "version": "0.2.0",
    "source": "devdax",
    "path": "/dev/dax0.1",
    "nthreads": 8,
    "nsegments": 1,
    "stripeSize": 68719476736,
    "blockSize": 1048576,
    "paddingSize": 16384,
    "totalSize": 68719476736,
    "extentSize": 68719607808,
    "accessType": "read",
    "accessPattern": "sequential",
    "granularity": "page",
    "nonTemporal": false,
    "noflush": true,
    "set-affinity": true
  },
  "results": {
    "success": true,
    "time": 2884.567194,
    "byte_per_sec": 23823149926.595192,
    "MiB_per_sec": 22719.526220889275,
    "IOPS": 22719.526220889275,
    "MIOPS": 0.022719526220889276,
    "addr": 139305116762112
  }
}
