{
  "params": {
    "version": "0.2.0",
    "source": "devdax",
    "path": "/dev/dax0.1",
    "nthreads": 16,
    "nsegments": 1,
    "stripeSize": 137438953472,
    "blockSize": 4096,
    "paddingSize": 16384,
    "totalSize": 137438953472,
    "extentSize": 137439215616,
    "accessType": "read",
    "accessPattern": "sequential",
    "granularity": "page",
    "nonTemporal": false,
    "noflush": true,
    "set-affinity": true
  },
  "results": {
    "success": true,
    "time": 3664.3421749999998,
    "byte_per_sec": 37507128676.37695,
    "MiB_per_sec": 35769.58530080505,
    "IOPS": 9157013.837006092,
    "MIOPS": 9.157013837006092,
    "addr": 139983721594880
  }
}
