{
  "params": {
    "version": "0.2.0",
    "source": "devdax",
    "path": "/dev/dax0.1",
    "nthreads": 16,
    "nsegments": 1,
    "stripeSize": 137438953472,
    "blockSize": 4096,
    "paddingSize": 16384,
    "totalSize": 137438953472,
    "extentSize": 137439215616,
    "accessType": "read",
    "accessPattern": "sequential",
    "granularity": "page",
    "nonTemporal": true,
    "noflush": false,
    "set-affinity": true
  },
  "results": {
    "success": true,
    "time": 5587.927275,
    "byte_per_sec": 24595694737.63418,
    "MiB_per_sec": 23456.282365450075,
    "IOPS": 6004808.285555219,
    "MIOPS": 6.004808285555219,
    "addr": 139662672789504
  }
}
