{
  "params": {
    "version": "0.2.0",
    "source": "devdax",
    "path": "/dev/dax0.1",
    "nthreads": 4,
    "nsegments": 1,
    "stripeSize": 34359738368,
    "blockSize": 524288,
    "paddingSize": 16384,
    "totalSize": 34359738368,
    "extentSize": 34359803904,
    "accessType": "read",
    "accessPattern": "sequential",
    "granularity": "page",
    "nonTemporal": false,
    "noflush": true,
    "set-affinity": true
  },
  "results": {
    "success": true,
    "time": 2493.020215,
    "byte_per_sec": 13782374551.664034,
    "MiB_per_sec": 13143.896629013094,
    "IOPS": 26287.793258026188,
    "MIOPS": 0.026287793258026187,
    "addr": 139371688755200
  }
}
