{
  "params": {
    "version": "0.2.0",
    "source": "devdax",
    "path": "/dev/dax0.1",
    "nthreads": 8,
    "nsegments": 1,
    "stripeSize": 68719476736,
    "blockSize": 1048576,
    "paddingSize": 16384,
    "totalSize": 68719476736,
    "extentSize": 68719607808,
    "accessType": "read",
    "accessPattern": "sequential",
    "granularity": "page",
    "nonTemporal": false,
    "noflush": true,
    "set-affinity": true
  },
  "results": {
    "success": true,
    "time": 2873.991298,
    "byte_per_sec": 23910815869.143944,
    "MiB_per_sec": 22803.130978721565,
    "IOPS": 22803.130978721565,
    "MIOPS": 0.022803130978721563,
    "addr": 140053514813440
  }
}
