{
  "params": {
    "version": "0.2.0",
    "source": "devdax",
    "path": "/dev/dax0.1",
    "nthreads": 8,
    "nsegments": 1,
    "stripeSize": 68719476736,
    "blockSize": 262144,
    "paddingSize": 16384,
    "totalSize": 68719476736,
    "extentSize": 68719607808,
    "accessType": "read",
    "accessPattern": "sequential",
    "granularity": "page",
    "nonTemporal": true,
    "noflush": false,
    "set-affinity": true
  },
  "results": {
    "success": true,
    "time": 4042.4039719999996,
    "byte_per_sec": 16999655950.268793,
    "MiB_per_sec": 16212.135267514032,
    "IOPS": 64848.541070056126,
    "MIOPS": 0.06484854107005612,
    "addr": 139464030552064
  }
}
