{
  "params": {
    "version": "0.2.0",
    "source": "devdax",
    "path": "/dev/dax0.1",
    "nthreads": 8,
    "nsegments": 1,
    "stripeSize": 68719476736,
    "blockSize": 1024,
    "paddingSize": 16384,
    "totalSize": 68719476736,
    "extentSize": 68719607808,
    "accessType": "read",
    "accessPattern": "sequential",
    "granularity": "page",
    "nonTemporal": true,
    "noflush": false,
    "set-affinity": true
  },
  "results": {
    "success": true,
    "time": 4919.726893,
    "byte_per_sec": 13968148686.012844,
    "MiB_per_sec": 13321.064649594158,
    "IOPS": 13640770.201184418,
    "MIOPS": 13.640770201184418,
    "addr": 140056736038912
  }
}
