{
  "params": {
    "version": "0.2.0",
    "source": "devdax",
    "path": "/dev/dax0.1",
    "nthreads": 8,
    "nsegments": 1,
    "stripeSize": 68719476736,
    "blockSize": 2048,
    "paddingSize": 16384,
    "totalSize": 68719476736,
    "extentSize": 68719607808,
    "accessType": "read",
    "accessPattern": "sequential",
    "granularity": "page",
    "nonTemporal": true,
    "noflush": false,
    "set-affinity": true
  },
  "results": {
    "success": true,
    "time": 4360.4014019999995,
    "byte_per_sec": 15759896945.3776,
    "MiB_per_sec": 15029.80894601593,
    "IOPS": 7695262.180360156,
    "MIOPS": 7.695262180360156,
    "addr": 140273631887360
  }
}
