{
  "params": {
    "version": "0.2.0",
    "source": "devdax",
    "path": "/dev/dax0.1",
    "nthreads": 4,
    "nsegments": 1,
    "stripeSize": 34359738368,
    "blockSize": 256,
    "paddingSize": 16384,
    "totalSize": 34359738368,
    "extentSize": 34359803904,
    "accessType": "read",
    "accessPattern": "sequential",
    "granularity": "page",
    "nonTemporal": false,
    "noflush": true,
    "set-affinity": true
  },
  "results": {
    "success": true,
    "time": 2704.479348,
    "byte_per_sec": 12704751616.39134,
    "MiB_per_sec": 12116.195312873211,
    "IOPS": 49627936.00152867,
    "MIOPS": 49.627936001528674,
    "addr": 139232102318080
  }
}
