{
  "params": {
    "version": "0.2.0",
    "source": "devdax",
    "path": "/dev/dax0.1",
    "nthreads": 16,
    "nsegments": 1,
    "stripeSize": 137438953472,
    "blockSize": 65536,
    "paddingSize": 16384,
    "totalSize": 137438953472,
    "extentSize": 137439215616,
    "accessType": "read",
    "accessPattern": "sequential",
    "granularity": "page",
    "nonTemporal": true,
    "noflush": false,
    "set-affinity": true
  },
  "results": {
    "success": true,
    "time": 5523.20492,
    "byte_per_sec": 24883913499.990147,
    "MiB_per_sec": 23731.14919661536,
    "IOPS": 379698.38714584574,
    "MIOPS": 0.37969838714584575,
    "addr": 139382426173440
  }
}
