{
  "params": {
    "version": "0.2.0",
    "source": "devdax",
    "path": "/dev/dax0.1",
    "nthreads": 8,
    "nsegments": 1,
    "stripeSize": 68719476736,
    "blockSize": 128,
    "paddingSize": 16384,
    "totalSize": 68719476736,
    "extentSize": 68719607808,
    "accessType": "read",
    "accessPattern": "sequential",
    "granularity": "page",
    "nonTemporal": true,
    "noflush": false,
    "set-affinity": true
  },
  "results": {
    "success": true,
    "time": 24201.452785,
    "byte_per_sec": 2839477338.260956,
    "MiB_per_sec": 2707.9366095170553,
    "IOPS": 22183416.705163717,
    "MIOPS": 22.18341670516372,
    "addr": 140102906937344
  }
}
