{
  "params": {
    "version": "0.2.0",
    "source": "devdax",
    "path": "/dev/dax0.1",
    "nthreads": 16,
    "nsegments": 1,
    "stripeSize": 137438953472,
    "blockSize": 256,
    "paddingSize": 16384,
    "totalSize": 137438953472,
    "extentSize": 137439215616,
    "accessType": "read",
    "accessPattern": "sequential",
    "granularity": "page",
    "nonTemporal": false,
    "noflush": true,
    "set-affinity": true
  },
  "results": {
    "success": true,
    "time": 3867.051183,
    "byte_per_sec": 35541022595.252266,
    "MiB_per_sec": 33894.56042790629,
    "IOPS": 138832119.51270416,
    "MIOPS": 138.83211951270417,
    "addr": 139912854634496
  }
}
