{
  "params": {
    "version": "0.2.0",
    "source": "devdax",
    "path": "/dev/dax0.1",
    "nthreads": 2,
    "nsegments": 1,
    "stripeSize": 17179869184,
    "blockSize": 131072,
    "paddingSize": 16384,
    "totalSize": 17179869184,
    "extentSize": 17179901952,
    "accessType": "read",
    "accessPattern": "sequential",
    "granularity": "page",
    "nonTemporal": true,
    "noflush": false,
    "set-affinity": true
  },
  "results": {
    "success": true,
    "time": 3319.336611,
    "byte_per_sec": 5175693578.972187,
    "MiB_per_sec": 4935.926035854518,
    "IOPS": 39487.408286836144,
    "MIOPS": 0.03948740828683615,
    "addr": 139935403212800
  }
}
