{
  "params": {
    "version": "0.2.0",
    "source": "devdax",
    "path": "/dev/dax0.1",
    "nthreads": 2,
    "nsegments": 1,
    "stripeSize": 17179869184,
    "blockSize": 512,
    "paddingSize": 16384,
    "totalSize": 17179869184,
    "extentSize": 17179901952,
    "accessType": "read",
    "accessPattern": "sequential",
    "granularity": "page",
    "nonTemporal": true,
    "noflush": false,
    "set-affinity": true
  },
  "results": {
    "success": true,
    "time": 6788.365116,
    "byte_per_sec": 2530781549.0813093,
    "MiB_per_sec": 2413.541363793668,
    "IOPS": 4942932.713049432,
    "MIOPS": 4.942932713049432,
    "addr": 139941845663744
  }
}
