{
  "params": {
    "version": "0.2.0",
    "source": "devdax",
    "path": "/dev/dax0.1",
    "nthreads": 4,
    "nsegments": 1,
    "stripeSize": 34359738368,
    "blockSize": 65536,
    "paddingSize": 16384,
    "totalSize": 34359738368,
    "extentSize": 34359803904,
    "accessType": "read",
    "accessPattern": "sequential",
    "granularity": "page",
    "nonTemporal": false,
    "noflush": true,
    "set-affinity": true
  },
  "results": {
    "success": true,
    "time": 2449.764477,
    "byte_per_sec": 14025731326.660917,
    "MiB_per_sec": 13375.979735051076,
    "IOPS": 214015.67576081722,
    "MIOPS": 0.21401567576081723,
    "addr": 139805480452096
  }
}
