{
  "params": {
    "version": "0.2.0",
    "source": "devdax",
    "path": "/dev/dax0.1",
    "nthreads": 1,
    "nsegments": 1,
    "stripeSize": 8589934592,
    "blockSize": 8192,
    "paddingSize": 16384,
    "totalSize": 8589934592,
    "extentSize": 8589950976,
    "accessType": "read",
    "accessPattern": "sequential",
    "granularity": "page",
    "nonTemporal": true,
    "noflush": false,
    "set-affinity": true
  },
  "results": {
    "success": true,
    "time": 3110.1281520000002,
    "byte_per_sec": 2761923037.3115506,
    "MiB_per_sec": 2633.9750645747667,
    "IOPS": 337148.80826557014,
    "MIOPS": 0.33714880826557014,
    "addr": 140083579584512
  }
}
