{
  "params": {
    "version": "0.2.0",
    "source": "devdax",
    "path": "/dev/dax0.1",
    "nthreads": 8,
    "nsegments": 1,
    "stripeSize": 68719476736,
    "blockSize": 4096,
    "paddingSize": 16384,
    "totalSize": 68719476736,
    "extentSize": 68719607808,
    "accessType": "read",
    "accessPattern": "sequential",
    "granularity": "page",
    "nonTemporal": false,
    "noflush": true,
    "set-affinity": true
  },
  "results": {
    "success": true,
    "time": 2710.4107759999997,
    "byte_per_sec": 25353897403.483467,
    "MiB_per_sec": 24179.360774501292,
    "IOPS": 6189916.358272331,
    "MIOPS": 6.189916358272331,
    "addr": 139902117216256
  }
}
