{
  "params": {
    "version": "0.2.0",
    "source": "devdax",
    "path": "/dev/dax0.1",
    "nthreads": 16,
    "nsegments": 1,
    "stripeSize": 137438953472,
    "blockSize": 1024,
    "paddingSize": 16384,
    "totalSize": 137438953472,
    "extentSize": 137439215616,
    "accessType": "write",
    "accessPattern": "random",
    "granularity": "page",
    "nonTemporal": true,
    "noflush": false,
    "set-affinity": true
  },
  "results": {
    "success": true,
    "time": 13109.208374,
    "byte_per_sec": 10484153546.951622,
    "MiB_per_sec": 9998.46796698725,
    "IOPS": 10238431.198194943,
    "MIOPS": 10.238431198194943,
    "addr": 140092169519104
  }
}
