{
  "params": {
    "version": "0.2.0",
    "source": "devdax",
    "path": "/dev/dax0.1",
    "nthreads": 2,
    "nsegments": 1,
    "stripeSize": 17179869184,
    "blockSize": 256,
    "paddingSize": 16384,
    "totalSize": 17179869184,
    "extentSize": 17179901952,
    "accessType": "write",
    "accessPattern": "random",
    "granularity": "page",
    "nonTemporal": true,
    "noflush": false,
    "set-affinity": true
  },
  "results": {
    "success": true,
    "time": 3972.362428,
    "byte_per_sec": 4324849380.032451,
    "MiB_per_sec": 4124.4977760624415,
    "IOPS": 16893942.89075176,
    "MIOPS": 16.89394289075176,
    "addr": 139763604520960
  }
}
