{
  "params": {
    "version": "0.2.0",
    "source": "devdax",
    "path": "/dev/dax0.1",
    "nthreads": 4,
    "nsegments": 1,
    "stripeSize": 34359738368,
    "blockSize": 65536,
    "paddingSize": 16384,
    "totalSize": 34359738368,
    "extentSize": 34359803904,
    "accessType": "write",
    "accessPattern": "random",
    "granularity": "page",
    "nonTemporal": true,
    "noflush": false,
    "set-affinity": true
  },
  "results": {
    "success": true,
    "time": 3062.559068,
    "byte_per_sec": 11219290013.706928,
    "MiB_per_sec": 10699.548734385422,
    "IOPS": 171192.77975016675,
    "MIOPS": 0.17119277975016675,
    "addr": 140270410661888
  }
}
