{
  "params": {
    "version": "0.2.0",
    "source": "devdax",
    "path": "/dev/dax0.1",
    "nthreads": 16,
    "nsegments": 1,
    "stripeSize": 137438953472,
    "blockSize": 65536,
    "paddingSize": 16384,
    "totalSize": 137438953472,
    "extentSize": 137439215616,
    "accessType": "write",
    "accessPattern": "random",
    "granularity": "page",
    "nonTemporal": true,
    "noflush": false,
    "set-affinity": true
  },
  "results": {
    "success": true,
    "time": 16237.507554,
    "byte_per_sec": 8464288808.792137,
    "MiB_per_sec": 8072.1748435899135,
    "IOPS": 129154.79749743862,
    "MIOPS": 0.1291547974974386,
    "addr": 139690590076928
  }
}
