{
  "params": {
    "version": "0.2.0",
    "source": "devdax",
    "path": "/dev/dax0.1",
    "nthreads": 16,
    "nsegments": 1,
    "stripeSize": 137438953472,
    "blockSize": 32768,
    "paddingSize": 16384,
    "totalSize": 137438953472,
    "extentSize": 137439215616,
    "accessType": "write",
    "accessPattern": "random",
    "granularity": "page",
    "nonTemporal": true,
    "noflush": false,
    "set-affinity": true
  },
  "results": {
    "success": true,
    "time": 16387.765097,
    "byte_per_sec": 8386680713.232828,
    "MiB_per_sec": 7998.161996109799,
    "IOPS": 255941.18387551355,
    "MIOPS": 0.25594118387551357,
    "addr": 139486579130368
  }
}
