{
  "params": {
    "version": "0.2.0",
    "source": "devdax",
    "path": "/dev/dax0.1",
    "nthreads": 2,
    "nsegments": 1,
    "stripeSize": 17179869184,
    "blockSize": 524288,
    "paddingSize": 16384,
    "totalSize": 17179869184,
    "extentSize": 17179901952,
    "accessType": "write",
    "accessPattern": "random",
    "granularity": "page",
    "nonTemporal": false,
    "noflush": false,
    "set-affinity": true
  },
  "results": {
    "success": true,
    "time": 5320.320875,
    "byte_per_sec": 3229103955.8774734,
    "MiB_per_sec": 3079.513507726167,
    "IOPS": 6159.027015452334,
    "MIOPS": 0.006159027015452334,
    "addr": 140077137133568
  }
}
