{
  "params": {
    "version": "0.2.0",
    "source": "devdax",
    "path": "/dev/dax0.1",
    "nthreads": 8,
    "nsegments": 1,
    "stripeSize": 68719476736,
    "blockSize": 8192,
    "paddingSize": 16384,
    "totalSize": 68719476736,
    "extentSize": 68719607808,
    "accessType": "write",
    "accessPattern": "random",
    "granularity": "page",
    "nonTemporal": false,
    "noflush": false,
    "set-affinity": true
  },
  "results": {
    "success": true,
    "time": 8859.636974000001,
    "byte_per_sec": 7756466426.070066,
    "MiB_per_sec": 7397.1428166104,
    "IOPS": 946834.2805261312,
    "MIOPS": 0.9468342805261312,
    "addr": 139236397285376
  }
}
