{
  "params": {
    "version": "0.2.0",
    "source": "devdax",
    "path": "/dev/dax0.1",
    "nthreads": 16,
    "nsegments": 1,
    "stripeSize": 137438953472,
    "blockSize": 1048576,
    "paddingSize": 16384,
    "totalSize": 137438953472,
    "extentSize": 137439215616,
    "accessType": "write",
    "accessPattern": "random",
    "granularity": "page",
    "nonTemporal": false,
    "noflush": false,
    "set-affinity": true
  },
  "results": {
    "success": true,
    "time": 15327.668647999999,
    "byte_per_sec": 8966722639.18841,
    "MiB_per_sec": 8551.333083332453,
    "IOPS": 8551.333083332453,
    "MIOPS": 0.008551333083332453,
    "addr": 139704548720640
  }
}
