{
  "params": {
    "version": "0.2.0",
    "source": "devdax",
    "path": "/dev/dax0.1",
    "nthreads": 16,
    "nsegments": 1,
    "stripeSize": 137438953472,
    "blockSize": 65536,
    "paddingSize": 16384,
    "totalSize": 137438953472,
    "extentSize": 137439215616,
    "accessType": "write",
    "accessPattern": "random",
    "granularity": "page",
    "nonTemporal": false,
    "noflush": false,
    "set-affinity": true
  },
  "results": {
    "success": true,
    "time": 15632.096373,
    "byte_per_sec": 8792099932.891068,
    "MiB_per_sec": 8384.799893275325,
    "IOPS": 134156.7982924052,
    "MIOPS": 0.1341567982924052,
    "addr": 139277199474688
  }
}
