{
  "params": {
    "version": "0.2.0",
    "source": "devdax",
    "path": "/dev/dax0.1",
    "nthreads": 1,
    "nsegments": 1,
    "stripeSize": 8589934592,
    "blockSize": 262144,
    "paddingSize": 16384,
    "totalSize": 8589934592,
    "extentSize": 8589950976,
    "accessType": "write",
    "accessPattern": "random",
    "granularity": "page",
    "nonTemporal": true,
    "noflush": false,
    "set-affinity": true
  },
  "results": {
    "success": true,
    "time": 1290.916401,
    "byte_per_sec": 6654137003.252776,
    "MiB_per_sec": 6345.879557850624,
    "IOPS": 25383.518231402497,
    "MIOPS": 0.0253835182314025,
    "addr": 140241419632640
  }
}
