{
  "params": {
    "version": "0.2.0",
    "source": "devdax",
    "path": "/dev/dax0.1",
    "nthreads": 1,
    "nsegments": 1,
    "stripeSize": 8589934592,
    "blockSize": 256,
    "paddingSize": 16384,
    "totalSize": 8589934592,
    "extentSize": 8589950976,
    "accessType": "write",
    "accessPattern": "random",
    "granularity": "page",
    "nonTemporal": true,
    "noflush": false,
    "set-affinity": true
  },
  "results": {
    "success": true,
    "time": 3934.068839,
    "byte_per_sec": 2183473381.768142,
    "MiB_per_sec": 2082.322484748976,
    "IOPS": 8529192.897531806,
    "MIOPS": 8.529192897531805,
    "addr": 139554224865280
  }
}
