{
  "params": {
    "version": "0.2.0",
    "source": "devdax",
    "path": "/dev/dax0.1",
    "nthreads": 8,
    "nsegments": 1,
    "stripeSize": 68719476736,
    "blockSize": 262144,
    "paddingSize": 16384,
    "totalSize": 68719476736,
    "extentSize": 68719607808,
    "accessType": "write",
    "accessPattern": "random",
    "granularity": "page",
    "nonTemporal": true,
    "noflush": false,
    "set-affinity": true
  },
  "results": {
    "success": true,
    "time": 6235.183187,
    "byte_per_sec": 11021244232.13037,
    "MiB_per_sec": 10510.677559023256,
    "IOPS": 42042.71023609302,
    "MIOPS": 0.042042710236093024,
    "addr": 140006270173184
  }
}
