{
  "params": {
    "version": "0.2.0",
    "source": "devdax",
    "path": "/dev/dax0.1",
    "nthreads": 4,
    "nsegments": 1,
    "stripeSize": 34359738368,
    "blockSize": 512,
    "paddingSize": 16384,
    "totalSize": 34359738368,
    "extentSize": 34359803904,
    "accessType": "write",
    "accessPattern": "random",
    "granularity": "page",
    "nonTemporal": false,
    "noflush": false,
    "set-affinity": true
  },
  "results": {
    "success": true,
    "time": 8217.349109,
    "byte_per_sec": 4181365293.384908,
    "MiB_per_sec": 3987.6606878136713,
    "IOPS": 8166729.088642399,
    "MIOPS": 8.166729088642398,
    "addr": 140141561643008
  }
}
