{
  "params": {
    "version": "0.2.0",
    "source": "devdax",
    "path": "/dev/dax0.1",
    "nthreads": 16,
    "nsegments": 1,
    "stripeSize": 137438953472,
    "blockSize": 1048576,
    "paddingSize": 16384,
    "totalSize": 137438953472,
    "extentSize": 137439215616,
    "accessType": "write",
    "accessPattern": "random",
    "granularity": "page",
    "nonTemporal": true,
    "noflush": false,
    "set-affinity": true
  },
  "results": {
    "success": true,
    "time": 15194.351404000001,
    "byte_per_sec": 9045397846.7168,
    "MiB_per_sec": 8626.36360809021,
    "IOPS": 8626.36360809021,
    "MIOPS": 0.00862636360809021,
    "addr": 140094317002752
  }
}
