{
  "params": {
    "version": "0.2.0",
    "source": "devdax",
    "path": "/dev/dax0.1",
    "nthreads": 1,
    "nsegments": 1,
    "stripeSize": 8589934592,
    "blockSize": 131072,
    "paddingSize": 16384,
    "totalSize": 8589934592,
    "extentSize": 8589950976,
    "accessType": "write",
    "accessPattern": "random",
    "granularity": "page",
    "nonTemporal": false,
    "noflush": false,
    "set-affinity": true
  },
  "results": {
    "success": true,
    "time": 5189.251195,
    "byte_per_sec": 1655332199.0418696,
    "MiB_per_sec": 1578.6478033465096,
    "IOPS": 12629.182426772077,
    "MIOPS": 0.012629182426772077,
    "addr": 139948288114688
  }
}
