{
  "params": {
    "version": "0.2.0",
    "source": "devdax",
    "path": "/dev/dax0.1",
    "nthreads": 2,
    "nsegments": 1,
    "stripeSize": 17179869184,
    "blockSize": 1048576,
    "paddingSize": 16384,
    "totalSize": 17179869184,
    "extentSize": 17179901952,
    "accessType": "write",
    "accessPattern": "random",
    "granularity": "page",
    "nonTemporal": true,
    "noflush": false,
    "set-affinity": true
  },
  "results": {
    "success": true,
    "time": 1494.959964,
    "byte_per_sec": 11491859044.86202,
    "MiB_per_sec": 10959.490818845768,
    "IOPS": 10959.490818845768,
    "MIOPS": 0.010959490818845768,
    "addr": 140281148080128
  }
}
