{
  "params": {
    "version": "0.2.0",
    "source": "devdax",
    "path": "/dev/dax0.1",
    "nthreads": 2,
    "nsegments": 1,
    "stripeSize": 17179869184,
    "blockSize": 524288,
    "paddingSize": 16384,
    "totalSize": 17179869184,
    "extentSize": 17179901952,
    "accessType": "write",
    "accessPattern": "random",
    "granularity": "page",
    "nonTemporal": false,
    "noflush": false,
    "set-affinity": true
  },
  "results": {
    "success": true,
    "time": 5312.561117,
    "byte_per_sec": 3233820525.6641755,
    "MiB_per_sec": 3084.0115791932826,
    "IOPS": 6168.023158386565,
    "MIOPS": 0.006168023158386565,
    "addr": 139985869078528
  }
}
