{
  "params": {
    "version": "0.2.0",
    "source": "devdax",
    "path": "/dev/dax0.1",
    "nthreads": 16,
    "nsegments": 1,
    "stripeSize": 137438953472,
    "blockSize": 262144,
    "paddingSize": 16384,
    "totalSize": 137438953472,
    "extentSize": 137439215616,
    "accessType": "write",
    "accessPattern": "random",
    "granularity": "page",
    "nonTemporal": true,
    "noflush": false,
    "set-affinity": true
  },
  "results": {
    "success": true,
    "time": 16164.980838000001,
    "byte_per_sec": 8502265165.01114,
    "MiB_per_sec": 8108.391919146671,
    "IOPS": 32433.567676586685,
    "MIOPS": 0.032433567676586686,
    "addr": 140142635384832
  }
}
