{
  "params": {
    "version": "0.2.0",
    "source": "devdax",
    "path": "/dev/dax0.1",
    "nthreads": 2,
    "nsegments": 1,
    "stripeSize": 17179869184,
    "blockSize": 2048,
    "paddingSize": 16384,
    "totalSize": 17179869184,
    "extentSize": 17179901952,
    "accessType": "write",
    "accessPattern": "random",
    "granularity": "page",
    "nonTemporal": false,
    "noflush": false,
    "set-affinity": true
  },
  "results": {
    "success": true,
    "time": 5023.297341,
    "byte_per_sec": 3420038277.204582,
    "MiB_per_sec": 3261.602666096289,
    "IOPS": 1669940.5650413,
    "MIOPS": 1.6699405650413,
    "addr": 139301895536640
  }
}
