{
  "params": {
    "version": "0.2.0",
    "source": "devdax",
    "path": "/dev/dax0.1",
    "nthreads": 8,
    "nsegments": 1,
    "stripeSize": 68719476736,
    "blockSize": 131072,
    "paddingSize": 16384,
    "totalSize": 68719476736,
    "extentSize": 68719607808,
    "accessType": "write",
    "accessPattern": "random",
    "granularity": "page",
    "nonTemporal": false,
    "noflush": false,
    "set-affinity": true
  },
  "results": {
    "success": true,
    "time": 8358.423279,
    "byte_per_sec": 8221583717.667572,
    "MiB_per_sec": 7840.713231723377,
    "IOPS": 62725.70585378702,
    "MIOPS": 0.06272570585378702,
    "addr": 140003048947712
  }
}
