{
  "params": {
    "version": "0.2.0",
    "source": "devdax",
    "path": "/dev/dax0.1",
    "nthreads": 4,
    "nsegments": 1,
    "stripeSize": 34359738368,
    "blockSize": 1024,
    "paddingSize": 16384,
    "totalSize": 34359738368,
    "extentSize": 34359803904,
    "accessType": "write",
    "accessPattern": "random",
    "granularity": "page",
    "nonTemporal": false,
    "noflush": false,
    "set-affinity": true
  },
  "results": {
    "success": true,
    "time": 7690.915097,
    "byte_per_sec": 4467574785.918872,
    "MiB_per_sec": 4260.611329954979,
    "IOPS": 4362866.001873898,
    "MIOPS": 4.362866001873899,
    "addr": 140025597526016
  }
}
