{
  "params": {
    "version": "0.2.0",
    "source": "devdax",
    "path": "/dev/dax0.1",
    "nthreads": 2,
    "nsegments": 1,
    "stripeSize": 17179869184,
    "blockSize": 8192,
    "paddingSize": 16384,
    "totalSize": 17179869184,
    "extentSize": 17179901952,
    "accessType": "write",
    "accessPattern": "random",
    "granularity": "page",
    "nonTemporal": false,
    "noflush": false,
    "set-affinity": true
  },
  "results": {
    "success": true,
    "time": 4984.521524,
    "byte_per_sec": 3446643594.8326344,
    "MiB_per_sec": 3286.9754741979928,
    "IOPS": 420732.8606973431,
    "MIOPS": 0.42073286069734306,
    "addr": 139584289636352
  }
}
