{
  "params": {
    "version": "0.2.0",
    "source": "devdax",
    "path": "/dev/dax0.1",
    "nthreads": 1,
    "nsegments": 1,
    "stripeSize": 8589934592,
    "blockSize": 65536,
    "paddingSize": 16384,
    "totalSize": 8589934592,
    "extentSize": 8589950976,
    "accessType": "write",
    "accessPattern": "random",
    "granularity": "page",
    "nonTemporal": false,
    "noflush": false,
    "set-affinity": true
  },
  "results": {
    "success": true,
    "time": 5240.276320000001,
    "byte_per_sec": 1639214054.2695656,
    "MiB_per_sec": 1563.2763426490455,
    "IOPS": 25012.42148238473,
    "MIOPS": 0.02501242148238473,
    "addr": 139264314572800
  }
}
