{
  "params": {
    "version": "0.2.0",
    "source": "devdax",
    "path": "/dev/dax0.1",
    "nthreads": 8,
    "nsegments": 1,
    "stripeSize": 68719476736,
    "blockSize": 4096,
    "paddingSize": 16384,
    "totalSize": 68719476736,
    "extentSize": 68719607808,
    "accessType": "write",
    "accessPattern": "random",
    "granularity": "page",
    "nonTemporal": false,
    "noflush": false,
    "set-affinity": true
  },
  "results": {
    "success": true,
    "time": 9656.959924,
    "byte_per_sec": 7116056945.127693,
    "MiB_per_sec": 6786.4007426526005,
    "IOPS": 1737318.5901190657,
    "MIOPS": 1.7373185901190658,
    "addr": 140131897966592
  }
}
