{
  "params": {
    "version": "0.2.0",
    "source": "devdax",
    "path": "/dev/dax0.1",
    "nthreads": 2,
    "nsegments": 1,
    "stripeSize": 17179869184,
    "blockSize": 128,
    "paddingSize": 16384,
    "totalSize": 17179869184,
    "extentSize": 17179901952,
    "accessType": "write",
    "accessPattern": "random",
    "granularity": "page",
    "nonTemporal": true,
    "noflush": false,
    "set-affinity": true
  },
  "results": {
    "success": true,
    "time": 7487.642717,
    "byte_per_sec": 2294429613.340751,
    "MiB_per_sec": 2188.1385930449974,
    "IOPS": 17925231.35422462,
    "MIOPS": 17.925231354224618,
    "addr": 140301549174784
  }
}
