{
  "params": {
    "version": "0.2.0",
    "source": "devdax",
    "path": "/dev/dax0.1",
    "nthreads": 1,
    "nsegments": 1,
    "stripeSize": 8589934592,
    "blockSize": 524288,
    "paddingSize": 16384,
    "totalSize": 8589934592,
    "extentSize": 8589950976,
    "accessType": "write",
    "accessPattern": "random",
    "granularity": "page",
    "nonTemporal": true,
    "noflush": false,
    "set-affinity": true
  },
  "results": {
    "success": true,
    "time": 1290.227118,
    "byte_per_sec": 6657691868.479237,
    "MiB_per_sec": 6349.269741515385,
    "IOPS": 12698.53948303077,
    "MIOPS": 0.01269853948303077,
    "addr": 139645492920320
  }
}
