{
  "params": {
    "version": "0.2.0",
    "source": "devdax",
    "path": "/dev/dax0.1",
    "nthreads": 16,
    "nsegments": 1,
    "stripeSize": 137438953472,
    "blockSize": 262144,
    "paddingSize": 16384,
    "totalSize": 137438953472,
    "extentSize": 137439215616,
    "accessType": "write",
    "accessPattern": "random",
    "granularity": "page",
    "nonTemporal": true,
    "noflush": false,
    "set-affinity": true
  },
  "results": {
    "success": true,
    "time": 16195.715615000001,
    "byte_per_sec": 8486130328.4868765,
    "MiB_per_sec": 8093.004539954068,
    "IOPS": 32372.01815981627,
    "MIOPS": 0.032372018159816274,
    "addr": 139815144128512
  }
}
