{
  "params": {
    "version": "0.2.0",
    "source": "devdax",
    "path": "/dev/dax0.1",
    "nthreads": 16,
    "nsegments": 1,
    "stripeSize": 137438953472,
    "blockSize": 4096,
    "paddingSize": 16384,
    "totalSize": 137438953472,
    "extentSize": 137439215616,
    "accessType": "write",
    "accessPattern": "random",
    "granularity": "page",
    "nonTemporal": false,
    "noflush": false,
    "set-affinity": true
  },
  "results": {
    "success": true,
    "time": 18482.108214,
    "byte_per_sec": 7436324464.754051,
    "MiB_per_sec": 7091.831650499393,
    "IOPS": 1815508.9025278445,
    "MIOPS": 1.8155089025278446,
    "addr": 139909633409024
  }
}
