{
  "params": {
    "version": "0.2.0",
    "source": "devdax",
    "path": "/dev/dax0.1",
    "nthreads": 16,
    "nsegments": 1,
    "stripeSize": 137438953472,
    "blockSize": 4096,
    "paddingSize": 16384,
    "totalSize": 137438953472,
    "extentSize": 137439215616,
    "accessType": "write",
    "accessPattern": "random",
    "granularity": "page",
    "nonTemporal": true,
    "noflush": false,
    "set-affinity": true
  },
  "results": {
    "success": true,
    "time": 16597.764935,
    "byte_per_sec": 8280569944.823115,
    "MiB_per_sec": 7896.966881583324,
    "IOPS": 2021623.521685331,
    "MIOPS": 2.021623521685331,
    "addr": 139339476500480
  }
}
