{
  "params": {
    "version": "0.2.0",
    "source": "devdax",
    "path": "/dev/dax0.1",
    "nthreads": 2,
    "nsegments": 1,
    "stripeSize": 17179869184,
    "blockSize": 16384,
    "paddingSize": 16384,
    "totalSize": 17179869184,
    "extentSize": 17179901952,
    "accessType": "write",
    "accessPattern": "random",
    "granularity": "page",
    "nonTemporal": true,
    "noflush": false,
    "set-affinity": true
  },
  "results": {
    "success": true,
    "time": 1712.675768,
    "byte_per_sec": 10031010834.036627,
    "MiB_per_sec": 9566.317400013568,
    "IOPS": 612244.3136008683,
    "MIOPS": 0.6122443136008683,
    "addr": 139960099274752
  }
}
