{
  "params": {
    "version": "0.2.0",
    "source": "devdax",
    "path": "/dev/dax0.1",
    "nthreads": 1,
    "nsegments": 1,
    "stripeSize": 8589934592,
    "blockSize": 64,
    "paddingSize": 16384,
    "totalSize": 8589934592,
    "extentSize": 8589950976,
    "accessType": "write",
    "accessPattern": "random",
    "granularity": "page",
    "nonTemporal": false,
    "noflush": false,
    "set-affinity": true
  },
  "results": {
    "success": true,
    "time": 24993.264976,
    "byte_per_sec": 343689974.08896196,
    "MiB_per_sec": 327.76830109497257,
    "IOPS": 5370155.845140031,
    "MIOPS": 5.37015584514003,
    "addr": 140314434076672
  }
}
