{
  "params": {
    "version": "0.2.0",
    "source": "devdax",
    "path": "/dev/dax0.1",
    "nthreads": 1,
    "nsegments": 1,
    "stripeSize": 8589934592,
    "blockSize": 2048,
    "paddingSize": 16384,
    "totalSize": 8589934592,
    "extentSize": 8589950976,
    "accessType": "write",
    "accessPattern": "random",
    "granularity": "page",
    "nonTemporal": true,
    "noflush": false,
    "set-affinity": true
  },
  "results": {
    "success": true,
    "time": 1470.516914,
    "byte_per_sec": 5841438823.463951,
    "MiB_per_sec": 5570.830176795913,
    "IOPS": 2852265.0505195074,
    "MIOPS": 2.8522650505195073,
    "addr": 140015933849600
  }
}
