{
  "params": {
    "version": "0.2.0",
    "source": "devdax",
    "path": "/dev/dax0.1",
    "nthreads": 4,
    "nsegments": 1,
    "stripeSize": 34359738368,
    "blockSize": 131072,
    "paddingSize": 16384,
    "totalSize": 34359738368,
    "extentSize": 34359803904,
    "accessType": "write",
    "accessPattern": "random",
    "granularity": "page",
    "nonTemporal": true,
    "noflush": false,
    "set-affinity": true
  },
  "results": {
    "success": true,
    "time": 3017.360695,
    "byte_per_sec": 11387348693.491217,
    "MiB_per_sec": 10859.82198094484,
    "IOPS": 86878.57584755872,
    "MIOPS": 0.08687857584755872,
    "addr": 139883863605248
  }
}
