{
  "params": {
    "version": "0.2.0",
    "source": "devdax",
    "path": "/dev/dax0.1",
    "nthreads": 4,
    "nsegments": 1,
    "stripeSize": 34359738368,
    "blockSize": 256,
    "paddingSize": 16384,
    "totalSize": 34359738368,
    "extentSize": 34359803904,
    "accessType": "write",
    "accessPattern": "random",
    "granularity": "page",
    "nonTemporal": false,
    "noflush": false,
    "set-affinity": true
  },
  "results": {
    "success": true,
    "time": 10462.34175,
    "byte_per_sec": 3284134583.7321744,
    "MiB_per_sec": 3131.994804126906,
    "IOPS": 12828650.717703806,
    "MIOPS": 12.828650717703805,
    "addr": 139331960307712
  }
}
