{
  "params": {
    "version": "0.2.0",
    "source": "devdax",
    "path": "/dev/dax0.1",
    "nthreads": 2,
    "nsegments": 1,
    "stripeSize": 17179869184,
    "blockSize": 1048576,
    "paddingSize": 16384,
    "totalSize": 17179869184,
    "extentSize": 17179901952,
    "accessType": "write",
    "accessPattern": "random",
    "granularity": "page",
    "nonTemporal": false,
    "noflush": false,
    "set-affinity": true
  },
  "results": {
    "success": true,
    "time": 5270.689198,
    "byte_per_sec": 3259510955.5158405,
    "MiB_per_sec": 3108.511882320252,
    "IOPS": 3108.511882320252,
    "MIOPS": 0.003108511882320252,
    "addr": 139957951791104
  }
}
