{
  "params": {
    "version": "0.2.0",
    "source": "devdax",
    "path": "/dev/dax0.1",
    "nthreads": 8,
    "nsegments": 1,
    "stripeSize": 68719476736,
    "blockSize": 128,
    "paddingSize": 16384,
    "totalSize": 68719476736,
    "extentSize": 68719607808,
    "accessType": "write",
    "accessPattern": "random",
    "granularity": "page",
    "nonTemporal": false,
    "noflush": false,
    "set-affinity": true
  },
  "results": {
    "success": true,
    "time": 29040.915297000003,
    "byte_per_sec": 2366298583.677867,
    "MiB_per_sec": 2256.6781842020673,
    "IOPS": 18486707.684983335,
    "MIOPS": 18.486707684983337,
    "addr": 139945066889216
  }
}
