{
  "params": {
    "version": "0.2.0",
    "source": "devdax",
    "path": "/dev/dax0.1",
    "nthreads": 16,
    "nsegments": 1,
    "stripeSize": 137438953472,
    "blockSize": 8192,
    "paddingSize": 16384,
    "totalSize": 137438953472,
    "extentSize": 137439215616,
    "accessType": "write",
    "accessPattern": "sequential",
    "granularity": "page",
    "nonTemporal": false,
    "noflush": false,
    "set-affinity": true
  },
  "results": {
    "success": true,
    "time": 15035.390466,
    "byte_per_sec": 9141029877.660645,
    "MiB_per_sec": 8717.565419827122,
    "IOPS": 1115848.3737378716,
    "MIOPS": 1.1158483737378717,
    "addr": 139649787887616
  }
}
