{
  "params": {
    "version": "0.2.0",
    "source": "devdax",
    "path": "/dev/dax0.1",
    "nthreads": 8,
    "nsegments": 1,
    "stripeSize": 68719476736,
    "blockSize": 524288,
    "paddingSize": 16384,
    "totalSize": 68719476736,
    "extentSize": 68719607808,
    "accessType": "write",
    "accessPattern": "sequential",
    "granularity": "page",
    "nonTemporal": true,
    "noflush": false,
    "set-affinity": true
  },
  "results": {
    "success": true,
    "time": 6224.653141,
    "byte_per_sec": 11039888517.38012,
    "MiB_per_sec": 10528.458135013694,
    "IOPS": 21056.91627002739,
    "MIOPS": 0.021056916270027388,
    "addr": 140210281119744
  }
}
