{
  "params": {
    "version": "0.2.0",
    "source": "devdax",
    "path": "/dev/dax0.1",
    "nthreads": 2,
    "nsegments": 1,
    "stripeSize": 17179869184,
    "blockSize": 524288,
    "paddingSize": 16384,
    "totalSize": 17179869184,
    "extentSize": 17179901952,
    "accessType": "write",
    "accessPattern": "sequential",
    "granularity": "page",
    "nonTemporal": false,
    "noflush": false,
    "set-affinity": true
  },
  "results": {
    "success": true,
    "time": 5289.289636,
    "byte_per_sec": 3248048484.066793,
    "MiB_per_sec": 3097.5804176967554,
    "IOPS": 6195.160835393511,
    "MIOPS": 0.00619516083539351,
    "addr": 139641197953024
  }
}
