{
  "params": {
    "version": "0.2.0",
    "source": "devdax",
    "path": "/dev/dax0.1",
    "nthreads": 8,
    "nsegments": 1,
    "stripeSize": 68719476736,
    "blockSize": 262144,
    "paddingSize": 16384,
    "totalSize": 68719476736,
    "extentSize": 68719607808,
    "accessType": "write",
    "accessPattern": "sequential",
    "granularity": "page",
    "nonTemporal": true,
    "noflush": false,
    "set-affinity": true
  },
  "results": {
    "success": true,
    "time": 6191.003336,
    "byte_per_sec": 11099893346.269714,
    "MiB_per_sec": 10585.683199186053,
    "IOPS": 42342.73279674421,
    "MIOPS": 0.04234273279674421,
    "addr": 139239618510848
  }
}
