{
  "params": {
    "version": "0.2.0",
    "source": "devdax",
    "path": "/dev/dax0.1",
    "nthreads": 1,
    "nsegments": 1,
    "stripeSize": 8589934592,
    "blockSize": 16384,
    "paddingSize": 16384,
    "totalSize": 8589934592,
    "extentSize": 8589950976,
    "accessType": "write",
    "accessPattern": "sequential",
    "granularity": "page",
    "nonTemporal": false,
    "noflush": false,
    "set-affinity": true
  },
  "results": {
    "success": true,
    "time": 4667.969477,
    "byte_per_sec": 1840186538.134898,
    "MiB_per_sec": 1754.9386388157825,
    "IOPS": 112316.07288421008,
    "MIOPS": 0.11231607288421008,
    "addr": 139575699701760
  }
}
