{
  "params": {
    "version": "0.2.0",
    "source": "devdax",
    "path": "/dev/dax0.1",
    "nthreads": 4,
    "nsegments": 1,
    "stripeSize": 34359738368,
    "blockSize": 16384,
    "paddingSize": 16384,
    "totalSize": 34359738368,
    "extentSize": 34359803904,
    "accessType": "write",
    "accessPattern": "sequential",
    "granularity": "page",
    "nonTemporal": false,
    "noflush": false,
    "set-affinity": true
  },
  "results": {
    "success": true,
    "time": 5453.280176,
    "byte_per_sec": 6300746937.452055,
    "MiB_per_sec": 6008.860528423362,
    "IOPS": 384567.07381909515,
    "MIOPS": 0.38456707381909516,
    "addr": 140062104748032
  }
}
