{
  "params": {
    "version": "0.2.0",
    "source": "devdax",
    "path": "/dev/dax0.1",
    "nthreads": 4,
    "nsegments": 1,
    "stripeSize": 34359738368,
    "blockSize": 524288,
    "paddingSize": 16384,
    "totalSize": 34359738368,
    "extentSize": 34359803904,
    "accessType": "write",
    "accessPattern": "sequential",
    "granularity": "page",
    "nonTemporal": false,
    "noflush": false,
    "set-affinity": true
  },
  "results": {
    "success": true,
    "time": 5770.806366000001,
    "byte_per_sec": 5954061908.997346,
    "MiB_per_sec": 5678.235920903536,
    "IOPS": 11356.471841807072,
    "MIOPS": 0.011356471841807072,
    "addr": 139832323997696
  }
}
