{
  "params": {
    "version": "0.2.0",
    "source": "devdax",
    "path": "/dev/dax0.1",
    "nthreads": 1,
    "nsegments": 1,
    "stripeSize": 8589934592,
    "blockSize": 512,
    "paddingSize": 16384,
    "totalSize": 8589934592,
    "extentSize": 8589950976,
    "accessType": "write",
    "accessPattern": "sequential",
    "granularity": "page",
    "nonTemporal": true,
    "noflush": false,
    "set-affinity": true
  },
  "results": {
    "success": true,
    "time": 2168.617641,
    "byte_per_sec": 3961018498.419565,
    "MiB_per_sec": 3777.5216087527897,
    "IOPS": 7736364.254725713,
    "MIOPS": 7.736364254725713,
    "addr": 139938624438272
  }
}
