{
  "params": {
    "version": "0.2.0",
    "source": "devdax",
    "path": "/dev/dax0.1",
    "nthreads": 16,
    "nsegments": 1,
    "stripeSize": 137438953472,
    "blockSize": 524288,
    "paddingSize": 16384,
    "totalSize": 137438953472,
    "extentSize": 137439215616,
    "accessType": "write",
    "accessPattern": "sequential",
    "granularity": "page",
    "nonTemporal": true,
    "noflush": false,
    "set-affinity": true
  },
  "results": {
    "success": true,
    "time": 15958.349232999999,
    "byte_per_sec": 8612354038.962397,
    "MiB_per_sec": 8213.38085075607,
    "IOPS": 16426.76170151214,
    "MIOPS": 0.016426761701512138,
    "addr": 139266462056448
  }
}
