{
  "params": {
    "version": "0.2.0",
    "source": "devdax",
    "path": "/dev/dax0.1",
    "nthreads": 2,
    "nsegments": 1,
    "stripeSize": 17179869184,
    "blockSize": 512,
    "paddingSize": 16384,
    "totalSize": 17179869184,
    "extentSize": 17179901952,
    "accessType": "write",
    "accessPattern": "sequential",
    "granularity": "page",
    "nonTemporal": false,
    "noflush": false,
    "set-affinity": true
  },
  "results": {
    "success": true,
    "time": 3781.575774,
    "byte_per_sec": 4543045071.87696,
    "MiB_per_sec": 4332.5854033250425,
    "IOPS": 8873134.906009687,
    "MIOPS": 8.873134906009687,
    "addr": 139547782414336
  }
}
