{
  "params": {
    "version": "0.2.0",
    "source": "devdax",
    "path": "/dev/dax0.1",
    "nthreads": 8,
    "nsegments": 1,
    "stripeSize": 68719476736,
    "blockSize": 1048576,
    "paddingSize": 16384,
    "totalSize": 68719476736,
    "extentSize": 68719607808,
    "accessType": "write",
    "accessPattern": "sequential",
    "granularity": "page",
    "nonTemporal": true,
    "noflush": false,
    "set-affinity": true
  },
  "results": {
    "success": true,
    "time": 6245.975099,
    "byte_per_sec": 11002201521.264822,
    "MiB_per_sec": 10492.517014756033,
    "IOPS": 10492.517014756033,
    "MIOPS": 0.010492517014756033,
    "addr": 139765752004608
  }
}
