{
  "params": {
    "version": "0.2.0",
    "source": "devdax",
    "path": "/dev/dax0.1",
    "nthreads": 2,
    "nsegments": 1,
    "stripeSize": 17179869184,
    "blockSize": 4096,
    "paddingSize": 16384,
    "totalSize": 17179869184,
    "extentSize": 17179901952,
    "accessType": "write",
    "accessPattern": "sequential",
    "granularity": "page",
    "nonTemporal": false,
    "noflush": false,
    "set-affinity": true
  },
  "results": {
    "success": true,
    "time": 4553.834098,
    "byte_per_sec": 3772616396.2681975,
    "MiB_per_sec": 3597.8473627740836,
    "IOPS": 921048.9248701654,
    "MIOPS": 0.9210489248701654,
    "addr": 139418933395456
  }
}
