{
  "params": {
    "version": "0.2.0",
    "source": "devdax",
    "path": "/dev/dax0.1",
    "nthreads": 1,
    "nsegments": 1,
    "stripeSize": 8589934592,
    "blockSize": 1048576,
    "paddingSize": 16384,
    "totalSize": 8589934592,
    "extentSize": 8589950976,
    "accessType": "write",
    "accessPattern": "sequential",
    "granularity": "page",
    "nonTemporal": false,
    "noflush": false,
    "set-affinity": true
  },
  "results": {
    "success": true,
    "time": 5174.9897789999995,
    "byte_per_sec": 1659894020.8264325,
    "MiB_per_sec": 1582.9982956184697,
    "IOPS": 1582.9982956184697,
    "MIOPS": 0.0015829982956184698,
    "addr": 139354508886016
  }
}
