{
  "params": {
    "version": "0.2.0",
    "source": "devdax",
    "path": "/dev/dax0.1",
    "nthreads": 16,
    "nsegments": 1,
    "stripeSize": 137438953472,
    "blockSize": 524288,
    "paddingSize": 16384,
    "totalSize": 137438953472,
    "extentSize": 137439215616,
    "accessType": "write",
    "accessPattern": "sequential",
    "granularity": "page",
    "nonTemporal": true,
    "noflush": false,
    "set-affinity": true
  },
  "results": {
    "success": true,
    "time": 15951.359672,
    "byte_per_sec": 8616127797.133907,
    "MiB_per_sec": 8216.979787000568,
    "IOPS": 16433.959574001135,
    "MIOPS": 0.016433959574001136,
    "addr": 139545634930688
  }
}
