{
  "params": {
    "version": "0.2.0",
    "source": "devdax",
    "path": "/dev/dax0.1",
    "nthreads": 4,
    "nsegments": 1,
    "stripeSize": 34359738368,
    "blockSize": 1024,
    "paddingSize": 16384,
    "totalSize": 34359738368,
    "extentSize": 34359803904,
    "accessType": "write",
    "accessPattern": "sequential",
    "granularity": "page",
    "nonTemporal": true,
    "noflush": false,
    "set-affinity": true
  },
  "results": {
    "success": true,
    "time": 2948.918532,
    "byte_per_sec": 11651640421.784294,
    "MiB_per_sec": 11111.870214256567,
    "IOPS": 11378555.099398725,
    "MIOPS": 11.378555099398724,
    "addr": 140316581560320
  }
}
