{
  "params": {
    "version": "0.2.0",
    "source": "devdax",
    "path": "/dev/dax0.1",
    "nthreads": 4,
    "nsegments": 1,
    "stripeSize": 34359738368,
    "blockSize": 16384,
    "paddingSize": 16384,
    "totalSize": 34359738368,
    "extentSize": 34359803904,
    "accessType": "write",
    "accessPattern": "sequential",
    "granularity": "page",
    "nonTemporal": true,
    "noflush": false,
    "set-affinity": true
  },
  "results": {
    "success": true,
    "time": 2969.590543,
    "byte_per_sec": 11570530640.661459,
    "MiB_per_sec": 11034.517899190387,
    "IOPS": 706209.1455481848,
    "MIOPS": 0.7062091455481847,
    "addr": 139789374324736
  }
}
