{
  "params": {
    "version": "0.2.0",
    "source": "devdax",
    "path": "/dev/dax0.1",
    "nthreads": 2,
    "nsegments": 1,
    "stripeSize": 17179869184,
    "blockSize": 1048576,
    "paddingSize": 16384,
    "totalSize": 17179869184,
    "extentSize": 17179901952,
    "accessType": "write",
    "accessPattern": "sequential",
    "granularity": "page",
    "nonTemporal": false,
    "noflush": false,
    "set-affinity": true
  },
  "results": {
    "success": true,
    "time": 5257.494211,
    "byte_per_sec": 3267691507.4971256,
    "MiB_per_sec": 3116.31346463883,
    "IOPS": 3116.31346463883,
    "MIOPS": 0.00311631346463883,
    "addr": 140119013064704
  }
}
