{
  "params": {
    "version": "0.2.0",
    "source": "devdax",
    "path": "/dev/dax0.1",
    "nthreads": 4,
    "nsegments": 1,
    "stripeSize": 34359738368,
    "blockSize": 262144,
    "paddingSize": 16384,
    "totalSize": 34359738368,
    "extentSize": 34359803904,
    "accessType": "write",
    "accessPattern": "sequential",
    "granularity": "page",
    "nonTemporal": false,
    "noflush": false,
    "set-affinity": true
  },
  "results": {
    "success": true,
    "time": 5774.200304,
    "byte_per_sec": 5950562252.611457,
    "MiB_per_sec": 5674.898388492066,
    "IOPS": 22699.593553968265,
    "MIOPS": 0.022699593553968264,
    "addr": 140027745009664
  }
}
