{
  "params": {
    "version": "0.2.0",
    "source": "devdax",
    "path": "/dev/dax0.1",
    "nthreads": 4,
    "nsegments": 1,
    "stripeSize": 34359738368,
    "blockSize": 16384,
    "paddingSize": 16384,
    "totalSize": 34359738368,
    "extentSize": 34359803904,
    "accessType": "write",
    "accessPattern": "sequential",
    "granularity": "page",
    "nonTemporal": true,
    "noflush": false,
    "set-affinity": true
  },
  "results": {
    "success": true,
    "time": 2966.825821,
    "byte_per_sec": 11581312972.535303,
    "MiB_per_sec": 11044.80073216944,
    "IOPS": 706867.2468588442,
    "MIOPS": 0.7068672468588442,
    "addr": 139284715667456
  }
}
