{
  "params": {
    "version": "0.2.0",
    "source": "devdax",
    "path": "/dev/dax0.1",
    "nthreads": 1,
    "nsegments": 1,
    "stripeSize": 8589934592,
    "blockSize": 1024,
    "paddingSize": 16384,
    "totalSize": 8589934592,
    "extentSize": 8589950976,
    "accessType": "write",
    "accessPattern": "sequential",
    "granularity": "page",
    "nonTemporal": true,
    "noflush": false,
    "set-affinity": true
  },
  "results": {
    "success": true,
    "time": 1841.514573,
    "byte_per_sec": 4664603103.30653,
    "MiB_per_sec": 4448.512175852327,
    "IOPS": 4555276.468072783,
    "MIOPS": 4.555276468072783,
    "addr": 139244987219968
  }
}
