{
  "params": {
    "version": "0.2.0",
    "source": "devdax",
    "path": "/dev/dax0.1",
    "nthreads": 8,
    "nsegments": 1,
    "stripeSize": 68719476736,
    "blockSize": 1024,
    "paddingSize": 16384,
    "totalSize": 68719476736,
    "extentSize": 68719607808,
    "accessType": "write",
    "accessPattern": "sequential",
    "granularity": "page",
    "nonTemporal": false,
    "noflush": false,
    "set-affinity": true
  },
  "results": {
    "success": true,
    "time": 7942.118847,
    "byte_per_sec": 8652536943.835537,
    "MiB_per_sec": 8251.70225509218,
    "IOPS": 8449743.109214392,
    "MIOPS": 8.449743109214392,
    "addr": 139829102772224
  }
}
