{
  "params": {
    "version": "0.2.0",
    "source": "devdax",
    "path": "/dev/dax0.1",
    "nthreads": 1,
    "nsegments": 1,
    "stripeSize": 8589934592,
    "blockSize": 128,
    "paddingSize": 16384,
    "totalSize": 8589934592,
    "extentSize": 8589950976,
    "accessType": "write",
    "accessPattern": "sequential",
    "granularity": "page",
    "nonTemporal": false,
    "noflush": false,
    "set-affinity": true
  },
  "results": {
    "success": true,
    "time": 8449.914637999998,
    "byte_per_sec": 1016570576.153553,
    "MiB_per_sec": 969.4772492919474,
    "IOPS": 7941957.626199633,
    "MIOPS": 7.941957626199633,
    "addr": 140107201904640
  }
}
