{
  "params": {
    "version": "0.2.0",
    "source": "devdax",
    "path": "/dev/dax0.1",
    "nthreads": 8,
    "nsegments": 1,
    "stripeSize": 68719476736,
    "blockSize": 128,
    "paddingSize": 16384,
    "totalSize": 68719476736,
    "extentSize": 68719607808,
    "accessType": "write",
    "accessPattern": "sequential",
    "granularity": "page",
    "nonTemporal": false,
    "noflush": false,
    "set-affinity": true
  },
  "results": {
    "success": true,
    "time": 9382.960548,
    "byte_per_sec": 7323858646.154887,
    "MiB_per_sec": 6984.575887827766,
    "IOPS": 57217645.673085056,
    "MIOPS": 57.21764567308506,
    "addr": 139456514359296
  }
}
