{
  "params": {
    "version": "0.2.0",
    "source": "devdax",
    "path": "/dev/dax0.1",
    "nthreads": 16,
    "nsegments": 1,
    "stripeSize": 137438953472,
    "blockSize": 65536,
    "paddingSize": 16384,
    "totalSize": 137438953472,
    "extentSize": 137439215616,
    "accessType": "write",
    "accessPattern": "sequential",
    "granularity": "page",
    "nonTemporal": true,
    "noflush": false,
    "set-affinity": true
  },
  "results": {
    "success": true,
    "time": 15649.046407,
    "byte_per_sec": 8782576899.415543,
    "MiB_per_sec": 8375.71802083544,
    "IOPS": 134011.48833336704,
    "MIOPS": 0.13401148833336704,
    "addr": 140001975205888
  }
}
