{
  "params": {
    "version": "0.2.0",
    "source": "devdax",
    "path": "/dev/dax0.1",
    "nthreads": 2,
    "nsegments": 1,
    "stripeSize": 17179869184,
    "blockSize": 131072,
    "paddingSize": 16384,
    "totalSize": 17179869184,
    "extentSize": 17179901952,
    "accessType": "write",
    "accessPattern": "sequential",
    "granularity": "page",
    "nonTemporal": true,
    "noflush": false,
    "set-affinity": true
  },
  "results": {
    "success": true,
    "time": 1480.378295,
    "byte_per_sec": 11605053412.377949,
    "MiB_per_sec": 11067.44137990756,
    "IOPS": 88539.53103926047,
    "MIOPS": 0.08853953103926047,
    "addr": 139479062937600
  }
}
