{
  "params": {
    "version": "0.2.0",
    "source": "devdax",
    "path": "/dev/dax0.1",
    "nthreads": 1,
    "nsegments": 1,
    "stripeSize": 8589934592,
    "blockSize": 1048576,
    "paddingSize": 16384,
    "totalSize": 8589934592,
    "extentSize": 8589950976,
    "accessType": "write",
    "accessPattern": "sequential",
    "granularity": "page",
    "nonTemporal": false,
    "noflush": false,
    "set-affinity": true
  },
  "results": {
    "success": true,
    "time": 5166.710173,
    "byte_per_sec": 1662553985.878472,
    "MiB_per_sec": 1585.535035971138,
    "IOPS": 1585.535035971138,
    "MIOPS": 0.001585535035971138,
    "addr": 139310485471232
  }
}
