{
  "params": {
    "version": "0.2.0",
    "source": "devdax",
    "path": "/dev/dax0.1",
    "nthreads": 1,
    "nsegments": 1,
    "stripeSize": 8589934592,
    "blockSize": 16384,
    "paddingSize": 16384,
    "totalSize": 8589934592,
    "extentSize": 8589950976,
    "accessType": "write",
    "accessPattern": "sequential",
    "granularity": "page",
    "nonTemporal": true,
    "noflush": false,
    "set-affinity": true
  },
  "results": {
    "success": true,
    "time": 1215.005963,
    "byte_per_sec": 7069870316.348397,
    "MiB_per_sec": 6742.353741024396,
    "IOPS": 431510.63942556136,
    "MIOPS": 0.43151063942556134,
    "addr": 140122234290176
  }
}
