{
  "params": {
    "version": "0.2.0",
    "source": "devdax",
    "path": "/dev/dax0.1",
    "nthreads": 1,
    "nsegments": 1,
    "stripeSize": 8589934592,
    "blockSize": 2048,
    "paddingSize": 16384,
    "totalSize": 8589934592,
    "extentSize": 8589950976,
    "accessType": "write",
    "accessPattern": "sequential",
    "granularity": "page",
    "nonTemporal": true,
    "noflush": false,
    "set-affinity": true
  },
  "results": {
    "success": true,
    "time": 1441.4968800000001,
    "byte_per_sec": 5959037935.621477,
    "MiB_per_sec": 5682.981429692723,
    "IOPS": 2909686.4920026744,
    "MIOPS": 2.9096864920026744,
    "addr": 139242839736320
  }
}
