{
  "params": {
    "version": "0.2.0",
    "source": "devdax",
    "path": "/dev/dax0.1",
    "nthreads": 4,
    "nsegments": 1,
    "stripeSize": 34359738368,
    "blockSize": 131072,
    "paddingSize": 16384,
    "totalSize": 34359738368,
    "extentSize": 34359803904,
    "accessType": "write",
    "accessPattern": "sequential",
    "granularity": "page",
    "nonTemporal": false,
    "noflush": false,
    "set-affinity": true
  },
  "results": {
    "success": true,
    "time": 5728.856925,
    "byte_per_sec": 5997660409.017808,
    "MiB_per_sec": 5719.814690606888,
    "IOPS": 45758.5175248551,
    "MIOPS": 0.0457585175248551,
    "addr": 139737834717184
  }
}
