{
  "params": {
    "version": "0.2.0",
    "source": "devdax",
    "path": "/dev/dax0.1",
    "nthreads": 2,
    "nsegments": 1,
    "stripeSize": 17179869184,
    "blockSize": 65536,
    "paddingSize": 16384,
    "totalSize": 17179869184,
    "extentSize": 17179901952,
    "accessType": "write",
    "accessPattern": "sequential",
    "granularity": "page",
    "nonTemporal": true,
    "noflush": false,
    "set-affinity": true
  },
  "results": {
    "success": true,
    "time": 1472.85046,
    "byte_per_sec": 11664367599.13834,
    "MiB_per_sec": 11124.007796419468,
    "IOPS": 177984.1247427115,
    "MIOPS": 0.1779841247427115,
    "addr": 139829102772224
  }
}
