{
  "params": {
    "version": "0.2.0",
    "source": "devdax",
    "path": "/dev/dax0.1",
    "nthreads": 8,
    "nsegments": 1,
    "stripeSize": 68719476736,
    "blockSize": 131072,
    "paddingSize": 16384,
    "totalSize": 68719476736,
    "extentSize": 68719607808,
    "accessType": "write",
    "accessPattern": "sequential",
    "granularity": "page",
    "nonTemporal": true,
    "noflush": false,
    "set-affinity": true
  },
  "results": {
    "success": true,
    "time": 6111.993100000001,
    "byte_per_sec": 11243382577.77156,
    "MiB_per_sec": 10722.525193950234,
    "IOPS": 85780.20155160187,
    "MIOPS": 0.08578020155160188,
    "addr": 140316581560320
  }
}
