{
  "params": {
    "version": "0.2.0",
    "source": "devdax",
    "path": "/dev/dax0.1",
    "nthreads": 2,
    "nsegments": 1,
    "stripeSize": 17179869184,
    "blockSize": 256,
    "paddingSize": 16384,
    "totalSize": 17179869184,
    "extentSize": 17179901952,
    "accessType": "write",
    "accessPattern": "sequential",
    "granularity": "page",
    "nonTemporal": true,
    "noflush": false,
    "set-affinity": true
  },
  "results": {
    "success": true,
    "time": 3928.4387189999998,
    "byte_per_sec": 4373205340.05255,
    "MiB_per_sec": 4170.613613178778,
    "IOPS": 17082833.359580275,
    "MIOPS": 17.082833359580274,
    "addr": 139554224865280
  }
}
