{
  "params": {
    "version": "0.2.0",
    "source": "devdax",
    "path": "/dev/dax0.1",
    "nthreads": 8,
    "nsegments": 1,
    "stripeSize": 68719476736,
    "blockSize": 65536,
    "paddingSize": 16384,
    "totalSize": 68719476736,
    "extentSize": 68719607808,
    "accessType": "write",
    "accessPattern": "sequential",
    "granularity": "page",
    "nonTemporal": false,
    "noflush": false,
    "set-affinity": true
  },
  "results": {
    "success": true,
    "time": 8241.495759,
    "byte_per_sec": 8338228732.442888,
    "MiB_per_sec": 7951.954586451424,
    "IOPS": 127231.27338322278,
    "MIOPS": 0.1272312733832228,
    "addr": 140083579584512
  }
}
