{
  "params": {
    "version": "0.2.0",
    "source": "devdax",
    "path": "/dev/dax0.1",
    "nthreads": 4,
    "nsegments": 1,
    "stripeSize": 34359738368,
    "blockSize": 2048,
    "paddingSize": 16384,
    "totalSize": 34359738368,
    "extentSize": 34359803904,
    "accessType": "write",
    "accessPattern": "sequential",
    "granularity": "page",
    "nonTemporal": false,
    "noflush": false,
    "set-affinity": true
  },
  "results": {
    "success": true,
    "time": 5165.329943,
    "byte_per_sec": 6651992950.530479,
    "MiB_per_sec": 6343.834829836349,
    "IOPS": 3248043.4328762107,
    "MIOPS": 3.2480434328762104,
    "addr": 139553151123456
  }
}
