{
  "params": {
    "version": "0.2.0",
    "source": "devdax",
    "path": "/dev/dax0.1",
    "nthreads": 16,
    "nsegments": 1,
    "stripeSize": 137438953472,
    "blockSize": 16384,
    "paddingSize": 16384,
    "totalSize": 137438953472,
    "extentSize": 137439215616,
    "accessType": "write",
    "accessPattern": "sequential",
    "granularity": "page",
    "nonTemporal": true,
    "noflush": false,
    "set-affinity": true
  },
  "results": {
    "success": true,
    "time": 15112.933286000001,
    "byte_per_sec": 9094128245.726976,
    "MiB_per_sec": 8672.836538054444,
    "IOPS": 555061.5384354844,
    "MIOPS": 0.5550615384354844,
    "addr": 139452219392000
  }
}
