{
  "params": {
    "version": "0.2.0",
    "source": "devdax",
    "path": "/dev/dax0.1",
    "nthreads": 8,
    "nsegments": 1,
    "stripeSize": 68719476736,
    "blockSize": 32768,
    "paddingSize": 16384,
    "totalSize": 68719476736,
    "extentSize": 68719607808,
    "accessType": "write",
    "accessPattern": "sequential",
    "granularity": "page",
    "nonTemporal": true,
    "noflush": false,
    "set-affinity": true
  },
  "results": {
    "success": true,
    "time": 5923.80651,
    "byte_per_sec": 11600560656.394566,
    "MiB_per_sec": 11063.156753916326,
    "IOPS": 354021.01612532244,
    "MIOPS": 0.35402101612532244,
    "addr": 139858093801472
  }
}
