{
  "params": {
    "version": "0.2.0",
    "source": "devdax",
    "path": "/dev/dax0.1",
    "nthreads": 16,
    "nsegments": 1,
    "stripeSize": 137438953472,
    "blockSize": 65536,
    "paddingSize": 16384,
    "totalSize": 137438953472,
    "extentSize": 137439215616,
    "accessType": "write",
    "accessPattern": "sequential",
    "granularity": "page",
    "nonTemporal": false,
    "noflush": false,
    "set-affinity": true
  },
  "results": {
    "success": true,
    "time": 15102.820536,
    "byte_per_sec": 9100217614.609945,
    "MiB_per_sec": 8678.643812761255,
    "IOPS": 138858.30100418007,
    "MIOPS": 0.13885830100418006,
    "addr": 139897822248960
  }
}
