{
  "params": {
    "version": "0.2.0",
    "source": "devdax",
    "path": "/dev/dax0.1",
    "nthreads": 16,
    "nsegments": 1,
    "stripeSize": 137438953472,
    "blockSize": 256,
    "paddingSize": 16384,
    "totalSize": 137438953472,
    "extentSize": 137439215616,
    "accessType": "write",
    "accessPattern": "sequential",
    "granularity": "page",
    "nonTemporal": false,
    "noflush": false,
    "set-affinity": true
  },
  "results": {
    "success": true,
    "time": 14818.37352,
    "byte_per_sec": 9274901411.177279,
    "MiB_per_sec": 8845.235263039855,
    "IOPS": 36230083.637411244,
    "MIOPS": 36.23008363741124,
    "addr": 139912854634496
  }
}
