{
  "params": {
    "version": "0.2.0",
    "source": "devdax",
    "path": "/dev/dax0.1",
    "nthreads": 1,
    "nsegments": 1,
    "stripeSize": 8589934592,
    "blockSize": 128,
    "paddingSize": 16384,
    "totalSize": 8589934592,
    "extentSize": 8589950976,
    "accessType": "write",
    "accessPattern": "sequential",
    "granularity": "page",
    "nonTemporal": false,
    "noflush": false,
    "set-affinity": true
  },
  "results": {
    "success": true,
    "time": 8450.077933999999,
    "byte_per_sec": 1016550931.13843,
    "MiB_per_sec": 969.4585143455791,
    "IOPS": 7941804.149518984,
    "MIOPS": 7.941804149518984,
    "addr": 139884937347072
  }
}
