{
  "params": {
    "version": "0.2.0",
    "source": "devdax",
    "path": "/dev/dax0.1",
    "nthreads": 8,
    "nsegments": 1,
    "stripeSize": 68719476736,
    "blockSize": 131072,
    "paddingSize": 16384,
    "totalSize": 68719476736,
    "extentSize": 68719607808,
    "accessType": "write",
    "accessPattern": "sequential",
    "granularity": "page",
    "nonTemporal": true,
    "noflush": false,
    "set-affinity": true
  },
  "results": {
    "success": true,
    "time": 6112.74183,
    "byte_per_sec": 11242005412.16052,
    "MiB_per_sec": 10721.211826477547,
    "IOPS": 85769.69461182038,
    "MIOPS": 0.08576969461182038,
    "addr": 140001975205888
  }
}
