{
  "params": {
    "accessPattern": "random",
    "accessType": "read",
    "blockSize": 65536,
    "granularity": "page",
    "nonTemporal": true,
    "nthreads": 2,
    "path": "/dev/dax0.1",
    "set-affinity": true,
    "source": "devdax",
    "stripeSize": 17179869184,
    "totalSize": 17179869184
  },
  "results": {
    "IOPS": 87445.92628698768,
    "MIOPS": 0.08744592628698769,
    "MiB_per_sec": 5465.37039293673,
    "addr": 139608985698304,
    "byte_per_sec": 5730856225.144025,
    "success": true,
    "time": 2997.784015
  }
}
