{
  "params": {
    "accessPattern": "random",
    "accessType": "read",
    "blockSize": 128,
    "granularity": "page",
    "nonTemporal": true,
    "nthreads": 2,
    "path": "/dev/dax0.1",
    "set-affinity": true,
    "source": "devdax",
    "stripeSize": 17179869184,
    "totalSize": 17179869184
  },
  "results": {
    "IOPS": 18559087.761285383,
    "MIOPS": 18.559087761285383,
    "MiB_per_sec": 2265.513642735032,
    "addr": 140186658799616,
    "byte_per_sec": 2375563233.444529,
    "success": true,
    "time": 7231.914075
  }
}
