{
  "params": {
    "accessPattern": "random",
    "accessType": "read",
    "blockSize": 2048,
    "granularity": "page",
    "nonTemporal": true,
    "nthreads": 1,
    "path": "/dev/dax0.1",
    "set-affinity": true,
    "source": "devdax",
    "stripeSize": 8589934592,
    "totalSize": 8589934592
  },
  "results": {
    "IOPS": 1236091.7264604287,
    "MIOPS": 1.2360917264604288,
    "MiB_per_sec": 2414.2416532430248,
    "addr": 140105054420992,
    "byte_per_sec": 2531515855.790958,
    "success": true,
    "time": 3393.1980209999997
  }
}
