{
  "params": {
    "accessPattern": "random",
    "accessType": "read",
    "blockSize": 65536,
    "granularity": "page",
    "nonTemporal": true,
    "nthreads": 2,
    "path": "/dev/dax0.1",
    "set-affinity": true,
    "source": "devdax",
    "stripeSize": 17179869184,
    "totalSize": 17179869184
  },
  "results": {
    "IOPS": 87331.42519957076,
    "MIOPS": 0.08733142519957077,
    "MiB_per_sec": 5458.2140749731725,
    "addr": 140019155075072,
    "byte_per_sec": 5723352281.879069,
    "success": true,
    "time": 3001.7144390000003
  }
}
