{
  "params": {
    "accessPattern": "random",
    "accessType": "read",
    "blockSize": 8192,
    "granularity": "page",
    "nonTemporal": true,
    "nthreads": 8,
    "path": "/dev/dax0.1",
    "set-affinity": true,
    "source": "devdax",
    "stripeSize": 68719476736,
    "totalSize": 68719476736
  },
  "results": {
    "IOPS": 2659774.5619198666,
    "MIOPS": 2.6597745619198667,
    "MiB_per_sec": 20779.488764998958,
    "addr": 140008417656832,
    "byte_per_sec": 21788873211.247547,
    "success": true,
    "time": 3153.8793250000003
  }
}
