{
  "params": {
    "accessPattern": "random",
    "accessType": "read",
    "blockSize": 524288,
    "granularity": "page",
    "nonTemporal": true,
    "nthreads": 4,
    "path": "/dev/dax0.1",
    "set-affinity": true,
    "source": "devdax",
    "stripeSize": 34359738368,
    "totalSize": 34359738368
  },
  "results": {
    "IOPS": 18926.377989537297,
    "MIOPS": 0.018926377989537297,
    "MiB_per_sec": 9463.188994768649,
    "addr": 139604690731008,
    "byte_per_sec": 9922872863.37853,
    "success": true,
    "time": 3462.6805
  }
}
