{
  "params": {
    "accessPattern": "random",
    "accessType": "read",
    "blockSize": 1024,
    "granularity": "page",
    "nonTemporal": true,
    "nthreads": 1,
    "path": "/dev/dax0.1",
    "set-affinity": true,
    "source": "devdax",
    "stripeSize": 8589934592,
    "totalSize": 8589934592
  },
  "results": {
    "IOPS": 1818146.5979376293,
    "MIOPS": 1.8181465979376292,
    "MiB_per_sec": 1775.5337870484661,
    "addr": 139292231860224,
    "byte_per_sec": 1861782116.2881324,
    "success": true,
    "time": 4613.823775
  }
}
