{
  "params": {
    "accessPattern": "random",
    "accessType": "read",
    "blockSize": 8192,
    "granularity": "page",
    "nonTemporal": true,
    "nthreads": 4,
    "path": "/dev/dax0.1",
    "set-affinity": true,
    "source": "devdax",
    "stripeSize": 34359738368,
    "totalSize": 34359738368
  },
  "results": {
    "IOPS": 1578735.246720862,
    "MIOPS": 1.5787352467208622,
    "MiB_per_sec": 12333.869115006735,
    "addr": 139700253753344,
    "byte_per_sec": 12932999141.137302,
    "success": true,
    "time": 2656.749451
  }
}
