{
  "params": {
    "accessPattern": "random",
    "accessType": "read",
    "blockSize": 128,
    "granularity": "page",
    "nonTemporal": true,
    "nthreads": 1,
    "path": "/dev/dax0.1",
    "set-affinity": true,
    "source": "devdax",
    "stripeSize": 8589934592,
    "totalSize": 8589934592
  },
  "results": {
    "IOPS": 9487619.797852974,
    "MIOPS": 9.487619797852975,
    "MiB_per_sec": 1158.1567136050994,
    "addr": 139280420700160,
    "byte_per_sec": 1214415334.1251807,
    "success": true,
    "time": 7073.308736000001
  }
}
