{
  "params": {
    "accessPattern": "random",
    "accessType": "read",
    "blockSize": 1048576,
    "granularity": "page",
    "nonTemporal": true,
    "nthreads": 2,
    "path": "/dev/dax0.1",
    "set-affinity": true,
    "source": "devdax",
    "stripeSize": 17179869184,
    "totalSize": 17179869184
  },
  "results": {
    "IOPS": 5138.668554831285,
    "MIOPS": 0.005138668554831285,
    "MiB_per_sec": 5138.668554831285,
    "addr": 139505906483200,
    "byte_per_sec": 5388284518.55077,
    "success": true,
    "time": 3188.374542
  }
}
