{
  "params": {
    "accessPattern": "random",
    "accessType": "read",
    "blockSize": 1048576,
    "granularity": "page",
    "nonTemporal": true,
    "nthreads": 16,
    "path": "/dev/dax0.1",
    "set-affinity": true,
    "source": "devdax",
    "stripeSize": 137438953472,
    "totalSize": 137438953472
  },
  "results": {
    "IOPS": 21017.07657146078,
    "MIOPS": 0.02101707657146078,
    "MiB_per_sec": 21017.07657146078,
    "addr": 139404974751744,
    "byte_per_sec": 22038002082.99606,
    "success": true,
    "time": 6236.452512999999
  }
}
