{
  "params": {
    "accessPattern": "random",
    "accessType": "read",
    "blockSize": 256,
    "granularity": "page",
    "nonTemporal": true,
    "nthreads": 8,
    "path": "/dev/dax0.1",
    "set-affinity": true,
    "source": "devdax",
    "stripeSize": 68719476736,
    "totalSize": 68719476736
  },
  "results": {
    "IOPS": 40215848.78387134,
    "MIOPS": 40.21584878387134,
    "MiB_per_sec": 9818.322456999838,
    "addr": 140241419632640,
    "byte_per_sec": 10295257288.671062,
    "success": true,
    "time": 6674.86735
  }
}
