{
  "params": {
    "accessPattern": "random",
    "accessType": "read",
    "blockSize": 128,
    "granularity": "page",
    "nonTemporal": true,
    "nthreads": 16,
    "path": "/dev/dax0.1",
    "set-affinity": true,
    "source": "devdax",
    "stripeSize": 137438953472,
    "totalSize": 137438953472
  },
  "results": {
    "IOPS": 100655639.77659836,
    "MIOPS": 100.65563977659836,
    "MiB_per_sec": 12287.065402416792,
    "addr": 140247862083584,
    "byte_per_sec": 12883921891.40459,
    "success": true,
    "time": 10667.478011
  }
}
