{
  "params": {
    "accessPattern": "random",
    "accessType": "read",
    "blockSize": 256,
    "granularity": "page",
    "nonTemporal": true,
    "nthreads": 8,
    "path": "/dev/dax0.1",
    "set-affinity": true,
    "source": "devdax",
    "stripeSize": 68719476736,
    "totalSize": 68719476736
  },
  "results": {
    "IOPS": 40291837.63334331,
    "MIOPS": 40.291837633343306,
    "MiB_per_sec": 9836.874422202956,
    "addr": 140090022035456,
    "byte_per_sec": 10314710434.135887,
    "success": true,
    "time": 6662.278808
  }
}
