{
  "params": {
    "accessPattern": "random",
    "accessType": "read",
    "blockSize": 256,
    "granularity": "page",
    "nonTemporal": true,
    "nthreads": 4,
    "path": "/dev/dax0.1",
    "set-affinity": true,
    "source": "devdax",
    "stripeSize": 34359738368,
    "totalSize": 34359738368
  },
  "results": {
    "IOPS": 21322513.557139445,
    "MIOPS": 21.322513557139445,
    "MiB_per_sec": 5205.691786410997,
    "addr": 139270757023744,
    "byte_per_sec": 5458563470.627698,
    "success": true,
    "time": 6294.648501000001
  }
}
