{
  "params": {
    "accessPattern": "sequential",
    "accessType": "read",
    "blockSize": 262144,
    "granularity": "page",
    "nonTemporal": true,
    "nthreads": 16,
    "path": "/dev/dax0.1",
    "set-affinity": true,
    "source": "devdax",
    "stripeSize": 137438953472,
    "totalSize": 137438953472
  },
  "results": {
    "IOPS": 73925.15636254234,
    "MIOPS": 0.07392515636254235,
    "MiB_per_sec": 18481.289090635586,
    "addr": 139337329016832,
    "byte_per_sec": 19379036189.5023,
    "success": true,
    "time": 7092.145973
  }
}
