{
  "params": {
    "accessPattern": "sequential",
    "accessType": "read",
    "blockSize": 524288,
    "granularity": "page",
    "nonTemporal": true,
    "nthreads": 2,
    "path": "/dev/dax0.1",
    "set-affinity": true,
    "source": "devdax",
    "stripeSize": 17179869184,
    "totalSize": 17179869184
  },
  "results": {
    "IOPS": 10566.512139574226,
    "MIOPS": 0.010566512139574226,
    "MiB_per_sec": 5283.256069787113,
    "addr": 139962246758400,
    "byte_per_sec": 5539895516.633092,
    "success": true,
    "time": 3101.117906
  }
}
