{
  "params": {
    "accessPattern": "sequential",
    "accessType": "read",
    "blockSize": 1048576,
    "granularity": "page",
    "nonTemporal": true,
    "nthreads": 4,
    "path": "/dev/dax0.1",
    "set-affinity": true,
    "source": "devdax",
    "stripeSize": 34359738368,
    "totalSize": 34359738368
  },
  "results": {
    "IOPS": 9210.792934389721,
    "MIOPS": 0.00921079293438972,
    "MiB_per_sec": 9210.792934389721,
    "addr": 140069620940800,
    "byte_per_sec": 9658216411.970636,
    "success": true,
    "time": 3557.5655899999997
  }
}
