{
  "params": {
    "accessPattern": "sequential",
    "accessType": "read",
    "blockSize": 262144,
    "granularity": "page",
    "nonTemporal": true,
    "nthreads": 2,
    "path": "/dev/dax0.1",
    "set-affinity": true,
    "source": "devdax",
    "stripeSize": 17179869184,
    "totalSize": 17179869184
  },
  "results": {
    "IOPS": 21999.117467350126,
    "MIOPS": 0.021999117467350126,
    "MiB_per_sec": 5499.779366837532,
    "addr": 140127602999296,
    "byte_per_sec": 5766936649.361032,
    "success": true,
    "time": 2979.0285949999998
  }
}
