{
  "params": {
    "accessPattern": "sequential",
    "accessType": "read",
    "blockSize": 128,
    "granularity": "page",
    "nonTemporal": true,
    "nthreads": 8,
    "path": "/dev/dax0.1",
    "set-affinity": true,
    "source": "devdax",
    "stripeSize": 68719476736,
    "totalSize": 68719476736
  },
  "results": {
    "IOPS": 172333131.90011466,
    "MIOPS": 172.33313190011467,
    "MiB_per_sec": 21036.759265150715,
    "addr": 139315854180352,
    "byte_per_sec": 22058640883.214676,
    "success": true,
    "time": 3115.30874
  }
}
