{
  "params": {
    "accessPattern": "sequential",
    "accessType": "read",
    "blockSize": 4096,
    "granularity": "page",
    "nonTemporal": true,
    "nthreads": 4,
    "path": "/dev/dax0.1",
    "set-affinity": true,
    "source": "devdax",
    "stripeSize": 34359738368,
    "totalSize": 34359738368
  },
  "results": {
    "IOPS": 3297698.448989754,
    "MIOPS": 3.2976984489897543,
    "MiB_per_sec": 12881.634566366227,
    "addr": 140300475432960,
    "byte_per_sec": 13507372847.062033,
    "success": true,
    "time": 2543.776555
  }
}
