{
  "params": {
    "accessPattern": "sequential",
    "accessType": "read",
    "blockSize": 8192,
    "granularity": "page",
    "nonTemporal": true,
    "nthreads": 1,
    "path": "/dev/dax0.1",
    "set-affinity": true,
    "source": "devdax",
    "stripeSize": 8589934592,
    "totalSize": 8589934592
  },
  "results": {
    "IOPS": 454375.1576566979,
    "MIOPS": 0.4543751576566979,
    "MiB_per_sec": 3549.8059191929524,
    "addr": 140076063391744,
    "byte_per_sec": 3722241291.5236692,
    "success": true,
    "time": 2307.731799
  }
}
