{
  "params": {
    "accessPattern": "sequential",
    "accessType": "read",
    "blockSize": 2048,
    "granularity": "page",
    "nonTemporal": true,
    "nthreads": 2,
    "path": "/dev/dax0.1",
    "set-affinity": true,
    "source": "devdax",
    "stripeSize": 17179869184,
    "totalSize": 17179869184
  },
  "results": {
    "IOPS": 3494068.3186072162,
    "MIOPS": 3.494068318607216,
    "MiB_per_sec": 6824.352184779719,
    "addr": 140150151577600,
    "byte_per_sec": 7155851916.507579,
    "success": true,
    "time": 2400.813961
  }
}
