{
  "params": {
    "accessPattern": "sequential",
    "accessType": "read",
    "blockSize": 65536,
    "granularity": "page",
    "nonTemporal": true,
    "nthreads": 8,
    "path": "/dev/dax0.1",
    "set-affinity": true,
    "source": "devdax",
    "stripeSize": 68719476736,
    "totalSize": 68719476736
  },
  "results": {
    "IOPS": 216443.78464325948,
    "MIOPS": 0.21644378464325947,
    "MiB_per_sec": 13527.736540203718,
    "addr": 140158741512192,
    "byte_per_sec": 14184859870.380653,
    "success": true,
    "time": 4844.565076
  }
}
