{
  "params": {
    "accessPattern": "sequential",
    "accessType": "read",
    "blockSize": 262144,
    "granularity": "page",
    "nonTemporal": true,
    "nthreads": 8,
    "path": "/dev/dax0.1",
    "set-affinity": true,
    "source": "devdax",
    "stripeSize": 68719476736,
    "totalSize": 68719476736
  },
  "results": {
    "IOPS": 60073.04839511008,
    "MIOPS": 0.06007304839511008,
    "MiB_per_sec": 15018.26209877752,
    "addr": 139360951336960,
    "byte_per_sec": 15747789198.487738,
    "success": true,
    "time": 4363.7539130000005
  }
}
