{
  "params": {
    "accessPattern": "sequential",
    "accessType": "read",
    "blockSize": 131072,
    "granularity": "page",
    "nonTemporal": true,
    "nthreads": 1,
    "path": "/dev/dax0.1",
    "set-affinity": true,
    "source": "devdax",
    "stripeSize": 8589934592,
    "totalSize": 8589934592
  },
  "results": {
    "IOPS": 23256.88654975863,
    "MIOPS": 0.023256886549758632,
    "MiB_per_sec": 2907.110818719829,
    "addr": 140207059894272,
    "byte_per_sec": 3048326633.849963,
    "success": true,
    "time": 2817.9180330000004
  }
}
