{
  "params": {
    "accessPattern": "sequential",
    "accessType": "read",
    "blockSize": 16384,
    "granularity": "page",
    "nonTemporal": true,
    "nthreads": 16,
    "path": "/dev/dax0.1",
    "set-affinity": true,
    "source": "devdax",
    "stripeSize": 137438953472,
    "totalSize": 137438953472
  },
  "results": {
    "IOPS": 1139441.8575938288,
    "MIOPS": 1.1394418575938288,
    "MiB_per_sec": 17803.779024903575,
    "addr": 140080358359040,
    "byte_per_sec": 18668615394.81729,
    "success": true,
    "time": 7362.032510999999
  }
}
