{
  "params": {
    "accessPattern": "random",
    "accessType": "write",
    "blockSize": 64,
    "granularity": "page",
    "nonTemporal": false,
    "nthreads": 4,
    "path": "/dev/dax0.1",
    "set-affinity": true,
    "source": "devdax",
    "stripeSize": 34359738368,
    "totalSize": 34359738368
  },
  "results": {
    "IOPS": 15768664.0742783,
    "MIOPS": 15.7686640742783,
    "MiB_per_sec": 962.4428756273377,
    "addr": 139981574111232,
    "byte_per_sec": 1009194500.7538112,
    "success": true,
    "time": 34046.695995999995
  }
}
