{
  "params": {
    "accessPattern": "random",
    "accessType": "write",
    "blockSize": 2048,
    "granularity": "page",
    "nonTemporal": true,
    "nthreads": 16,
    "path": "/dev/dax0.1",
    "set-affinity": true,
    "source": "devdax",
    "stripeSize": 137438953472,
    "totalSize": 137438953472
  },
  "results": {
    "IOPS": 4561500.192910441,
    "MIOPS": 4.561500192910441,
    "MiB_per_sec": 8909.180064278205,
    "addr": 140272558145536,
    "byte_per_sec": 9341952395.080584,
    "success": true,
    "time": 14712.016039
  }
}
