{
  "params": {
    "accessPattern": "random",
    "accessType": "write",
    "blockSize": 524288,
    "granularity": "page",
    "nonTemporal": true,
    "nthreads": 16,
    "path": "/dev/dax0.1",
    "set-affinity": true,
    "source": "devdax",
    "stripeSize": 137438953472,
    "totalSize": 137438953472
  },
  "results": {
    "IOPS": 16034.463985992621,
    "MIOPS": 0.01603446398599262,
    "MiB_per_sec": 8017.2319929963105,
    "addr": 139801185484800,
    "byte_per_sec": 8406677054.288099,
    "success": true,
    "time": 16348.784731999998
  }
}
