{
  "params": {
    "accessPattern": "random",
    "accessType": "write",
    "blockSize": 16384,
    "granularity": "page",
    "nonTemporal": false,
    "nthreads": 1,
    "path": "/dev/dax0.1",
    "set-affinity": true,
    "source": "devdax",
    "stripeSize": 8589934592,
    "totalSize": 8589934592
  },
  "results": {
    "IOPS": 110882.14173211777,
    "MIOPS": 0.11088214173211777,
    "MiB_per_sec": 1732.5334645643402,
    "addr": 139582142152704,
    "byte_per_sec": 1816693010.1390176,
    "success": true,
    "time": 4728.335797
  }
}
