{
  "params": {
    "accessPattern": "random",
    "accessType": "write",
    "blockSize": 4096,
    "granularity": "page",
    "nonTemporal": false,
    "nthreads": 8,
    "path": "/dev/dax0.1",
    "set-affinity": true,
    "source": "devdax",
    "stripeSize": 68719476736,
    "totalSize": 68719476736
  },
  "results": {
    "IOPS": 1684928.6714390106,
    "MIOPS": 1.6849286714390106,
    "MiB_per_sec": 6581.752622808635,
    "addr": 139406048493568,
    "byte_per_sec": 6901467838.214188,
    "success": true,
    "time": 9957.226252
  }
}
