{
  "params": {
    "accessPattern": "random",
    "accessType": "write",
    "blockSize": 1048576,
    "granularity": "page",
    "nonTemporal": false,
    "nthreads": 8,
    "path": "/dev/dax0.1",
    "set-affinity": true,
    "source": "devdax",
    "stripeSize": 68719476736,
    "totalSize": 68719476736
  },
  "results": {
    "IOPS": 7620.778869061932,
    "MIOPS": 0.007620778869061932,
    "MiB_per_sec": 7620.778869061932,
    "addr": 140212428603392,
    "byte_per_sec": 7990965823.405484,
    "success": true,
    "time": 8599.645932
  }
}
