{
  "params": {
    "accessPattern": "random",
    "accessType": "write",
    "blockSize": 64,
    "granularity": "page",
    "nonTemporal": true,
    "nthreads": 1,
    "path": "/dev/dax0.1",
    "set-affinity": true,
    "source": "devdax",
    "stripeSize": 8589934592,
    "totalSize": 8589934592
  },
  "results": {
    "IOPS": 9363687.639772963,
    "MIOPS": 9.363687639772962,
    "MiB_per_sec": 571.5141381697365,
    "addr": 139606838214656,
    "byte_per_sec": 599276008.9454696,
    "success": true,
    "time": 14333.853622999999
  }
}
