{
  "params": {
    "accessPattern": "random",
    "accessType": "write",
    "blockSize": 524288,
    "granularity": "page",
    "nonTemporal": true,
    "nthreads": 2,
    "path": "/dev/dax0.1",
    "set-affinity": true,
    "source": "devdax",
    "stripeSize": 17179869184,
    "totalSize": 17179869184
  },
  "results": {
    "IOPS": 22808.115368559313,
    "MIOPS": 0.022808115368559312,
    "MiB_per_sec": 11404.057684279656,
    "addr": 140066399715328,
    "byte_per_sec": 11958021190.351225,
    "success": true,
    "time": 1436.681614
  }
}
