{
  "params": {
    "accessPattern": "random",
    "accessType": "write",
    "blockSize": 16384,
    "granularity": "page",
    "nonTemporal": false,
    "nthreads": 16,
    "path": "/dev/dax0.1",
    "set-affinity": true,
    "source": "devdax",
    "stripeSize": 137438953472,
    "totalSize": 137438953472
  },
  "results": {
    "IOPS": 493269.3123408338,
    "MIOPS": 0.4932693123408338,
    "MiB_per_sec": 7707.333005325529,
    "addr": 139693811302400,
    "byte_per_sec": 8081724413.392221,
    "success": true,
    "time": 17006.142061
  }
}
