{
  "params": {
    "accessPattern": "random",
    "accessType": "write",
    "blockSize": 131072,
    "granularity": "page",
    "nonTemporal": true,
    "nthreads": 2,
    "path": "/dev/dax0.1",
    "set-affinity": true,
    "source": "devdax",
    "stripeSize": 17179869184,
    "totalSize": 17179869184
  },
  "results": {
    "IOPS": 89638.19271551348,
    "MIOPS": 0.08963819271551347,
    "MiB_per_sec": 11204.774089439185,
    "addr": 139831250255872,
    "byte_per_sec": 11749057195.607782,
    "success": true,
    "time": 1462.2338539999998
  }
}
