{
  "params": {
    "accessPattern": "random",
    "accessType": "write",
    "blockSize": 4096,
    "granularity": "page",
    "nonTemporal": false,
    "nthreads": 1,
    "path": "/dev/dax0.1",
    "set-affinity": true,
    "source": "devdax",
    "stripeSize": 8589934592,
    "totalSize": 8589934592
  },
  "results": {
    "IOPS": 439364.4458386295,
    "MIOPS": 0.4393644458386295,
    "MiB_per_sec": 1716.2673665571465,
    "addr": 139841987674112,
    "byte_per_sec": 1799636770.1550264,
    "success": true,
    "time": 4773.149079000001
  }
}
