{
  "params": {
    "accessPattern": "random",
    "accessType": "write",
    "blockSize": 4096,
    "granularity": "page",
    "nonTemporal": false,
    "nthreads": 2,
    "path": "/dev/dax0.1",
    "set-affinity": true,
    "source": "devdax",
    "stripeSize": 17179869184,
    "totalSize": 17179869184
  },
  "results": {
    "IOPS": 794054.2648552743,
    "MIOPS": 0.7940542648552743,
    "MiB_per_sec": 3101.7744720909154,
    "addr": 139911780892672,
    "byte_per_sec": 3252446268.8472037,
    "success": true,
    "time": 5282.137739999999
  }
}
