{
  "params": {
    "accessPattern": "random",
    "accessType": "write",
    "blockSize": 2048,
    "granularity": "page",
    "nonTemporal": true,
    "nthreads": 1,
    "path": "/dev/dax0.1",
    "set-affinity": true,
    "source": "devdax",
    "stripeSize": 8589934592,
    "totalSize": 8589934592
  },
  "results": {
    "IOPS": 2851492.5250223754,
    "MIOPS": 2.8514925250223753,
    "MiB_per_sec": 5569.321337934327,
    "addr": 139684147625984,
    "byte_per_sec": 5839856691.245825,
    "success": true,
    "time": 1470.9153059999999
  }
}
