{
  "params": {
    "accessPattern": "random",
    "accessType": "write",
    "blockSize": 128,
    "granularity": "page",
    "nonTemporal": false,
    "nthreads": 1,
    "path": "/dev/dax0.1",
    "set-affinity": true,
    "source": "devdax",
    "stripeSize": 8589934592,
    "totalSize": 8589934592
  },
  "results": {
    "IOPS": 4452687.295427375,
    "MIOPS": 4.452687295427374,
    "MiB_per_sec": 543.5409296175994,
    "addr": 140061031006208,
    "byte_per_sec": 569943973.814704,
    "success": true,
    "time": 15071.542093
  }
}
