{
  "params": {
    "accessPattern": "random",
    "accessType": "write",
    "blockSize": 262144,
    "granularity": "page",
    "nonTemporal": false,
    "nthreads": 4,
    "path": "/dev/dax0.1",
    "set-affinity": true,
    "source": "devdax",
    "stripeSize": 34359738368,
    "totalSize": 34359738368
  },
  "results": {
    "IOPS": 22545.13574852344,
    "MIOPS": 0.02254513574852344,
    "MiB_per_sec": 5636.28393713086,
    "addr": 139596100796416,
    "byte_per_sec": 5910072065.660929,
    "success": true,
    "time": 5813.7596269999995
  }
}
