{
  "params": {
    "accessPattern": "random",
    "accessType": "write",
    "blockSize": 128,
    "granularity": "page",
    "nonTemporal": true,
    "nthreads": 16,
    "path": "/dev/dax0.1",
    "set-affinity": true,
    "source": "devdax",
    "stripeSize": 137438953472,
    "totalSize": 137438953472
  },
  "results": {
    "IOPS": 40953429.61193665,
    "MIOPS": 40.95342961193665,
    "MiB_per_sec": 4999.197950675861,
    "addr": 139921444569088,
    "byte_per_sec": 5242038990.327891,
    "success": true,
    "time": 26218.605723
  }
}
