{
  "params": {
    "accessPattern": "random",
    "accessType": "write",
    "blockSize": 131072,
    "granularity": "page",
    "nonTemporal": false,
    "nthreads": 2,
    "path": "/dev/dax0.1",
    "set-affinity": true,
    "source": "devdax",
    "stripeSize": 17179869184,
    "totalSize": 17179869184
  },
  "results": {
    "IOPS": 24451.11118775464,
    "MIOPS": 0.02445111118775464,
    "MiB_per_sec": 3056.38889846933,
    "addr": 140034187460608,
    "byte_per_sec": 3204856045.601376,
    "success": true,
    "time": 5360.574372
  }
}
