{
  "params": {
    "accessPattern": "random",
    "accessType": "write",
    "blockSize": 32768,
    "granularity": "page",
    "nonTemporal": true,
    "nthreads": 8,
    "path": "/dev/dax0.1",
    "set-affinity": true,
    "source": "devdax",
    "stripeSize": 68719476736,
    "totalSize": 68719476736
  },
  "results": {
    "IOPS": 318823.5465133617,
    "MIOPS": 0.3188235465133617,
    "MiB_per_sec": 9963.235828542553,
    "addr": 139715286138880,
    "byte_per_sec": 10447209972.149836,
    "success": true,
    "time": 6577.782673
  }
}
