{
  "params": {
    "accessPattern": "random",
    "accessType": "write",
    "blockSize": 16384,
    "granularity": "page",
    "nonTemporal": false,
    "nthreads": 2,
    "path": "/dev/dax0.1",
    "set-affinity": true,
    "source": "devdax",
    "stripeSize": 17179869184,
    "totalSize": 17179869184
  },
  "results": {
    "IOPS": 207164.24855330787,
    "MIOPS": 0.20716424855330787,
    "MiB_per_sec": 3236.9413836454355,
    "addr": 139906412183552,
    "byte_per_sec": 3394179048.297396,
    "success": true,
    "time": 5061.568332
  }
}
