{
  "params": {
    "accessPattern": "random",
    "accessType": "write",
    "blockSize": 262144,
    "granularity": "page",
    "nonTemporal": true,
    "nthreads": 2,
    "path": "/dev/dax0.1",
    "set-affinity": true,
    "source": "devdax",
    "stripeSize": 17179869184,
    "totalSize": 17179869184
  },
  "results": {
    "IOPS": 45503.48011429667,
    "MIOPS": 0.04550348011429667,
    "MiB_per_sec": 11375.870028574167,
    "addr": 139704548720640,
    "byte_per_sec": 11928464291.082186,
    "success": true,
    "time": 1440.24149
  }
}
