{
  "params": {
    "accessPattern": "random",
    "accessType": "write",
    "blockSize": 524288,
    "granularity": "page",
    "nonTemporal": false,
    "nthreads": 2,
    "path": "/dev/dax0.1",
    "set-affinity": true,
    "source": "devdax",
    "stripeSize": 17179869184,
    "totalSize": 17179869184
  },
  "results": {
    "IOPS": 6110.60720440664,
    "MIOPS": 0.006110607204406641,
    "MiB_per_sec": 3055.30360220332,
    "addr": 139456514359296,
    "byte_per_sec": 3203718029.9839487,
    "success": true,
    "time": 5362.47854
  }
}
