{
  "params": {
    "accessPattern": "random",
    "accessType": "write",
    "blockSize": 65536,
    "granularity": "page",
    "nonTemporal": false,
    "nthreads": 2,
    "path": "/dev/dax0.1",
    "set-affinity": true,
    "source": "devdax",
    "stripeSize": 17179869184,
    "totalSize": 17179869184
  },
  "results": {
    "IOPS": 48048.2208090563,
    "MIOPS": 0.0480482208090563,
    "MiB_per_sec": 3003.0138005660187,
    "addr": 139402827268096,
    "byte_per_sec": 3148888198.9423137,
    "success": true,
    "time": 5455.8523829999995
  }
}
