{
  "params": {
    "accessPattern": "random",
    "accessType": "write",
    "blockSize": 16384,
    "granularity": "page",
    "nonTemporal": false,
    "nthreads": 8,
    "path": "/dev/dax0.1",
    "set-affinity": true,
    "source": "devdax",
    "stripeSize": 68719476736,
    "totalSize": 68719476736
  },
  "results": {
    "IOPS": 473212.98210261937,
    "MIOPS": 0.47321298210261936,
    "MiB_per_sec": 7393.952845353428,
    "addr": 139699180011520,
    "byte_per_sec": 7753121498.769316,
    "success": true,
    "time": 8863.459284999999
  }
}
