{
  "params": {
    "accessPattern": "sequential",
    "accessType": "write",
    "blockSize": 32768,
    "granularity": "page",
    "nonTemporal": false,
    "nthreads": 1,
    "path": "/dev/dax0.1",
    "set-affinity": true,
    "source": "devdax",
    "stripeSize": 8589934592,
    "totalSize": 8589934592
  },
  "results": {
    "IOPS": 52212.95440334058,
    "MIOPS": 0.052212954403340575,
    "MiB_per_sec": 1631.654825104393,
    "addr": 139802259226624,
    "byte_per_sec": 1710914089.888664,
    "success": true,
    "time": 5020.669736000001
  }
}
