{
  "params": {
    "accessPattern": "sequential",
    "accessType": "write",
    "blockSize": 8192,
    "granularity": "page",
    "nonTemporal": true,
    "nthreads": 4,
    "path": "/dev/dax0.1",
    "set-affinity": true,
    "source": "devdax",
    "stripeSize": 34359738368,
    "totalSize": 34359738368
  },
  "results": {
    "IOPS": 1346085.1119648414,
    "MIOPS": 1.3460851119648414,
    "MiB_per_sec": 10516.289937225323,
    "addr": 139733539749888,
    "byte_per_sec": 11027129237.21598,
    "success": true,
    "time": 3115.927784
  }
}
