{
  "params": {
    "accessPattern": "sequential",
    "accessType": "write",
    "blockSize": 128,
    "granularity": "page",
    "nonTemporal": true,
    "nthreads": 4,
    "path": "/dev/dax0.1",
    "set-affinity": true,
    "source": "devdax",
    "stripeSize": 34359738368,
    "totalSize": 34359738368
  },
  "results": {
    "IOPS": 35761950.18966456,
    "MIOPS": 35.76195018966456,
    "MiB_per_sec": 4365.472435261787,
    "addr": 139281494441984,
    "byte_per_sec": 4577529624.277063,
    "success": true,
    "time": 7506.174986999999
  }
}
