{
  "params": {
    "accessPattern": "sequential",
    "accessType": "write",
    "blockSize": 128,
    "granularity": "page",
    "nonTemporal": true,
    "nthreads": 4,
    "path": "/dev/dax0.1",
    "set-affinity": true,
    "source": "devdax",
    "stripeSize": 34359738368,
    "totalSize": 34359738368
  },
  "results": {
    "IOPS": 35745181.375937484,
    "MIOPS": 35.745181375937484,
    "MiB_per_sec": 4363.425460929869,
    "addr": 140207059894272,
    "byte_per_sec": 4575383216.119998,
    "success": true,
    "time": 7509.696291
  }
}
