{
  "params": {
    "accessPattern": "sequential",
    "accessType": "write",
    "blockSize": 256,
    "granularity": "page",
    "nonTemporal": false,
    "nthreads": 16,
    "path": "/dev/dax0.1",
    "set-affinity": true,
    "source": "devdax",
    "stripeSize": 137438953472,
    "totalSize": 137438953472
  },
  "results": {
    "IOPS": 34623618.77178908,
    "MIOPS": 34.62361877178908,
    "MiB_per_sec": 8453.031926706319,
    "addr": 140050293587968,
    "byte_per_sec": 8863646405.578005,
    "success": true,
    "time": 15505.915645
  }
}
