{
  "params": {
    "accessPattern": "sequential",
    "accessType": "write",
    "blockSize": 65536,
    "granularity": "page",
    "nonTemporal": true,
    "nthreads": 16,
    "path": "/dev/dax0.1",
    "set-affinity": true,
    "source": "devdax",
    "stripeSize": 137438953472,
    "totalSize": 137438953472
  },
  "results": {
    "IOPS": 131487.53148261903,
    "MIOPS": 0.13148753148261902,
    "MiB_per_sec": 8217.97071766369,
    "addr": 140212428603392,
    "byte_per_sec": 8617166863.24492,
    "success": true,
    "time": 15949.436242000002
  }
}
