{
  "params": {
    "accessPattern": "sequential",
    "accessType": "write",
    "blockSize": 262144,
    "granularity": "page",
    "nonTemporal": true,
    "nthreads": 2,
    "path": "/dev/dax0.1",
    "set-affinity": true,
    "source": "devdax",
    "stripeSize": 17179869184,
    "totalSize": 17179869184
  },
  "results": {
    "IOPS": 46118.664367731195,
    "MIOPS": 0.046118664367731196,
    "MiB_per_sec": 11529.666091932799,
    "addr": 139562814799872,
    "byte_per_sec": 12089731152.014526,
    "success": true,
    "time": 1421.0298779999998
  }
}
