{
  "params": {
    "accessPattern": "sequential",
    "accessType": "write",
    "blockSize": 262144,
    "granularity": "page",
    "nonTemporal": true,
    "nthreads": 16,
    "path": "/dev/dax0.1",
    "set-affinity": true,
    "source": "devdax",
    "stripeSize": 137438953472,
    "totalSize": 137438953472
  },
  "results": {
    "IOPS": 32467.623719494215,
    "MIOPS": 0.032467623719494215,
    "MiB_per_sec": 8116.905929873554,
    "addr": 140295106723840,
    "byte_per_sec": 8511192752.3230915,
    "success": true,
    "time": 16148.025015000001
  }
}
