{
  "params": {
    "accessPattern": "sequential",
    "accessType": "write",
    "blockSize": 256,
    "granularity": "page",
    "nonTemporal": false,
    "nthreads": 16,
    "path": "/dev/dax0.1",
    "set-affinity": true,
    "source": "devdax",
    "stripeSize": 137438953472,
    "totalSize": 137438953472
  },
  "results": {
    "IOPS": 34594363.0682625,
    "MIOPS": 34.5943630682625,
    "MiB_per_sec": 8445.889420962525,
    "addr": 139457588101120,
    "byte_per_sec": 8856156945.4752,
    "success": true,
    "time": 15519.028662
  }
}
