{
  "params": {
    "accessPattern": "sequential",
    "accessType": "write",
    "blockSize": 64,
    "granularity": "page",
    "nonTemporal": false,
    "nthreads": 8,
    "path": "/dev/dax0.1",
    "set-affinity": true,
    "source": "devdax",
    "stripeSize": 68719476736,
    "totalSize": 68719476736
  },
  "results": {
    "IOPS": 67467439.44113596,
    "MIOPS": 67.46743944113595,
    "MiB_per_sec": 4117.885708077146,
    "addr": 140301549174784,
    "byte_per_sec": 4317916124.232701,
    "success": true,
    "time": 15914.96332
  }
}
