{
  "params": {
    "accessPattern": "sequential",
    "accessType": "write",
    "blockSize": 64,
    "granularity": "page",
    "nonTemporal": false,
    "nthreads": 4,
    "path": "/dev/dax0.1",
    "set-affinity": true,
    "source": "devdax",
    "stripeSize": 34359738368,
    "totalSize": 34359738368
  },
  "results": {
    "IOPS": 34211459.51777056,
    "MIOPS": 34.21145951777056,
    "MiB_per_sec": 2088.1017772076757,
    "addr": 139393163591680,
    "byte_per_sec": 2189533409.1373158,
    "success": true,
    "time": 15692.721666000001
  }
}
