{
  "params": {
    "accessPattern": "sequential",
    "accessType": "write",
    "blockSize": 16384,
    "granularity": "page",
    "nonTemporal": false,
    "nthreads": 16,
    "path": "/dev/dax0.1",
    "set-affinity": true,
    "source": "devdax",
    "stripeSize": 137438953472,
    "totalSize": 137438953472
  },
  "results": {
    "IOPS": 541228.996401937,
    "MIOPS": 0.541228996401937,
    "MiB_per_sec": 8456.703068780265,
    "addr": 140004122689536,
    "byte_per_sec": 8867495877.049335,
    "success": true,
    "time": 15499.184367
  }
}
