{
  "params": {
    "accessPattern": "sequential",
    "accessType": "write",
    "blockSize": 64,
    "granularity": "page",
    "nonTemporal": false,
    "nthreads": 16,
    "path": "/dev/dax0.1",
    "set-affinity": true,
    "source": "devdax",
    "stripeSize": 137438953472,
    "totalSize": 137438953472
  },
  "results": {
    "IOPS": 120467467.89818859,
    "MIOPS": 120.46746789818859,
    "MiB_per_sec": 7352.7507262078,
    "addr": 139298674311168,
    "byte_per_sec": 7709917945.48407,
    "success": true,
    "time": 17826.253722
  }
}
