{
  "params": {
    "accessPattern": "sequential",
    "accessType": "write",
    "blockSize": 524288,
    "granularity": "page",
    "nonTemporal": false,
    "nthreads": 8,
    "path": "/dev/dax0.1",
    "set-affinity": true,
    "source": "devdax",
    "stripeSize": 68719476736,
    "totalSize": 68719476736
  },
  "results": {
    "IOPS": 15227.72743165903,
    "MIOPS": 0.01522772743165903,
    "MiB_per_sec": 7613.863715829515,
    "addr": 140190953766912,
    "byte_per_sec": 7983714759.68965,
    "success": true,
    "time": 8607.456404
  }
}
