{
  "params": {
    "accessPattern": "sequential",
    "accessType": "write",
    "blockSize": 2048,
    "granularity": "page",
    "nonTemporal": false,
    "nthreads": 8,
    "path": "/dev/dax0.1",
    "set-affinity": true,
    "source": "devdax",
    "stripeSize": 68719476736,
    "totalSize": 68719476736
  },
  "results": {
    "IOPS": 4080053.466139668,
    "MIOPS": 4.080053466139669,
    "MiB_per_sec": 7968.854426054039,
    "addr": 139768973230080,
    "byte_per_sec": 8355949498.65404,
    "success": true,
    "time": 8224.017719000001
  }
}
