{
  "params": {
    "accessPattern": "sequential",
    "accessType": "write",
    "blockSize": 65536,
    "granularity": "page",
    "nonTemporal": false,
    "nthreads": 16,
    "path": "/dev/dax0.1",
    "set-affinity": true,
    "source": "devdax",
    "stripeSize": 137438953472,
    "totalSize": 137438953472
  },
  "results": {
    "IOPS": 135437.76373632893,
    "MIOPS": 0.13543776373632893,
    "MiB_per_sec": 8464.860233520558,
    "addr": 139430744555520,
    "byte_per_sec": 8876049284.224052,
    "success": true,
    "time": 15484.248574000001
  }
}
