{
  "params": {
    "accessPattern": "sequential",
    "accessType": "write",
    "blockSize": 1048576,
    "granularity": "page",
    "nonTemporal": false,
    "nthreads": 8,
    "path": "/dev/dax0.1",
    "set-affinity": true,
    "source": "devdax",
    "stripeSize": 68719476736,
    "totalSize": 68719476736
  },
  "results": {
    "IOPS": 7610.256354705408,
    "MIOPS": 0.0076102563547054075,
    "MiB_per_sec": 7610.256354705408,
    "addr": 140027745009664,
    "byte_per_sec": 7979932167.391578,
    "success": true,
    "time": 8611.536451
  }
}
