{
  "params": {
    "accessPattern": "sequential",
    "accessType": "write",
    "blockSize": 8192,
    "granularity": "page",
    "nonTemporal": true,
    "nthreads": 8,
    "path": "/dev/dax0.1",
    "set-affinity": true,
    "source": "devdax",
    "stripeSize": 68719476736,
    "totalSize": 68719476736
  },
  "results": {
    "IOPS": 1333415.1065959919,
    "MIOPS": 1.3334151065959918,
    "MiB_per_sec": 10417.305520281187,
    "addr": 139848430125056,
    "byte_per_sec": 10923336553.234365,
    "success": true,
    "time": 6291.0701690000005
  }
}
