{
  "params": {
    "accessPattern": "sequential",
    "accessType": "write",
    "blockSize": 262144,
    "granularity": "page",
    "nonTemporal": false,
    "nthreads": 8,
    "path": "/dev/dax0.1",
    "set-affinity": true,
    "source": "devdax",
    "stripeSize": 68719476736,
    "totalSize": 68719476736
  },
  "results": {
    "IOPS": 30493.27138765955,
    "MIOPS": 0.030493271387659553,
    "MiB_per_sec": 7623.317846914888,
    "addr": 139941845663744,
    "byte_per_sec": 7993628134.6466255,
    "success": true,
    "time": 8596.781783999999
  }
}
