{
  "params": {
    "accessPattern": "sequential",
    "accessType": "write",
    "blockSize": 512,
    "granularity": "page",
    "nonTemporal": true,
    "nthreads": 16,
    "path": "/dev/dax0.1",
    "set-affinity": true,
    "source": "devdax",
    "stripeSize": 137438953472,
    "totalSize": 137438953472
  },
  "results": {
    "IOPS": 21970356.805540346,
    "MIOPS": 21.970356805540344,
    "MiB_per_sec": 10727.713283955247,
    "addr": 139722802331648,
    "byte_per_sec": 11248822684.436657,
    "success": true,
    "time": 12218.074488999999
  }
}
