{
  "params": {
    "accessPattern": "sequential",
    "accessType": "write",
    "blockSize": 524288,
    "granularity": "page",
    "nonTemporal": false,
    "nthreads": 1,
    "path": "/dev/dax0.1",
    "set-affinity": true,
    "source": "devdax",
    "stripeSize": 8589934592,
    "totalSize": 8589934592
  },
  "results": {
    "IOPS": 3144.1375010700267,
    "MIOPS": 0.0031441375010700266,
    "MiB_per_sec": 1572.0687505350134,
    "addr": 139250355929088,
    "byte_per_sec": 1648433562.1610022,
    "success": true,
    "time": 5210.96803
  }
}
