{
  "params": {
    "accessPattern": "sequential",
    "accessType": "write",
    "blockSize": 524288,
    "granularity": "page",
    "nonTemporal": false,
    "nthreads": 16,
    "path": "/dev/dax0.1",
    "set-affinity": true,
    "source": "devdax",
    "stripeSize": 137438953472,
    "totalSize": 137438953472
  },
  "results": {
    "IOPS": 16700.310121708688,
    "MIOPS": 0.016700310121708688,
    "MiB_per_sec": 8350.155060854344,
    "addr": 140300475432960,
    "byte_per_sec": 8755772193.090405,
    "success": true,
    "time": 15696.954013999999
  }
}
