{
  "params": {
    "accessPattern": "sequential",
    "accessType": "write",
    "blockSize": 4096,
    "granularity": "page",
    "nonTemporal": false,
    "nthreads": 1,
    "path": "/dev/dax0.1",
    "set-affinity": true,
    "source": "devdax",
    "stripeSize": 8589934592,
    "totalSize": 8589934592
  },
  "results": {
    "IOPS": 470745.7659996363,
    "MIOPS": 0.4707457659996363,
    "MiB_per_sec": 1838.8506484360794,
    "addr": 140188806283264,
    "byte_per_sec": 1928174657.5345104,
    "success": true,
    "time": 4454.956690999999
  }
}
