{
  "params": {
    "accessPattern": "sequential",
    "accessType": "write",
    "blockSize": 65536,
    "granularity": "page",
    "nonTemporal": true,
    "nthreads": 4,
    "path": "/dev/dax0.1",
    "set-affinity": true,
    "source": "devdax",
    "stripeSize": 34359738368,
    "totalSize": 34359738368
  },
  "results": {
    "IOPS": 181158.1565324734,
    "MIOPS": 0.18115815653247339,
    "MiB_per_sec": 11322.384783279587,
    "addr": 139477989195776,
    "byte_per_sec": 11872380946.512177,
    "success": true,
    "time": 2894.089949
  }
}
