{
  "params": {
    "accessPattern": "sequential",
    "accessType": "write",
    "blockSize": 256,
    "granularity": "page",
    "nonTemporal": false,
    "nthreads": 8,
    "path": "/dev/dax0.1",
    "set-affinity": true,
    "source": "devdax",
    "stripeSize": 68719476736,
    "totalSize": 68719476736
  },
  "results": {
    "IOPS": 31595062.017340302,
    "MIOPS": 31.595062017340304,
    "MiB_per_sec": 7713.638187827222,
    "addr": 139975131660288,
    "byte_per_sec": 8088335876.439117,
    "success": true,
    "time": 8496.12056
  }
}
