{
  "params": {
    "accessPattern": "sequential",
    "accessType": "write",
    "blockSize": 1024,
    "granularity": "page",
    "nonTemporal": true,
    "nthreads": 1,
    "path": "/dev/dax0.1",
    "set-affinity": true,
    "source": "devdax",
    "stripeSize": 8589934592,
    "totalSize": 8589934592
  },
  "results": {
    "IOPS": 4483984.819591472,
    "MIOPS": 4.4839848195914715,
    "MiB_per_sec": 4378.891425382297,
    "addr": 139668041498624,
    "byte_per_sec": 4591600455.261667,
    "success": true,
    "time": 1870.7931310000001
  }
}
