{
  "params": {
    "accessPattern": "sequential",
    "accessType": "write",
    "blockSize": 1024,
    "granularity": "page",
    "nonTemporal": true,
    "nthreads": 16,
    "path": "/dev/dax0.1",
    "set-affinity": true,
    "source": "devdax",
    "stripeSize": 137438953472,
    "totalSize": 137438953472
  },
  "results": {
    "IOPS": 10822539.412047874,
    "MIOPS": 10.822539412047874,
    "MiB_per_sec": 10568.886144578002,
    "addr": 139825881546752,
    "byte_per_sec": 11082280357.937023,
    "success": true,
    "time": 12401.685306
  }
}
