{
  "params": {
    "accessPattern": "sequential",
    "accessType": "write",
    "blockSize": 1048576,
    "granularity": "page",
    "nonTemporal": true,
    "nthreads": 1,
    "path": "/dev/dax0.1",
    "set-affinity": true,
    "source": "devdax",
    "stripeSize": 8589934592,
    "totalSize": 8589934592
  },
  "results": {
    "IOPS": 6075.50269717574,
    "MIOPS": 0.00607550269717574,
    "MiB_per_sec": 6075.50269717574,
    "addr": 139738908459008,
    "byte_per_sec": 6370626316.193748,
    "success": true,
    "time": 1348.365791
  }
}
