{
  "params": {
    "accessPattern": "random",
    "accessType": "read",
    "blockSize": 1048576,
    "granularity": "page",
    "nonTemporal": true,
    "nthreads": 1,
    "path": "/pmem/pmem2bench.bin",
    "set-affinity": true,
    "source": "fsdax",
    "stripeSize": 8589934592,
    "totalSize": 8589934592
  },
  "results": {
    "IOPS": 4266.240453691342,
    "MIOPS": 0.004266240453691342,
    "MiB_per_sec": 4266.240453691342,
    "addr": 22386443288576,
    "byte_per_sec": 4473477349.969852,
    "success": true,
    "time": 1920.191815
  }
}
