{
  "params": {
    "accessPattern": "random",
    "accessType": "read",
    "blockSize": 2048,
    "granularity": "page",
    "nonTemporal": true,
    "nthreads": 1,
    "path": "/pmem/pmem2bench.bin",
    "set-affinity": true,
    "source": "fsdax",
    "stripeSize": 8589934592,
    "totalSize": 8589934592
  },
  "results": {
    "IOPS": 1404299.9413604974,
    "MIOPS": 1.4042999413604973,
    "MiB_per_sec": 2742.7733229697214,
    "addr": 22630182682624,
    "byte_per_sec": 2876006279.9062986,
    "success": true,
    "time": 2986.75794
  }
}
