{
  "params": {
    "accessPattern": "random",
    "accessType": "read",
    "blockSize": 128,
    "granularity": "page",
    "nonTemporal": true,
    "nthreads": 1,
    "path": "/pmem/pmem2bench.bin",
    "set-affinity": true,
    "source": "fsdax",
    "stripeSize": 8589934592,
    "totalSize": 8589934592
  },
  "results": {
    "IOPS": 11620349.665173583,
    "MIOPS": 11.620349665173583,
    "MiB_per_sec": 1418.4997149870096,
    "addr": 23293755129856,
    "byte_per_sec": 1487404757.1422186,
    "success": true,
    "time": 5775.115718
  }
}
