{
  "params": {
    "accessPattern": "sequential",
    "accessType": "read",
    "blockSize": 524288,
    "granularity": "page",
    "nonTemporal": true,
    "nthreads": 1,
    "path": "/pmem/pmem2bench.bin",
    "set-affinity": true,
    "source": "fsdax",
    "stripeSize": 8589934592,
    "totalSize": 8589934592
  },
  "results": {
    "IOPS": 8658.238365196921,
    "MIOPS": 0.008658238365196922,
    "MiB_per_sec": 4329.119182598461,
    "addr": 23334557319168,
    "byte_per_sec": 4539410476.012363,
    "success": true,
    "time": 1892.301795
  }
}
