{
  "params": {
    "accessPattern": "sequential",
    "accessType": "read",
    "blockSize": 64,
    "granularity": "page",
    "nonTemporal": true,
    "nthreads": 1,
    "path": "/pmem/pmem2bench.bin",
    "set-affinity": true,
    "source": "fsdax",
    "stripeSize": 8589934592,
    "totalSize": 8589934592
  },
  "results": {
    "IOPS": 62515571.34278949,
    "MIOPS": 62.51557134278949,
    "MiB_per_sec": 3815.647664965179,
    "addr": 23432267825152,
    "byte_per_sec": 4000996565.9385276,
    "success": true,
    "time": 2146.948754
  }
}
