{
  "params": {
    "accessPattern": "sequential",
    "accessType": "read",
    "blockSize": 16384,
    "granularity": "page",
    "nonTemporal": true,
    "nthreads": 1,
    "path": "/pmem/pmem2bench.bin",
    "set-affinity": true,
    "source": "fsdax",
    "stripeSize": 8589934592,
    "totalSize": 8589934592
  },
  "results": {
    "IOPS": 295877.81677790236,
    "MIOPS": 0.29587781677790237,
    "MiB_per_sec": 4623.090887154724,
    "addr": 23307713773568,
    "byte_per_sec": 4847662150.089152,
    "success": true,
    "time": 1771.9746810000001
  }
}
