{
  "params": {
    "accessPattern": "random",
    "accessType": "write",
    "blockSize": 64,
    "granularity": "page",
    "nonTemporal": true,
    "nthreads": 1,
    "path": "/pmem/pmem2bench.bin",
    "set-affinity": true,
    "source": "fsdax",
    "stripeSize": 8589934592,
    "totalSize": 8589934592
  },
  "results": {
    "IOPS": 4134555.379098197,
    "MIOPS": 4.134555379098197,
    "MiB_per_sec": 252.35323358753644,
    "addr": 22684943515648,
    "byte_per_sec": 264611544.2622846,
    "success": true,
    "time": 32462.433247
  }
}
