{
  "params": {
    "accessPattern": "random",
    "accessType": "write",
    "blockSize": 512,
    "granularity": "page",
    "nonTemporal": true,
    "nthreads": 1,
    "path": "/pmem/pmem2bench.bin",
    "set-affinity": true,
    "source": "fsdax",
    "stripeSize": 8589934592,
    "totalSize": 8589934592
  },
  "results": {
    "IOPS": 3849894.421934523,
    "MIOPS": 3.8498944219345232,
    "MiB_per_sec": 1879.8312607102164,
    "addr": 23319524933632,
    "byte_per_sec": 1971145944.0304759,
    "success": true,
    "time": 4357.837946
  }
}
