{
  "params": {
    "accessPattern": "random",
    "accessType": "write",
    "blockSize": 1048576,
    "granularity": "page",
    "nonTemporal": false,
    "nthreads": 1,
    "path": "/pmem/pmem2bench.bin",
    "set-affinity": true,
    "source": "fsdax",
    "stripeSize": 8589934592,
    "totalSize": 8589934592
  },
  "results": {
    "IOPS": 2178.332251676941,
    "MIOPS": 0.002178332251676941,
    "MiB_per_sec": 2178.332251676941,
    "addr": 22419729285120,
    "byte_per_sec": 2284146919.1344,
    "success": true,
    "time": 3760.6751649999997
  }
}
