{
  "params": {
    "accessPattern": "random",
    "accessType": "write",
    "blockSize": 2048,
    "granularity": "page",
    "nonTemporal": true,
    "nthreads": 1,
    "path": "/pmem/pmem2bench.bin",
    "set-affinity": true,
    "source": "fsdax",
    "stripeSize": 8589934592,
    "totalSize": 8589934592
  },
  "results": {
    "IOPS": 3058162.3120414154,
    "MIOPS": 3.058162312041415,
    "MiB_per_sec": 5972.973265705889,
    "addr": 22597970427904,
    "byte_per_sec": 6263116415.060819,
    "success": true,
    "time": 1371.511245
  }
}
