{
  "params": {
    "accessPattern": "random",
    "accessType": "write",
    "blockSize": 1048576,
    "granularity": "page",
    "nonTemporal": true,
    "nthreads": 1,
    "path": "/pmem/pmem2bench.bin",
    "set-affinity": true,
    "source": "fsdax",
    "stripeSize": 8589934592,
    "totalSize": 8589934592
  },
  "results": {
    "IOPS": 6675.514031591097,
    "MIOPS": 0.0066755140315910965,
    "MiB_per_sec": 6675.514031591097,
    "addr": 22402549415936,
    "byte_per_sec": 6999783801.189666,
    "success": true,
    "time": 1227.171415
  }
}
