{
  "params": {
    "accessPattern": "random",
    "accessType": "write",
    "blockSize": 8192,
    "granularity": "page",
    "nonTemporal": true,
    "nthreads": 1,
    "path": "/pmem/pmem2bench.bin",
    "set-affinity": true,
    "source": "fsdax",
    "stripeSize": 8589934592,
    "totalSize": 8589934592
  },
  "results": {
    "IOPS": 1555383.5490145867,
    "MIOPS": 1.5553835490145866,
    "MiB_per_sec": 12151.433976676459,
    "addr": 23068269346816,
    "byte_per_sec": 12741702033.527494,
    "success": true,
    "time": 674.1591169999999
  }
}
