{
  "params": {
    "accessPattern": "random",
    "accessType": "write",
    "blockSize": 16384,
    "granularity": "page",
    "nonTemporal": true,
    "nthreads": 1,
    "path": "/pmem/pmem2bench.bin",
    "set-affinity": true,
    "source": "fsdax",
    "stripeSize": 8589934592,
    "totalSize": 8589934592
  },
  "results": {
    "IOPS": 940814.5720600783,
    "MIOPS": 0.9408145720600782,
    "MiB_per_sec": 14700.227688438723,
    "addr": 23256174166016,
    "byte_per_sec": 15414305948.632322,
    "success": true,
    "time": 557.27028
  }
}
