{
  "params": {
    "accessPattern": "random",
    "accessType": "write",
    "blockSize": 262144,
    "granularity": "page",
    "nonTemporal": true,
    "nthreads": 1,
    "path": "/pmem/pmem2bench.bin",
    "set-affinity": true,
    "source": "fsdax",
    "stripeSize": 8589934592,
    "totalSize": 8589934592
  },
  "results": {
    "IOPS": 68653.4959337302,
    "MIOPS": 0.0686534959337302,
    "MiB_per_sec": 17163.37398343255,
    "addr": 22454089023488,
    "byte_per_sec": 17997102038.05177,
    "success": true,
    "time": 477.295432
  }
}
