{
  "params": {
    "accessPattern": "random",
    "accessType": "write",
    "blockSize": 64,
    "granularity": "page",
    "nonTemporal": false,
    "nthreads": 1,
    "path": "/pmem/pmem2bench.bin",
    "set-affinity": true,
    "source": "fsdax",
    "stripeSize": 8589934592,
    "totalSize": 8589934592
  },
  "results": {
    "IOPS": 1368094.3276190406,
    "MIOPS": 1.3680943276190407,
    "MiB_per_sec": 83.50185105096683,
    "addr": 22721450737664,
    "byte_per_sec": 87558036.9676186,
    "success": true,
    "time": 98105.609599
  }
}
