{
  "params": {
    "accessPattern": "random",
    "accessType": "write",
    "blockSize": 4096,
    "granularity": "page",
    "nonTemporal": true,
    "nthreads": 1,
    "path": "/pmem/pmem2bench.bin",
    "set-affinity": true,
    "source": "fsdax",
    "stripeSize": 8589934592,
    "totalSize": 8589934592
  },
  "results": {
    "IOPS": 1192431.233746402,
    "MIOPS": 1.192431233746402,
    "MiB_per_sec": 4657.934506821883,
    "addr": 22929756651520,
    "byte_per_sec": 4884198333.425262,
    "success": true,
    "time": 1758.719447
  }
}
