{
  "params": {
    "accessPattern": "sequential",
    "accessType": "write",
    "blockSize": 262144,
    "granularity": "page",
    "nonTemporal": false,
    "nthreads": 1,
    "path": "/pmem/pmem2bench.bin",
    "set-affinity": true,
    "source": "fsdax",
    "stripeSize": 8589934592,
    "totalSize": 8589934592
  },
  "results": {
    "IOPS": 8801.833278111419,
    "MIOPS": 0.008801833278111418,
    "MiB_per_sec": 2200.4583195278547,
    "addr": 23063974379520,
    "byte_per_sec": 2307347782.8572397,
    "success": true,
    "time": 3722.860791
  }
}
