{
  "params": {
    "accessPattern": "sequential",
    "accessType": "write",
    "blockSize": 65536,
    "granularity": "page",
    "nonTemporal": true,
    "nthreads": 1,
    "path": "/pmem/pmem2bench.bin",
    "set-affinity": true,
    "source": "fsdax",
    "stripeSize": 8589934592,
    "totalSize": 8589934592
  },
  "results": {
    "IOPS": 259496.41259652434,
    "MIOPS": 0.25949641259652434,
    "MiB_per_sec": 16218.525787282771,
    "addr": 22601191653376,
    "byte_per_sec": 17006356895.92582,
    "success": true,
    "time": 505.10139499999997
  }
}
