{
  "params": {
    "accessPattern": "sequential",
    "accessType": "write",
    "blockSize": 1024,
    "granularity": "page",
    "nonTemporal": false,
    "nthreads": 1,
    "path": "/pmem/pmem2bench.bin",
    "set-affinity": true,
    "source": "fsdax",
    "stripeSize": 8589934592,
    "totalSize": 8589934592
  },
  "results": {
    "IOPS": 1850852.2686789897,
    "MIOPS": 1.8508522686789897,
    "MiB_per_sec": 1807.472918631826,
    "addr": 22378927095808,
    "byte_per_sec": 1895272723.1272855,
    "success": true,
    "time": 4532.294739
  }
}
