{
  "params": {
    "accessPattern": "sequential",
    "accessType": "write",
    "blockSize": 65536,
    "granularity": "page",
    "nonTemporal": false,
    "nthreads": 1,
    "path": "/pmem/pmem2bench.bin",
    "set-affinity": true,
    "source": "fsdax",
    "stripeSize": 8589934592,
    "totalSize": 8589934592
  },
  "results": {
    "IOPS": 43467.92711194698,
    "MIOPS": 0.043467927111946976,
    "MiB_per_sec": 2716.745444496686,
    "addr": 22856742207488,
    "byte_per_sec": 2848714071.208557,
    "success": true,
    "time": 3015.372683
  }
}
