{
  "params": {
    "accessPattern": "sequential",
    "accessType": "write",
    "blockSize": 2048,
    "granularity": "page",
    "nonTemporal": false,
    "nthreads": 1,
    "path": "/pmem/pmem2bench.bin",
    "set-affinity": true,
    "source": "fsdax",
    "stripeSize": 8589934592,
    "totalSize": 8589934592
  },
  "results": {
    "IOPS": 904817.7368475631,
    "MIOPS": 0.9048177368475631,
    "MiB_per_sec": 1767.2221422803966,
    "addr": 22843857305600,
    "byte_per_sec": 1853066725.0638092,
    "success": true,
    "time": 4635.52363
  }
}
