{
  "params": {
    "version": "0.2.0",
    "source": "devdax",
    "path": "/dev/dax0.0",
    "nthreads": 2,
    "nsegments": 1,
    "stripeSize": 17179869184,
    "blockSize": 524288,
    "paddingSize": 4096,
    "totalSize": 17179869184,
    "extentSize": 17179877376,
    "accessType": "read",
    "accessPattern": "random",
    "granularity": "page",
    "nonTemporal": false,
    "noflush": true,
    "set-affinity": true
  },
  "results": {
    "success": true,
    "time": 2017.977346,
    "byte_per_sec": 8513410330.424989,
    "MiB_per_sec": 8119.020777153958,
    "IOPS": 16238.041554307916,
    "MIOPS": 0.016238041554307917,
    "addr": 20251844542464
  }
}
