{
  "params": {
    "version": "0.2.0",
    "source": "devdax",
    "path": "/dev/dax0.0",
    "nthreads": 8,
    "nsegments": 1,
    "stripeSize": 68719476736,
    "blockSize": 512,
    "paddingSize": 4096,
    "totalSize": 68719476736,
    "extentSize": 68719509504,
    "accessType": "read",
    "accessPattern": "random",
    "granularity": "page",
    "nonTemporal": false,
    "noflush": true,
    "set-affinity": true
  },
  "results": {
    "success": true,
    "time": 4438.231876,
    "byte_per_sec": 15483525569.631596,
    "MiB_per_sec": 14766.240663177105,
    "IOPS": 30241260.87818671,
    "MIOPS": 30.24126087818671,
    "addr": 20523501223936
  }
}
