{
  "params": {
    "version": "0.2.0",
    "source": "devdax",
    "path": "/dev/dax0.0",
    "nthreads": 4,
    "nsegments": 1,
    "stripeSize": 34359738368,
    "blockSize": 1024,
    "paddingSize": 4096,
    "totalSize": 34359738368,
    "extentSize": 34359754752,
    "accessType": "read",
    "accessPattern": "random",
    "granularity": "page",
    "nonTemporal": false,
    "noflush": true,
    "set-affinity": true
  },
  "results": {
    "success": true,
    "time": 3364.6338849999997,
    "byte_per_sec": 10212028869.227179,
    "MiB_per_sec": 9738.94965098112,
    "IOPS": 9972684.442604667,
    "MIOPS": 9.972684442604667,
    "addr": 21133386579968
  }
}
