{
  "params": {
    "version": "0.2.0",
    "source": "devdax",
    "path": "/dev/dax0.0",
    "nthreads": 1,
    "nsegments": 1,
    "stripeSize": 8589934592,
    "blockSize": 2048,
    "paddingSize": 4096,
    "totalSize": 8589934592,
    "extentSize": 8589938688,
    "accessType": "read",
    "accessPattern": "random",
    "granularity": "page",
    "nonTemporal": false,
    "noflush": true,
    "set-affinity": true
  },
  "results": {
    "success": true,
    "time": 2545.529042,
    "byte_per_sec": 3374518400.80008,
    "MiB_per_sec": 3218.191529083328,
    "IOPS": 1647714.062890664,
    "MIOPS": 1.647714062890664,
    "addr": 21268678049792
  }
}
