{
  "params": {
    "version": "0.2.0",
    "source": "devdax",
    "path": "/dev/dax0.0",
    "nthreads": 48,
    "nsegments": 1,
    "stripeSize": 412316860416,
    "blockSize": 512,
    "paddingSize": 4096,
    "totalSize": 412316860416,
    "extentSize": 412317057024,
    "accessType": "read",
    "accessPattern": "random",
    "granularity": "page",
    "nonTemporal": false,
    "noflush": true,
    "set-affinity": true
  },
  "results": {
    "success": true,
    "time": 6531.01578,
    "byte_per_sec": 63132118234.75337,
    "MiB_per_sec": 60207.47970080697,
    "IOPS": 123304918.42725268,
    "MIOPS": 123.30491842725267,
    "addr": 21285857918976
  }
}
