{
  "params": {
    "version": "0.2.0",
    "source": "devdax",
    "path": "/dev/dax0.0",
    "nthreads": 2,
    "nsegments": 1,
    "stripeSize": 17179869184,
    "blockSize": 1024,
    "paddingSize": 4096,
    "totalSize": 17179869184,
    "extentSize": 17179877376,
    "accessType": "read",
    "accessPattern": "random",
    "granularity": "page",
    "nonTemporal": false,
    "noflush": true,
    "set-affinity": true
  },
  "results": {
    "success": true,
    "time": 3222.564409,
    "byte_per_sec": 5331117397.070465,
    "MiB_per_sec": 5084.149739332643,
    "IOPS": 5206169.333076626,
    "MIOPS": 5.206169333076626,
    "addr": 21097953099776
  }
}
