{
  "params": {
    "version": "0.2.0",
    "source": "devdax",
    "path": "/dev/dax0.0",
    "nthreads": 8,
    "nsegments": 1,
    "stripeSize": 68719476736,
    "blockSize": 256,
    "paddingSize": 4096,
    "totalSize": 68719476736,
    "extentSize": 68719509504,
    "accessType": "read",
    "accessPattern": "random",
    "granularity": "page",
    "nonTemporal": false,
    "noflush": true,
    "set-affinity": true
  },
  "results": {
    "success": true,
    "time": 5678.110603,
    "byte_per_sec": 12102525213.17433,
    "MiB_per_sec": 11541.867459463434,
    "IOPS": 47275489.113962226,
    "MIOPS": 47.27548911396222,
    "addr": 21267604307968
  }
}
