{
  "params": {
    "version": "0.2.0",
    "source": "devdax",
    "path": "/dev/dax0.0",
    "nthreads": 4,
    "nsegments": 1,
    "stripeSize": 34359738368,
    "blockSize": 32768,
    "paddingSize": 4096,
    "totalSize": 34359738368,
    "extentSize": 34359754752,
    "accessType": "read",
    "accessPattern": "random",
    "granularity": "page",
    "nonTemporal": false,
    "noflush": true,
    "set-affinity": true
  },
  "results": {
    "success": true,
    "time": 2081.129356,
    "byte_per_sec": 16510140645.00083,
    "MiB_per_sec": 15745.29709339221,
    "IOPS": 503849.5069885507,
    "MIOPS": 0.5038495069885507,
    "addr": 20567524638720
  }
}
