{
  "params": {
    "version": "0.2.0",
    "source": "devdax",
    "path": "/dev/dax0.0",
    "nthreads": 32,
    "nsegments": 1,
    "stripeSize": 274877906944,
    "blockSize": 4096,
    "paddingSize": 4096,
    "totalSize": 274877906944,
    "extentSize": 274878038016,
    "accessType": "read",
    "accessPattern": "random",
    "granularity": "page",
    "nonTemporal": false,
    "noflush": true,
    "set-affinity": true
  },
  "results": {
    "success": true,
    "time": 4111.298724,
    "byte_per_sec": 66859142426.06128,
    "MiB_per_sec": 63761.8469486821,
    "IOPS": 16323032.818862617,
    "MIOPS": 16.323032818862618,
    "addr": 20804821581824
  }
}
