{
  "params": {
    "version": "0.2.0",
    "source": "devdax",
    "path": "/dev/dax0.0",
    "nthreads": 48,
    "nsegments": 1,
    "stripeSize": 412316860416,
    "blockSize": 4096,
    "paddingSize": 4096,
    "totalSize": 412316860416,
    "extentSize": 412317057024,
    "accessType": "read",
    "accessPattern": "random",
    "granularity": "page",
    "nonTemporal": false,
    "noflush": true,
    "set-affinity": true
  },
  "results": {
    "success": true,
    "time": 5075.788273,
    "byte_per_sec": 81232084208.332,
    "MiB_per_sec": 77468.95237763596,
    "IOPS": 19832051.808674805,
    "MIOPS": 19.832051808674805,
    "addr": 21195663605760
  }
}
