{
  "params": {
    "version": "0.2.0",
    "source": "devdax",
    "path": "/dev/dax0.0",
    "nthreads": 32,
    "nsegments": 1,
    "stripeSize": 274877906944,
    "blockSize": 64,
    "paddingSize": 4096,
    "totalSize": 274877906944,
    "extentSize": 274878038016,
    "accessType": "read",
    "accessPattern": "random",
    "granularity": "page",
    "nonTemporal": false,
    "noflush": true,
    "set-affinity": true
  },
  "results": {
    "success": true,
    "time": 22266.838122999998,
    "byte_per_sec": 12344721124.103895,
    "MiB_per_sec": 11772.843479255576,
    "IOPS": 192886267.56412336,
    "MIOPS": 192.88626756412336,
    "addr": 20692078690304
  }
}
