{
  "params": {
    "version": "0.2.0",
    "source": "devdax",
    "path": "/dev/dax0.0",
    "nthreads": 8,
    "nsegments": 1,
    "stripeSize": 68719476736,
    "blockSize": 131072,
    "paddingSize": 4096,
    "totalSize": 68719476736,
    "extentSize": 68719509504,
    "accessType": "read",
    "accessPattern": "random",
    "granularity": "page",
    "nonTemporal": false,
    "noflush": true,
    "set-affinity": true
  },
  "results": {
    "success": true,
    "time": 2148.668715,
    "byte_per_sec": 31982350865.103,
    "MiB_per_sec": 30500.746598341942,
    "IOPS": 244005.97278673554,
    "MIOPS": 0.24400597278673555,
    "addr": 20541754834944
  }
}
