{
  "params": {
    "version": "0.2.0",
    "source": "devdax",
    "path": "/dev/dax0.0",
    "nthreads": 1,
    "nsegments": 1,
    "stripeSize": 8589934592,
    "blockSize": 1024,
    "paddingSize": 4096,
    "totalSize": 8589934592,
    "extentSize": 8589938688,
    "accessType": "read",
    "accessPattern": "random",
    "granularity": "page",
    "nonTemporal": false,
    "noflush": true,
    "set-affinity": true
  },
  "results": {
    "success": true,
    "time": 3177.658225,
    "byte_per_sec": 2703227969.7103043,
    "MiB_per_sec": 2577.9990861037295,
    "IOPS": 2639871.064170219,
    "MIOPS": 2.639871064170219,
    "addr": 21057150910464
  }
}
