{
  "params": {
    "version": "0.2.0",
    "source": "devdax",
    "path": "/dev/dax0.0",
    "nthreads": 16,
    "nsegments": 1,
    "stripeSize": 137438953472,
    "blockSize": 64,
    "paddingSize": 4096,
    "totalSize": 137438953472,
    "extentSize": 137439019008,
    "accessType": "read",
    "accessPattern": "random",
    "granularity": "page",
    "nonTemporal": false,
    "noflush": true,
    "set-affinity": true
  },
  "results": {
    "success": true,
    "time": 20182.232266,
    "byte_per_sec": 6809898511.7487,
    "MiB_per_sec": 6494.425307987881,
    "IOPS": 106404664.24607344,
    "MIOPS": 106.40466424607344,
    "addr": 20816632741888
  }
}
