{
  "params": {
    "version": "0.2.0",
    "source": "devdax",
    "path": "/dev/dax0.0",
    "nthreads": 48,
    "nsegments": 1,
    "stripeSize": 412316860416,
    "blockSize": 262144,
    "paddingSize": 4096,
    "totalSize": 412316860416,
    "extentSize": 412317057024,
    "accessType": "read",
    "accessPattern": "random",
    "granularity": "page",
    "nonTemporal": false,
    "noflush": true,
    "set-affinity": true
  },
  "results": {
    "success": true,
    "time": 5039.321368999999,
    "byte_per_sec": 81819917846.95802,
    "MiB_per_sec": 78029.55422111323,
    "IOPS": 312118.2168844529,
    "MIOPS": 0.3121182168844529,
    "addr": 20557860962304
  }
}
