{
  "params": {
    "version": "0.2.0",
    "source": "devdax",
    "path": "/dev/dax0.0",
    "nthreads": 32,
    "nsegments": 1,
    "stripeSize": 274877906944,
    "blockSize": 1048576,
    "paddingSize": 4096,
    "totalSize": 274877906944,
    "extentSize": 274878038016,
    "accessType": "read",
    "accessPattern": "random",
    "granularity": "page",
    "nonTemporal": false,
    "noflush": true,
    "set-affinity": true
  },
  "results": {
    "success": true,
    "time": 3441.330282,
    "byte_per_sec": 79875479660.22285,
    "MiB_per_sec": 76175.19346258436,
    "IOPS": 76175.19346258436,
    "MIOPS": 0.07617519346258436,
    "addr": 20706037334016
  }
}
