{
  "params": {
    "version": "0.2.0",
    "source": "devdax",
    "path": "/dev/dax0.0",
    "nthreads": 48,
    "nsegments": 1,
    "stripeSize": 412316860416,
    "blockSize": 131072,
    "paddingSize": 4096,
    "totalSize": 412316860416,
    "extentSize": 412317057024,
    "accessType": "read",
    "accessPattern": "random",
    "granularity": "page",
    "nonTemporal": false,
    "noflush": true,
    "set-affinity": true
  },
  "results": {
    "success": true,
    "time": 5090.7083059999995,
    "byte_per_sec": 80994006262.35764,
    "MiB_per_sec": 77241.90355525745,
    "IOPS": 617935.2284420596,
    "MIOPS": 0.6179352284420596,
    "addr": 21159156383744
  }
}
