{
  "params": {
    "version": "0.2.0",
    "source": "devdax",
    "path": "/dev/dax0.0",
    "nthreads": 8,
    "nsegments": 1,
    "stripeSize": 68719476736,
    "blockSize": 8192,
    "paddingSize": 4096,
    "totalSize": 68719476736,
    "extentSize": 68719509504,
    "accessType": "read",
    "accessPattern": "random",
    "granularity": "page",
    "nonTemporal": false,
    "noflush": true,
    "set-affinity": true
  },
  "results": {
    "success": true,
    "time": 2175.7662060000002,
    "byte_per_sec": 31584035337.29671,
    "MiB_per_sec": 30120.883309647284,
    "IOPS": 3855473.0636348524,
    "MIOPS": 3.8554730636348524,
    "addr": 20560008445952
  }
}
