{
  "params": {
    "version": "0.2.0",
    "source": "devdax",
    "path": "/dev/dax0.0",
    "nthreads": 48,
    "nsegments": 1,
    "stripeSize": 412316860416,
    "blockSize": 1024,
    "paddingSize": 4096,
    "totalSize": 412316860416,
    "extentSize": 412317057024,
    "accessType": "read",
    "accessPattern": "random",
    "granularity": "page",
    "nonTemporal": false,
    "noflush": true,
    "set-affinity": true
  },
  "results": {
    "success": true,
    "time": 6952.2719879999995,
    "byte_per_sec": 59306779298.5777,
    "MiB_per_sec": 56559.352205827425,
    "IOPS": 57916776.65876728,
    "MIOPS": 57.91677665876728,
    "addr": 21193516122112
  }
}
