{
  "params": {
    "version": "0.2.0",
    "source": "devdax",
    "path": "/dev/dax0.0",
    "nthreads": 16,
    "nsegments": 1,
    "stripeSize": 137438953472,
    "blockSize": 1048576,
    "paddingSize": 4096,
    "totalSize": 137438953472,
    "extentSize": 137439019008,
    "accessType": "read",
    "accessPattern": "random",
    "granularity": "page",
    "nonTemporal": false,
    "noflush": true,
    "set-affinity": true
  },
  "results": {
    "success": true,
    "time": 2406.242975,
    "byte_per_sec": 57117653911.072716,
    "MiB_per_sec": 54471.639548371044,
    "IOPS": 54471.639548371044,
    "MIOPS": 0.054471639548371045,
    "addr": 20391430979584
  }
}
