{
  "params": {
    "version": "0.2.0",
    "source": "devdax",
    "path": "/dev/dax0.0",
    "nthreads": 48,
    "nsegments": 1,
    "stripeSize": 412316860416,
    "blockSize": 1024,
    "paddingSize": 4096,
    "totalSize": 412316860416,
    "extentSize": 412317057024,
    "accessType": "read",
    "accessPattern": "random",
    "granularity": "page",
    "nonTemporal": false,
    "noflush": true,
    "set-affinity": true
  },
  "results": {
    "success": true,
    "time": 6951.564333,
    "byte_per_sec": 59312816607.1451,
    "MiB_per_sec": 56565.10983194838,
    "IOPS": 57922672.46791514,
    "MIOPS": 57.92267246791514,
    "addr": 20714627268608
  }
}
