{
  "params": {
    "version": "0.2.0",
    "source": "devdax",
    "path": "/dev/dax0.0",
    "nthreads": 16,
    "nsegments": 1,
    "stripeSize": 137438953472,
    "blockSize": 16384,
    "paddingSize": 4096,
    "totalSize": 137438953472,
    "extentSize": 137439019008,
    "accessType": "read",
    "accessPattern": "random",
    "granularity": "page",
    "nonTemporal": false,
    "noflush": true,
    "set-affinity": true
  },
  "results": {
    "success": true,
    "time": 2338.810821,
    "byte_per_sec": 58764459373.09095,
    "MiB_per_sec": 56042.15562161536,
    "IOPS": 3586697.959783383,
    "MIOPS": 3.586697959783383,
    "addr": 21165598834688
  }
}
