{
  "params": {
    "version": "0.2.0",
    "source": "devdax",
    "path": "/dev/dax0.0",
    "nthreads": 48,
    "nsegments": 1,
    "stripeSize": 412316860416,
    "blockSize": 8192,
    "paddingSize": 4096,
    "totalSize": 412316860416,
    "extentSize": 412317057024,
    "accessType": "read",
    "accessPattern": "random",
    "granularity": "page",
    "nonTemporal": false,
    "noflush": true,
    "set-affinity": true
  },
  "results": {
    "success": true,
    "time": 5186.465029,
    "byte_per_sec": 79498629241.79373,
    "MiB_per_sec": 75815.80089740155,
    "IOPS": 9704422.514867399,
    "MIOPS": 9.7044225148674,
    "addr": 21068962070528
  }
}
