{
  "params": {
    "version": "0.2.0",
    "source": "devdax",
    "path": "/dev/dax0.0",
    "nthreads": 4,
    "nsegments": 1,
    "stripeSize": 34359738368,
    "blockSize": 2048,
    "paddingSize": 4096,
    "totalSize": 34359738368,
    "extentSize": 34359754752,
    "accessType": "read",
    "accessPattern": "random",
    "granularity": "page",
    "nonTemporal": false,
    "noflush": true,
    "set-affinity": true
  },
  "results": {
    "success": true,
    "time": 2685.103367,
    "byte_per_sec": 12796430405.727468,
    "MiB_per_sec": 12203.627019622296,
    "IOPS": 6248257.0340466155,
    "MIOPS": 6.248257034046615,
    "addr": 20497731420160
  }
}
