{
  "params": {
    "version": "0.2.0",
    "source": "devdax",
    "path": "/dev/dax0.0",
    "nthreads": 1,
    "nsegments": 1,
    "stripeSize": 8589934592,
    "blockSize": 16384,
    "paddingSize": 4096,
    "totalSize": 8589934592,
    "extentSize": 8589938688,
    "accessType": "read",
    "accessPattern": "sequential",
    "granularity": "page",
    "nonTemporal": false,
    "noflush": true,
    "set-affinity": true
  },
  "results": {
    "success": true,
    "time": 1859.756102,
    "byte_per_sec": 4618850064.673696,
    "MiB_per_sec": 4404.87867801065,
    "IOPS": 281912.2353926816,
    "MIOPS": 0.2819122353926816,
    "addr": 21276194242560
  }
}
