{
  "params": {
    "version": "0.2.0",
    "source": "devdax",
    "path": "/dev/dax0.0",
    "nthreads": 48,
    "nsegments": 1,
    "stripeSize": 412316860416,
    "blockSize": 32768,
    "paddingSize": 4096,
    "totalSize": 412316860416,
    "extentSize": 412317057024,
    "accessType": "read",
    "accessPattern": "sequential",
    "granularity": "page",
    "nonTemporal": false,
    "noflush": true,
    "set-affinity": true
  },
  "results": {
    "success": true,
    "time": 4946.540491999999,
    "byte_per_sec": 83354591169.89677,
    "MiB_per_sec": 79493.13275327375,
    "IOPS": 2543780.24810476,
    "MIOPS": 2.5437802481047598,
    "addr": 20767240617984
  }
}
