{
  "params": {
    "version": "0.2.0",
    "source": "devdax",
    "path": "/dev/dax0.0",
    "nthreads": 32,
    "nsegments": 1,
    "stripeSize": 274877906944,
    "blockSize": 32768,
    "paddingSize": 4096,
    "totalSize": 274877906944,
    "extentSize": 274878038016,
    "accessType": "read",
    "accessPattern": "sequential",
    "granularity": "page",
    "nonTemporal": false,
    "noflush": true,
    "set-affinity": true
  },
  "results": {
    "success": true,
    "time": 3395.719858,
    "byte_per_sec": 80948346282.57487,
    "MiB_per_sec": 77198.358805251,
    "IOPS": 2470347.481768032,
    "MIOPS": 2.470347481768032,
    "addr": 20802674098176
  }
}
