{
  "params": {
    "version": "0.2.0",
    "source": "devdax",
    "path": "/dev/dax0.0",
    "nthreads": 48,
    "nsegments": 1,
    "stripeSize": 412316860416,
    "blockSize": 256,
    "paddingSize": 4096,
    "totalSize": 412316860416,
    "extentSize": 412317057024,
    "accessType": "read",
    "accessPattern": "sequential",
    "granularity": "page",
    "nonTemporal": false,
    "noflush": true,
    "set-affinity": true
  },
  "results": {
    "success": true,
    "time": 5164.717388,
    "byte_per_sec": 79833382824.39241,
    "MiB_per_sec": 76135.04679145089,
    "IOPS": 311849151.65778285,
    "MIOPS": 311.84915165778284,
    "addr": 20723217203200
  }
}
