{
  "params": {
    "version": "0.2.0",
    "source": "devdax",
    "path": "/dev/dax0.0",
    "nthreads": 48,
    "nsegments": 1,
    "stripeSize": 412316860416,
    "blockSize": 128,
    "paddingSize": 4096,
    "totalSize": 412316860416,
    "extentSize": 412317057024,
    "accessType": "read",
    "accessPattern": "sequential",
    "granularity": "page",
    "nonTemporal": false,
    "noflush": true,
    "set-affinity": true
  },
  "results": {
    "success": true,
    "time": 5715.84063,
    "byte_per_sec": 72135821676.3297,
    "MiB_per_sec": 68794.08042557687,
    "IOPS": 563561106.8463258,
    "MIOPS": 563.5611068463257,
    "addr": 20939039309824
  }
}
