{
  "params": {
    "version": "0.2.0",
    "source": "devdax",
    "path": "/dev/dax0.0",
    "nthreads": 1,
    "nsegments": 1,
    "stripeSize": 8589934592,
    "blockSize": 8192,
    "paddingSize": 4096,
    "totalSize": 8589934592,
    "extentSize": 8589938688,
    "accessType": "read",
    "accessPattern": "sequential",
    "granularity": "page",
    "nonTemporal": false,
    "noflush": true,
    "set-affinity": true
  },
  "results": {
    "success": true,
    "time": 1851.482823,
    "byte_per_sec": 4639489216.584538,
    "MiB_per_sec": 4424.561707100428,
    "IOPS": 566343.8985088548,
    "MIOPS": 0.5663438985088548,
    "addr": 20882130993152
  }
}
