{
  "params": {
    "version": "0.2.0",
    "source": "devdax",
    "path": "/dev/dax0.0",
    "nthreads": 48,
    "nsegments": 1,
    "stripeSize": 412316860416,
    "blockSize": 1048576,
    "paddingSize": 4096,
    "totalSize": 412316860416,
    "extentSize": 412317057024,
    "accessType": "read",
    "accessPattern": "sequential",
    "granularity": "page",
    "nonTemporal": false,
    "noflush": true,
    "set-affinity": true
  },
  "results": {
    "success": true,
    "time": 4983.9045830000005,
    "byte_per_sec": 82729685841.57985,
    "MiB_per_sec": 78897.17659147248,
    "IOPS": 78897.17659147248,
    "MIOPS": 0.07889717659147248,
    "addr": 20754355716096
  }
}
