{
  "params": {
    "version": "0.2.0",
    "source": "devdax",
    "path": "/dev/dax0.0",
    "nthreads": 16,
    "nsegments": 1,
    "stripeSize": 137438953472,
    "blockSize": 512,
    "paddingSize": 4096,
    "totalSize": 137438953472,
    "extentSize": 137439019008,
    "accessType": "read",
    "accessPattern": "sequential",
    "granularity": "page",
    "nonTemporal": false,
    "noflush": true,
    "set-affinity": true
  },
  "results": {
    "success": true,
    "time": 2561.178611,
    "byte_per_sec": 53662385310.307434,
    "MiB_per_sec": 51176.438627536234,
    "IOPS": 104809346.3091942,
    "MIOPS": 104.80934630919421,
    "addr": 20683488755712
  }
}
