{
  "params": {
    "version": "0.2.0",
    "source": "devdax",
    "path": "/dev/dax0.0",
    "nthreads": 48,
    "nsegments": 1,
    "stripeSize": 412316860416,
    "blockSize": 1024,
    "paddingSize": 4096,
    "totalSize": 412316860416,
    "extentSize": 412317057024,
    "accessType": "read",
    "accessPattern": "sequential",
    "granularity": "page",
    "nonTemporal": false,
    "noflush": true,
    "set-affinity": true
  },
  "results": {
    "success": true,
    "time": 4951.90417,
    "byte_per_sec": 83264305257.34508,
    "MiB_per_sec": 79407.0293973399,
    "IOPS": 81312798.10287605,
    "MIOPS": 81.31279810287606,
    "addr": 21213917216768
  }
}
