{
  "params": {
    "version": "0.2.0",
    "source": "devdax",
    "path": "/dev/dax0.0",
    "nthreads": 2,
    "nsegments": 1,
    "stripeSize": 17179869184,
    "blockSize": 8192,
    "paddingSize": 4096,
    "totalSize": 17179869184,
    "extentSize": 17179877376,
    "accessType": "read",
    "accessPattern": "sequential",
    "granularity": "page",
    "nonTemporal": false,
    "noflush": true,
    "set-affinity": true
  },
  "results": {
    "success": true,
    "time": 1881.050243,
    "byte_per_sec": 9133126160.734879,
    "MiB_per_sec": 8710.027847990874,
    "IOPS": 1114883.5645428319,
    "MIOPS": 1.1148835645428319,
    "addr": 21157008900096
  }
}
