{
  "params": {
    "version": "0.2.0",
    "source": "devdax",
    "path": "/dev/dax0.0",
    "nthreads": 16,
    "nsegments": 1,
    "stripeSize": 137438953472,
    "blockSize": 2048,
    "paddingSize": 4096,
    "totalSize": 137438953472,
    "extentSize": 137439019008,
    "accessType": "read",
    "accessPattern": "sequential",
    "granularity": "page",
    "nonTemporal": false,
    "noflush": true,
    "set-affinity": true
  },
  "results": {
    "success": true,
    "time": 2301.230495,
    "byte_per_sec": 59724114455.55783,
    "MiB_per_sec": 56957.35402637275,
    "IOPS": 29162165.261502847,
    "MIOPS": 29.162165261502846,
    "addr": 21271899275264
  }
}
