{
  "params": {
    "version": "0.2.0",
    "source": "devdax",
    "path": "/dev/dax0.0",
    "nthreads": 1,
    "nsegments": 1,
    "stripeSize": 8589934592,
    "blockSize": 131072,
    "paddingSize": 4096,
    "totalSize": 8589934592,
    "extentSize": 8589938688,
    "accessType": "read",
    "accessPattern": "sequential",
    "granularity": "page",
    "nonTemporal": false,
    "noflush": true,
    "set-affinity": true
  },
  "results": {
    "success": true,
    "time": 1995.47334,
    "byte_per_sec": 4304710275.908772,
    "MiB_per_sec": 4105.291629704258,
    "IOPS": 32842.33303763407,
    "MIOPS": 0.032842333037634064,
    "addr": 20907900796928
  }
}
