{
  "params": {
    "version": "0.2.0",
    "source": "devdax",
    "path": "/dev/dax0.0",
    "nthreads": 48,
    "nsegments": 1,
    "stripeSize": 412316860416,
    "blockSize": 16384,
    "paddingSize": 4096,
    "totalSize": 412316860416,
    "extentSize": 412317057024,
    "accessType": "read",
    "accessPattern": "sequential",
    "granularity": "page",
    "nonTemporal": false,
    "noflush": true,
    "set-affinity": true
  },
  "results": {
    "success": true,
    "time": 5012.044565,
    "byte_per_sec": 82265202367.76865,
    "MiB_per_sec": 78454.21063210358,
    "IOPS": 5021069.480454629,
    "MIOPS": 5.02106948045463,
    "addr": 20973399048192
  }
}
