{
  "params": {
    "version": "0.2.0",
    "source": "devdax",
    "path": "/dev/dax0.0",
    "nthreads": 48,
    "nsegments": 1,
    "stripeSize": 412316860416,
    "blockSize": 4096,
    "paddingSize": 4096,
    "totalSize": 412316860416,
    "extentSize": 412317057024,
    "accessType": "read",
    "accessPattern": "sequential",
    "granularity": "page",
    "nonTemporal": false,
    "noflush": true,
    "set-affinity": true
  },
  "results": {
    "success": true,
    "time": 4874.650802,
    "byte_per_sec": 84583876294.6532,
    "MiB_per_sec": 80665.4704042942,
    "IOPS": 20650360.423499316,
    "MIOPS": 20.650360423499315,
    "addr": 21068962070528
  }
}
