{
  "params": {
    "version": "0.2.0",
    "source": "devdax",
    "path": "/dev/dax0.0",
    "nthreads": 8,
    "nsegments": 1,
    "stripeSize": 68719476736,
    "blockSize": 256,
    "paddingSize": 4096,
    "totalSize": 68719476736,
    "extentSize": 68719509504,
    "accessType": "read",
    "accessPattern": "sequential",
    "granularity": "page",
    "nonTemporal": false,
    "noflush": true,
    "set-affinity": true
  },
  "results": {
    "success": true,
    "time": 2530.687817,
    "byte_per_sec": 27154466178.868084,
    "MiB_per_sec": 25896.516970508656,
    "IOPS": 106072133.51120345,
    "MIOPS": 106.07213351120345,
    "addr": 20583630766080
  }
}
