{
  "params": {
    "version": "0.2.0",
    "source": "devdax",
    "path": "/dev/dax0.0",
    "nthreads": 8,
    "nsegments": 1,
    "stripeSize": 68719476736,
    "blockSize": 131072,
    "paddingSize": 4096,
    "totalSize": 68719476736,
    "extentSize": 68719509504,
    "accessType": "read",
    "accessPattern": "sequential",
    "granularity": "page",
    "nonTemporal": false,
    "noflush": true,
    "set-affinity": true
  },
  "results": {
    "success": true,
    "time": 2158.3292269999997,
    "byte_per_sec": 31839200376.07868,
    "MiB_per_sec": 30364.22765357845,
    "IOPS": 242913.8212286276,
    "MIOPS": 0.24291382122862762,
    "addr": 20895015895040
  }
}
