{
  "params": {
    "version": "0.2.0",
    "source": "devdax",
    "path": "/dev/dax0.0",
    "nthreads": 16,
    "nsegments": 1,
    "stripeSize": 137438953472,
    "blockSize": 262144,
    "paddingSize": 4096,
    "totalSize": 137438953472,
    "extentSize": 137439019008,
    "accessType": "read",
    "accessPattern": "sequential",
    "granularity": "page",
    "nonTemporal": false,
    "noflush": true,
    "set-affinity": true
  },
  "results": {
    "success": true,
    "time": 2350.334926,
    "byte_per_sec": 58476326906.27004,
    "MiB_per_sec": 55767.37108828549,
    "IOPS": 223069.48435314195,
    "MIOPS": 0.22306948435314194,
    "addr": 20966956597248
  }
}
