{
  "params": {
    "version": "0.2.0",
    "source": "devdax",
    "path": "/dev/dax0.0",
    "nthreads": 48,
    "nsegments": 1,
    "stripeSize": 412316860416,
    "blockSize": 256,
    "paddingSize": 4096,
    "totalSize": 412316860416,
    "extentSize": 412317057024,
    "accessType": "read",
    "accessPattern": "sequential",
    "granularity": "page",
    "nonTemporal": false,
    "noflush": true,
    "set-affinity": true
  },
  "results": {
    "success": true,
    "time": 5224.878205999999,
    "byte_per_sec": 78914157260.64487,
    "MiB_per_sec": 75258.4049803208,
    "IOPS": 308258426.799394,
    "MIOPS": 308.258426799394,
    "addr": 20380693561344
  }
}
