{
  "params": {
    "version": "0.2.0",
    "source": "devdax",
    "path": "/dev/dax0.0",
    "nthreads": 2,
    "nsegments": 1,
    "stripeSize": 17179869184,
    "blockSize": 131072,
    "paddingSize": 4096,
    "totalSize": 17179869184,
    "extentSize": 17179877376,
    "accessType": "read",
    "accessPattern": "sequential",
    "granularity": "page",
    "nonTemporal": false,
    "noflush": true,
    "set-affinity": true
  },
  "results": {
    "success": true,
    "time": 2019.449243,
    "byte_per_sec": 8507205241.008377,
    "MiB_per_sec": 8113.103142746331,
    "IOPS": 64904.82514197065,
    "MIOPS": 0.06490482514197066,
    "addr": 20565377155072
  }
}
