{
  "params": {
    "version": "0.2.0",
    "source": "devdax",
    "path": "/dev/dax0.0",
    "nthreads": 2,
    "nsegments": 1,
    "stripeSize": 17179869184,
    "blockSize": 524288,
    "paddingSize": 4096,
    "totalSize": 17179869184,
    "extentSize": 17179877376,
    "accessType": "read",
    "accessPattern": "sequential",
    "granularity": "page",
    "nonTemporal": false,
    "noflush": true,
    "set-affinity": true
  },
  "results": {
    "success": true,
    "time": 2024.0520800000002,
    "byte_per_sec": 8487859257.060223,
    "MiB_per_sec": 8094.653374729369,
    "IOPS": 16189.306749458738,
    "MIOPS": 0.01618930674945874,
    "addr": 20358144983040
  }
}
