{
  "params": {
    "version": "0.2.0",
    "source": "devdax",
    "path": "/dev/dax0.0",
    "nthreads": 32,
    "nsegments": 1,
    "stripeSize": 274877906944,
    "blockSize": 524288,
    "paddingSize": 4096,
    "totalSize": 274877906944,
    "extentSize": 274878038016,
    "accessType": "read",
    "accessPattern": "sequential",
    "granularity": "page",
    "nonTemporal": false,
    "noflush": true,
    "set-affinity": true
  },
  "results": {
    "success": true,
    "time": 3406.008925,
    "byte_per_sec": 80703812878.00061,
    "MiB_per_sec": 76965.15357780515,
    "IOPS": 153930.3071556103,
    "MIOPS": 0.1539303071556103,
    "addr": 20357071241216
  }
}
