{
  "params": {
    "version": "0.2.0",
    "source": "devdax",
    "path": "/dev/dax0.0",
    "nthreads": 2,
    "nsegments": 1,
    "stripeSize": 17179869184,
    "blockSize": 256,
    "paddingSize": 4096,
    "totalSize": 17179869184,
    "extentSize": 17179877376,
    "accessType": "read",
    "accessPattern": "sequential",
    "granularity": "page",
    "nonTemporal": false,
    "noflush": true,
    "set-affinity": true
  },
  "results": {
    "success": true,
    "time": 2303.2990760000002,
    "byte_per_sec": 7458809567.116763,
    "MiB_per_sec": 7113.2751151244765,
    "IOPS": 29135974.871549856,
    "MIOPS": 29.135974871549855,
    "addr": 20572893347840
  }
}
