{
  "params": {
    "version": "0.2.0",
    "source": "devdax",
    "path": "/dev/dax0.0",
    "nthreads": 32,
    "nsegments": 1,
    "stripeSize": 274877906944,
    "blockSize": 128,
    "paddingSize": 4096,
    "totalSize": 274877906944,
    "extentSize": 274878038016,
    "accessType": "read",
    "accessPattern": "sequential",
    "granularity": "page",
    "nonTemporal": false,
    "noflush": true,
    "set-affinity": true
  },
  "results": {
    "success": true,
    "time": 4266.941349,
    "byte_per_sec": 64420362142.643555,
    "MiB_per_sec": 61436.04482902866,
    "IOPS": 503284079.2394028,
    "MIOPS": 503.2840792394028,
    "addr": 21246129471488
  }
}
