{
  "params": {
    "version": "0.2.0",
    "source": "devdax",
    "path": "/dev/dax0.0",
    "nthreads": 1,
    "nsegments": 1,
    "stripeSize": 8589934592,
    "blockSize": 65536,
    "paddingSize": 4096,
    "totalSize": 8589934592,
    "extentSize": 8589938688,
    "accessType": "read",
    "accessPattern": "sequential",
    "granularity": "page",
    "nonTemporal": false,
    "noflush": true,
    "set-affinity": true
  },
  "results": {
    "success": true,
    "time": 1980.9769290000002,
    "byte_per_sec": 4336211323.943188,
    "MiB_per_sec": 4135.33337015456,
    "IOPS": 66165.33392247296,
    "MIOPS": 0.06616533392247295,
    "addr": 20691004948480
  }
}
