{
  "params": {
    "version": "0.2.0",
    "source": "devdax",
    "path": "/dev/dax0.0",
    "nthreads": 8,
    "nsegments": 1,
    "stripeSize": 68719476736,
    "blockSize": 1048576,
    "paddingSize": 4096,
    "totalSize": 68719476736,
    "extentSize": 68719509504,
    "accessType": "read",
    "accessPattern": "sequential",
    "granularity": "page",
    "nonTemporal": false,
    "noflush": true,
    "set-affinity": true
  },
  "results": {
    "success": true,
    "time": 2211.972706,
    "byte_per_sec": 31067054557.0466,
    "MiB_per_sec": 29627.85201744709,
    "IOPS": 29627.85201744709,
    "MIOPS": 0.029627852017447092,
    "addr": 20952997953536
  }
}
