{
  "params": {
    "version": "0.2.0",
    "source": "devdax",
    "path": "/dev/dax0.0",
    "nthreads": 48,
    "nsegments": 1,
    "stripeSize": 412316860416,
    "blockSize": 16384,
    "paddingSize": 4096,
    "totalSize": 412316860416,
    "extentSize": 412317057024,
    "accessType": "read",
    "accessPattern": "sequential",
    "granularity": "page",
    "nonTemporal": false,
    "noflush": true,
    "set-affinity": true
  },
  "results": {
    "success": true,
    "time": 5013.0756200000005,
    "byte_per_sec": 82248282625.34766,
    "MiB_per_sec": 78438.07470831648,
    "IOPS": 5020036.781332254,
    "MIOPS": 5.020036781332254,
    "addr": 20410758332416
  }
}
