{
  "params": {
    "version": "0.2.0",
    "source": "devdax",
    "path": "/dev/dax0.0",
    "nthreads": 4,
    "nsegments": 1,
    "stripeSize": 34359738368,
    "blockSize": 8192,
    "paddingSize": 4096,
    "totalSize": 34359738368,
    "extentSize": 34359754752,
    "accessType": "read",
    "accessPattern": "sequential",
    "granularity": "page",
    "nonTemporal": false,
    "noflush": true,
    "set-affinity": true
  },
  "results": {
    "success": true,
    "time": 1924.0248310000002,
    "byte_per_sec": 17858261397.87486,
    "MiB_per_sec": 17030.96523082243,
    "IOPS": 2179963.549545271,
    "MIOPS": 2.179963549545271,
    "addr": 21143050256384
  }
}
