{
  "params": {
    "version": "0.2.0",
    "source": "devdax",
    "path": "/dev/dax0.0",
    "nthreads": 48,
    "nsegments": 1,
    "stripeSize": 412316860416,
    "blockSize": 65536,
    "paddingSize": 4096,
    "totalSize": 412316860416,
    "extentSize": 412317057024,
    "accessType": "read",
    "accessPattern": "sequential",
    "granularity": "page",
    "nonTemporal": false,
    "noflush": true,
    "set-affinity": true
  },
  "results": {
    "success": true,
    "time": 4949.998917,
    "byte_per_sec": 83296353661.80829,
    "MiB_per_sec": 79437.59313755826,
    "IOPS": 1271001.4902009321,
    "MIOPS": 1.2710014902009321,
    "addr": 21086141939712
  }
}
