{
  "params": {
    "version": "0.2.0",
    "source": "devdax",
    "path": "/dev/dax0.0",
    "nthreads": 48,
    "nsegments": 1,
    "stripeSize": 412316860416,
    "blockSize": 1024,
    "paddingSize": 4096,
    "totalSize": 412316860416,
    "extentSize": 412317057024,
    "accessType": "read",
    "accessPattern": "sequential",
    "granularity": "page",
    "nonTemporal": false,
    "noflush": true,
    "set-affinity": true
  },
  "results": {
    "success": true,
    "time": 4952.634491999999,
    "byte_per_sec": 83252026993.31361,
    "MiB_per_sec": 79395.31993228303,
    "IOPS": 81300807.61065783,
    "MIOPS": 81.30080761065783,
    "addr": 20609400569856
  }
}
