{
  "params": {
    "version": "0.2.0",
    "source": "devdax",
    "path": "/dev/dax0.0",
    "nthreads": 8,
    "nsegments": 1,
    "stripeSize": 68719476736,
    "blockSize": 16384,
    "paddingSize": 4096,
    "totalSize": 68719476736,
    "extentSize": 68719509504,
    "accessType": "read",
    "accessPattern": "sequential",
    "granularity": "page",
    "nonTemporal": false,
    "noflush": true,
    "set-affinity": true
  },
  "results": {
    "success": true,
    "time": 2029.762594,
    "byte_per_sec": 33855918391.2126,
    "MiB_per_sec": 32287.519828045464,
    "IOPS": 2066401.2689949097,
    "MIOPS": 2.06640126899491,
    "addr": 20273319378944
  }
}
