{
  "params": {
    "version": "0.2.0",
    "source": "devdax",
    "path": "/dev/dax0.0",
    "nthreads": 8,
    "nsegments": 1,
    "stripeSize": 68719476736,
    "blockSize": 16384,
    "paddingSize": 4096,
    "totalSize": 68719476736,
    "extentSize": 68719509504,
    "accessType": "read",
    "accessPattern": "sequential",
    "granularity": "page",
    "nonTemporal": false,
    "noflush": true,
    "set-affinity": true
  },
  "results": {
    "success": true,
    "time": 2029.1907130000002,
    "byte_per_sec": 33865459907.611942,
    "MiB_per_sec": 32296.619327175085,
    "IOPS": 2066983.6369392055,
    "MIOPS": 2.0669836369392054,
    "addr": 20931523117056
  }
}
