{
  "params": {
    "version": "0.2.0",
    "source": "devdax",
    "path": "/dev/dax0.0",
    "nthreads": 16,
    "nsegments": 1,
    "stripeSize": 137438953472,
    "blockSize": 1024,
    "paddingSize": 4096,
    "totalSize": 137438953472,
    "extentSize": 137439019008,
    "accessType": "read",
    "accessPattern": "sequential",
    "granularity": "page",
    "nonTemporal": false,
    "noflush": true,
    "set-affinity": true
  },
  "results": {
    "success": true,
    "time": 2360.051379,
    "byte_per_sec": 58235576858.60024,
    "MiB_per_sec": 55537.77395114922,
    "IOPS": 56870680.5259768,
    "MIOPS": 56.8706805259768,
    "addr": 20403242139648
  }
}
