{
  "params": {
    "version": "0.2.0",
    "source": "devdax",
    "path": "/dev/dax0.0",
    "nthreads": 8,
    "nsegments": 1,
    "stripeSize": 68719476736,
    "blockSize": 32768,
    "paddingSize": 4096,
    "totalSize": 68719476736,
    "extentSize": 68719509504,
    "accessType": "read",
    "accessPattern": "sequential",
    "granularity": "page",
    "nonTemporal": false,
    "noflush": true,
    "set-affinity": true
  },
  "results": {
    "success": true,
    "time": 2099.12308,
    "byte_per_sec": 32737230794.48967,
    "MiB_per_sec": 31220.656198968572,
    "IOPS": 999060.9983669943,
    "MIOPS": 0.9990609983669944,
    "addr": 20535312384000
  }
}
