{
  "params": {
    "version": "0.2.0",
    "source": "devdax",
    "path": "/dev/dax0.0",
    "nthreads": 32,
    "nsegments": 1,
    "stripeSize": 274877906944,
    "blockSize": 4096,
    "paddingSize": 4096,
    "totalSize": 274877906944,
    "extentSize": 274878038016,
    "accessType": "read",
    "accessPattern": "sequential",
    "granularity": "page",
    "nonTemporal": false,
    "noflush": true,
    "set-affinity": true
  },
  "results": {
    "success": true,
    "time": 3384.800984,
    "byte_per_sec": 81209473834.16383,
    "MiB_per_sec": 77447.38944450744,
    "IOPS": 19826531.697793905,
    "MIOPS": 19.826531697793904,
    "addr": 20511690063872
  }
}
