{
  "params": {
    "version": "0.2.0",
    "source": "devdax",
    "path": "/dev/dax0.0",
    "nthreads": 4,
    "nsegments": 1,
    "stripeSize": 34359738368,
    "blockSize": 2048,
    "paddingSize": 4096,
    "totalSize": 34359738368,
    "extentSize": 34359754752,
    "accessType": "read",
    "accessPattern": "sequential",
    "granularity": "page",
    "nonTemporal": false,
    "noflush": true,
    "set-affinity": true
  },
  "results": {
    "success": true,
    "time": 1970.372081,
    "byte_per_sec": 17438197942.06676,
    "MiB_per_sec": 16630.361501757394,
    "IOPS": 8514745.088899786,
    "MIOPS": 8.514745088899785,
    "addr": 20565377155072
  }
}
