{
  "params": {
    "version": "0.2.0",
    "source": "devdax",
    "path": "/dev/dax0.0",
    "nthreads": 2,
    "nsegments": 1,
    "stripeSize": 17179869184,
    "blockSize": 512,
    "paddingSize": 4096,
    "totalSize": 17179869184,
    "extentSize": 17179877376,
    "accessType": "read",
    "accessPattern": "sequential",
    "granularity": "page",
    "nonTemporal": false,
    "noflush": true,
    "set-affinity": true
  },
  "results": {
    "success": true,
    "time": 2052.866103,
    "byte_per_sec": 8368723687.771857,
    "MiB_per_sec": 7981.0368421286175,
    "IOPS": 16345163.452679409,
    "MIOPS": 16.345163452679408,
    "addr": 20459076714496
  }
}
