{
  "params": {
    "version": "0.2.0",
    "source": "devdax",
    "path": "/dev/dax0.0",
    "nthreads": 16,
    "nsegments": 1,
    "stripeSize": 137438953472,
    "blockSize": 16384,
    "paddingSize": 4096,
    "totalSize": 137438953472,
    "extentSize": 137439019008,
    "accessType": "read",
    "accessPattern": "sequential",
    "granularity": "page",
    "nonTemporal": false,
    "noflush": true,
    "set-affinity": true
  },
  "results": {
    "success": true,
    "time": 2290.939966,
    "byte_per_sec": 59992385445.162735,
    "MiB_per_sec": 57213.19717899583,
    "IOPS": 3661644.6194557333,
    "MIOPS": 3.6616446194557333,
    "addr": 20802674098176
  }
}
