{
  "params": {
    "version": "0.2.0",
    "source": "devdax",
    "path": "/dev/dax0.0",
    "nthreads": 32,
    "nsegments": 1,
    "stripeSize": 274877906944,
    "blockSize": 32768,
    "paddingSize": 4096,
    "totalSize": 274877906944,
    "extentSize": 274878038016,
    "accessType": "write",
    "accessPattern": "random",
    "granularity": "page",
    "nonTemporal": false,
    "noflush": true,
    "set-affinity": true
  },
  "results": {
    "success": true,
    "time": 15903.845537000001,
    "byte_per_sec": 17283738470.956703,
    "MiB_per_sec": 16483.05747123404,
    "IOPS": 527457.8390794892,
    "MIOPS": 0.5274578390794893,
    "addr": 21300890304512
  }
}
