{
  "params": {
    "version": "0.2.0",
    "source": "devdax",
    "path": "/dev/dax0.0",
    "nthreads": 2,
    "nsegments": 1,
    "stripeSize": 17179869184,
    "blockSize": 131072,
    "paddingSize": 4096,
    "totalSize": 17179869184,
    "extentSize": 17179877376,
    "accessType": "write",
    "accessPattern": "random",
    "granularity": "page",
    "nonTemporal": false,
    "noflush": true,
    "set-affinity": true
  },
  "results": {
    "success": true,
    "time": 2437.376884,
    "byte_per_sec": 7048507474.070227,
    "MiB_per_sec": 6721.980547018267,
    "IOPS": 53775.84437614614,
    "MIOPS": 0.05377584437614614,
    "addr": 20365661175808
  }
}
