{
  "params": {
    "version": "0.2.0",
    "source": "devdax",
    "path": "/dev/dax0.0",
    "nthreads": 8,
    "nsegments": 1,
    "stripeSize": 68719476736,
    "blockSize": 8192,
    "paddingSize": 4096,
    "totalSize": 68719476736,
    "extentSize": 68719509504,
    "accessType": "write",
    "accessPattern": "random",
    "granularity": "page",
    "nonTemporal": false,
    "noflush": true,
    "set-affinity": true
  },
  "results": {
    "success": true,
    "time": 5349.550203,
    "byte_per_sec": 12845842010.691381,
    "MiB_per_sec": 12250.749598208791,
    "IOPS": 1568095.9485707253,
    "MIOPS": 1.5680959485707253,
    "addr": 20289425506304
  }
}
