{
  "params": {
    "version": "0.2.0",
    "source": "devdax",
    "path": "/dev/dax0.0",
    "nthreads": 48,
    "nsegments": 1,
    "stripeSize": 412316860416,
    "blockSize": 64,
    "paddingSize": 4096,
    "totalSize": 412316860416,
    "extentSize": 412317057024,
    "accessType": "write",
    "accessPattern": "random",
    "granularity": "page",
    "nonTemporal": false,
    "noflush": true,
    "set-affinity": true
  },
  "results": {
    "success": true,
    "time": 32099.497954,
    "byte_per_sec": 12844962902.74908,
    "MiB_per_sec": 12249.91121554287,
    "IOPS": 200702545.3554544,
    "MIOPS": 200.7025453554544,
    "addr": 21219285925888
  }
}
