{
  "params": {
    "version": "0.2.0",
    "source": "devdax",
    "path": "/dev/dax0.0",
    "nthreads": 8,
    "nsegments": 1,
    "stripeSize": 68719476736,
    "blockSize": 2048,
    "paddingSize": 4096,
    "totalSize": 68719476736,
    "extentSize": 68719509504,
    "accessType": "write",
    "accessPattern": "random",
    "granularity": "page",
    "nonTemporal": false,
    "noflush": true,
    "set-affinity": true
  },
  "results": {
    "success": true,
    "time": 6006.087036,
    "byte_per_sec": 11441638511.746668,
    "MiB_per_sec": 10911.596786257427,
    "IOPS": 5586737.554563803,
    "MIOPS": 5.586737554563802,
    "addr": 20252918284288
  }
}
