{
  "params": {
    "version": "0.2.0",
    "source": "devdax",
    "path": "/dev/dax0.0",
    "nthreads": 1,
    "nsegments": 1,
    "stripeSize": 8589934592,
    "blockSize": 1024,
    "paddingSize": 4096,
    "totalSize": 8589934592,
    "extentSize": 8589938688,
    "accessType": "write",
    "accessPattern": "random",
    "granularity": "page",
    "nonTemporal": false,
    "noflush": true,
    "set-affinity": true
  },
  "results": {
    "success": true,
    "time": 3733.837272,
    "byte_per_sec": 2300564798.690027,
    "MiB_per_sec": 2193.989561738994,
    "IOPS": 2246645.3112207297,
    "MIOPS": 2.2466453112207296,
    "addr": 20987357691904
  }
}
