{
  "params": {
    "version": "0.2.0",
    "source": "devdax",
    "path": "/dev/dax0.0",
    "nthreads": 1,
    "nsegments": 1,
    "stripeSize": 8589934592,
    "blockSize": 8192,
    "paddingSize": 4096,
    "totalSize": 8589934592,
    "extentSize": 8589938688,
    "accessType": "write",
    "accessPattern": "random",
    "granularity": "page",
    "nonTemporal": false,
    "noflush": true,
    "set-affinity": true
  },
  "results": {
    "success": true,
    "time": 2091.412345,
    "byte_per_sec": 4107241029.028161,
    "MiB_per_sec": 3916.9702806741343,
    "IOPS": 501372.1959262892,
    "MIOPS": 0.5013721959262892,
    "addr": 21033528590336
  }
}
