{
  "params": {
    "version": "0.2.0",
    "source": "devdax",
    "path": "/dev/dax0.0",
    "nthreads": 8,
    "nsegments": 1,
    "stripeSize": 68719476736,
    "blockSize": 524288,
    "paddingSize": 4096,
    "totalSize": 68719476736,
    "extentSize": 68719509504,
    "accessType": "write",
    "accessPattern": "random",
    "granularity": "page",
    "nonTemporal": false,
    "noflush": true,
    "set-affinity": true
  },
  "results": {
    "success": true,
    "time": 5341.999132,
    "byte_per_sec": 12863999981.645823,
    "MiB_per_sec": 12268.066388746092,
    "IOPS": 24536.132777492185,
    "MIOPS": 0.024536132777492184,
    "addr": 21236465795072
  }
}
