{
  "params": {
    "version": "0.2.0",
    "source": "devdax",
    "path": "/dev/dax0.0",
    "nthreads": 2,
    "nsegments": 1,
    "stripeSize": 17179869184,
    "blockSize": 8192,
    "paddingSize": 4096,
    "totalSize": 17179869184,
    "extentSize": 17179877376,
    "accessType": "write",
    "accessPattern": "random",
    "granularity": "page",
    "nonTemporal": false,
    "noflush": true,
    "set-affinity": true
  },
  "results": {
    "success": true,
    "time": 2457.3596270000003,
    "byte_per_sec": 6991190461.191702,
    "MiB_per_sec": 6667.318783942892,
    "IOPS": 853416.8043446902,
    "MIOPS": 0.8534168043446901,
    "addr": 21279415468032
  }
}
