{
  "params": {
    "version": "0.2.0",
    "source": "devdax",
    "path": "/dev/dax0.0",
    "nthreads": 2,
    "nsegments": 1,
    "stripeSize": 17179869184,
    "blockSize": 2048,
    "paddingSize": 4096,
    "totalSize": 17179869184,
    "extentSize": 17179877376,
    "accessType": "write",
    "accessPattern": "random",
    "granularity": "page",
    "nonTemporal": false,
    "noflush": true,
    "set-affinity": true
  },
  "results": {
    "success": true,
    "time": 3418.3237599999998,
    "byte_per_sec": 5025816859.430542,
    "MiB_per_sec": 4792.992457800428,
    "IOPS": 2454012.1383938193,
    "MIOPS": 2.454012138393819,
    "addr": 20569672122368
  }
}
