{
  "params": {
    "version": "0.2.0",
    "source": "devdax",
    "path": "/dev/dax0.0",
    "nthreads": 48,
    "nsegments": 1,
    "stripeSize": 412316860416,
    "blockSize": 8192,
    "paddingSize": 4096,
    "totalSize": 412316860416,
    "extentSize": 412317057024,
    "accessType": "write",
    "accessPattern": "random",
    "granularity": "page",
    "nonTemporal": false,
    "noflush": true,
    "set-affinity": true
  },
  "results": {
    "success": true,
    "time": 25377.273081,
    "byte_per_sec": 16247484869.629362,
    "MiB_per_sec": 15494.809026364672,
    "IOPS": 1983335.555374678,
    "MIOPS": 1.983335555374678,
    "addr": 20367808659456
  }
}
