{
  "params": {
    "version": "0.2.0",
    "source": "devdax",
    "path": "/dev/dax0.0",
    "nthreads": 1,
    "nsegments": 1,
    "stripeSize": 8589934592,
    "blockSize": 64,
    "paddingSize": 4096,
    "totalSize": 8589934592,
    "extentSize": 8589938688,
    "accessType": "write",
    "accessPattern": "random",
    "granularity": "page",
    "nonTemporal": false,
    "noflush": true,
    "set-affinity": true
  },
  "results": {
    "success": true,
    "time": 5459.285633,
    "byte_per_sec": 1573453958.8982153,
    "MiB_per_sec": 1500.5626286489633,
    "IOPS": 24585218.107784614,
    "MIOPS": 24.585218107784613,
    "addr": 20277614346240
  }
}
