{
  "params": {
    "version": "0.2.0",
    "source": "devdax",
    "path": "/dev/dax0.0",
    "nthreads": 4,
    "nsegments": 1,
    "stripeSize": 34359738368,
    "blockSize": 131072,
    "paddingSize": 4096,
    "totalSize": 34359738368,
    "extentSize": 34359754752,
    "accessType": "write",
    "accessPattern": "random",
    "granularity": "page",
    "nonTemporal": false,
    "noflush": true,
    "set-affinity": true
  },
  "results": {
    "success": true,
    "time": 3336.5674529999997,
    "byte_per_sec": 10297930088.932028,
    "MiB_per_sec": 9820.871437961605,
    "IOPS": 78566.97150369284,
    "MIOPS": 0.07856697150369284,
    "addr": 20702816108544
  }
}
