{
  "params": {
    "version": "0.2.0",
    "source": "devdax",
    "path": "/dev/dax0.0",
    "nthreads": 1,
    "nsegments": 1,
    "stripeSize": 8589934592,
    "blockSize": 65536,
    "paddingSize": 4096,
    "totalSize": 8589934592,
    "extentSize": 8589938688,
    "accessType": "write",
    "accessPattern": "random",
    "granularity": "page",
    "nonTemporal": false,
    "noflush": true,
    "set-affinity": true
  },
  "results": {
    "success": true,
    "time": 2047.356864,
    "byte_per_sec": 4195621556.2818456,
    "MiB_per_sec": 4001.256519586416,
    "IOPS": 64020.10431338265,
    "MIOPS": 0.06402010431338265,
    "addr": 21251498180608
  }
}
