{
  "params": {
    "version": "0.2.0",
    "source": "devdax",
    "path": "/dev/dax0.0",
    "nthreads": 8,
    "nsegments": 1,
    "stripeSize": 68719476736,
    "blockSize": 2048,
    "paddingSize": 4096,
    "totalSize": 68719476736,
    "extentSize": 68719509504,
    "accessType": "write",
    "accessPattern": "random",
    "granularity": "page",
    "nonTemporal": false,
    "noflush": true,
    "set-affinity": true
  },
  "results": {
    "success": true,
    "time": 5983.949054,
    "byte_per_sec": 11483967546.492416,
    "MiB_per_sec": 10951.964899532715,
    "IOPS": 5607406.02856075,
    "MIOPS": 5.60740602856075,
    "addr": 20371029884928
  }
}
