{
  "params": {
    "version": "0.2.0",
    "source": "devdax",
    "path": "/dev/dax0.0",
    "nthreads": 32,
    "nsegments": 1,
    "stripeSize": 274877906944,
    "blockSize": 128,
    "paddingSize": 4096,
    "totalSize": 274877906944,
    "extentSize": 274878038016,
    "accessType": "write",
    "accessPattern": "random",
    "granularity": "page",
    "nonTemporal": false,
    "noflush": true,
    "set-affinity": true
  },
  "results": {
    "success": true,
    "time": 17143.94274,
    "byte_per_sec": 16033529224.444902,
    "MiB_per_sec": 15290.765022702124,
    "IOPS": 125261947.0659758,
    "MIOPS": 125.2619470659758,
    "addr": 21049634717696
  }
}
