{
  "params": {
    "version": "0.2.0",
    "source": "devdax",
    "path": "/dev/dax0.0",
    "nthreads": 16,
    "nsegments": 1,
    "stripeSize": 137438953472,
    "blockSize": 128,
    "paddingSize": 4096,
    "totalSize": 137438953472,
    "extentSize": 137439019008,
    "accessType": "write",
    "accessPattern": "sequential",
    "granularity": "page",
    "nonTemporal": false,
    "noflush": true,
    "set-affinity": true
  },
  "results": {
    "success": true,
    "time": 9029.355492,
    "byte_per_sec": 15221347037.866741,
    "MiB_per_sec": 14516.207731119863,
    "IOPS": 118916773.73333392,
    "MIOPS": 118.91677373333391,
    "addr": 20657718951936
  }
}
