{
  "params": {
    "version": "0.2.0",
    "source": "devdax",
    "path": "/dev/dax0.0",
    "nthreads": 32,
    "nsegments": 1,
    "stripeSize": 274877906944,
    "blockSize": 2048,
    "paddingSize": 4096,
    "totalSize": 274877906944,
    "extentSize": 274878038016,
    "accessType": "write",
    "accessPattern": "sequential",
    "granularity": "page",
    "nonTemporal": false,
    "noflush": true,
    "set-affinity": true
  },
  "results": {
    "success": true,
    "time": 16409.497454,
    "byte_per_sec": 16751147176.478302,
    "MiB_per_sec": 15975.13883254843,
    "IOPS": 8179271.082264796,
    "MIOPS": 8.179271082264796,
    "addr": 20249697058816
  }
}
