{
  "params": {
    "version": "0.2.0",
    "source": "devdax",
    "path": "/dev/dax0.0",
    "nthreads": 8,
    "nsegments": 1,
    "stripeSize": 68719476736,
    "blockSize": 16384,
    "paddingSize": 4096,
    "totalSize": 68719476736,
    "extentSize": 68719509504,
    "accessType": "write",
    "accessPattern": "sequential",
    "granularity": "page",
    "nonTemporal": false,
    "noflush": true,
    "set-affinity": true
  },
  "results": {
    "success": true,
    "time": 5311.3682420000005,
    "byte_per_sec": 12938187225.015982,
    "MiB_per_sec": 12338.816857353193,
    "IOPS": 789684.2788706044,
    "MIOPS": 0.7896842788706043,
    "addr": 20949776728064
  }
}
