{
  "params": {
    "version": "0.2.0",
    "source": "devdax",
    "path": "/dev/dax0.0",
    "nthreads": 32,
    "nsegments": 1,
    "stripeSize": 274877906944,
    "blockSize": 4096,
    "paddingSize": 4096,
    "totalSize": 274877906944,
    "extentSize": 274878038016,
    "accessType": "write",
    "accessPattern": "sequential",
    "granularity": "page",
    "nonTemporal": false,
    "noflush": true,
    "set-affinity": true
  },
  "results": {
    "success": true,
    "time": 16481.175004,
    "byte_per_sec": 16678295502.43152,
    "MiB_per_sec": 15905.662062102814,
    "IOPS": 4071849.4878983204,
    "MIOPS": 4.07184948789832,
    "addr": 20640539082752
  }
}
