{
  "params": {
    "version": "0.2.0",
    "source": "devdax",
    "path": "/dev/dax0.0",
    "nthreads": 4,
    "nsegments": 1,
    "stripeSize": 34359738368,
    "blockSize": 128,
    "paddingSize": 4096,
    "totalSize": 34359738368,
    "extentSize": 34359754752,
    "accessType": "write",
    "accessPattern": "sequential",
    "granularity": "page",
    "nonTemporal": false,
    "noflush": true,
    "set-affinity": true
  },
  "results": {
    "success": true,
    "time": 3250.817802,
    "byte_per_sec": 10569567555.235138,
    "MiB_per_sec": 10079.92511294855,
    "IOPS": 82574746.52527452,
    "MIOPS": 82.57474652527452,
    "addr": 20348481306624
  }
}
