{
  "params": {
    "version": "0.2.0",
    "source": "devdax",
    "path": "/dev/dax0.0",
    "nthreads": 4,
    "nsegments": 1,
    "stripeSize": 34359738368,
    "blockSize": 524288,
    "paddingSize": 4096,
    "totalSize": 34359738368,
    "extentSize": 34359754752,
    "accessType": "write",
    "accessPattern": "sequential",
    "granularity": "page",
    "nonTemporal": false,
    "noflush": true,
    "set-affinity": true
  },
  "results": {
    "success": true,
    "time": 3295.218211,
    "byte_per_sec": 10427151152.934679,
    "MiB_per_sec": 9944.106247839622,
    "IOPS": 19888.212495679243,
    "MIOPS": 0.019888212495679243,
    "addr": 20877836025856
  }
}
