{
  "params": {
    "version": "0.2.0",
    "source": "devdax",
    "path": "/dev/dax0.0",
    "nthreads": 48,
    "nsegments": 1,
    "stripeSize": 412316860416,
    "blockSize": 131072,
    "paddingSize": 4096,
    "totalSize": 412316860416,
    "extentSize": 412317057024,
    "accessType": "write",
    "accessPattern": "sequential",
    "granularity": "page",
    "nonTemporal": false,
    "noflush": true,
    "set-affinity": true
  },
  "results": {
    "success": true,
    "time": 25553.851942,
    "byte_per_sec": 16135213640.270061,
    "MiB_per_sec": 15387.738838453351,
    "IOPS": 123101.91070762681,
    "MIOPS": 0.12310191070762681,
    "addr": 20820927709184
  }
}
