{
  "params": {
    "version": "0.2.0",
    "source": "devdax",
    "path": "/dev/dax0.0",
    "nthreads": 48,
    "nsegments": 1,
    "stripeSize": 412316860416,
    "blockSize": 1048576,
    "paddingSize": 4096,
    "totalSize": 412316860416,
    "extentSize": 412317057024,
    "accessType": "write",
    "accessPattern": "sequential",
    "granularity": "page",
    "nonTemporal": false,
    "noflush": true,
    "set-affinity": true
  },
  "results": {
    "success": true,
    "time": 28384.18251,
    "byte_per_sec": 14526289783.781412,
    "MiB_per_sec": 13853.349479466831,
    "IOPS": 13853.349479466831,
    "MIOPS": 0.013853349479466832,
    "addr": 20241107124224
  }
}
