{
  "params": {
    "version": "0.2.0",
    "source": "devdax",
    "path": "/dev/dax0.0",
    "nthreads": 2,
    "nsegments": 1,
    "stripeSize": 17179869184,
    "blockSize": 4096,
    "paddingSize": 4096,
    "totalSize": 17179869184,
    "extentSize": 17179877376,
    "accessType": "write",
    "accessPattern": "sequential",
    "granularity": "page",
    "nonTemporal": false,
    "noflush": true,
    "set-affinity": true
  },
  "results": {
    "success": true,
    "time": 2388.746593,
    "byte_per_sec": 7192001543.54757,
    "MiB_per_sec": 6858.827155635424,
    "IOPS": 1755859.7518426685,
    "MIOPS": 1.7558597518426684,
    "addr": 20736102105088
  }
}
