{
  "params": {
    "version": "0.2.0",
    "source": "devdax",
    "path": "/dev/dax0.0",
    "nthreads": 32,
    "nsegments": 1,
    "stripeSize": 274877906944,
    "blockSize": 131072,
    "paddingSize": 4096,
    "totalSize": 274877906944,
    "extentSize": 274878038016,
    "accessType": "write",
    "accessPattern": "sequential",
    "granularity": "page",
    "nonTemporal": false,
    "noflush": true,
    "set-affinity": true
  },
  "results": {
    "success": true,
    "time": 16732.334977000002,
    "byte_per_sec": 16427946686.570808,
    "MiB_per_sec": 15666.910826273735,
    "IOPS": 125335.28661018988,
    "MIOPS": 0.1253352866101899,
    "addr": 20669530112000
  }
}
