{
  "params": {
    "version": "0.2.0",
    "source": "devdax",
    "path": "/dev/dax0.0",
    "nthreads": 16,
    "nsegments": 1,
    "stripeSize": 137438953472,
    "blockSize": 64,
    "paddingSize": 4096,
    "totalSize": 137438953472,
    "extentSize": 137439019008,
    "accessType": "write",
    "accessPattern": "sequential",
    "granularity": "page",
    "nonTemporal": false,
    "noflush": true,
    "set-affinity": true
  },
  "results": {
    "success": true,
    "time": 9865.717881,
    "byte_per_sec": 13930963274.014585,
    "MiB_per_sec": 13285.601877226434,
    "IOPS": 217671301.1564779,
    "MIOPS": 217.6713011564779,
    "addr": 20244328349696
  }
}
