{
  "params": {
    "version": "0.2.0",
    "source": "devdax",
    "path": "/dev/dax0.0",
    "nthreads": 16,
    "nsegments": 1,
    "stripeSize": 137438953472,
    "blockSize": 65536,
    "paddingSize": 4096,
    "totalSize": 137438953472,
    "extentSize": 137439019008,
    "accessType": "write",
    "accessPattern": "sequential",
    "granularity": "page",
    "nonTemporal": false,
    "noflush": true,
    "set-affinity": true
  },
  "results": {
    "success": true,
    "time": 7992.784288,
    "byte_per_sec": 17195378796.640934,
    "MiB_per_sec": 16398.79111923307,
    "IOPS": 262380.6579077291,
    "MIOPS": 0.2623806579077291,
    "addr": 20230369705984
  }
}
