{
  "params": {
    "version": "0.2.0",
    "source": "devdax",
    "path": "/dev/dax0.0",
    "nthreads": 48,
    "nsegments": 1,
    "stripeSize": 412316860416,
    "blockSize": 2048,
    "paddingSize": 4096,
    "totalSize": 412316860416,
    "extentSize": 412317057024,
    "accessType": "write",
    "accessPattern": "sequential",
    "granularity": "page",
    "nonTemporal": false,
    "noflush": true,
    "set-affinity": true
  },
  "results": {
    "success": true,
    "time": 25111.622307,
    "byte_per_sec": 16419363726.295948,
    "MiB_per_sec": 15658.725477500866,
    "IOPS": 8017267.444480443,
    "MIOPS": 8.017267444480444,
    "addr": 20630875406336
  }
}
