{
  "params": {
    "version": "0.2.0",
    "source": "devdax",
    "path": "/dev/dax0.0",
    "nthreads": 4,
    "nsegments": 1,
    "stripeSize": 34359738368,
    "blockSize": 262144,
    "paddingSize": 4096,
    "totalSize": 34359738368,
    "extentSize": 34359754752,
    "accessType": "write",
    "accessPattern": "sequential",
    "granularity": "page",
    "nonTemporal": false,
    "noflush": true,
    "set-affinity": true
  },
  "results": {
    "success": true,
    "time": 3322.617513,
    "byte_per_sec": 10341165732.608356,
    "MiB_per_sec": 9862.104160889012,
    "IOPS": 39448.41664355605,
    "MIOPS": 0.03944841664355605,
    "addr": 20537459867648
  }
}
