{
  "params": {
    "version": "0.2.0",
    "source": "devdax",
    "path": "/dev/dax0.0",
    "nthreads": 2,
    "nsegments": 1,
    "stripeSize": 17179869184,
    "blockSize": 64,
    "paddingSize": 4096,
    "totalSize": 17179869184,
    "extentSize": 17179877376,
    "accessType": "write",
    "accessPattern": "sequential",
    "granularity": "page",
    "nonTemporal": false,
    "noflush": true,
    "set-affinity": true
  },
  "results": {
    "success": true,
    "time": 2456.133257,
    "byte_per_sec": 6994681227.102492,
    "MiB_per_sec": 6670.647837736599,
    "IOPS": 109291894.17347644,
    "MIOPS": 109.29189417347644,
    "addr": 20497731420160
  }
}
