{
  "params": {
    "version": "0.2.0",
    "source": "devdax",
    "path": "/dev/dax0.0",
    "nthreads": 32,
    "nsegments": 1,
    "stripeSize": 274877906944,
    "blockSize": 65536,
    "paddingSize": 4096,
    "totalSize": 274877906944,
    "extentSize": 274878038016,
    "accessType": "write",
    "accessPattern": "sequential",
    "granularity": "page",
    "nonTemporal": false,
    "noflush": true,
    "set-affinity": true
  },
  "results": {
    "success": true,
    "time": 16350.755812,
    "byte_per_sec": 16811327262.45377,
    "MiB_per_sec": 16032.531034902353,
    "IOPS": 256520.49655843765,
    "MIOPS": 0.25652049655843767,
    "addr": 20891794669568
  }
}
