{
  "params": {
    "version": "0.2.0",
    "source": "devdax",
    "path": "/dev/dax0.0",
    "nthreads": 1,
    "nsegments": 1,
    "stripeSize": 8589934592,
    "blockSize": 2048,
    "paddingSize": 4096,
    "totalSize": 8589934592,
    "extentSize": 8589938688,
    "accessType": "write",
    "accessPattern": "sequential",
    "granularity": "page",
    "nonTemporal": false,
    "noflush": true,
    "set-affinity": true
  },
  "results": {
    "success": true,
    "time": 2124.991007,
    "byte_per_sec": 4042339268.120959,
    "MiB_per_sec": 3855.0751382073963,
    "IOPS": 1973798.470762187,
    "MIOPS": 1.973798470762187,
    "addr": 20934744342528
  }
}
