{
  "params": {
    "version": "0.2.0",
    "source": "devdax",
    "path": "/dev/dax0.0",
    "nthreads": 1,
    "nsegments": 1,
    "stripeSize": 8589934592,
    "blockSize": 64,
    "paddingSize": 4096,
    "totalSize": 8589934592,
    "extentSize": 8589938688,
    "accessType": "write",
    "accessPattern": "sequential",
    "granularity": "page",
    "nonTemporal": false,
    "noflush": true,
    "set-affinity": true
  },
  "results": {
    "success": true,
    "time": 2107.409698,
    "byte_per_sec": 4076062950.717236,
    "MiB_per_sec": 3887.2365481541024,
    "IOPS": 63688483.60495681,
    "MIOPS": 63.688483604956815,
    "addr": 20609400569856
  }
}
