{
  "params": {
    "version": "0.2.0",
    "source": "devdax",
    "path": "/dev/dax0.0",
    "nthreads": 8,
    "nsegments": 1,
    "stripeSize": 68719476736,
    "blockSize": 32768,
    "paddingSize": 4096,
    "totalSize": 68719476736,
    "extentSize": 68719509504,
    "accessType": "write",
    "accessPattern": "sequential",
    "granularity": "page",
    "nonTemporal": false,
    "noflush": true,
    "set-affinity": true
  },
  "results": {
    "success": true,
    "time": 5369.941438,
    "byte_per_sec": 12797062599.176897,
    "MiB_per_sec": 12204.229926278016,
    "IOPS": 390535.3576408965,
    "MIOPS": 0.39053535764089653,
    "addr": 21014201237504
  }
}
