{
  "params": {
    "version": "0.2.0",
    "source": "devdax",
    "path": "/dev/dax0.0",
    "nthreads": 32,
    "nsegments": 1,
    "stripeSize": 274877906944,
    "blockSize": 64,
    "paddingSize": 4096,
    "totalSize": 274877906944,
    "extentSize": 274878038016,
    "accessType": "write",
    "accessPattern": "sequential",
    "granularity": "page",
    "nonTemporal": false,
    "noflush": true,
    "set-affinity": true
  },
  "results": {
    "success": true,
    "time": 18471.897441,
    "byte_per_sec": 14880870133.778696,
    "MiB_per_sec": 14191.50365236158,
    "IOPS": 232513595.84029213,
    "MIOPS": 232.5135958402921,
    "addr": 20769388101632
  }
}
