{
  "params": {
    "version": "0.2.0",
    "source": "devdax",
    "path": "/dev/dax0.0",
    "nthreads": 32,
    "nsegments": 1,
    "stripeSize": 274877906944,
    "blockSize": 131072,
    "paddingSize": 4096,
    "totalSize": 274877906944,
    "extentSize": 274878038016,
    "accessType": "write",
    "accessPattern": "sequential",
    "granularity": "page",
    "nonTemporal": false,
    "noflush": true,
    "set-affinity": true
  },
  "results": {
    "success": true,
    "time": 16602.1076,
    "byte_per_sec": 16556807940.697842,
    "MiB_per_sec": 15789.802494714586,
    "IOPS": 126318.41995771669,
    "MIOPS": 0.1263184199577167,
    "addr": 21125870387200
  }
}
