{
  "params": {
    "version": "0.2.0",
    "source": "devdax",
    "path": "/dev/dax0.0",
    "nthreads": 32,
    "nsegments": 1,
    "stripeSize": 274877906944,
    "blockSize": 1024,
    "paddingSize": 4096,
    "totalSize": 274877906944,
    "extentSize": 274878038016,
    "accessType": "write",
    "accessPattern": "sequential",
    "granularity": "page",
    "nonTemporal": false,
    "noflush": true,
    "set-affinity": true
  },
  "results": {
    "success": true,
    "time": 16605.868479,
    "byte_per_sec": 16553058172.875101,
    "MiB_per_sec": 15786.226437449552,
    "IOPS": 16165095.87194834,
    "MIOPS": 16.165095871948342,
    "addr": 21150566449152
  }
}
