{
  "params": {
    "version": "0.2.0",
    "source": "devdax",
    "path": "/dev/dax0.0",
    "nthreads": 2,
    "nsegments": 1,
    "stripeSize": 17179869184,
    "blockSize": 128,
    "paddingSize": 4096,
    "totalSize": 17179869184,
    "extentSize": 17179877376,
    "accessType": "write",
    "accessPattern": "sequential",
    "granularity": "page",
    "nonTemporal": false,
    "noflush": true,
    "set-affinity": true
  },
  "results": {
    "success": true,
    "time": 2442.331426,
    "byte_per_sec": 7034208789.646881,
    "MiB_per_sec": 6708.3442589253245,
    "IOPS": 54954756.16911626,
    "MIOPS": 54.95475616911626,
    "addr": 20288351764480
  }
}
