{
  "params": {
    "version": "0.2.0",
    "source": "devdax",
    "path": "/dev/dax0.0",
    "nthreads": 48,
    "nsegments": 1,
    "stripeSize": 412316860416,
    "blockSize": 1024,
    "paddingSize": 4096,
    "totalSize": 412316860416,
    "extentSize": 412317057024,
    "accessType": "write",
    "accessPattern": "sequential",
    "granularity": "page",
    "nonTemporal": false,
    "noflush": true,
    "set-affinity": true
  },
  "results": {
    "success": true,
    "time": 25034.347822,
    "byte_per_sec": 16470046008.29501,
    "MiB_per_sec": 15707.05986814023,
    "IOPS": 16084029.304975595,
    "MIOPS": 16.084029304975594,
    "addr": 20232517189632
  }
}
