{
  "params": {
    "version": "0.2.0",
    "source": "devdax",
    "path": "/dev/dax0.0",
    "nthreads": 8,
    "nsegments": 1,
    "stripeSize": 68719476736,
    "blockSize": 4096,
    "paddingSize": 4096,
    "totalSize": 68719476736,
    "extentSize": 68719509504,
    "accessType": "write",
    "accessPattern": "sequential",
    "granularity": "page",
    "nonTemporal": false,
    "noflush": true,
    "set-affinity": true
  },
  "results": {
    "success": true,
    "time": 5317.476001,
    "byte_per_sec": 12923326165.097252,
    "MiB_per_sec": 12324.644246194126,
    "IOPS": 3155108.9270256963,
    "MIOPS": 3.1551089270256965,
    "addr": 20488067743744
  }
}
