{
  "params": {
    "version": "0.2.0",
    "source": "devdax",
    "path": "/dev/dax0.0",
    "nthreads": 32,
    "nsegments": 1,
    "stripeSize": 274877906944,
    "blockSize": 1024,
    "paddingSize": 4096,
    "totalSize": 274877906944,
    "extentSize": 274878038016,
    "accessType": "write",
    "accessPattern": "sequential",
    "granularity": "page",
    "nonTemporal": false,
    "noflush": true,
    "set-affinity": true
  },
  "results": {
    "success": true,
    "time": 16480.295108,
    "byte_per_sec": 16679185969.829298,
    "MiB_per_sec": 15906.511277989672,
    "IOPS": 16288267.548661424,
    "MIOPS": 16.288267548661423,
    "addr": 20715701010432
  }
}
