{
  "params": {
    "version": "0.2.0",
    "source": "devdax",
    "path": "/dev/dax0.0",
    "nthreads": 2,
    "nsegments": 1,
    "stripeSize": 17179869184,
    "blockSize": 256,
    "paddingSize": 4096,
    "totalSize": 17179869184,
    "extentSize": 17179877376,
    "accessType": "write",
    "accessPattern": "sequential",
    "granularity": "page",
    "nonTemporal": false,
    "noflush": true,
    "set-affinity": true
  },
  "results": {
    "success": true,
    "time": 2553.0350280000002,
    "byte_per_sec": 6729194466.814029,
    "MiB_per_sec": 6417.459933103589,
    "IOPS": 26285915.8859923,
    "MIOPS": 26.2859158859923,
    "addr": 20378546077696
  }
}
