{
  "params": {
    "accessPattern": "random",
    "accessType": "read",
    "blockSize": 512,
    "granularity": "page",
    "nonTemporal": true,
    "nthreads": 1,
    "path": "/dev/dax0.0",
    "set-affinity": true,
    "source": "devdax",
    "stripeSize": 8589934592,
    "totalSize": 8589934592
  },
  "results": {
    "IOPS": 2853675.0321270227,
    "MIOPS": 2.853675032127023,
    "MiB_per_sec": 1393.3960117807728,
    "addr": 139512348934144,
    "byte_per_sec": 1461081616.4490356,
    "success": true,
    "time": 5879.161366
  }
}
