{
  "params": {
    "accessPattern": "random",
    "accessType": "read",
    "blockSize": 2048,
    "granularity": "page",
    "nonTemporal": false,
    "nthreads": 8,
    "path": "/dev/dax0.0",
    "set-affinity": true,
    "source": "devdax",
    "stripeSize": 68719476736,
    "totalSize": 68719476736
  },
  "results": {
    "IOPS": 7191873.802150423,
    "MIOPS": 7.191873802150423,
    "MiB_per_sec": 14046.628519825044,
    "addr": 139789374324736,
    "byte_per_sec": 14728957546.804066,
    "success": true,
    "time": 4665.603558
  }
}
