{
  "params": {
    "accessPattern": "random",
    "accessType": "read",
    "blockSize": 8192,
    "granularity": "page",
    "nonTemporal": false,
    "nthreads": 8,
    "path": "/dev/dax0.0",
    "set-affinity": true,
    "source": "devdax",
    "stripeSize": 68719476736,
    "totalSize": 68719476736
  },
  "results": {
    "IOPS": 2428652.0624049148,
    "MIOPS": 2.4286520624049146,
    "MiB_per_sec": 18973.844237538397,
    "addr": 139462956810240,
    "byte_per_sec": 19895517695.22106,
    "success": true,
    "time": 3454.018025
  }
}
