{
  "params": {
    "accessPattern": "random",
    "accessType": "read",
    "blockSize": 64,
    "granularity": "page",
    "nonTemporal": false,
    "nthreads": 16,
    "path": "/dev/dax0.0",
    "set-affinity": true,
    "source": "devdax",
    "stripeSize": 137438953472,
    "totalSize": 137438953472
  },
  "results": {
    "IOPS": 81074763.54598008,
    "MIOPS": 81.07476354598008,
    "MiB_per_sec": 4948.410860960698,
    "addr": 139666967756800,
    "byte_per_sec": 5188784866.942725,
    "success": true,
    "time": 26487.695481
  }
}
