{
  "params": {
    "accessPattern": "random",
    "accessType": "read",
    "blockSize": 64,
    "granularity": "page",
    "nonTemporal": false,
    "nthreads": 8,
    "path": "/dev/dax0.0",
    "set-affinity": true,
    "source": "devdax",
    "stripeSize": 68719476736,
    "totalSize": 68719476736
  },
  "results": {
    "IOPS": 42097218.512301855,
    "MIOPS": 42.09721851230186,
    "MiB_per_sec": 2569.4103095887363,
    "addr": 139509127708672,
    "byte_per_sec": 2694221984.7873187,
    "success": true,
    "time": 25506.241551
  }
}
