{
  "params": {
    "accessPattern": "random",
    "accessType": "read",
    "blockSize": 32768,
    "granularity": "page",
    "nonTemporal": false,
    "nthreads": 4,
    "path": "/dev/dax0.0",
    "set-affinity": true,
    "source": "devdax",
    "stripeSize": 34359738368,
    "totalSize": 34359738368
  },
  "results": {
    "IOPS": 427500.0217383396,
    "MIOPS": 0.4275000217383396,
    "MiB_per_sec": 13359.375679323113,
    "addr": 139959025532928,
    "byte_per_sec": 14008320712.321913,
    "success": true,
    "time": 2452.809232
  }
}
