{
  "params": {
    "accessPattern": "random",
    "accessType": "read",
    "blockSize": 128,
    "granularity": "page",
    "nonTemporal": true,
    "nthreads": 4,
    "path": "/dev/dax0.0",
    "set-affinity": true,
    "source": "devdax",
    "stripeSize": 34359738368,
    "totalSize": 34359738368
  },
  "results": {
    "IOPS": 20151128.398849916,
    "MIOPS": 20.151128398849917,
    "MiB_per_sec": 2459.854540875234,
    "addr": 139835545223168,
    "byte_per_sec": 2579344435.052789,
    "success": true,
    "time": 13321.112877
  }
}
