{
  "params": {
    "accessPattern": "random",
    "accessType": "read",
    "blockSize": 262144,
    "granularity": "page",
    "nonTemporal": true,
    "nthreads": 4,
    "path": "/dev/dax0.0",
    "set-affinity": true,
    "source": "devdax",
    "stripeSize": 34359738368,
    "totalSize": 34359738368
  },
  "results": {
    "IOPS": 65539.36875632376,
    "MIOPS": 0.06553936875632377,
    "MiB_per_sec": 16384.84218908094,
    "addr": 139752867102720,
    "byte_per_sec": 17180752283.257736,
    "success": true,
    "time": 1999.897199
  }
}
