{
  "params": {
    "accessPattern": "random",
    "accessType": "read",
    "blockSize": 16384,
    "granularity": "page",
    "nonTemporal": true,
    "nthreads": 1,
    "path": "/dev/dax0.0",
    "set-affinity": true,
    "source": "devdax",
    "stripeSize": 8589934592,
    "totalSize": 8589934592
  },
  "results": {
    "IOPS": 226375.9530081746,
    "MIOPS": 0.22637595300817462,
    "MiB_per_sec": 3537.124265752728,
    "addr": 140115791839232,
    "byte_per_sec": 3708943614.0859327,
    "success": true,
    "time": 2316.005711
  }
}
