{
  "params": {
    "accessPattern": "random",
    "accessType": "read",
    "blockSize": 1024,
    "granularity": "page",
    "nonTemporal": false,
    "nthreads": 2,
    "path": "/dev/dax0.0",
    "set-affinity": true,
    "source": "devdax",
    "stripeSize": 17179869184,
    "totalSize": 17179869184
  },
  "results": {
    "IOPS": 3192111.5437857923,
    "MIOPS": 3.192111543785792,
    "MiB_per_sec": 3117.296429478313,
    "addr": 139454366875648,
    "byte_per_sec": 3268722220.8366513,
    "success": true,
    "time": 5255.836386
  }
}
