{
  "params": {
    "accessPattern": "random",
    "accessType": "read",
    "blockSize": 4096,
    "granularity": "page",
    "nonTemporal": false,
    "nthreads": 16,
    "path": "/dev/dax0.0",
    "set-affinity": true,
    "source": "devdax",
    "stripeSize": 137438953472,
    "totalSize": 137438953472
  },
  "results": {
    "IOPS": 6592200.199517756,
    "MIOPS": 6.592200199517756,
    "MiB_per_sec": 25750.782029366233,
    "addr": 139302969278464,
    "byte_per_sec": 27001652017.224728,
    "success": true,
    "time": 5090.020173
  }
}
