{
  "params": {
    "accessPattern": "random",
    "accessType": "read",
    "blockSize": 262144,
    "granularity": "page",
    "nonTemporal": false,
    "nthreads": 16,
    "path": "/dev/dax0.0",
    "set-affinity": true,
    "source": "devdax",
    "stripeSize": 137438953472,
    "totalSize": 137438953472
  },
  "results": {
    "IOPS": 134022.0547364857,
    "MIOPS": 0.1340220547364857,
    "MiB_per_sec": 33505.513684121426,
    "addr": 139466178035712,
    "byte_per_sec": 35133077516.84131,
    "success": true,
    "time": 3911.953156
  }
}
