{
  "params": {
    "accessPattern": "random",
    "accessType": "read",
    "blockSize": 262144,
    "granularity": "page",
    "nonTemporal": false,
    "nthreads": 2,
    "path": "/dev/dax0.0",
    "set-affinity": true,
    "source": "devdax",
    "stripeSize": 17179869184,
    "totalSize": 17179869184
  },
  "results": {
    "IOPS": 29543.390282324857,
    "MIOPS": 0.029543390282324857,
    "MiB_per_sec": 7385.847570581214,
    "addr": 139198816321536,
    "byte_per_sec": 7744622502.169767,
    "success": true,
    "time": 2218.2965249999997
  }
}
