{
  "params": {
    "accessPattern": "random",
    "accessType": "read",
    "blockSize": 64,
    "granularity": "page",
    "nonTemporal": false,
    "nthreads": 16,
    "path": "/dev/dax0.0",
    "set-affinity": true,
    "source": "devdax",
    "stripeSize": 137438953472,
    "totalSize": 137438953472
  },
  "results": {
    "IOPS": 81186290.35981461,
    "MIOPS": 81.18629035981462,
    "MiB_per_sec": 4955.217917469154,
    "addr": 139427523330048,
    "byte_per_sec": 5195922583.028135,
    "success": true,
    "time": 26451.30894
  }
}
