{
  "params": {
    "accessPattern": "random",
    "accessType": "read",
    "blockSize": 16384,
    "granularity": "page",
    "nonTemporal": false,
    "nthreads": 1,
    "path": "/dev/dax0.0",
    "set-affinity": true,
    "source": "devdax",
    "stripeSize": 8589934592,
    "totalSize": 8589934592
  },
  "results": {
    "IOPS": 210218.0997147131,
    "MIOPS": 0.2102180997147131,
    "MiB_per_sec": 3284.6578080423924,
    "addr": 139720654848000,
    "byte_per_sec": 3444213345.7258596,
    "success": true,
    "time": 2494.01931
  }
}
