{
  "params": {
    "accessPattern": "random",
    "accessType": "read",
    "blockSize": 512,
    "granularity": "page",
    "nonTemporal": true,
    "nthreads": 4,
    "path": "/dev/dax0.0",
    "set-affinity": true,
    "source": "devdax",
    "stripeSize": 34359738368,
    "totalSize": 34359738368
  },
  "results": {
    "IOPS": 9816314.918662531,
    "MIOPS": 9.816314918662531,
    "MiB_per_sec": 4793.122518878189,
    "addr": 139998753980416,
    "byte_per_sec": 5025953238.355216,
    "success": true,
    "time": 6836.4620079999995
  }
}
