{
  "params": {
    "accessPattern": "random",
    "accessType": "read",
    "blockSize": 4096,
    "granularity": "page",
    "nonTemporal": false,
    "nthreads": 16,
    "path": "/dev/dax0.0",
    "set-affinity": true,
    "source": "devdax",
    "stripeSize": 137438953472,
    "totalSize": 137438953472
  },
  "results": {
    "IOPS": 6566748.672691143,
    "MIOPS": 6.566748672691143,
    "MiB_per_sec": 25651.362002699778,
    "addr": 139150497939456,
    "byte_per_sec": 26897402563.342922,
    "success": true,
    "time": 5109.748168
  }
}
