{
  "params": {
    "accessPattern": "random",
    "accessType": "read",
    "blockSize": 256,
    "granularity": "page",
    "nonTemporal": true,
    "nthreads": 4,
    "path": "/dev/dax0.0",
    "set-affinity": true,
    "source": "devdax",
    "stripeSize": 34359738368,
    "totalSize": 34359738368
  },
  "results": {
    "IOPS": 17847721.036094844,
    "MIOPS": 17.847721036094843,
    "MiB_per_sec": 4357.353768577843,
    "addr": 140120086806528,
    "byte_per_sec": 4569016585.24028,
    "success": true,
    "time": 7520.16057
  }
}
