{
  "params": {
    "accessPattern": "random",
    "accessType": "read",
    "blockSize": 4096,
    "granularity": "page",
    "nonTemporal": true,
    "nthreads": 1,
    "path": "/dev/dax0.0",
    "set-affinity": true,
    "source": "devdax",
    "stripeSize": 8589934592,
    "totalSize": 8589934592
  },
  "results": {
    "IOPS": 634709.8779552144,
    "MIOPS": 0.6347098779552144,
    "MiB_per_sec": 2479.335460762556,
    "addr": 140028818751488,
    "byte_per_sec": 2599771660.104558,
    "success": true,
    "time": 3304.111174
  }
}
