{
  "params": {
    "accessPattern": "random",
    "accessType": "read",
    "blockSize": 32768,
    "granularity": "page",
    "nonTemporal": false,
    "nthreads": 2,
    "path": "/dev/dax0.0",
    "set-affinity": true,
    "source": "devdax",
    "stripeSize": 17179869184,
    "totalSize": 17179869184
  },
  "results": {
    "IOPS": 220122.92231654504,
    "MIOPS": 0.22012292231654504,
    "MiB_per_sec": 6878.841322392032,
    "addr": 139903190958080,
    "byte_per_sec": 7212987918.468548,
    "success": true,
    "time": 2381.796473
  }
}
