{
  "params": {
    "accessPattern": "random",
    "accessType": "read",
    "blockSize": 262144,
    "granularity": "page",
    "nonTemporal": false,
    "nthreads": 8,
    "path": "/dev/dax0.0",
    "set-affinity": true,
    "source": "devdax",
    "stripeSize": 68719476736,
    "totalSize": 68719476736
  },
  "results": {
    "IOPS": 98540.2189253065,
    "MIOPS": 0.0985402189253065,
    "MiB_per_sec": 24635.054731326625,
    "addr": 139116138201088,
    "byte_per_sec": 25831727149.955547,
    "success": true,
    "time": 2660.274179
  }
}
