{
  "params": {
    "accessPattern": "random",
    "accessType": "read",
    "blockSize": 128,
    "granularity": "page",
    "nonTemporal": true,
    "nthreads": 8,
    "path": "/dev/dax0.0",
    "set-affinity": true,
    "source": "devdax",
    "stripeSize": 68719476736,
    "totalSize": 68719476736
  },
  "results": {
    "IOPS": 37201593.241881095,
    "MIOPS": 37.20159324188109,
    "MiB_per_sec": 4541.210112534313,
    "addr": 140125455515648,
    "byte_per_sec": 4761803934.96078,
    "success": true,
    "time": 14431.39568
  }
}
