{
  "params": {
    "accessPattern": "random",
    "accessType": "read",
    "blockSize": 4096,
    "granularity": "page",
    "nonTemporal": false,
    "nthreads": 1,
    "path": "/dev/dax0.0",
    "set-affinity": true,
    "source": "devdax",
    "stripeSize": 8589934592,
    "totalSize": 8589934592
  },
  "results": {
    "IOPS": 665416.7014984313,
    "MIOPS": 0.6654167014984312,
    "MiB_per_sec": 2599.283990228247,
    "addr": 139104327041024,
    "byte_per_sec": 2725546809.3375745,
    "success": true,
    "time": 3151.637155
  }
}
