{
  "params": {
    "accessPattern": "random",
    "accessType": "read",
    "blockSize": 262144,
    "granularity": "page",
    "nonTemporal": false,
    "nthreads": 1,
    "path": "/dev/dax0.0",
    "set-affinity": true,
    "source": "devdax",
    "stripeSize": 8589934592,
    "totalSize": 8589934592
  },
  "results": {
    "IOPS": 15460.801775079715,
    "MIOPS": 0.015460801775079715,
    "MiB_per_sec": 3865.200443769929,
    "addr": 139309411729408,
    "byte_per_sec": 4052956420.526497,
    "success": true,
    "time": 2119.424366
  }
}
