{
  "params": {
    "accessPattern": "random",
    "accessType": "read",
    "blockSize": 8192,
    "granularity": "page",
    "nonTemporal": false,
    "nthreads": 4,
    "path": "/dev/dax0.0",
    "set-affinity": true,
    "source": "devdax",
    "stripeSize": 34359738368,
    "totalSize": 34359738368
  },
  "results": {
    "IOPS": 1428445.0871438044,
    "MIOPS": 1.4284450871438044,
    "MiB_per_sec": 11159.727243310972,
    "addr": 139385647398912,
    "byte_per_sec": 11701822153.882046,
    "success": true,
    "time": 2936.272481
  }
}
