{
  "params": {
    "accessPattern": "random",
    "accessType": "read",
    "blockSize": 256,
    "granularity": "page",
    "nonTemporal": true,
    "nthreads": 8,
    "path": "/dev/dax0.0",
    "set-affinity": true,
    "source": "devdax",
    "stripeSize": 68719476736,
    "totalSize": 68719476736
  },
  "results": {
    "IOPS": 33852434.66072019,
    "MIOPS": 33.85243466072019,
    "MiB_per_sec": 8264.75455583989,
    "addr": 139706696204288,
    "byte_per_sec": 8666223273.14437,
    "success": true,
    "time": 7929.576076
  }
}
