{
  "params": {
    "accessPattern": "random",
    "accessType": "read",
    "blockSize": 262144,
    "granularity": "page",
    "nonTemporal": true,
    "nthreads": 16,
    "path": "/dev/dax0.0",
    "set-affinity": true,
    "source": "devdax",
    "stripeSize": 137438953472,
    "totalSize": 137438953472
  },
  "results": {
    "IOPS": 140508.76871003504,
    "MIOPS": 0.14050876871003504,
    "MiB_per_sec": 35127.19217750876,
    "addr": 139661599047680,
    "byte_per_sec": 36833530664.72343,
    "success": true,
    "time": 3731.354312
  }
}
