{
  "params": {
    "accessPattern": "random",
    "accessType": "read",
    "blockSize": 131072,
    "granularity": "page",
    "nonTemporal": true,
    "nthreads": 16,
    "path": "/dev/dax0.0",
    "set-affinity": true,
    "source": "devdax",
    "stripeSize": 137438953472,
    "totalSize": 137438953472
  },
  "results": {
    "IOPS": 264873.23380317877,
    "MIOPS": 0.2648732338031788,
    "MiB_per_sec": 33109.154225397346,
    "addr": 140071768424448,
    "byte_per_sec": 34717464501.05025,
    "success": true,
    "time": 3958.784302
  }
}
