{
  "params": {
    "accessPattern": "random",
    "accessType": "read",
    "blockSize": 32768,
    "granularity": "page",
    "nonTemporal": true,
    "nthreads": 1,
    "path": "/dev/dax0.0",
    "set-affinity": true,
    "source": "devdax",
    "stripeSize": 8589934592,
    "totalSize": 8589934592
  },
  "results": {
    "IOPS": 117199.36218732236,
    "MIOPS": 0.11719936218732235,
    "MiB_per_sec": 3662.4800683538238,
    "addr": 139665894014976,
    "byte_per_sec": 3840388700.154179,
    "success": true,
    "time": 2236.7357220000004
  }
}
