{
  "params": {
    "accessPattern": "random",
    "accessType": "read",
    "blockSize": 1024,
    "granularity": "page",
    "nonTemporal": false,
    "nthreads": 16,
    "path": "/dev/dax0.0",
    "set-affinity": true,
    "source": "devdax",
    "stripeSize": 137438953472,
    "totalSize": 137438953472
  },
  "results": {
    "IOPS": 19373071.899530448,
    "MIOPS": 19.373071899530448,
    "MiB_per_sec": 18919.015526885203,
    "addr": 139424302104576,
    "byte_per_sec": 19838025625.11918,
    "success": true,
    "time": 6928.0560510000005
  }
}
