{
  "params": {
    "accessPattern": "random",
    "accessType": "read",
    "blockSize": 1024,
    "granularity": "page",
    "nonTemporal": true,
    "nthreads": 2,
    "path": "/dev/dax0.0",
    "set-affinity": true,
    "source": "devdax",
    "stripeSize": 17179869184,
    "totalSize": 17179869184
  },
  "results": {
    "IOPS": 3597690.8603964015,
    "MIOPS": 3.5976908603964013,
    "MiB_per_sec": 3513.369980855861,
    "addr": 139136539295744,
    "byte_per_sec": 3684035441.045915,
    "success": true,
    "time": 4663.328966
  }
}
