{
  "params": {
    "accessPattern": "random",
    "accessType": "read",
    "blockSize": 131072,
    "granularity": "page",
    "nonTemporal": false,
    "nthreads": 8,
    "path": "/dev/dax0.0",
    "set-affinity": true,
    "source": "devdax",
    "stripeSize": 68719476736,
    "totalSize": 68719476736
  },
  "results": {
    "IOPS": 200735.49852993854,
    "MIOPS": 0.20073549852993855,
    "MiB_per_sec": 25091.937316242318,
    "addr": 139872052445184,
    "byte_per_sec": 26310803263.316105,
    "success": true,
    "time": 2611.8349959999996
  }
}
