{
  "params": {
    "accessPattern": "random",
    "accessType": "read",
    "blockSize": 2048,
    "granularity": "page",
    "nonTemporal": false,
    "nthreads": 1,
    "path": "/dev/dax0.0",
    "set-affinity": true,
    "source": "devdax",
    "stripeSize": 8589934592,
    "totalSize": 8589934592
  },
  "results": {
    "IOPS": 1116307.2235622483,
    "MIOPS": 1.1163072235622482,
    "MiB_per_sec": 2180.287546020016,
    "addr": 139766825746432,
    "byte_per_sec": 2286197193.8554845,
    "success": true,
    "time": 3757.30257
  }
}
