{
  "params": {
    "accessPattern": "random",
    "accessType": "read",
    "blockSize": 16384,
    "granularity": "page",
    "nonTemporal": false,
    "nthreads": 8,
    "path": "/dev/dax0.0",
    "set-affinity": true,
    "source": "devdax",
    "stripeSize": 68719476736,
    "totalSize": 68719476736
  },
  "results": {
    "IOPS": 1353033.2725374447,
    "MIOPS": 1.3530332725374448,
    "MiB_per_sec": 21141.144883397574,
    "addr": 140161962737664,
    "byte_per_sec": 22168097137.253494,
    "success": true,
    "time": 3099.926724
  }
}
