{
  "params": {
    "accessPattern": "random",
    "accessType": "read",
    "blockSize": 32768,
    "granularity": "page",
    "nonTemporal": true,
    "nthreads": 2,
    "path": "/dev/dax0.0",
    "set-affinity": true,
    "source": "devdax",
    "stripeSize": 17179869184,
    "totalSize": 17179869184
  },
  "results": {
    "IOPS": 234370.54367128864,
    "MIOPS": 0.23437054367128865,
    "MiB_per_sec": 7324.07948972777,
    "addr": 139954730565632,
    "byte_per_sec": 7679853975.020786,
    "success": true,
    "time": 2237.0046669999997
  }
}
