{
  "params": {
    "accessPattern": "random",
    "accessType": "read",
    "blockSize": 1048576,
    "granularity": "page",
    "nonTemporal": true,
    "nthreads": 2,
    "path": "/dev/dax0.0",
    "set-affinity": true,
    "source": "devdax",
    "stripeSize": 17179869184,
    "totalSize": 17179869184
  },
  "results": {
    "IOPS": 8885.747296101239,
    "MIOPS": 0.008885747296101238,
    "MiB_per_sec": 8885.747296101239,
    "addr": 139636902985728,
    "byte_per_sec": 9317381356.756653,
    "success": true,
    "time": 1843.851671
  }
}
