{
  "params": {
    "accessPattern": "random",
    "accessType": "read",
    "blockSize": 256,
    "granularity": "page",
    "nonTemporal": false,
    "nthreads": 16,
    "path": "/dev/dax0.0",
    "set-affinity": true,
    "source": "devdax",
    "stripeSize": 137438953472,
    "totalSize": 137438953472
  },
  "results": {
    "IOPS": 53203208.0124858,
    "MIOPS": 53.2032080124858,
    "MiB_per_sec": 12989.064456173292,
    "addr": 139144055488512,
    "byte_per_sec": 13620021251.196365,
    "success": true,
    "time": 10090.950002
  }
}
