{
  "params": {
    "accessPattern": "random",
    "accessType": "read",
    "blockSize": 512,
    "granularity": "page",
    "nonTemporal": false,
    "nthreads": 8,
    "path": "/dev/dax0.0",
    "set-affinity": true,
    "source": "devdax",
    "stripeSize": 68719476736,
    "totalSize": 68719476736
  },
  "results": {
    "IOPS": 18085179.919108495,
    "MIOPS": 18.085179919108494,
    "MiB_per_sec": 8830.654257377195,
    "addr": 139395311075328,
    "byte_per_sec": 9259612118.58355,
    "success": true,
    "time": 7421.420666
  }
}
