{
  "params": {
    "accessPattern": "sequential",
    "accessType": "read",
    "blockSize": 8192,
    "granularity": "page",
    "nonTemporal": true,
    "nthreads": 4,
    "path": "/dev/dax0.0",
    "set-affinity": true,
    "source": "devdax",
    "stripeSize": 34359738368,
    "totalSize": 34359738368
  },
  "results": {
    "IOPS": 1804821.7118708014,
    "MIOPS": 1.8048217118708014,
    "MiB_per_sec": 14100.169623990636,
    "addr": 140155520286720,
    "byte_per_sec": 14785099463.645605,
    "success": true,
    "time": 2323.943674
  }
}
