{
  "params": {
    "accessPattern": "sequential",
    "accessType": "read",
    "blockSize": 131072,
    "granularity": "page",
    "nonTemporal": false,
    "nthreads": 2,
    "path": "/dev/dax0.0",
    "set-affinity": true,
    "source": "devdax",
    "stripeSize": 17179869184,
    "totalSize": 17179869184
  },
  "results": {
    "IOPS": 60098.25361106025,
    "MIOPS": 0.060098253611060255,
    "MiB_per_sec": 7512.2817013825315,
    "addr": 139585363378176,
    "byte_per_sec": 7877198297.308889,
    "success": true,
    "time": 2180.961877
  }
}
