{
  "params": {
    "accessPattern": "sequential",
    "accessType": "read",
    "blockSize": 16384,
    "granularity": "page",
    "nonTemporal": false,
    "nthreads": 8,
    "path": "/dev/dax0.0",
    "set-affinity": true,
    "source": "devdax",
    "stripeSize": 68719476736,
    "totalSize": 68719476736
  },
  "results": {
    "IOPS": 1592116.9482397183,
    "MIOPS": 1.5921169482397184,
    "MiB_per_sec": 24876.8273162456,
    "addr": 139787226841088,
    "byte_per_sec": 26085244079.959545,
    "success": true,
    "time": 2634.419541
  }
}
