{
  "params": {
    "accessPattern": "sequential",
    "accessType": "read",
    "blockSize": 262144,
    "granularity": "page",
    "nonTemporal": true,
    "nthreads": 1,
    "path": "/dev/dax0.0",
    "set-affinity": true,
    "source": "devdax",
    "stripeSize": 8589934592,
    "totalSize": 8589934592
  },
  "results": {
    "IOPS": 17191.376430150845,
    "MIOPS": 0.017191376430150847,
    "MiB_per_sec": 4297.844107537711,
    "addr": 139745350909952,
    "byte_per_sec": 4506616182.905463,
    "success": true,
    "time": 1906.071927
  }
}
