{
  "params": {
    "accessPattern": "sequential",
    "accessType": "read",
    "blockSize": 131072,
    "granularity": "page",
    "nonTemporal": true,
    "nthreads": 1,
    "path": "/dev/dax0.0",
    "set-affinity": true,
    "source": "devdax",
    "stripeSize": 8589934592,
    "totalSize": 8589934592
  },
  "results": {
    "IOPS": 34310.76854213752,
    "MIOPS": 0.03431076854213752,
    "MiB_per_sec": 4288.84606776719,
    "addr": 140088948293632,
    "byte_per_sec": 4497181054.355049,
    "success": true,
    "time": 1910.070884
  }
}
