{
  "params": {
    "accessPattern": "sequential",
    "accessType": "read",
    "blockSize": 2048,
    "granularity": "page",
    "nonTemporal": true,
    "nthreads": 8,
    "path": "/dev/dax0.0",
    "set-affinity": true,
    "source": "devdax",
    "stripeSize": 68719476736,
    "totalSize": 68719476736
  },
  "results": {
    "IOPS": 6547795.421561373,
    "MIOPS": 6.547795421561373,
    "MiB_per_sec": 12788.662932737057,
    "addr": 139889232314368,
    "byte_per_sec": 13409885023.357693,
    "success": true,
    "time": 5124.538847
  }
}
