{
  "params": {
    "accessPattern": "sequential",
    "accessType": "read",
    "blockSize": 16384,
    "granularity": "page",
    "nonTemporal": false,
    "nthreads": 4,
    "path": "/dev/dax0.0",
    "set-affinity": true,
    "source": "devdax",
    "stripeSize": 34359738368,
    "totalSize": 34359738368
  },
  "results": {
    "IOPS": 874532.1842132203,
    "MIOPS": 0.8745321842132202,
    "MiB_per_sec": 13664.565378331567,
    "addr": 139305116762112,
    "byte_per_sec": 14328335306.1494,
    "success": true,
    "time": 2398.02724
  }
}
