{
  "params": {
    "accessPattern": "sequential",
    "accessType": "read",
    "blockSize": 524288,
    "granularity": "page",
    "nonTemporal": false,
    "nthreads": 1,
    "path": "/dev/dax0.0",
    "set-affinity": true,
    "source": "devdax",
    "stripeSize": 8589934592,
    "totalSize": 8589934592
  },
  "results": {
    "IOPS": 7589.501598268482,
    "MIOPS": 0.007589501598268482,
    "MiB_per_sec": 3794.750799134241,
    "addr": 139559593574400,
    "byte_per_sec": 3979084613.952986,
    "success": true,
    "time": 2158.771533
  }
}
