{
  "params": {
    "accessPattern": "sequential",
    "accessType": "read",
    "blockSize": 131072,
    "granularity": "page",
    "nonTemporal": false,
    "nthreads": 1,
    "path": "/dev/dax0.0",
    "set-affinity": true,
    "source": "devdax",
    "stripeSize": 8589934592,
    "totalSize": 8589934592
  },
  "results": {
    "IOPS": 30368.201425889096,
    "MIOPS": 0.030368201425889096,
    "MiB_per_sec": 3796.025178236137,
    "addr": 140155520286720,
    "byte_per_sec": 3980420897.2941356,
    "success": true,
    "time": 2158.046803
  }
}
