{
  "params": {
    "accessPattern": "sequential",
    "accessType": "read",
    "blockSize": 1024,
    "granularity": "page",
    "nonTemporal": false,
    "nthreads": 16,
    "path": "/dev/dax0.0",
    "set-affinity": true,
    "source": "devdax",
    "stripeSize": 137438953472,
    "totalSize": 137438953472
  },
  "results": {
    "IOPS": 34803218.417666726,
    "MIOPS": 34.80321841766673,
    "MiB_per_sec": 33987.51798600266,
    "addr": 139508053966848,
    "byte_per_sec": 35638495659.69073,
    "success": true,
    "time": 3856.474605
  }
}
