{
  "params": {
    "accessPattern": "sequential",
    "accessType": "read",
    "blockSize": 4096,
    "granularity": "page",
    "nonTemporal": false,
    "nthreads": 16,
    "path": "/dev/dax0.0",
    "set-affinity": true,
    "source": "devdax",
    "stripeSize": 137438953472,
    "totalSize": 137438953472
  },
  "results": {
    "IOPS": 3994605.8348737396,
    "MIOPS": 3.9946058348737394,
    "MiB_per_sec": 15603.929042475545,
    "addr": 140001975205888,
    "byte_per_sec": 16361905499.642838,
    "success": true,
    "time": 8399.935660000001
  }
}
