{
  "params": {
    "accessPattern": "sequential",
    "accessType": "read",
    "blockSize": 32768,
    "granularity": "page",
    "nonTemporal": false,
    "nthreads": 1,
    "path": "/dev/dax0.0",
    "set-affinity": true,
    "source": "devdax",
    "stripeSize": 8589934592,
    "totalSize": 8589934592
  },
  "results": {
    "IOPS": 113886.27442380831,
    "MIOPS": 0.11388627442380832,
    "MiB_per_sec": 3558.9460757440097,
    "addr": 139677705175040,
    "byte_per_sec": 3731825440.3193507,
    "success": true,
    "time": 2301.805036
  }
}
