{
  "params": {
    "accessPattern": "sequential",
    "accessType": "read",
    "blockSize": 1048576,
    "granularity": "page",
    "nonTemporal": false,
    "nthreads": 8,
    "path": "/dev/dax0.0",
    "set-affinity": true,
    "source": "devdax",
    "stripeSize": 68719476736,
    "totalSize": 68719476736
  },
  "results": {
    "IOPS": 24078.421331401478,
    "MIOPS": 0.02407842133140148,
    "MiB_per_sec": 24078.421331401478,
    "addr": 139181636452352,
    "byte_per_sec": 25248054725.995636,
    "success": true,
    "time": 2721.773122
  }
}
