{
  "params": {
    "accessPattern": "sequential",
    "accessType": "read",
    "blockSize": 524288,
    "granularity": "page",
    "nonTemporal": true,
    "nthreads": 2,
    "path": "/dev/dax0.0",
    "set-affinity": true,
    "source": "devdax",
    "stripeSize": 17179869184,
    "totalSize": 17179869184
  },
  "results": {
    "IOPS": 17807.389131775657,
    "MIOPS": 0.017807389131775656,
    "MiB_per_sec": 8903.694565887829,
    "addr": 139789374324736,
    "byte_per_sec": 9336200433.120396,
    "success": true,
    "time": 1840.135
  }
}
