{
  "params": {
    "accessPattern": "sequential",
    "accessType": "read",
    "blockSize": 16384,
    "granularity": "page",
    "nonTemporal": false,
    "nthreads": 16,
    "path": "/dev/dax0.0",
    "set-affinity": true,
    "source": "devdax",
    "stripeSize": 137438953472,
    "totalSize": 137438953472
  },
  "results": {
    "IOPS": 2025263.3831018526,
    "MIOPS": 2.0252633831018527,
    "MiB_per_sec": 31644.740360966447,
    "addr": 139456514359296,
    "byte_per_sec": 33181915268.740753,
    "success": true,
    "time": 4141.983738999999
  }
}
