{
  "params": {
    "accessPattern": "sequential",
    "accessType": "read",
    "blockSize": 256,
    "granularity": "page",
    "nonTemporal": true,
    "nthreads": 1,
    "path": "/dev/dax0.0",
    "set-affinity": true,
    "source": "devdax",
    "stripeSize": 8589934592,
    "totalSize": 8589934592
  },
  "results": {
    "IOPS": 6068508.436205159,
    "MIOPS": 6.068508436205159,
    "MiB_per_sec": 1481.5694424329001,
    "addr": 139747498393600,
    "byte_per_sec": 1553538159.6685207,
    "success": true,
    "time": 5529.271707000001
  }
}
