{
  "params": {
    "accessPattern": "sequential",
    "accessType": "read",
    "blockSize": 512,
    "granularity": "page",
    "nonTemporal": false,
    "nthreads": 16,
    "path": "/dev/dax0.0",
    "set-affinity": true,
    "source": "devdax",
    "stripeSize": 137438953472,
    "totalSize": 137438953472
  },
  "results": {
    "IOPS": 54582933.38679564,
    "MIOPS": 54.58293338679564,
    "MiB_per_sec": 26651.82294277131,
    "addr": 140101833195520,
    "byte_per_sec": 27946461894.039368,
    "success": true,
    "time": 4917.937519
  }
}
