{
  "params": {
    "accessPattern": "sequential",
    "accessType": "read",
    "blockSize": 512,
    "granularity": "page",
    "nonTemporal": true,
    "nthreads": 2,
    "path": "/dev/dax0.0",
    "set-affinity": true,
    "source": "devdax",
    "stripeSize": 17179869184,
    "totalSize": 17179869184
  },
  "results": {
    "IOPS": 10935846.483347233,
    "MIOPS": 10.935846483347234,
    "MiB_per_sec": 5339.768790696891,
    "addr": 139869904961536,
    "byte_per_sec": 5599153399.4737835,
    "success": true,
    "time": 3068.2976439999998
  }
}
