{
  "params": {
    "accessPattern": "sequential",
    "accessType": "read",
    "blockSize": 64,
    "granularity": "page",
    "nonTemporal": false,
    "nthreads": 2,
    "path": "/dev/dax0.0",
    "set-affinity": true,
    "source": "devdax",
    "stripeSize": 17179869184,
    "totalSize": 17179869184
  },
  "results": {
    "IOPS": 13802579.68931363,
    "MIOPS": 13.80257968931363,
    "MiB_per_sec": 842.4426079903338,
    "addr": 139281494441984,
    "byte_per_sec": 883365100.1160723,
    "success": true,
    "time": 19448.209106
  }
}
