{
  "params": {
    "accessPattern": "sequential",
    "accessType": "read",
    "blockSize": 262144,
    "granularity": "page",
    "nonTemporal": true,
    "nthreads": 16,
    "path": "/dev/dax0.0",
    "set-affinity": true,
    "source": "devdax",
    "stripeSize": 137438953472,
    "totalSize": 137438953472
  },
  "results": {
    "IOPS": 141218.91637210827,
    "MIOPS": 0.14121891637210826,
    "MiB_per_sec": 35304.72909302707,
    "addr": 139273978249216,
    "byte_per_sec": 37019691613.44995,
    "success": true,
    "time": 3712.590448
  }
}
