{
  "params": {
    "accessPattern": "sequential",
    "accessType": "read",
    "blockSize": 8192,
    "granularity": "page",
    "nonTemporal": true,
    "nthreads": 2,
    "path": "/dev/dax0.0",
    "set-affinity": true,
    "source": "devdax",
    "stripeSize": 17179869184,
    "totalSize": 17179869184
  },
  "results": {
    "IOPS": 973099.9018824465,
    "MIOPS": 0.9730999018824464,
    "MiB_per_sec": 7602.342983456613,
    "addr": 139598248280064,
    "byte_per_sec": 7971634396.221002,
    "success": true,
    "time": 2155.125076
  }
}
