{
  "params": {
    "accessPattern": "sequential",
    "accessType": "read",
    "blockSize": 1024,
    "granularity": "page",
    "nonTemporal": false,
    "nthreads": 4,
    "path": "/dev/dax0.0",
    "set-affinity": true,
    "source": "devdax",
    "stripeSize": 34359738368,
    "totalSize": 34359738368
  },
  "results": {
    "IOPS": 11069030.54060263,
    "MIOPS": 11.06903054060263,
    "MiB_per_sec": 10809.600137307256,
    "addr": 139429670813696,
    "byte_per_sec": 11334687273.577093,
    "success": true,
    "time": 3031.379476
  }
}
