{
  "params": {
    "accessPattern": "sequential",
    "accessType": "read",
    "blockSize": 2048,
    "granularity": "page",
    "nonTemporal": false,
    "nthreads": 1,
    "path": "/dev/dax0.0",
    "set-affinity": true,
    "source": "devdax",
    "stripeSize": 8589934592,
    "totalSize": 8589934592
  },
  "results": {
    "IOPS": 1778604.7908294871,
    "MIOPS": 1.778604790829487,
    "MiB_per_sec": 3473.837482088842,
    "addr": 139158014132224,
    "byte_per_sec": 3642582611.6187897,
    "success": true,
    "time": 2358.198978
  }
}
