{
  "params": {
    "accessPattern": "sequential",
    "accessType": "read",
    "blockSize": 32768,
    "granularity": "page",
    "nonTemporal": true,
    "nthreads": 8,
    "path": "/dev/dax0.0",
    "set-affinity": true,
    "source": "devdax",
    "stripeSize": 68719476736,
    "totalSize": 68719476736
  },
  "results": {
    "IOPS": 720396.0345486942,
    "MIOPS": 0.7203960345486942,
    "MiB_per_sec": 22512.376079646692,
    "addr": 139812996644864,
    "byte_per_sec": 23605937260.09161,
    "success": true,
    "time": 2911.109861
  }
}
