{
  "params": {
    "accessPattern": "sequential",
    "accessType": "read",
    "blockSize": 65536,
    "granularity": "page",
    "nonTemporal": false,
    "nthreads": 8,
    "path": "/dev/dax0.0",
    "set-affinity": true,
    "source": "devdax",
    "stripeSize": 68719476736,
    "totalSize": 68719476736
  },
  "results": {
    "IOPS": 397459.30193853943,
    "MIOPS": 0.39745930193853946,
    "MiB_per_sec": 24841.206371158714,
    "addr": 139359877595136,
    "byte_per_sec": 26047892811.84412,
    "success": true,
    "time": 2638.1971559999997
  }
}
