{
  "params": {
    "accessPattern": "sequential",
    "accessType": "read",
    "blockSize": 4096,
    "granularity": "page",
    "nonTemporal": true,
    "nthreads": 4,
    "path": "/dev/dax0.0",
    "set-affinity": true,
    "source": "devdax",
    "stripeSize": 34359738368,
    "totalSize": 34359738368
  },
  "results": {
    "IOPS": 2914838.0319875767,
    "MIOPS": 2.9148380319875766,
    "MiB_per_sec": 11386.086062451472,
    "addr": 139869904961536,
    "byte_per_sec": 11939176579.021114,
    "success": true,
    "time": 2877.8985000000002
  }
}
