{
  "params": {
    "accessPattern": "sequential",
    "accessType": "read",
    "blockSize": 4096,
    "granularity": "page",
    "nonTemporal": true,
    "nthreads": 2,
    "path": "/dev/dax0.0",
    "set-affinity": true,
    "source": "devdax",
    "stripeSize": 17179869184,
    "totalSize": 17179869184
  },
  "results": {
    "IOPS": 1808804.9104571051,
    "MIOPS": 1.8088049104571051,
    "MiB_per_sec": 7065.644181473067,
    "addr": 139976205402112,
    "byte_per_sec": 7408864913.232303,
    "success": true,
    "time": 2318.82608
  }
}
