{
  "params": {
    "accessPattern": "sequential",
    "accessType": "read",
    "blockSize": 64,
    "granularity": "page",
    "nonTemporal": false,
    "nthreads": 8,
    "path": "/dev/dax0.0",
    "set-affinity": true,
    "source": "devdax",
    "stripeSize": 68719476736,
    "totalSize": 68719476736
  },
  "results": {
    "IOPS": 52238013.966010384,
    "MIOPS": 52.238013966010385,
    "MiB_per_sec": 3188.355344605126,
    "addr": 139898895990784,
    "byte_per_sec": 3343232893.8246646,
    "success": true,
    "time": 20554.797981
  }
}
