{
  "params": {
    "accessPattern": "sequential",
    "accessType": "read",
    "blockSize": 4096,
    "granularity": "page",
    "nonTemporal": false,
    "nthreads": 16,
    "path": "/dev/dax0.0",
    "set-affinity": true,
    "source": "devdax",
    "stripeSize": 137438953472,
    "totalSize": 137438953472
  },
  "results": {
    "IOPS": 4021760.069616779,
    "MIOPS": 4.0217600696167795,
    "MiB_per_sec": 15710.000271940544,
    "addr": 140065325973504,
    "byte_per_sec": 16473129245.150328,
    "success": true,
    "time": 8343.220734
  }
}
