{
  "params": {
    "accessPattern": "sequential",
    "accessType": "read",
    "blockSize": 8192,
    "granularity": "page",
    "nonTemporal": false,
    "nthreads": 4,
    "path": "/dev/dax0.0",
    "set-affinity": true,
    "source": "devdax",
    "stripeSize": 34359738368,
    "totalSize": 34359738368
  },
  "results": {
    "IOPS": 1753722.476658499,
    "MIOPS": 1.7537224766584991,
    "MiB_per_sec": 13700.956848894524,
    "addr": 139967615467520,
    "byte_per_sec": 14366494528.786425,
    "success": true,
    "time": 2391.657777
  }
}
