{
  "params": {
    "accessPattern": "sequential",
    "accessType": "read",
    "blockSize": 512,
    "granularity": "page",
    "nonTemporal": false,
    "nthreads": 2,
    "path": "/dev/dax0.0",
    "set-affinity": true,
    "source": "devdax",
    "stripeSize": 17179869184,
    "totalSize": 17179869184
  },
  "results": {
    "IOPS": 7860701.496790563,
    "MIOPS": 7.860701496790563,
    "MiB_per_sec": 3838.233152729767,
    "addr": 139647640403968,
    "byte_per_sec": 4024679166.356768,
    "success": true,
    "time": 4268.630734
  }
}
