{
  "params": {
    "accessPattern": "sequential",
    "accessType": "read",
    "blockSize": 128,
    "granularity": "page",
    "nonTemporal": false,
    "nthreads": 1,
    "path": "/dev/dax0.0",
    "set-affinity": true,
    "source": "devdax",
    "stripeSize": 8589934592,
    "totalSize": 8589934592
  },
  "results": {
    "IOPS": 5766368.293420665,
    "MIOPS": 5.766368293420665,
    "MiB_per_sec": 703.9023795679523,
    "addr": 139261093347328,
    "byte_per_sec": 738095141.5578451,
    "success": true,
    "time": 11637.977421
  }
}
