{
  "params": {
    "accessPattern": "sequential",
    "accessType": "read",
    "blockSize": 131072,
    "granularity": "page",
    "nonTemporal": false,
    "nthreads": 2,
    "path": "/dev/dax0.0",
    "set-affinity": true,
    "source": "devdax",
    "stripeSize": 17179869184,
    "totalSize": 17179869184
  },
  "results": {
    "IOPS": 62690.01397905238,
    "MIOPS": 0.06269001397905238,
    "MiB_per_sec": 7836.251747381548,
    "addr": 139791521808384,
    "byte_per_sec": 8216905512.262354,
    "success": true,
    "time": 2090.795514
  }
}
