{
  "params": {
    "accessPattern": "sequential",
    "accessType": "read",
    "blockSize": 16384,
    "granularity": "page",
    "nonTemporal": true,
    "nthreads": 4,
    "path": "/dev/dax0.0",
    "set-affinity": true,
    "source": "devdax",
    "stripeSize": 34359738368,
    "totalSize": 34359738368
  },
  "results": {
    "IOPS": 928343.2401101943,
    "MIOPS": 0.9283432401101943,
    "MiB_per_sec": 14505.363126721786,
    "addr": 140037408686080,
    "byte_per_sec": 15209975645.965424,
    "success": true,
    "time": 2259.0265210000002
  }
}
