{
  "params": {
    "accessPattern": "sequential",
    "accessType": "read",
    "blockSize": 524288,
    "granularity": "page",
    "nonTemporal": true,
    "nthreads": 4,
    "path": "/dev/dax0.0",
    "set-affinity": true,
    "source": "devdax",
    "stripeSize": 34359738368,
    "totalSize": 34359738368
  },
  "results": {
    "IOPS": 32982.57777413103,
    "MIOPS": 0.03298257777413103,
    "MiB_per_sec": 16491.288887065515,
    "addr": 139819439095808,
    "byte_per_sec": 17292369736.04361,
    "success": true,
    "time": 1986.988417
  }
}
