{
  "params": {
    "accessPattern": "random",
    "accessType": "write",
    "blockSize": 4096,
    "granularity": "page",
    "nonTemporal": false,
    "nthreads": 1,
    "path": "/dev/dax0.0",
    "set-affinity": true,
    "source": "devdax",
    "stripeSize": 8589934592,
    "totalSize": 8589934592
  },
  "results": {
    "IOPS": 550081.2499907294,
    "MIOPS": 0.5500812499907294,
    "MiB_per_sec": 2148.7548827762866,
    "addr": 139772194455552,
    "byte_per_sec": 2253132799.9620275,
    "success": true,
    "time": 3812.440435
  }
}
