{
  "params": {
    "accessPattern": "random",
    "accessType": "write",
    "blockSize": 8192,
    "granularity": "page",
    "nonTemporal": false,
    "nthreads": 8,
    "path": "/dev/dax0.0",
    "set-affinity": true,
    "source": "devdax",
    "stripeSize": 68719476736,
    "totalSize": 68719476736
  },
  "results": {
    "IOPS": 1186971.2222803195,
    "MIOPS": 1.1869712222803195,
    "MiB_per_sec": 9273.212674064996,
    "addr": 139724949815296,
    "byte_per_sec": 9723668252.920378,
    "success": true,
    "time": 7067.2378929999995
  }
}
