{
  "params": {
    "accessPattern": "random",
    "accessType": "write",
    "blockSize": 256,
    "granularity": "page",
    "nonTemporal": false,
    "nthreads": 4,
    "path": "/dev/dax0.0",
    "set-affinity": true,
    "source": "devdax",
    "stripeSize": 34359738368,
    "totalSize": 34359738368
  },
  "results": {
    "IOPS": 6119535.530654324,
    "MIOPS": 6.119535530654324,
    "MiB_per_sec": 1494.0272291636534,
    "addr": 140055662297088,
    "byte_per_sec": 1566601095.847507,
    "success": true,
    "time": 21932.665858
  }
}
