{
  "params": {
    "accessPattern": "random",
    "accessType": "write",
    "blockSize": 131072,
    "granularity": "page",
    "nonTemporal": true,
    "nthreads": 16,
    "path": "/dev/dax0.0",
    "set-affinity": true,
    "source": "devdax",
    "stripeSize": 137438953472,
    "totalSize": 137438953472
  },
  "results": {
    "IOPS": 81904.66841868995,
    "MIOPS": 0.08190466841868996,
    "MiB_per_sec": 10238.083552336244,
    "addr": 139665894014976,
    "byte_per_sec": 10735408698.97453,
    "success": true,
    "time": 12802.396008
  }
}
