{
  "params": {
    "accessPattern": "random",
    "accessType": "write",
    "blockSize": 128,
    "granularity": "page",
    "nonTemporal": true,
    "nthreads": 2,
    "path": "/dev/dax0.0",
    "set-affinity": true,
    "source": "devdax",
    "stripeSize": 17179869184,
    "totalSize": 17179869184
  },
  "results": {
    "IOPS": 20440236.494737376,
    "MIOPS": 20.440236494737377,
    "MiB_per_sec": 2495.146056486496,
    "addr": 139508053966848,
    "byte_per_sec": 2616350271.326384,
    "success": true,
    "time": 6566.349075
  }
}
