{
  "params": {
    "accessPattern": "random",
    "accessType": "write",
    "blockSize": 524288,
    "granularity": "page",
    "nonTemporal": false,
    "nthreads": 4,
    "path": "/dev/dax0.0",
    "set-affinity": true,
    "source": "devdax",
    "stripeSize": 34359738368,
    "totalSize": 34359738368
  },
  "results": {
    "IOPS": 19870.971339339354,
    "MIOPS": 0.019870971339339353,
    "MiB_per_sec": 9935.485669669677,
    "addr": 139622944342016,
    "byte_per_sec": 10418111821.559551,
    "success": true,
    "time": 3298.0773249999997
  }
}
