{
  "params": {
    "accessPattern": "random",
    "accessType": "write",
    "blockSize": 128,
    "granularity": "page",
    "nonTemporal": true,
    "nthreads": 16,
    "path": "/dev/dax0.0",
    "set-affinity": true,
    "source": "devdax",
    "stripeSize": 137438953472,
    "totalSize": 137438953472
  },
  "results": {
    "IOPS": 60665160.807054915,
    "MIOPS": 60.66516080705492,
    "MiB_per_sec": 7405.415137579946,
    "addr": 139632608018432,
    "byte_per_sec": 7765140583.303029,
    "success": true,
    "time": 17699.480389
  }
}
