{
  "params": {
    "accessPattern": "random",
    "accessType": "write",
    "blockSize": 128,
    "granularity": "page",
    "nonTemporal": false,
    "nthreads": 4,
    "path": "/dev/dax0.0",
    "set-affinity": true,
    "source": "devdax",
    "stripeSize": 34359738368,
    "totalSize": 34359738368
  },
  "results": {
    "IOPS": 6314325.156155504,
    "MIOPS": 6.314325156155505,
    "MiB_per_sec": 770.7916450385137,
    "addr": 139417859653632,
    "byte_per_sec": 808233619.9879045,
    "success": true,
    "time": 42512.136984000004
  }
}
