{
  "params": {
    "accessPattern": "random",
    "accessType": "write",
    "blockSize": 262144,
    "granularity": "page",
    "nonTemporal": false,
    "nthreads": 2,
    "path": "/dev/dax0.0",
    "set-affinity": true,
    "source": "devdax",
    "stripeSize": 17179869184,
    "totalSize": 17179869184
  },
  "results": {
    "IOPS": 27887.831707659116,
    "MIOPS": 0.027887831707659117,
    "MiB_per_sec": 6971.957926914779,
    "addr": 140017007591424,
    "byte_per_sec": 7310627755.172591,
    "success": true,
    "time": 2349.985495
  }
}
