{
  "params": {
    "accessPattern": "random",
    "accessType": "write",
    "blockSize": 1048576,
    "granularity": "page",
    "nonTemporal": true,
    "nthreads": 4,
    "path": "/dev/dax0.0",
    "set-affinity": true,
    "source": "devdax",
    "stripeSize": 34359738368,
    "totalSize": 34359738368
  },
  "results": {
    "IOPS": 12656.708449725862,
    "MIOPS": 0.012656708449725862,
    "MiB_per_sec": 12656.708449725862,
    "addr": 139445776941056,
    "byte_per_sec": 13271520719.379745,
    "success": true,
    "time": 2588.982762
  }
}
