{
  "params": {
    "accessPattern": "random",
    "accessType": "write",
    "blockSize": 131072,
    "granularity": "page",
    "nonTemporal": true,
    "nthreads": 8,
    "path": "/dev/dax0.0",
    "set-affinity": true,
    "source": "devdax",
    "stripeSize": 68719476736,
    "totalSize": 68719476736
  },
  "results": {
    "IOPS": 92943.86931521287,
    "MIOPS": 0.09294386931521287,
    "MiB_per_sec": 11617.983664401609,
    "addr": 139127949361152,
    "byte_per_sec": 12182338838.883581,
    "success": true,
    "time": 5640.90998
  }
}
