{
  "params": {
    "accessPattern": "random",
    "accessType": "write",
    "blockSize": 524288,
    "granularity": "page",
    "nonTemporal": false,
    "nthreads": 16,
    "path": "/dev/dax0.0",
    "set-affinity": true,
    "source": "devdax",
    "stripeSize": 137438953472,
    "totalSize": 137438953472
  },
  "results": {
    "IOPS": 22166.178041286694,
    "MIOPS": 0.022166178041286694,
    "MiB_per_sec": 11083.089020643347,
    "addr": 139511275192320,
    "byte_per_sec": 11621461152.910118,
    "success": true,
    "time": 11826.305803000001
  }
}
