{
  "params": {
    "accessPattern": "random",
    "accessType": "write",
    "blockSize": 1024,
    "granularity": "page",
    "nonTemporal": true,
    "nthreads": 4,
    "path": "/dev/dax0.0",
    "set-affinity": true,
    "source": "devdax",
    "stripeSize": 34359738368,
    "totalSize": 34359738368
  },
  "results": {
    "IOPS": 10903647.865297955,
    "MIOPS": 10.903647865297955,
    "MiB_per_sec": 10648.093618455034,
    "addr": 139693811302400,
    "byte_per_sec": 11165335414.065105,
    "success": true,
    "time": 3077.358368
  }
}
