{
  "params": {
    "accessPattern": "random",
    "accessType": "write",
    "blockSize": 32768,
    "granularity": "page",
    "nonTemporal": true,
    "nthreads": 4,
    "path": "/dev/dax0.0",
    "set-affinity": true,
    "source": "devdax",
    "stripeSize": 34359738368,
    "totalSize": 34359738368
  },
  "results": {
    "IOPS": 397920.77771702176,
    "MIOPS": 0.3979207777170218,
    "MiB_per_sec": 12435.02430365693,
    "addr": 139091442139136,
    "byte_per_sec": 13039068044.231369,
    "success": true,
    "time": 2635.137592
  }
}
