{
  "params": {
    "accessPattern": "random",
    "accessType": "write",
    "blockSize": 524288,
    "granularity": "page",
    "nonTemporal": false,
    "nthreads": 1,
    "path": "/dev/dax0.0",
    "set-affinity": true,
    "source": "devdax",
    "stripeSize": 8589934592,
    "totalSize": 8589934592
  },
  "results": {
    "IOPS": 7845.000265958629,
    "MIOPS": 0.00784500026595863,
    "MiB_per_sec": 3922.5001329793145,
    "addr": 140064252231680,
    "byte_per_sec": 4113039499.4389176,
    "success": true,
    "time": 2088.4639190000003
  }
}
