{
  "params": {
    "accessPattern": "random",
    "accessType": "write",
    "blockSize": 524288,
    "granularity": "page",
    "nonTemporal": true,
    "nthreads": 8,
    "path": "/dev/dax0.0",
    "set-affinity": true,
    "source": "devdax",
    "stripeSize": 68719476736,
    "totalSize": 68719476736
  },
  "results": {
    "IOPS": 22217.731300404932,
    "MIOPS": 0.02221773130040493,
    "MiB_per_sec": 11108.865650202466,
    "addr": 139159087874048,
    "byte_per_sec": 11648489908.026701,
    "success": true,
    "time": 5899.432225
  }
}
