{
  "params": {
    "accessPattern": "random",
    "accessType": "write",
    "blockSize": 131072,
    "granularity": "page",
    "nonTemporal": true,
    "nthreads": 4,
    "path": "/dev/dax0.0",
    "set-affinity": true,
    "source": "devdax",
    "stripeSize": 34359738368,
    "totalSize": 34359738368
  },
  "results": {
    "IOPS": 101206.73898312282,
    "MIOPS": 0.10120673898312282,
    "MiB_per_sec": 12650.842372890353,
    "addr": 139240692252672,
    "byte_per_sec": 13265369691.995874,
    "success": true,
    "time": 2590.1832489999997
  }
}
