{
  "params": {
    "accessPattern": "random",
    "accessType": "write",
    "blockSize": 256,
    "granularity": "page",
    "nonTemporal": false,
    "nthreads": 2,
    "path": "/dev/dax0.0",
    "set-affinity": true,
    "source": "devdax",
    "stripeSize": 17179869184,
    "totalSize": 17179869184
  },
  "results": {
    "IOPS": 3176422.5897109834,
    "MIOPS": 3.1764225897109832,
    "MiB_per_sec": 775.4937963161581,
    "addr": 139504832741376,
    "byte_per_sec": 813164182.9660118,
    "success": true,
    "time": 21127.183838
  }
}
