{
  "params": {
    "accessPattern": "random",
    "accessType": "write",
    "blockSize": 131072,
    "granularity": "page",
    "nonTemporal": false,
    "nthreads": 1,
    "path": "/dev/dax0.0",
    "set-affinity": true,
    "source": "devdax",
    "stripeSize": 8589934592,
    "totalSize": 8589934592
  },
  "results": {
    "IOPS": 31311.80797036157,
    "MIOPS": 0.03131180797036157,
    "MiB_per_sec": 3913.975996295196,
    "addr": 139708843687936,
    "byte_per_sec": 4104101294.2912316,
    "success": true,
    "time": 2093.012325
  }
}
