{
  "params": {
    "accessPattern": "random",
    "accessType": "write",
    "blockSize": 64,
    "granularity": "page",
    "nonTemporal": false,
    "nthreads": 16,
    "path": "/dev/dax0.0",
    "set-affinity": true,
    "source": "devdax",
    "stripeSize": 137438953472,
    "totalSize": 137438953472
  },
  "results": {
    "IOPS": 22378822.48247256,
    "MIOPS": 22.37882248247256,
    "MiB_per_sec": 1365.8949269087257,
    "addr": 139749645877248,
    "byte_per_sec": 1432244638.878244,
    "success": true,
    "time": 95960.52918700001
  }
}
