{
  "params": {
    "accessPattern": "random",
    "accessType": "write",
    "blockSize": 512,
    "granularity": "page",
    "nonTemporal": false,
    "nthreads": 2,
    "path": "/dev/dax0.0",
    "set-affinity": true,
    "source": "devdax",
    "stripeSize": 17179869184,
    "totalSize": 17179869184
  },
  "results": {
    "IOPS": 2892301.483757435,
    "MIOPS": 2.892301483757435,
    "MiB_per_sec": 1412.256583865935,
    "addr": 139726023557120,
    "byte_per_sec": 1480858359.6838067,
    "success": true,
    "time": 11601.291286
  }
}
