{
  "params": {
    "accessPattern": "random",
    "accessType": "write",
    "blockSize": 16384,
    "granularity": "page",
    "nonTemporal": false,
    "nthreads": 16,
    "path": "/dev/dax0.0",
    "set-affinity": true,
    "source": "devdax",
    "stripeSize": 137438953472,
    "totalSize": 137438953472
  },
  "results": {
    "IOPS": 677934.8565343306,
    "MIOPS": 0.6779348565343306,
    "MiB_per_sec": 10592.732133348916,
    "addr": 139145129230336,
    "byte_per_sec": 11107284689.458473,
    "success": true,
    "time": 12373.767065
  }
}
