{
  "params": {
    "accessPattern": "random",
    "accessType": "write",
    "blockSize": 128,
    "granularity": "page",
    "nonTemporal": false,
    "nthreads": 2,
    "path": "/dev/dax0.0",
    "set-affinity": true,
    "source": "devdax",
    "stripeSize": 17179869184,
    "totalSize": 17179869184
  },
  "results": {
    "IOPS": 3274449.850597308,
    "MIOPS": 3.274449850597308,
    "MiB_per_sec": 399.7131165279917,
    "addr": 140145856610304,
    "byte_per_sec": 419129580.8764554,
    "success": true,
    "time": 40989.397952
  }
}
