{
  "params": {
    "accessPattern": "random",
    "accessType": "write",
    "blockSize": 4096,
    "granularity": "page",
    "nonTemporal": true,
    "nthreads": 16,
    "path": "/dev/dax0.0",
    "set-affinity": true,
    "source": "devdax",
    "stripeSize": 137438953472,
    "totalSize": 137438953472
  },
  "results": {
    "IOPS": 2556072.783876101,
    "MIOPS": 2.556072783876101,
    "MiB_per_sec": 9984.65931201602,
    "addr": 139841987674112,
    "byte_per_sec": 10469674122.75651,
    "success": true,
    "time": 13127.338240000001
  }
}
