{
  "params": {
    "accessPattern": "random",
    "accessType": "write",
    "blockSize": 4096,
    "granularity": "page",
    "nonTemporal": false,
    "nthreads": 8,
    "path": "/dev/dax0.0",
    "set-affinity": true,
    "source": "devdax",
    "stripeSize": 68719476736,
    "totalSize": 68719476736
  },
  "results": {
    "IOPS": 2043469.8578142577,
    "MIOPS": 2.043469857814258,
    "MiB_per_sec": 7982.304132086944,
    "addr": 140058883522560,
    "byte_per_sec": 8370052537.6072,
    "success": true,
    "time": 8210.16074
  }
}
