{
  "params": {
    "accessPattern": "random",
    "accessType": "write",
    "blockSize": 512,
    "granularity": "page",
    "nonTemporal": false,
    "nthreads": 8,
    "path": "/dev/dax0.0",
    "set-affinity": true,
    "source": "devdax",
    "stripeSize": 68719476736,
    "totalSize": 68719476736
  },
  "results": {
    "IOPS": 9605291.983430093,
    "MIOPS": 9.605291983430092,
    "MiB_per_sec": 4690.083976284225,
    "addr": 139708843687936,
    "byte_per_sec": 4917909495.516208,
    "success": true,
    "time": 13973.310570000001
  }
}
