{
  "params": {
    "accessPattern": "random",
    "accessType": "write",
    "blockSize": 128,
    "granularity": "page",
    "nonTemporal": false,
    "nthreads": 1,
    "path": "/dev/dax0.0",
    "set-affinity": true,
    "source": "devdax",
    "stripeSize": 8589934592,
    "totalSize": 8589934592
  },
  "results": {
    "IOPS": 1676121.8684332967,
    "MIOPS": 1.6761218684332966,
    "MiB_per_sec": 204.6047202677364,
    "addr": 140132971708416,
    "byte_per_sec": 214543599.15946198,
    "success": true,
    "time": 40038.176975
  }
}
