{
  "params": {
    "accessPattern": "random",
    "accessType": "write",
    "blockSize": 128,
    "granularity": "page",
    "nonTemporal": true,
    "nthreads": 16,
    "path": "/dev/dax0.0",
    "set-affinity": true,
    "source": "devdax",
    "stripeSize": 137438953472,
    "totalSize": 137438953472
  },
  "results": {
    "IOPS": 60644422.3377957,
    "MIOPS": 60.644422337795696,
    "MiB_per_sec": 7402.883586156701,
    "addr": 139682000142336,
    "byte_per_sec": 7762486059.237849,
    "success": true,
    "time": 17705.53305
  }
}
