{
  "params": {
    "accessPattern": "random",
    "accessType": "write",
    "blockSize": 64,
    "granularity": "page",
    "nonTemporal": false,
    "nthreads": 4,
    "path": "/dev/dax0.0",
    "set-affinity": true,
    "source": "devdax",
    "stripeSize": 34359738368,
    "totalSize": 34359738368
  },
  "results": {
    "IOPS": 6725076.727504777,
    "MIOPS": 6.725076727504777,
    "MiB_per_sec": 410.4661088564927,
    "addr": 139182710194176,
    "byte_per_sec": 430404910.5603057,
    "success": true,
    "time": 79831.195056
  }
}
