{
  "params": {
    "accessPattern": "random",
    "accessType": "write",
    "blockSize": 64,
    "granularity": "page",
    "nonTemporal": false,
    "nthreads": 8,
    "path": "/dev/dax0.0",
    "set-affinity": true,
    "source": "devdax",
    "stripeSize": 68719476736,
    "totalSize": 68719476736
  },
  "results": {
    "IOPS": 12511129.488150846,
    "MIOPS": 12.511129488150846,
    "MiB_per_sec": 763.6187431732694,
    "addr": 139858093801472,
    "byte_per_sec": 800712287.2416542,
    "success": true,
    "time": 85822.93269500001
  }
}
