{
  "params": {
    "accessPattern": "random",
    "accessType": "write",
    "blockSize": 65536,
    "granularity": "page",
    "nonTemporal": true,
    "nthreads": 2,
    "path": "/dev/dax0.0",
    "set-affinity": true,
    "source": "devdax",
    "stripeSize": 17179869184,
    "totalSize": 17179869184
  },
  "results": {
    "IOPS": 221435.16992048788,
    "MIOPS": 0.2214351699204879,
    "MiB_per_sec": 13839.698120030493,
    "addr": 139592879570944,
    "byte_per_sec": 14511975295.909094,
    "success": true,
    "time": 1183.840851
  }
}
