{
  "params": {
    "accessPattern": "random",
    "accessType": "write",
    "blockSize": 2048,
    "granularity": "page",
    "nonTemporal": false,
    "nthreads": 1,
    "path": "/dev/dax0.0",
    "set-affinity": true,
    "source": "devdax",
    "stripeSize": 8589934592,
    "totalSize": 8589934592
  },
  "results": {
    "IOPS": 885525.996780537,
    "MIOPS": 0.885525996780537,
    "MiB_per_sec": 1729.5429624619862,
    "addr": 140186658799616,
    "byte_per_sec": 1813557241.4065397,
    "success": true,
    "time": 4736.511423999999
  }
}
