{
  "params": {
    "accessPattern": "random",
    "accessType": "write",
    "blockSize": 64,
    "granularity": "page",
    "nonTemporal": true,
    "nthreads": 16,
    "path": "/dev/dax0.0",
    "set-affinity": true,
    "source": "devdax",
    "stripeSize": 137438953472,
    "totalSize": 137438953472
  },
  "results": {
    "IOPS": 62332964.00507286,
    "MIOPS": 62.33296400507286,
    "MiB_per_sec": 3804.502197575248,
    "addr": 139219217416192,
    "byte_per_sec": 3989309696.324663,
    "success": true,
    "time": 34451.813455
  }
}
