{
  "params": {
    "accessPattern": "random",
    "accessType": "write",
    "blockSize": 8192,
    "granularity": "page",
    "nonTemporal": true,
    "nthreads": 1,
    "path": "/dev/dax0.0",
    "set-affinity": true,
    "source": "devdax",
    "stripeSize": 8589934592,
    "totalSize": 8589934592
  },
  "results": {
    "IOPS": 802490.5296526579,
    "MIOPS": 0.8024905296526579,
    "MiB_per_sec": 6269.45726291139,
    "addr": 139765752004608,
    "byte_per_sec": 6574002418.914574,
    "success": true,
    "time": 1306.65218
  }
}
