{
  "params": {
    "accessPattern": "random",
    "accessType": "write",
    "blockSize": 1024,
    "granularity": "page",
    "nonTemporal": true,
    "nthreads": 1,
    "path": "/dev/dax0.0",
    "set-affinity": true,
    "source": "devdax",
    "stripeSize": 8589934592,
    "totalSize": 8589934592
  },
  "results": {
    "IOPS": 6153338.2361008655,
    "MIOPS": 6.153338236100866,
    "MiB_per_sec": 6009.1193711922515,
    "addr": 139395311075328,
    "byte_per_sec": 6301018353.767286,
    "success": true,
    "time": 1363.261319
  }
}
