{
  "params": {
    "accessPattern": "random",
    "accessType": "write",
    "blockSize": 524288,
    "granularity": "page",
    "nonTemporal": true,
    "nthreads": 1,
    "path": "/dev/dax0.0",
    "set-affinity": true,
    "source": "devdax",
    "stripeSize": 8589934592,
    "totalSize": 8589934592
  },
  "results": {
    "IOPS": 27737.5194739937,
    "MIOPS": 0.0277375194739937,
    "MiB_per_sec": 13868.75973699685,
    "addr": 139129023102976,
    "byte_per_sec": 14542448609.981209,
    "success": true,
    "time": 590.680072
  }
}
