{
  "params": {
    "accessPattern": "random",
    "accessType": "write",
    "blockSize": 65536,
    "granularity": "page",
    "nonTemporal": true,
    "nthreads": 16,
    "path": "/dev/dax0.0",
    "set-affinity": true,
    "source": "devdax",
    "stripeSize": 137438953472,
    "totalSize": 137438953472
  },
  "results": {
    "IOPS": 159261.68489692334,
    "MIOPS": 0.15926168489692333,
    "MiB_per_sec": 9953.855306057709,
    "addr": 139762530779136,
    "byte_per_sec": 10437373781.404768,
    "success": true,
    "time": 13167.963163
  }
}
