{
  "params": {
    "accessPattern": "sequential",
    "accessType": "write",
    "blockSize": 1024,
    "granularity": "page",
    "nonTemporal": true,
    "nthreads": 2,
    "path": "/dev/dax0.0",
    "set-affinity": true,
    "source": "devdax",
    "stripeSize": 17179869184,
    "totalSize": 17179869184
  },
  "results": {
    "IOPS": 8021263.53983818,
    "MIOPS": 8.02126353983818,
    "MiB_per_sec": 7833.265175623223,
    "addr": 139666967756800,
    "byte_per_sec": 8213773864.794296,
    "success": true,
    "time": 2091.592667
  }
}
