{
  "params": {
    "accessPattern": "sequential",
    "accessType": "write",
    "blockSize": 65536,
    "granularity": "page",
    "nonTemporal": true,
    "nthreads": 2,
    "path": "/dev/dax0.0",
    "set-affinity": true,
    "source": "devdax",
    "stripeSize": 17179869184,
    "totalSize": 17179869184
  },
  "results": {
    "IOPS": 223027.5918857892,
    "MIOPS": 0.22302759188578922,
    "MiB_per_sec": 13939.224492861826,
    "addr": 140120086806528,
    "byte_per_sec": 14616336261.827082,
    "success": true,
    "time": 1175.388201
  }
}
