{
  "params": {
    "accessPattern": "sequential",
    "accessType": "write",
    "blockSize": 512,
    "granularity": "page",
    "nonTemporal": true,
    "nthreads": 16,
    "path": "/dev/dax0.0",
    "set-affinity": true,
    "source": "devdax",
    "stripeSize": 137438953472,
    "totalSize": 137438953472
  },
  "results": {
    "IOPS": 28107736.91719113,
    "MIOPS": 28.10773691719113,
    "MiB_per_sec": 13724.480916597231,
    "addr": 139489800355840,
    "byte_per_sec": 14391161301.601858,
    "success": true,
    "time": 9550.233688
  }
}
