{
  "params": {
    "accessPattern": "sequential",
    "accessType": "write",
    "blockSize": 2048,
    "granularity": "page",
    "nonTemporal": false,
    "nthreads": 4,
    "path": "/dev/dax0.0",
    "set-affinity": true,
    "source": "devdax",
    "stripeSize": 34359738368,
    "totalSize": 34359738368
  },
  "results": {
    "IOPS": 3535549.560575328,
    "MIOPS": 3.535549560575328,
    "MiB_per_sec": 6905.370235498687,
    "addr": 139166604066816,
    "byte_per_sec": 7240805500.058271,
    "success": true,
    "time": 4745.29227
  }
}
