{
  "params": {
    "accessPattern": "sequential",
    "accessType": "write",
    "blockSize": 512,
    "granularity": "page",
    "nonTemporal": false,
    "nthreads": 2,
    "path": "/dev/dax0.0",
    "set-affinity": true,
    "source": "devdax",
    "stripeSize": 17179869184,
    "totalSize": 17179869184
  },
  "results": {
    "IOPS": 6485505.977206883,
    "MIOPS": 6.485505977206883,
    "MiB_per_sec": 3166.7509654330483,
    "addr": 140154446544896,
    "byte_per_sec": 3320579060.329924,
    "success": true,
    "time": 5173.757008
  }
}
