{
  "params": {
    "accessPattern": "sequential",
    "accessType": "write",
    "blockSize": 64,
    "granularity": "page",
    "nonTemporal": false,
    "nthreads": 2,
    "path": "/dev/dax0.0",
    "set-affinity": true,
    "source": "devdax",
    "stripeSize": 17179869184,
    "totalSize": 17179869184
  },
  "results": {
    "IOPS": 15408044.473759124,
    "MIOPS": 15.408044473759125,
    "MiB_per_sec": 940.4324019628372,
    "addr": 139629386792960,
    "byte_per_sec": 986114846.3205839,
    "success": true,
    "time": 17421.773182
  }
}
