{
  "params": {
    "accessPattern": "sequential",
    "accessType": "write",
    "blockSize": 128,
    "granularity": "page",
    "nonTemporal": false,
    "nthreads": 8,
    "path": "/dev/dax0.0",
    "set-affinity": true,
    "source": "devdax",
    "stripeSize": 68719476736,
    "totalSize": 68719476736
  },
  "results": {
    "IOPS": 53075917.440832324,
    "MIOPS": 53.07591744083233,
    "MiB_per_sec": 6478.993828226602,
    "addr": 139469399261184,
    "byte_per_sec": 6793717432.4265375,
    "success": true,
    "time": 10115.150861
  }
}
