{
  "params": {
    "accessPattern": "sequential",
    "accessType": "write",
    "blockSize": 32768,
    "granularity": "page",
    "nonTemporal": false,
    "nthreads": 8,
    "path": "/dev/dax0.0",
    "set-affinity": true,
    "source": "devdax",
    "stripeSize": 68719476736,
    "totalSize": 68719476736
  },
  "results": {
    "IOPS": 345478.51905138633,
    "MIOPS": 0.3454785190513863,
    "MiB_per_sec": 10796.203720355823,
    "addr": 140125455515648,
    "byte_per_sec": 11320640112.275827,
    "success": true,
    "time": 6070.281897
  }
}
