{
  "params": {
    "accessPattern": "sequential",
    "accessType": "write",
    "blockSize": 2048,
    "granularity": "page",
    "nonTemporal": false,
    "nthreads": 4,
    "path": "/dev/dax0.0",
    "set-affinity": true,
    "source": "devdax",
    "stripeSize": 34359738368,
    "totalSize": 34359738368
  },
  "results": {
    "IOPS": 3543800.312290567,
    "MIOPS": 3.543800312290567,
    "MiB_per_sec": 6921.484984942514,
    "addr": 140082505842688,
    "byte_per_sec": 7257703039.571081,
    "success": true,
    "time": 4734.244179
  }
}
