{
  "params": {
    "accessPattern": "sequential",
    "accessType": "write",
    "blockSize": 524288,
    "granularity": "page",
    "nonTemporal": false,
    "nthreads": 16,
    "path": "/dev/dax0.0",
    "set-affinity": true,
    "source": "devdax",
    "stripeSize": 137438953472,
    "totalSize": 137438953472
  },
  "results": {
    "IOPS": 22075.754716896005,
    "MIOPS": 0.022075754716896004,
    "MiB_per_sec": 11037.877358448002,
    "addr": 139810849161216,
    "byte_per_sec": 11574053289.011972,
    "success": true,
    "time": 11874.746905
  }
}
