{
  "params": {
    "accessPattern": "sequential",
    "accessType": "write",
    "blockSize": 131072,
    "granularity": "page",
    "nonTemporal": true,
    "nthreads": 2,
    "path": "/dev/dax0.0",
    "set-affinity": true,
    "source": "devdax",
    "stripeSize": 17179869184,
    "totalSize": 17179869184
  },
  "results": {
    "IOPS": 114056.63486415865,
    "MIOPS": 0.11405663486415865,
    "MiB_per_sec": 14257.079358019831,
    "addr": 139833397739520,
    "byte_per_sec": 14949631244.915003,
    "success": true,
    "time": 1149.183475
  }
}
