{
  "params": {
    "accessPattern": "sequential",
    "accessType": "write",
    "blockSize": 4096,
    "granularity": "page",
    "nonTemporal": false,
    "nthreads": 16,
    "path": "/dev/dax0.0",
    "set-affinity": true,
    "source": "devdax",
    "stripeSize": 137438953472,
    "totalSize": 137438953472
  },
  "results": {
    "IOPS": 2003364.1492514517,
    "MIOPS": 2.0033641492514516,
    "MiB_per_sec": 7825.641208013483,
    "addr": 139577847185408,
    "byte_per_sec": 8205779555.333946,
    "success": true,
    "time": 16749.042859999998
  }
}
