{
  "params": {
    "accessPattern": "sequential",
    "accessType": "write",
    "blockSize": 4096,
    "granularity": "page",
    "nonTemporal": false,
    "nthreads": 4,
    "path": "/dev/dax0.0",
    "set-affinity": true,
    "source": "devdax",
    "stripeSize": 34359738368,
    "totalSize": 34359738368
  },
  "results": {
    "IOPS": 1952060.895097516,
    "MIOPS": 1.952060895097516,
    "MiB_per_sec": 7625.237871474672,
    "addr": 139512348934144,
    "byte_per_sec": 7995641426.319426,
    "success": true,
    "time": 4297.308563
  }
}
