{
  "params": {
    "accessPattern": "sequential",
    "accessType": "write",
    "blockSize": 32768,
    "granularity": "page",
    "nonTemporal": true,
    "nthreads": 4,
    "path": "/dev/dax0.0",
    "set-affinity": true,
    "source": "devdax",
    "stripeSize": 34359738368,
    "totalSize": 34359738368
  },
  "results": {
    "IOPS": 405114.40743714536,
    "MIOPS": 0.4051144074371454,
    "MiB_per_sec": 12659.825232410793,
    "addr": 139853798834176,
    "byte_per_sec": 13274788902.90038,
    "success": true,
    "time": 2588.3453680000002
  }
}
