{
  "params": {
    "accessPattern": "sequential",
    "accessType": "write",
    "blockSize": 128,
    "granularity": "page",
    "nonTemporal": true,
    "nthreads": 8,
    "path": "/dev/dax0.0",
    "set-affinity": true,
    "source": "devdax",
    "stripeSize": 68719476736,
    "totalSize": 68719476736
  },
  "results": {
    "IOPS": 78763885.17465083,
    "MIOPS": 78.76388517465084,
    "MiB_per_sec": 9614.732076983744,
    "addr": 139677705175040,
    "byte_per_sec": 10081777302.355307,
    "success": true,
    "time": 6816.206575
  }
}
