{
  "params": {
    "accessPattern": "sequential",
    "accessType": "write",
    "blockSize": 2048,
    "granularity": "page",
    "nonTemporal": false,
    "nthreads": 2,
    "path": "/dev/dax0.0",
    "set-affinity": true,
    "source": "devdax",
    "stripeSize": 17179869184,
    "totalSize": 17179869184
  },
  "results": {
    "IOPS": 2234891.7891769544,
    "MIOPS": 2.2348917891769546,
    "MiB_per_sec": 4365.023025736239,
    "addr": 139515570159616,
    "byte_per_sec": 4577058384.234403,
    "success": true,
    "time": 3753.4739
  }
}
