{
  "params": {
    "accessPattern": "sequential",
    "accessType": "write",
    "blockSize": 262144,
    "granularity": "page",
    "nonTemporal": false,
    "nthreads": 2,
    "path": "/dev/dax0.0",
    "set-affinity": true,
    "source": "devdax",
    "stripeSize": 17179869184,
    "totalSize": 17179869184
  },
  "results": {
    "IOPS": 27913.471185029026,
    "MIOPS": 0.027913471185029026,
    "MiB_per_sec": 6978.3677962572565,
    "addr": 139782931873792,
    "byte_per_sec": 7317348990.328249,
    "success": true,
    "time": 2347.8269530000002
  }
}
