{
  "params": {
    "accessPattern": "sequential",
    "accessType": "write",
    "blockSize": 131072,
    "granularity": "page",
    "nonTemporal": false,
    "nthreads": 4,
    "path": "/dev/dax0.0",
    "set-affinity": true,
    "source": "devdax",
    "stripeSize": 34359738368,
    "totalSize": 34359738368
  },
  "results": {
    "IOPS": 78539.45008543825,
    "MIOPS": 0.07853945008543825,
    "MiB_per_sec": 9817.431260679781,
    "addr": 139792595550208,
    "byte_per_sec": 10294322801.598562,
    "success": true,
    "time": 3337.736637
  }
}
