{
  "params": {
    "accessPattern": "sequential",
    "accessType": "write",
    "blockSize": 131072,
    "granularity": "page",
    "nonTemporal": false,
    "nthreads": 16,
    "path": "/dev/dax0.0",
    "set-affinity": true,
    "source": "devdax",
    "stripeSize": 137438953472,
    "totalSize": 137438953472
  },
  "results": {
    "IOPS": 89267.75749784106,
    "MIOPS": 0.08926775749784105,
    "MiB_per_sec": 11158.469687230132,
    "addr": 140124381773824,
    "byte_per_sec": 11700503510.757023,
    "success": true,
    "time": 11746.413591999999
  }
}
