{
  "params": {
    "accessPattern": "sequential",
    "accessType": "write",
    "blockSize": 524288,
    "granularity": "page",
    "nonTemporal": true,
    "nthreads": 2,
    "path": "/dev/dax0.0",
    "set-affinity": true,
    "source": "devdax",
    "stripeSize": 17179869184,
    "totalSize": 17179869184
  },
  "results": {
    "IOPS": 28350.136117034075,
    "MIOPS": 0.028350136117034075,
    "MiB_per_sec": 14175.068058517038,
    "addr": 139846282641408,
    "byte_per_sec": 14863636164.527561,
    "success": true,
    "time": 1155.832193
  }
}
