{
  "params": {
    "accessPattern": "sequential",
    "accessType": "write",
    "blockSize": 256,
    "granularity": "page",
    "nonTemporal": false,
    "nthreads": 2,
    "path": "/dev/dax0.0",
    "set-affinity": true,
    "source": "devdax",
    "stripeSize": 17179869184,
    "totalSize": 17179869184
  },
  "results": {
    "IOPS": 10666915.122838963,
    "MIOPS": 10.666915122838963,
    "MiB_per_sec": 2604.227324911856,
    "addr": 139377057464320,
    "byte_per_sec": 2730730271.4467745,
    "success": true,
    "time": 6291.309458
  }
}
