{
  "params": {
    "accessPattern": "sequential",
    "accessType": "write",
    "blockSize": 524288,
    "granularity": "page",
    "nonTemporal": false,
    "nthreads": 4,
    "path": "/dev/dax0.0",
    "set-affinity": true,
    "source": "devdax",
    "stripeSize": 34359738368,
    "totalSize": 34359738368
  },
  "results": {
    "IOPS": 19853.948151824592,
    "MIOPS": 0.01985394815182459,
    "MiB_per_sec": 9926.974075912296,
    "addr": 139372762497024,
    "byte_per_sec": 10409186768.623812,
    "success": true,
    "time": 3300.905165
  }
}
