{
  "params": {
    "accessPattern": "sequential",
    "accessType": "write",
    "blockSize": 4096,
    "granularity": "page",
    "nonTemporal": true,
    "nthreads": 16,
    "path": "/dev/dax0.0",
    "set-affinity": true,
    "source": "devdax",
    "stripeSize": 137438953472,
    "totalSize": 137438953472
  },
  "results": {
    "IOPS": 2319137.1804293506,
    "MIOPS": 2.3191371804293506,
    "MiB_per_sec": 9059.12961105215,
    "addr": 139582142152704,
    "byte_per_sec": 9499185891.03862,
    "success": true,
    "time": 14468.498148
  }
}
