{
  "params": {
    "accessPattern": "sequential",
    "accessType": "write",
    "blockSize": 64,
    "granularity": "page",
    "nonTemporal": true,
    "nthreads": 1,
    "path": "/dev/dax0.0",
    "set-affinity": true,
    "source": "devdax",
    "stripeSize": 8589934592,
    "totalSize": 8589934592
  },
  "results": {
    "IOPS": 10375301.628910739,
    "MIOPS": 10.375301628910739,
    "MiB_per_sec": 633.2581560614465,
    "addr": 139627239309312,
    "byte_per_sec": 664019304.2502873,
    "success": true,
    "time": 12936.272389999998
  }
}
