{
  "params": {
    "accessPattern": "sequential",
    "accessType": "write",
    "blockSize": 16384,
    "granularity": "page",
    "nonTemporal": false,
    "nthreads": 2,
    "path": "/dev/dax0.0",
    "set-affinity": true,
    "source": "devdax",
    "stripeSize": 17179869184,
    "totalSize": 17179869184
  },
  "results": {
    "IOPS": 366784.31499116396,
    "MIOPS": 0.366784314991164,
    "MiB_per_sec": 5731.004921736937,
    "addr": 139865609994240,
    "byte_per_sec": 6009394216.81523,
    "success": true,
    "time": 2858.835444
  }
}
