{
  "params": {
    "accessPattern": "sequential",
    "accessType": "write",
    "blockSize": 262144,
    "granularity": "page",
    "nonTemporal": false,
    "nthreads": 1,
    "path": "/dev/dax0.0",
    "set-affinity": true,
    "source": "devdax",
    "stripeSize": 8589934592,
    "totalSize": 8589934592
  },
  "results": {
    "IOPS": 15740.9013738659,
    "MIOPS": 0.015740901373865898,
    "MiB_per_sec": 3935.225343466475,
    "addr": 140081432100864,
    "byte_per_sec": 4126382849.7507024,
    "success": true,
    "time": 2081.7105210000004
  }
}
