{
  "params": {
    "accessPattern": "sequential",
    "accessType": "write",
    "blockSize": 131072,
    "granularity": "page",
    "nonTemporal": false,
    "nthreads": 8,
    "path": "/dev/dax0.0",
    "set-affinity": true,
    "source": "devdax",
    "stripeSize": 68719476736,
    "totalSize": 68719476736
  },
  "results": {
    "IOPS": 101425.85256623522,
    "MIOPS": 0.10142585256623522,
    "MiB_per_sec": 12678.231570779402,
    "addr": 139761457037312,
    "byte_per_sec": 13294089347.561583,
    "success": true,
    "time": 5169.175183
  }
}
