{
  "params": {
    "accessPattern": "sequential",
    "accessType": "write",
    "blockSize": 512,
    "granularity": "page",
    "nonTemporal": true,
    "nthreads": 8,
    "path": "/dev/dax0.0",
    "set-affinity": true,
    "source": "devdax",
    "stripeSize": 68719476736,
    "totalSize": 68719476736
  },
  "results": {
    "IOPS": 28532519.861602835,
    "MIOPS": 28.532519861602836,
    "MiB_per_sec": 13931.89446367326,
    "addr": 139845208899584,
    "byte_per_sec": 14608650169.140652,
    "success": true,
    "time": 4704.026446
  }
}
