{
  "params": {
    "accessPattern": "sequential",
    "accessType": "write",
    "blockSize": 16384,
    "granularity": "page",
    "nonTemporal": false,
    "nthreads": 4,
    "path": "/dev/dax0.0",
    "set-affinity": true,
    "source": "devdax",
    "stripeSize": 34359738368,
    "totalSize": 34359738368
  },
  "results": {
    "IOPS": 562879.6509949479,
    "MIOPS": 0.5628796509949479,
    "MiB_per_sec": 8794.99454679606,
    "addr": 139378131206144,
    "byte_per_sec": 9222220201.901226,
    "success": true,
    "time": 3725.7555789999997
  }
}
