{
  "params": {
    "accessPattern": "sequential",
    "accessType": "write",
    "blockSize": 128,
    "granularity": "page",
    "nonTemporal": false,
    "nthreads": 4,
    "path": "/dev/dax0.0",
    "set-affinity": true,
    "source": "devdax",
    "stripeSize": 34359738368,
    "totalSize": 34359738368
  },
  "results": {
    "IOPS": 27655924.510277674,
    "MIOPS": 27.655924510277675,
    "MiB_per_sec": 3375.967347446005,
    "addr": 139548856156160,
    "byte_per_sec": 3539958337.315542,
    "success": true,
    "time": 9706.255016
  }
}
