{
  "params": {
    "accessPattern": "sequential",
    "accessType": "write",
    "blockSize": 1024,
    "granularity": "page",
    "nonTemporal": true,
    "nthreads": 4,
    "path": "/dev/dax0.0",
    "set-affinity": true,
    "source": "devdax",
    "stripeSize": 34359738368,
    "totalSize": 34359738368
  },
  "results": {
    "IOPS": 13165481.782741217,
    "MIOPS": 13.165481782741217,
    "MiB_per_sec": 12856.91580345822,
    "addr": 139197742579712,
    "byte_per_sec": 13481453345.527006,
    "success": true,
    "time": 2548.667231
  }
}
