{
  "params": {
    "accessPattern": "sequential",
    "accessType": "write",
    "blockSize": 4096,
    "granularity": "page",
    "nonTemporal": true,
    "nthreads": 16,
    "path": "/dev/dax0.0",
    "set-affinity": true,
    "source": "devdax",
    "stripeSize": 137438953472,
    "totalSize": 137438953472
  },
  "results": {
    "IOPS": 2320535.455867251,
    "MIOPS": 2.320535455867251,
    "MiB_per_sec": 9064.591624481449,
    "addr": 139295453085696,
    "byte_per_sec": 9504913227.23226,
    "success": true,
    "time": 14459.779924999999
  }
}
