{
  "params": {
    "accessPattern": "sequential",
    "accessType": "write",
    "blockSize": 2048,
    "granularity": "page",
    "nonTemporal": true,
    "nthreads": 1,
    "path": "/dev/dax0.0",
    "set-affinity": true,
    "source": "devdax",
    "stripeSize": 8589934592,
    "totalSize": 8589934592
  },
  "results": {
    "IOPS": 2028309.653194943,
    "MIOPS": 2.028309653194943,
    "MiB_per_sec": 3961.542291396373,
    "addr": 139519865126912,
    "byte_per_sec": 4153978169.743243,
    "success": true,
    "time": 2067.881496
  }
}
