{
  "params": {
    "accessPattern": "sequential",
    "accessType": "write",
    "blockSize": 1048576,
    "granularity": "page",
    "nonTemporal": true,
    "nthreads": 2,
    "path": "/dev/dax0.0",
    "set-affinity": true,
    "source": "devdax",
    "stripeSize": 17179869184,
    "totalSize": 17179869184
  },
  "results": {
    "IOPS": 14212.418293753626,
    "MIOPS": 0.014212418293753627,
    "MiB_per_sec": 14212.418293753626,
    "addr": 139551003639808,
    "byte_per_sec": 14902800724.791002,
    "success": true,
    "time": 1152.794666
  }
}
