{
  "params": {
    "accessPattern": "sequential",
    "accessType": "write",
    "blockSize": 4096,
    "granularity": "page",
    "nonTemporal": false,
    "nthreads": 4,
    "path": "/dev/dax0.0",
    "set-affinity": true,
    "source": "devdax",
    "stripeSize": 34359738368,
    "totalSize": 34359738368
  },
  "results": {
    "IOPS": 1952737.9030218385,
    "MIOPS": 1.9527379030218386,
    "MiB_per_sec": 7627.882433679057,
    "addr": 139394237333504,
    "byte_per_sec": 7998414450.777451,
    "success": true,
    "time": 4295.8187
  }
}
