{
  "params": {
    "version": "0.2.0",
    "source": "devdax",
    "path": "/dev/dax0.0",
    "nthreads": 2,
    "nsegments": 1,
    "stripeSize": 17179869184,
    "blockSize": 8192,
    "paddingSize": 2101248,
    "totalSize": 17179869184,
    "extentSize": 17184071680,
    "accessType": "read",
    "accessPattern": "random",
    "granularity": "page",
    "nonTemporal": true,
    "noflush": false,
    "set-affinity": true
  },
  "results": {
    "success": true,
    "time": 2561.6268999999998,
    "byte_per_sec": 6706624287.869557,
    "MiB_per_sec": 6395.935333127553,
    "IOPS": 818679.7226403268,
    "MIOPS": 0.8186797226403268,
    "addr": 20569672122368
  }
}
