{
  "params": {
    "version": "0.2.0",
    "source": "devdax",
    "path": "/dev/dax0.0",
    "nthreads": 4,
    "nsegments": 1,
    "stripeSize": 34359738368,
    "blockSize": 2048,
    "paddingSize": 2101248,
    "totalSize": 34359738368,
    "extentSize": 34368143360,
    "accessType": "read",
    "accessPattern": "random",
    "granularity": "page",
    "nonTemporal": true,
    "noflush": false,
    "set-affinity": true
  },
  "results": {
    "success": true,
    "time": 3648.082926,
    "byte_per_sec": 9418573827.671812,
    "MiB_per_sec": 8982.251956626713,
    "IOPS": 4598913.001792877,
    "MIOPS": 4.5989130017928765,
    "addr": 20348481306624
  }
}
