{
  "params": {
    "version": "0.2.0",
    "source": "devdax",
    "path": "/dev/dax0.0",
    "nthreads": 16,
    "nsegments": 1,
    "stripeSize": 137438953472,
    "blockSize": 256,
    "paddingSize": 2101248,
    "totalSize": 137438953472,
    "extentSize": 137472573440,
    "accessType": "read",
    "accessPattern": "random",
    "granularity": "page",
    "nonTemporal": true,
    "noflush": false,
    "set-affinity": true
  },
  "results": {
    "success": true,
    "time": 8182.609728999999,
    "byte_per_sec": 16796469344.603153,
    "MiB_per_sec": 16018.361420252946,
    "IOPS": 65611208.37735607,
    "MIOPS": 65.61120837735606,
    "addr": 20907900796928
  }
}
