{
  "params": {
    "version": "0.2.0",
    "source": "devdax",
    "path": "/dev/dax0.0",
    "nthreads": 2,
    "nsegments": 1,
    "stripeSize": 17179869184,
    "blockSize": 64,
    "paddingSize": 2101248,
    "totalSize": 17179869184,
    "extentSize": 17184071680,
    "accessType": "read",
    "accessPattern": "random",
    "granularity": "page",
    "nonTemporal": true,
    "noflush": false,
    "set-affinity": true
  },
  "results": {
    "success": true,
    "time": 29424.258181999998,
    "byte_per_sec": 583867538.0611504,
    "MiB_per_sec": 556.8194752322678,
    "IOPS": 9122930.282205475,
    "MIOPS": 9.122930282205475,
    "addr": 20648055275520
  }
}
