{
  "params": {
    "version": "0.2.0",
    "source": "devdax",
    "path": "/dev/dax0.0",
    "nthreads": 48,
    "nsegments": 1,
    "stripeSize": 412316860416,
    "blockSize": 8192,
    "paddingSize": 2101248,
    "totalSize": 412316860416,
    "extentSize": 412417720320,
    "accessType": "read",
    "accessPattern": "random",
    "granularity": "page",
    "nonTemporal": true,
    "noflush": false,
    "set-affinity": true
  },
  "results": {
    "success": true,
    "time": 5710.86394,
    "byte_per_sec": 72198683902.80717,
    "MiB_per_sec": 68854.03051644056,
    "IOPS": 8813315.906104391,
    "MIOPS": 8.81331590610439,
    "addr": 20963735371776
  }
}
