{
  "params": {
    "version": "0.2.0",
    "source": "devdax",
    "path": "/dev/dax0.0",
    "nthreads": 4,
    "nsegments": 1,
    "stripeSize": 34359738368,
    "blockSize": 32768,
    "paddingSize": 2101248,
    "totalSize": 34359738368,
    "extentSize": 34368143360,
    "accessType": "read",
    "accessPattern": "random",
    "granularity": "page",
    "nonTemporal": true,
    "noflush": false,
    "set-affinity": true
  },
  "results": {
    "success": true,
    "time": 2530.69333,
    "byte_per_sec": 13577203512.050983,
    "MiB_per_sec": 12948.230278063758,
    "IOPS": 414343.36889804027,
    "MIOPS": 0.41434336889804024,
    "addr": 21259014373376
  }
}
