{
  "params": {
    "version": "0.2.0",
    "source": "devdax",
    "path": "/dev/dax0.0",
    "nthreads": 48,
    "nsegments": 1,
    "stripeSize": 412316860416,
    "blockSize": 128,
    "paddingSize": 2101248,
    "totalSize": 412316860416,
    "extentSize": 412417720320,
    "accessType": "read",
    "accessPattern": "random",
    "granularity": "page",
    "nonTemporal": true,
    "noflush": false,
    "set-affinity": true
  },
  "results": {
    "success": true,
    "time": 15676.832704,
    "byte_per_sec": 26301030839.653973,
    "MiB_per_sec": 25082.6176067867,
    "IOPS": 205476803.43479666,
    "MIOPS": 205.47680343479666,
    "addr": 20495583936512
  }
}
