{
  "params": {
    "version": "0.2.0",
    "source": "devdax",
    "path": "/dev/dax0.0",
    "nthreads": 4,
    "nsegments": 1,
    "stripeSize": 34359738368,
    "blockSize": 8192,
    "paddingSize": 2101248,
    "totalSize": 34359738368,
    "extentSize": 34368143360,
    "accessType": "read",
    "accessPattern": "random",
    "granularity": "page",
    "nonTemporal": true,
    "noflush": false,
    "set-affinity": true
  },
  "results": {
    "success": true,
    "time": 2707.985696,
    "byte_per_sec": 12688301278.235407,
    "MiB_per_sec": 12100.5070478777,
    "IOPS": 1548864.9021283456,
    "MIOPS": 1.5488649021283456,
    "addr": 20796231647232
  }
}
