{
  "params": {
    "version": "0.2.0",
    "source": "devdax",
    "path": "/dev/dax0.0",
    "nthreads": 1,
    "nsegments": 1,
    "stripeSize": 8589934592,
    "blockSize": 64,
    "paddingSize": 2101248,
    "totalSize": 8589934592,
    "extentSize": 8592035840,
    "accessType": "read",
    "accessPattern": "random",
    "granularity": "page",
    "nonTemporal": true,
    "noflush": false,
    "set-affinity": true
  },
  "results": {
    "success": true,
    "time": 26165.285425000002,
    "byte_per_sec": 328295084.59298605,
    "MiB_per_sec": 313.086590378748,
    "IOPS": 5129610.696765407,
    "MIOPS": 5.129610696765407,
    "addr": 20518132514816
  }
}
