{
  "params": {
    "version": "0.2.0",
    "source": "devdax",
    "path": "/dev/dax0.0",
    "nthreads": 1,
    "nsegments": 1,
    "stripeSize": 8589934592,
    "blockSize": 131072,
    "paddingSize": 2101248,
    "totalSize": 8589934592,
    "extentSize": 8592035840,
    "accessType": "read",
    "accessPattern": "random",
    "granularity": "page",
    "nonTemporal": true,
    "noflush": false,
    "set-affinity": true
  },
  "results": {
    "success": true,
    "time": 2290.06727,
    "byte_per_sec": 3750952954.3208566,
    "MiB_per_sec": 3577.1874945839468,
    "IOPS": 28617.499956671574,
    "MIOPS": 0.028617499956671573,
    "addr": 21074330779648
  }
}
