{
  "params": {
    "version": "0.2.0",
    "source": "devdax",
    "path": "/dev/dax0.0",
    "nthreads": 1,
    "nsegments": 1,
    "stripeSize": 8589934592,
    "blockSize": 8192,
    "paddingSize": 2101248,
    "totalSize": 8589934592,
    "extentSize": 8592035840,
    "accessType": "read",
    "accessPattern": "random",
    "granularity": "page",
    "nonTemporal": true,
    "noflush": false,
    "set-affinity": true
  },
  "results": {
    "success": true,
    "time": 2457.394894,
    "byte_per_sec": 3495545063.9916563,
    "MiB_per_sec": 3333.6115493694842,
    "IOPS": 426702.278319294,
    "MIOPS": 0.42670227831929397,
    "addr": 20242180866048
  }
}
