{
  "params": {
    "version": "0.2.0",
    "source": "devdax",
    "path": "/dev/dax0.0",
    "nthreads": 2,
    "nsegments": 1,
    "stripeSize": 17179869184,
    "blockSize": 8192,
    "paddingSize": 2101248,
    "totalSize": 17179869184,
    "extentSize": 17184071680,
    "accessType": "read",
    "accessPattern": "random",
    "granularity": "page",
    "nonTemporal": true,
    "noflush": false,
    "set-affinity": true
  },
  "results": {
    "success": true,
    "time": 2591.236853,
    "byte_per_sec": 6629987978.177308,
    "MiB_per_sec": 6322.8492528699,
    "IOPS": 809324.7043673472,
    "MIOPS": 0.8093247043673472,
    "addr": 20314121568256
  }
}
