{
  "params": {
    "version": "0.2.0",
    "source": "devdax",
    "path": "/dev/dax0.0",
    "nthreads": 32,
    "nsegments": 1,
    "stripeSize": 274877906944,
    "blockSize": 32768,
    "paddingSize": 2101248,
    "totalSize": 274877906944,
    "extentSize": 274945146880,
    "accessType": "read",
    "accessPattern": "random",
    "granularity": "page",
    "nonTemporal": true,
    "noflush": false,
    "set-affinity": true
  },
  "results": {
    "success": true,
    "time": 3969.451982,
    "byte_per_sec": 69248326517.22955,
    "MiB_per_sec": 66040.35045359569,
    "IOPS": 2113291.214515062,
    "MIOPS": 2.113291214515062,
    "addr": 20716774752256
  }
}
