{
  "params": {
    "version": "0.2.0",
    "source": "devdax",
    "path": "/dev/dax0.0",
    "nthreads": 16,
    "nsegments": 1,
    "stripeSize": 137438953472,
    "blockSize": 1024,
    "paddingSize": 2101248,
    "totalSize": 137438953472,
    "extentSize": 137472573440,
    "accessType": "read",
    "accessPattern": "random",
    "granularity": "page",
    "nonTemporal": true,
    "noflush": false,
    "set-affinity": true
  },
  "results": {
    "success": true,
    "time": 5770.425116,
    "byte_per_sec": 23817821167.26805,
    "MiB_per_sec": 22714.44431998067,
    "IOPS": 23259590.983660206,
    "MIOPS": 23.259590983660207,
    "addr": 21307332755456
  }
}
