{
  "params": {
    "version": "0.2.0",
    "source": "devdax",
    "path": "/dev/dax0.0",
    "nthreads": 8,
    "nsegments": 1,
    "stripeSize": 68719476736,
    "blockSize": 64,
    "paddingSize": 2101248,
    "totalSize": 68719476736,
    "extentSize": 68736286720,
    "accessType": "read",
    "accessPattern": "random",
    "granularity": "page",
    "nonTemporal": true,
    "noflush": false,
    "set-affinity": true
  },
  "results": {
    "success": true,
    "time": 29341.969283000002,
    "byte_per_sec": 2342019926.243135,
    "MiB_per_sec": 2233.524252169738,
    "IOPS": 36594061.347548984,
    "MIOPS": 36.59406134754899,
    "addr": 21260088115200
  }
}
