{
  "params": {
    "version": "0.2.0",
    "source": "devdax",
    "path": "/dev/dax0.0",
    "nthreads": 4,
    "nsegments": 1,
    "stripeSize": 34359738368,
    "blockSize": 128,
    "paddingSize": 2101248,
    "totalSize": 34359738368,
    "extentSize": 34368143360,
    "accessType": "read",
    "accessPattern": "random",
    "granularity": "page",
    "nonTemporal": true,
    "noflush": false,
    "set-affinity": true
  },
  "results": {
    "success": true,
    "time": 15171.278830000001,
    "byte_per_sec": 2264788535.8257565,
    "MiB_per_sec": 2159.87065870834,
    "IOPS": 17693660.436138723,
    "MIOPS": 17.693660436138725,
    "addr": 20848844996608
  }
}
