{
  "params": {
    "version": "0.2.0",
    "source": "devdax",
    "path": "/dev/dax0.0",
    "nthreads": 1,
    "nsegments": 1,
    "stripeSize": 8589934592,
    "blockSize": 524288,
    "paddingSize": 2101248,
    "totalSize": 8589934592,
    "extentSize": 8592035840,
    "accessType": "read",
    "accessPattern": "random",
    "granularity": "page",
    "nonTemporal": true,
    "noflush": false,
    "set-affinity": true
  },
  "results": {
    "success": true,
    "time": 2297.559521,
    "byte_per_sec": 3738721244.6453958,
    "MiB_per_sec": 3565.522427220722,
    "IOPS": 7131.044854441444,
    "MIOPS": 0.007131044854441444,
    "addr": 20598663151616
  }
}
