{
  "params": {
    "version": "0.2.0",
    "source": "devdax",
    "path": "/dev/dax0.0",
    "nthreads": 2,
    "nsegments": 1,
    "stripeSize": 17179869184,
    "blockSize": 131072,
    "paddingSize": 2101248,
    "totalSize": 17179869184,
    "extentSize": 17184071680,
    "accessType": "read",
    "accessPattern": "random",
    "granularity": "page",
    "nonTemporal": true,
    "noflush": false,
    "set-affinity": true
  },
  "results": {
    "success": true,
    "time": 2364.4203620000003,
    "byte_per_sec": 7265996123.239273,
    "MiB_per_sec": 6929.393885840676,
    "IOPS": 55435.15108672541,
    "MIOPS": 0.055435151086725414,
    "addr": 20960514146304
  }
}
