{
  "params": {
    "version": "0.2.0",
    "source": "devdax",
    "path": "/dev/dax0.0",
    "nthreads": 32,
    "nsegments": 1,
    "stripeSize": 274877906944,
    "blockSize": 262144,
    "paddingSize": 2101248,
    "totalSize": 274877906944,
    "extentSize": 274945146880,
    "accessType": "read",
    "accessPattern": "random",
    "granularity": "page",
    "nonTemporal": true,
    "noflush": false,
    "set-affinity": true
  },
  "results": {
    "success": true,
    "time": 3852.015322,
    "byte_per_sec": 71359505081.42863,
    "MiB_per_sec": 68053.72722761978,
    "IOPS": 272214.9089104791,
    "MIOPS": 0.2722149089104791,
    "addr": 21090436907008
  }
}
