{
  "params": {
    "version": "0.2.0",
    "source": "devdax",
    "path": "/dev/dax0.0",
    "nthreads": 16,
    "nsegments": 1,
    "stripeSize": 137438953472,
    "blockSize": 524288,
    "paddingSize": 2101248,
    "totalSize": 137438953472,
    "extentSize": 137472573440,
    "accessType": "read",
    "accessPattern": "random",
    "granularity": "page",
    "nonTemporal": true,
    "noflush": false,
    "set-affinity": true
  },
  "results": {
    "success": true,
    "time": 3128.716273,
    "byte_per_sec": 43928225342.151375,
    "MiB_per_sec": 41893.22027411592,
    "IOPS": 83786.44054823184,
    "MIOPS": 0.08378644054823184,
    "addr": 20723217203200
  }
}
