{
  "params": {
    "version": "0.2.0",
    "source": "devdax",
    "path": "/dev/dax0.0",
    "nthreads": 8,
    "nsegments": 1,
    "stripeSize": 68719476736,
    "blockSize": 524288,
    "paddingSize": 2101248,
    "totalSize": 68719476736,
    "extentSize": 68736286720,
    "accessType": "read",
    "accessPattern": "random",
    "granularity": "page",
    "nonTemporal": true,
    "noflush": false,
    "set-affinity": true
  },
  "results": {
    "success": true,
    "time": 2718.114487,
    "byte_per_sec": 25282039099.039616,
    "MiB_per_sec": 24110.83135513269,
    "IOPS": 48221.66271026538,
    "MIOPS": 0.04822166271026538,
    "addr": 20499878903808
  }
}
