{
  "params": {
    "version": "0.2.0",
    "source": "devdax",
    "path": "/dev/dax0.0",
    "nthreads": 4,
    "nsegments": 1,
    "stripeSize": 34359738368,
    "blockSize": 256,
    "paddingSize": 2101248,
    "totalSize": 34359738368,
    "extentSize": 34368143360,
    "accessType": "read",
    "accessPattern": "random",
    "granularity": "page",
    "nonTemporal": true,
    "noflush": false,
    "set-affinity": true
  },
  "results": {
    "success": true,
    "time": 7798.217849000001,
    "byte_per_sec": 4406101372.559898,
    "MiB_per_sec": 4201.985714492701,
    "IOPS": 17211333.486562103,
    "MIOPS": 17.211333486562104,
    "addr": 20939039309824
  }
}
