{
  "params": {
    "version": "0.2.0",
    "source": "devdax",
    "path": "/dev/dax0.0",
    "nthreads": 48,
    "nsegments": 1,
    "stripeSize": 412316860416,
    "blockSize": 2048,
    "paddingSize": 2101248,
    "totalSize": 412316860416,
    "extentSize": 412417720320,
    "accessType": "read",
    "accessPattern": "random",
    "granularity": "page",
    "nonTemporal": true,
    "noflush": false,
    "set-affinity": true
  },
  "results": {
    "success": true,
    "time": 7038.987897,
    "byte_per_sec": 58576157034.12823,
    "MiB_per_sec": 55862.57651722739,
    "IOPS": 28601639.176820423,
    "MIOPS": 28.601639176820424,
    "addr": 20507395096576
  }
}
