{
  "params": {
    "version": "0.2.0",
    "source": "devdax",
    "path": "/dev/dax0.0",
    "nthreads": 8,
    "nsegments": 1,
    "stripeSize": 68719476736,
    "blockSize": 262144,
    "paddingSize": 2101248,
    "totalSize": 68719476736,
    "extentSize": 68736286720,
    "accessType": "read",
    "accessPattern": "random",
    "granularity": "page",
    "nonTemporal": true,
    "noflush": false,
    "set-affinity": true
  },
  "results": {
    "success": true,
    "time": 2711.00124,
    "byte_per_sec": 25348375250.466503,
    "MiB_per_sec": 24174.09443899775,
    "IOPS": 96696.377755991,
    "MIOPS": 0.09669637775599099,
    "addr": 20862803640320
  }
}
