{
  "params": {
    "version": "0.2.0",
    "source": "devdax",
    "path": "/dev/dax0.0",
    "nthreads": 8,
    "nsegments": 1,
    "stripeSize": 68719476736,
    "blockSize": 65536,
    "paddingSize": 2101248,
    "totalSize": 68719476736,
    "extentSize": 68736286720,
    "accessType": "read",
    "accessPattern": "random",
    "granularity": "page",
    "nonTemporal": true,
    "noflush": false,
    "set-affinity": true
  },
  "results": {
    "success": true,
    "time": 2722.271207,
    "byte_per_sec": 25243435172.548553,
    "MiB_per_sec": 24074.01578192573,
    "IOPS": 385184.25251081167,
    "MIOPS": 0.3851842525108117,
    "addr": 20658792693760
  }
}
