{
  "params": {
    "version": "0.2.0",
    "source": "devdax",
    "path": "/dev/dax0.0",
    "nthreads": 48,
    "nsegments": 1,
    "stripeSize": 412316860416,
    "blockSize": 64,
    "paddingSize": 2101248,
    "totalSize": 412316860416,
    "extentSize": 412417720320,
    "accessType": "read",
    "accessPattern": "random",
    "granularity": "page",
    "nonTemporal": true,
    "noflush": false,
    "set-affinity": true
  },
  "results": {
    "success": true,
    "time": 30904.955211,
    "byte_per_sec": 13341448243.524523,
    "MiB_per_sec": 12723.396533512614,
    "IOPS": 208460128.80507067,
    "MIOPS": 208.46012880507067,
    "addr": 21247203213312
  }
}
