{
  "params": {
    "version": "0.2.0",
    "source": "devdax",
    "path": "/dev/dax0.0",
    "nthreads": 48,
    "nsegments": 1,
    "stripeSize": 412316860416,
    "blockSize": 1024,
    "paddingSize": 2101248,
    "totalSize": 412316860416,
    "extentSize": 412417720320,
    "accessType": "read",
    "accessPattern": "random",
    "granularity": "page",
    "nonTemporal": true,
    "noflush": false,
    "set-affinity": true
  },
  "results": {
    "success": true,
    "time": 8339.939665,
    "byte_per_sec": 49438830132.831665,
    "MiB_per_sec": 47148.54253085295,
    "IOPS": 48280107.55159342,
    "MIOPS": 48.280107551593424,
    "addr": 21076478263296
  }
}
