{
  "params": {
    "version": "0.2.0",
    "source": "devdax",
    "path": "/dev/dax0.0",
    "nthreads": 16,
    "nsegments": 1,
    "stripeSize": 137438953472,
    "blockSize": 64,
    "paddingSize": 2101248,
    "totalSize": 137438953472,
    "extentSize": 137472573440,
    "accessType": "read",
    "accessPattern": "random",
    "granularity": "page",
    "nonTemporal": true,
    "noflush": false,
    "set-affinity": true
  },
  "results": {
    "success": true,
    "time": 30491.893454,
    "byte_per_sec": 4507393208.602807,
    "MiB_per_sec": 4298.585136988456,
    "IOPS": 70428018.88441886,
    "MIOPS": 70.42801888441886,
    "addr": 20760798167040
  }
}
