{
  "params": {
    "version": "0.2.0",
    "source": "devdax",
    "path": "/dev/dax0.0",
    "nthreads": 8,
    "nsegments": 1,
    "stripeSize": 68719476736,
    "blockSize": 16384,
    "paddingSize": 2101248,
    "totalSize": 68719476736,
    "extentSize": 68736286720,
    "accessType": "read",
    "accessPattern": "random",
    "granularity": "page",
    "nonTemporal": true,
    "noflush": false,
    "set-affinity": true
  },
  "results": {
    "success": true,
    "time": 2799.557643,
    "byte_per_sec": 24546548240.514297,
    "MiB_per_sec": 23409.41261340551,
    "IOPS": 1498202.4072579527,
    "MIOPS": 1.4982024072579527,
    "addr": 20218558545920
  }
}
