{
  "params": {
    "version": "0.2.0",
    "source": "devdax",
    "path": "/dev/dax0.0",
    "nthreads": 4,
    "nsegments": 1,
    "stripeSize": 34359738368,
    "blockSize": 262144,
    "paddingSize": 2101248,
    "totalSize": 34359738368,
    "extentSize": 34368143360,
    "accessType": "read",
    "accessPattern": "sequential",
    "granularity": "page",
    "nonTemporal": true,
    "noflush": false,
    "set-affinity": true
  },
  "results": {
    "success": true,
    "time": 2493.932506,
    "byte_per_sec": 13777332901.085335,
    "MiB_per_sec": 13139.088536343894,
    "IOPS": 52556.354145375575,
    "MIOPS": 0.05255635414537557,
    "addr": 20309826600960
  }
}
