{
  "params": {
    "version": "0.2.0",
    "source": "devdax",
    "path": "/dev/dax0.0",
    "nthreads": 8,
    "nsegments": 1,
    "stripeSize": 68719476736,
    "blockSize": 64,
    "paddingSize": 2101248,
    "totalSize": 68719476736,
    "extentSize": 68736286720,
    "accessType": "read",
    "accessPattern": "sequential",
    "granularity": "page",
    "nonTemporal": true,
    "noflush": false,
    "set-affinity": true
  },
  "results": {
    "success": true,
    "time": 29620.910408,
    "byte_per_sec": 2319965044.6071463,
    "MiB_per_sec": 2212.4910780021155,
    "IOPS": 36249453.82198666,
    "MIOPS": 36.24945382198666,
    "addr": 20242180866048
  }
}
