{
  "params": {
    "version": "0.2.0",
    "source": "devdax",
    "path": "/dev/dax0.0",
    "nthreads": 2,
    "nsegments": 1,
    "stripeSize": 17179869184,
    "blockSize": 32768,
    "paddingSize": 2101248,
    "totalSize": 17179869184,
    "extentSize": 17184071680,
    "accessType": "read",
    "accessPattern": "sequential",
    "granularity": "page",
    "nonTemporal": true,
    "noflush": false,
    "set-affinity": true
  },
  "results": {
    "success": true,
    "time": 2380.391559,
    "byte_per_sec": 7217245044.851884,
    "MiB_per_sec": 6882.9012344855155,
    "IOPS": 220252.8395035365,
    "MIOPS": 0.2202528395035365,
    "addr": 20307679117312
  }
}
