{
  "params": {
    "version": "0.2.0",
    "source": "devdax",
    "path": "/dev/dax0.0",
    "nthreads": 32,
    "nsegments": 1,
    "stripeSize": 274877906944,
    "blockSize": 524288,
    "paddingSize": 2101248,
    "totalSize": 274877906944,
    "extentSize": 274945146880,
    "accessType": "read",
    "accessPattern": "sequential",
    "granularity": "page",
    "nonTemporal": true,
    "noflush": false,
    "set-affinity": true
  },
  "results": {
    "success": true,
    "time": 3898.471708,
    "byte_per_sec": 70509145001.59814,
    "MiB_per_sec": 67242.76065978827,
    "IOPS": 134485.52131957654,
    "MIOPS": 0.13448552131957653,
    "addr": 20219632287744
  }
}
