{
  "params": {
    "version": "0.2.0",
    "source": "devdax",
    "path": "/dev/dax0.0",
    "nthreads": 4,
    "nsegments": 1,
    "stripeSize": 34359738368,
    "blockSize": 32768,
    "paddingSize": 2101248,
    "totalSize": 34359738368,
    "extentSize": 34368143360,
    "accessType": "read",
    "accessPattern": "sequential",
    "granularity": "page",
    "nonTemporal": true,
    "noflush": false,
    "set-affinity": true
  },
  "results": {
    "success": true,
    "time": 2516.6234,
    "byte_per_sec": 13653110897.72113,
    "MiB_per_sec": 13020.621202202921,
    "IOPS": 416659.8784704935,
    "MIOPS": 0.41665987847049346,
    "addr": 21289079144448
  }
}
