{
  "params": {
    "version": "0.2.0",
    "source": "devdax",
    "path": "/dev/dax0.0",
    "nthreads": 2,
    "nsegments": 1,
    "stripeSize": 17179869184,
    "blockSize": 4096,
    "paddingSize": 2101248,
    "totalSize": 17179869184,
    "extentSize": 17184071680,
    "accessType": "read",
    "accessPattern": "sequential",
    "granularity": "page",
    "nonTemporal": true,
    "noflush": false,
    "set-affinity": true
  },
  "results": {
    "success": true,
    "time": 2640.063086,
    "byte_per_sec": 6507370704.549899,
    "MiB_per_sec": 6205.9123082636825,
    "IOPS": 1588713.5509155027,
    "MIOPS": 1.5887135509155028,
    "addr": 20701742366720
  }
}
