{
  "params": {
    "version": "0.2.0",
    "source": "devdax",
    "path": "/dev/dax0.0",
    "nthreads": 4,
    "nsegments": 1,
    "stripeSize": 34359738368,
    "blockSize": 128,
    "paddingSize": 2101248,
    "totalSize": 34359738368,
    "extentSize": 34368143360,
    "accessType": "read",
    "accessPattern": "sequential",
    "granularity": "page",
    "nonTemporal": true,
    "noflush": false,
    "set-affinity": true
  },
  "results": {
    "success": true,
    "time": 14248.534893,
    "byte_per_sec": 2411457642.910374,
    "MiB_per_sec": 2299.745219145178,
    "IOPS": 18839512.8352373,
    "MIOPS": 18.839512835237297,
    "addr": 20502026387456
  }
}
