{
  "params": {
    "version": "0.2.0",
    "source": "devdax",
    "path": "/dev/dax0.0",
    "nthreads": 16,
    "nsegments": 1,
    "stripeSize": 137438953472,
    "blockSize": 65536,
    "paddingSize": 2101248,
    "totalSize": 137438953472,
    "extentSize": 137472573440,
    "accessType": "read",
    "accessPattern": "sequential",
    "granularity": "page",
    "nonTemporal": true,
    "noflush": false,
    "set-affinity": true
  },
  "results": {
    "success": true,
    "time": 3155.130025,
    "byte_per_sec": 43560472114.615944,
    "MiB_per_sec": 41542.503466239876,
    "IOPS": 664680.055459838,
    "MIOPS": 0.664680055459838,
    "addr": 20245402091520
  }
}
