{
  "params": {
    "version": "0.2.0",
    "source": "devdax",
    "path": "/dev/dax0.0",
    "nthreads": 4,
    "nsegments": 1,
    "stripeSize": 34359738368,
    "blockSize": 262144,
    "paddingSize": 2101248,
    "totalSize": 34359738368,
    "extentSize": 34368143360,
    "accessType": "read",
    "accessPattern": "sequential",
    "granularity": "page",
    "nonTemporal": true,
    "noflush": false,
    "set-affinity": true
  },
  "results": {
    "success": true,
    "time": 2495.403807,
    "byte_per_sec": 13769209725.342058,
    "MiB_per_sec": 13131.341672269877,
    "IOPS": 52525.36668907951,
    "MIOPS": 0.052525366689079506,
    "addr": 20591146958848
  }
}
