{
  "params": {
    "version": "0.2.0",
    "source": "devdax",
    "path": "/dev/dax0.0",
    "nthreads": 2,
    "nsegments": 1,
    "stripeSize": 17179869184,
    "blockSize": 512,
    "paddingSize": 2101248,
    "totalSize": 17179869184,
    "extentSize": 17184071680,
    "accessType": "read",
    "accessPattern": "sequential",
    "granularity": "page",
    "nonTemporal": true,
    "noflush": false,
    "set-affinity": true
  },
  "results": {
    "success": true,
    "time": 3475.4850610000003,
    "byte_per_sec": 4943157252.143919,
    "MiB_per_sec": 4714.162113326949,
    "IOPS": 9654604.008093592,
    "MIOPS": 9.654604008093592,
    "addr": 21027086139392
  }
}
