{
  "params": {
    "version": "0.2.0",
    "source": "devdax",
    "path": "/dev/dax0.0",
    "nthreads": 2,
    "nsegments": 1,
    "stripeSize": 17179869184,
    "blockSize": 32768,
    "paddingSize": 2101248,
    "totalSize": 17179869184,
    "extentSize": 17184071680,
    "accessType": "read",
    "accessPattern": "sequential",
    "granularity": "page",
    "nonTemporal": true,
    "noflush": false,
    "set-affinity": true
  },
  "results": {
    "success": true,
    "time": 2374.592493,
    "byte_per_sec": 7234870502.894325,
    "MiB_per_sec": 6899.710181135488,
    "IOPS": 220790.7257963356,
    "MIOPS": 0.2207907257963356,
    "addr": 20780125519872
  }
}
