{
  "params": {
    "version": "0.2.0",
    "source": "devdax",
    "path": "/dev/dax0.0",
    "nthreads": 48,
    "nsegments": 1,
    "stripeSize": 412316860416,
    "blockSize": 131072,
    "paddingSize": 2101248,
    "totalSize": 412316860416,
    "extentSize": 412417720320,
    "accessType": "read",
    "accessPattern": "sequential",
    "granularity": "page",
    "nonTemporal": true,
    "noflush": false,
    "set-affinity": true
  },
  "results": {
    "success": true,
    "time": 5470.986650999999,
    "byte_per_sec": 75364259998.81316,
    "MiB_per_sec": 71872.95913583103,
    "IOPS": 574983.6730866482,
    "MIOPS": 0.5749836730866482,
    "addr": 21218212184064
  }
}
