{
  "params": {
    "version": "0.2.0",
    "source": "devdax",
    "path": "/dev/dax0.0",
    "nthreads": 32,
    "nsegments": 1,
    "stripeSize": 274877906944,
    "blockSize": 2048,
    "paddingSize": 2101248,
    "totalSize": 274877906944,
    "extentSize": 274945146880,
    "accessType": "read",
    "accessPattern": "sequential",
    "granularity": "page",
    "nonTemporal": true,
    "noflush": false,
    "set-affinity": true
  },
  "results": {
    "success": true,
    "time": 4035.672483,
    "byte_per_sec": 68112045291.560394,
    "MiB_per_sec": 64956.7082324604,
    "IOPS": 33257834.615019724,
    "MIOPS": 33.257834615019725,
    "addr": 20788715454464
  }
}
