{
  "params": {
    "version": "0.2.0",
    "source": "devdax",
    "path": "/dev/dax0.0",
    "nthreads": 32,
    "nsegments": 1,
    "stripeSize": 274877906944,
    "blockSize": 4096,
    "paddingSize": 2101248,
    "totalSize": 274877906944,
    "extentSize": 274945146880,
    "accessType": "read",
    "accessPattern": "sequential",
    "granularity": "page",
    "nonTemporal": true,
    "noflush": false,
    "set-affinity": true
  },
  "results": {
    "success": true,
    "time": 4083.8390560000003,
    "byte_per_sec": 67308702222.27483,
    "MiB_per_sec": 64190.58058001979,
    "IOPS": 16432788.628485067,
    "MIOPS": 16.432788628485067,
    "addr": 20301236666368
  }
}
