{
  "params": {
    "version": "0.2.0",
    "source": "devdax",
    "path": "/dev/dax0.0",
    "nthreads": 8,
    "nsegments": 1,
    "stripeSize": 68719476736,
    "blockSize": 2048,
    "paddingSize": 2101248,
    "totalSize": 68719476736,
    "extentSize": 68736286720,
    "accessType": "read",
    "accessPattern": "sequential",
    "granularity": "page",
    "nonTemporal": true,
    "noflush": false,
    "set-affinity": true
  },
  "results": {
    "success": true,
    "time": 2789.7947059999997,
    "byte_per_sec": 24632449329.767994,
    "MiB_per_sec": 23491.334275978083,
    "IOPS": 12027563.149300778,
    "MIOPS": 12.027563149300779,
    "addr": 20799452872704
  }
}
