{
  "params": {
    "version": "0.2.0",
    "source": "devdax",
    "path": "/dev/dax0.0",
    "nthreads": 4,
    "nsegments": 1,
    "stripeSize": 34359738368,
    "blockSize": 16384,
    "paddingSize": 2101248,
    "totalSize": 34359738368,
    "extentSize": 34368143360,
    "accessType": "read",
    "accessPattern": "sequential",
    "granularity": "page",
    "nonTemporal": true,
    "noflush": false,
    "set-affinity": true
  },
  "results": {
    "success": true,
    "time": 2512.466937,
    "byte_per_sec": 13675697722.42539,
    "MiB_per_sec": 13042.161676812544,
    "IOPS": 834698.3473160028,
    "MIOPS": 0.8346983473160028,
    "addr": 20496657678336
  }
}
