{
  "params": {
    "version": "0.2.0",
    "source": "devdax",
    "path": "/dev/dax0.0",
    "nthreads": 48,
    "nsegments": 1,
    "stripeSize": 412316860416,
    "blockSize": 65536,
    "paddingSize": 2101248,
    "totalSize": 412316860416,
    "extentSize": 412417720320,
    "accessType": "read",
    "accessPattern": "sequential",
    "granularity": "page",
    "nonTemporal": true,
    "noflush": false,
    "set-affinity": true
  },
  "results": {
    "success": true,
    "time": 5468.70957,
    "byte_per_sec": 75395640441.00444,
    "MiB_per_sec": 71902.88585758633,
    "IOPS": 1150446.1737213812,
    "MIOPS": 1.1504461737213811,
    "addr": 21131239096320
  }
}
