{
  "params": {
    "version": "0.2.0",
    "source": "devdax",
    "path": "/dev/dax0.0",
    "nthreads": 2,
    "nsegments": 1,
    "stripeSize": 17179869184,
    "blockSize": 512,
    "paddingSize": 2101248,
    "totalSize": 17179869184,
    "extentSize": 17184071680,
    "accessType": "read",
    "accessPattern": "sequential",
    "granularity": "page",
    "nonTemporal": true,
    "noflush": false,
    "set-affinity": true
  },
  "results": {
    "success": true,
    "time": 3669.4580459999997,
    "byte_per_sec": 4681854641.376107,
    "MiB_per_sec": 4464.964524627788,
    "IOPS": 9144247.34643771,
    "MIOPS": 9.144247346437709,
    "addr": 20931523117056
  }
}
