{
  "params": {
    "version": "0.2.0",
    "source": "devdax",
    "path": "/dev/dax0.0",
    "nthreads": 8,
    "nsegments": 1,
    "stripeSize": 68719476736,
    "blockSize": 64,
    "paddingSize": 2101248,
    "totalSize": 68719476736,
    "extentSize": 68736286720,
    "accessType": "read",
    "accessPattern": "sequential",
    "granularity": "page",
    "nonTemporal": true,
    "noflush": false,
    "set-affinity": true
  },
  "results": {
    "success": true,
    "time": 29431.078116999997,
    "byte_per_sec": 2334928963.9616094,
    "MiB_per_sec": 2226.7617835632414,
    "IOPS": 36483265.06190015,
    "MIOPS": 36.48326506190015,
    "addr": 20945481760768
  }
}
