{
  "params": {
    "version": "0.2.0",
    "source": "devdax",
    "path": "/dev/dax0.0",
    "nthreads": 1,
    "nsegments": 1,
    "stripeSize": 8589934592,
    "blockSize": 32768,
    "paddingSize": 2101248,
    "totalSize": 8589934592,
    "extentSize": 8592035840,
    "accessType": "read",
    "accessPattern": "sequential",
    "granularity": "page",
    "nonTemporal": true,
    "noflush": false,
    "set-affinity": true
  },
  "results": {
    "success": true,
    "time": 2311.0461720000003,
    "byte_per_sec": 3716903061.5109663,
    "MiB_per_sec": 3544.7149863347686,
    "IOPS": 113430.8795627126,
    "MIOPS": 0.1134308795627126,
    "addr": 21201032314880
  }
}
