{
  "params": {
    "version": "0.2.0",
    "source": "devdax",
    "path": "/dev/dax0.0",
    "nthreads": 32,
    "nsegments": 1,
    "stripeSize": 274877906944,
    "blockSize": 512,
    "paddingSize": 2101248,
    "totalSize": 274877906944,
    "extentSize": 274945146880,
    "accessType": "read",
    "accessPattern": "sequential",
    "granularity": "page",
    "nonTemporal": true,
    "noflush": false,
    "set-affinity": true
  },
  "results": {
    "success": true,
    "time": 4268.36725,
    "byte_per_sec": 64398841721.97226,
    "MiB_per_sec": 61415.521356556186,
    "IOPS": 125778987.73822707,
    "MIOPS": 125.77898773822707,
    "addr": 20791936679936
  }
}
