{
  "params": {
    "version": "0.2.0",
    "source": "devdax",
    "path": "/dev/dax0.0",
    "nthreads": 1,
    "nsegments": 1,
    "stripeSize": 8589934592,
    "blockSize": 1048576,
    "paddingSize": 2101248,
    "totalSize": 8589934592,
    "extentSize": 8592035840,
    "accessType": "read",
    "accessPattern": "sequential",
    "granularity": "page",
    "nonTemporal": true,
    "noflush": false,
    "set-affinity": true
  },
  "results": {
    "success": true,
    "time": 2297.314834,
    "byte_per_sec": 3739119455.840331,
    "MiB_per_sec": 3565.902191009837,
    "IOPS": 3565.902191009837,
    "MIOPS": 0.0035659021910098374,
    "addr": 20748987006976
  }
}
