{
  "params": {
    "version": "0.2.0",
    "source": "devdax",
    "path": "/dev/dax0.0",
    "nthreads": 4,
    "nsegments": 1,
    "stripeSize": 34359738368,
    "blockSize": 16384,
    "paddingSize": 2101248,
    "totalSize": 34359738368,
    "extentSize": 34368143360,
    "accessType": "read",
    "accessPattern": "sequential",
    "granularity": "page",
    "nonTemporal": true,
    "noflush": false,
    "set-affinity": true
  },
  "results": {
    "success": true,
    "time": 2521.704885,
    "byte_per_sec": 13625598527.561245,
    "MiB_per_sec": 12994.383361397977,
    "IOPS": 831640.5351294705,
    "MIOPS": 0.8316405351294706,
    "addr": 20211042353152
  }
}
