{
  "params": {
    "version": "0.2.0",
    "source": "devdax",
    "path": "/dev/dax0.0",
    "nthreads": 2,
    "nsegments": 1,
    "stripeSize": 17179869184,
    "blockSize": 8192,
    "paddingSize": 2101248,
    "totalSize": 17179869184,
    "extentSize": 17184071680,
    "accessType": "read",
    "accessPattern": "sequential",
    "granularity": "page",
    "nonTemporal": true,
    "noflush": false,
    "set-affinity": true
  },
  "results": {
    "success": true,
    "time": 2422.0304029999998,
    "byte_per_sec": 7093168261.934489,
    "MiB_per_sec": 6764.5723933548825,
    "IOPS": 865865.266349425,
    "MIOPS": 0.865865266349425,
    "addr": 21179557478400
  }
}
