{
  "params": {
    "version": "0.2.0",
    "source": "devdax",
    "path": "/dev/dax0.0",
    "nthreads": 8,
    "nsegments": 1,
    "stripeSize": 68719476736,
    "blockSize": 16384,
    "paddingSize": 2101248,
    "totalSize": 68719476736,
    "extentSize": 68736286720,
    "accessType": "write",
    "accessPattern": "random",
    "granularity": "page",
    "nonTemporal": true,
    "noflush": false,
    "set-affinity": true
  },
  "results": {
    "success": true,
    "time": 2824.083382,
    "byte_per_sec": 24333373856.452232,
    "MiB_per_sec": 23206.113678409798,
    "IOPS": 1485191.275418227,
    "MIOPS": 1.485191275418227,
    "addr": 20915416989696
  }
}
