{
  "params": {
    "version": "0.2.0",
    "source": "devdax",
    "path": "/dev/dax0.0",
    "nthreads": 4,
    "nsegments": 1,
    "stripeSize": 34359738368,
    "blockSize": 256,
    "paddingSize": 2101248,
    "totalSize": 34359738368,
    "extentSize": 34368143360,
    "accessType": "write",
    "accessPattern": "random",
    "granularity": "page",
    "nonTemporal": true,
    "noflush": false,
    "set-affinity": true
  },
  "results": {
    "success": true,
    "time": 8355.748701,
    "byte_per_sec": 4112107675.5082273,
    "MiB_per_sec": 3921.6114764292024,
    "IOPS": 16062920.607454013,
    "MIOPS": 16.062920607454014,
    "addr": 20209968611328
  }
}
