{
  "params": {
    "version": "0.2.0",
    "source": "devdax",
    "path": "/dev/dax0.0",
    "nthreads": 32,
    "nsegments": 1,
    "stripeSize": 274877906944,
    "blockSize": 128,
    "paddingSize": 2101248,
    "totalSize": 274877906944,
    "extentSize": 274945146880,
    "accessType": "write",
    "accessPattern": "random",
    "granularity": "page",
    "nonTemporal": true,
    "noflush": false,
    "set-affinity": true
  },
  "results": {
    "success": true,
    "time": 18157.280404,
    "byte_per_sec": 15138715756.322468,
    "MiB_per_sec": 14437.404400179355,
    "IOPS": 118271216.84626928,
    "MIOPS": 118.27121684626928,
    "addr": 20519206256640
  }
}
