{
  "params": {
    "version": "0.2.0",
    "source": "devdax",
    "path": "/dev/dax0.0",
    "nthreads": 48,
    "nsegments": 1,
    "stripeSize": 412316860416,
    "blockSize": 512,
    "paddingSize": 2101248,
    "totalSize": 412316860416,
    "extentSize": 412417720320,
    "accessType": "write",
    "accessPattern": "random",
    "granularity": "page",
    "nonTemporal": true,
    "noflush": false,
    "set-affinity": true
  },
  "results": {
    "success": true,
    "time": 16114.389583000002,
    "byte_per_sec": 25586874283.52712,
    "MiB_per_sec": 24401.544841315383,
    "IOPS": 49974363.8350139,
    "MIOPS": 49.974363835013904,
    "addr": 20975546531840
  }
}
