{
  "params": {
    "version": "0.2.0",
    "source": "devdax",
    "path": "/dev/dax0.0",
    "nthreads": 8,
    "nsegments": 1,
    "stripeSize": 68719476736,
    "blockSize": 16384,
    "paddingSize": 2101248,
    "totalSize": 68719476736,
    "extentSize": 68736286720,
    "accessType": "write",
    "accessPattern": "random",
    "granularity": "page",
    "nonTemporal": true,
    "noflush": false,
    "set-affinity": true
  },
  "results": {
    "success": true,
    "time": 2823.818104,
    "byte_per_sec": 24335659807.07375,
    "MiB_per_sec": 23208.293730806112,
    "IOPS": 1485330.7987715912,
    "MIOPS": 1.4853307987715911,
    "addr": 21246129471488
  }
}
