{
  "params": {
    "version": "0.2.0",
    "source": "devdax",
    "path": "/dev/dax0.0",
    "nthreads": 16,
    "nsegments": 1,
    "stripeSize": 137438953472,
    "blockSize": 262144,
    "paddingSize": 2101248,
    "totalSize": 137438953472,
    "extentSize": 137472573440,
    "accessType": "write",
    "accessPattern": "random",
    "granularity": "page",
    "nonTemporal": true,
    "noflush": false,
    "set-affinity": true
  },
  "results": {
    "success": true,
    "time": 5444.350523,
    "byte_per_sec": 25244324899.982197,
    "MiB_per_sec": 24074.864292127797,
    "IOPS": 96299.45716851119,
    "MIOPS": 0.09629945716851118,
    "addr": 20723217203200
  }
}
