{
  "params": {
    "version": "0.2.0",
    "source": "devdax",
    "path": "/dev/dax0.0",
    "nthreads": 2,
    "nsegments": 1,
    "stripeSize": 17179869184,
    "blockSize": 1048576,
    "paddingSize": 2101248,
    "totalSize": 17179869184,
    "extentSize": 17184071680,
    "accessType": "write",
    "accessPattern": "random",
    "granularity": "page",
    "nonTemporal": true,
    "noflush": false,
    "set-affinity": true
  },
  "results": {
    "success": true,
    "time": 681.483371,
    "byte_per_sec": 25209520752.928246,
    "MiB_per_sec": 24041.672470978017,
    "IOPS": 24041.672470978017,
    "MIOPS": 0.024041672470978017,
    "addr": 20823075192832
  }
}
