{
  "params": {
    "version": "0.2.0",
    "source": "devdax",
    "path": "/dev/dax0.0",
    "nthreads": 32,
    "nsegments": 1,
    "stripeSize": 274877906944,
    "blockSize": 512,
    "paddingSize": 2101248,
    "totalSize": 274877906944,
    "extentSize": 274945146880,
    "accessType": "write",
    "accessPattern": "random",
    "granularity": "page",
    "nonTemporal": true,
    "noflush": false,
    "set-affinity": true
  },
  "results": {
    "success": true,
    "time": 10859.214877999999,
    "byte_per_sec": 25312871145.121475,
    "MiB_per_sec": 24140.235085603214,
    "IOPS": 49439201.45531538,
    "MIOPS": 49.439201455315384,
    "addr": 20452634263552
  }
}
