{
  "params": {
    "version": "0.2.0",
    "source": "devdax",
    "path": "/dev/dax0.0",
    "nthreads": 4,
    "nsegments": 1,
    "stripeSize": 34359738368,
    "blockSize": 16384,
    "paddingSize": 2101248,
    "totalSize": 34359738368,
    "extentSize": 34368143360,
    "accessType": "write",
    "accessPattern": "random",
    "granularity": "page",
    "nonTemporal": true,
    "noflush": false,
    "set-affinity": true
  },
  "results": {
    "success": true,
    "time": 1367.318761,
    "byte_per_sec": 25129281735.936043,
    "MiB_per_sec": 23965.15058129887,
    "IOPS": 1533769.6372031276,
    "MIOPS": 1.5337696372031275,
    "addr": 20462297939968
  }
}
