{
  "params": {
    "version": "0.2.0",
    "source": "devdax",
    "path": "/dev/dax0.0",
    "nthreads": 2,
    "nsegments": 1,
    "stripeSize": 17179869184,
    "blockSize": 64,
    "paddingSize": 2101248,
    "totalSize": 17179869184,
    "extentSize": 17184071680,
    "accessType": "write",
    "accessPattern": "random",
    "granularity": "page",
    "nonTemporal": true,
    "noflush": false,
    "set-affinity": true
  },
  "results": {
    "success": true,
    "time": 32491.939885999996,
    "byte_per_sec": 528742489.49975425,
    "MiB_per_sec": 504.24813222861695,
    "IOPS": 8261601.39843366,
    "MIOPS": 8.26160139843366,
    "addr": 20979841499136
  }
}
