{
  "params": {
    "version": "0.2.0",
    "source": "devdax",
    "path": "/dev/dax0.0",
    "nthreads": 4,
    "nsegments": 1,
    "stripeSize": 34359738368,
    "blockSize": 524288,
    "paddingSize": 2101248,
    "totalSize": 34359738368,
    "extentSize": 34368143360,
    "accessType": "write",
    "accessPattern": "random",
    "granularity": "page",
    "nonTemporal": true,
    "noflush": false,
    "set-affinity": true
  },
  "results": {
    "success": true,
    "time": 1308.1272589999999,
    "byte_per_sec": 26266357597.552364,
    "MiB_per_sec": 25049.550626327862,
    "IOPS": 50099.101252655724,
    "MIOPS": 0.05009910125265572,
    "addr": 20481625292800
  }
}
