{
  "params": {
    "version": "0.2.0",
    "source": "devdax",
    "path": "/dev/dax0.0",
    "nthreads": 4,
    "nsegments": 1,
    "stripeSize": 34359738368,
    "blockSize": 16384,
    "paddingSize": 2101248,
    "totalSize": 34359738368,
    "extentSize": 34368143360,
    "accessType": "write",
    "accessPattern": "random",
    "granularity": "page",
    "nonTemporal": true,
    "noflush": false,
    "set-affinity": true
  },
  "results": {
    "success": true,
    "time": 1370.4498970000002,
    "byte_per_sec": 25071867598.527756,
    "MiB_per_sec": 23910.396193053966,
    "IOPS": 1530265.3563554538,
    "MIOPS": 1.5302653563554538,
    "addr": 21053929684992
  }
}
