{
  "params": {
    "version": "0.2.0",
    "source": "devdax",
    "path": "/dev/dax0.0",
    "nthreads": 1,
    "nsegments": 1,
    "stripeSize": 8589934592,
    "blockSize": 524288,
    "paddingSize": 2101248,
    "totalSize": 8589934592,
    "extentSize": 8592035840,
    "accessType": "write",
    "accessPattern": "random",
    "granularity": "page",
    "nonTemporal": true,
    "noflush": false,
    "set-affinity": true
  },
  "results": {
    "success": true,
    "time": 500.75502500000005,
    "byte_per_sec": 17153965837.8865,
    "MiB_per_sec": 16359.296644102573,
    "IOPS": 32718.593288205146,
    "MIOPS": 0.032718593288205144,
    "addr": 20630875406336
  }
}
