{
  "params": {
    "version": "0.2.0",
    "source": "devdax",
    "path": "/dev/dax0.0",
    "nthreads": 32,
    "nsegments": 1,
    "stripeSize": 274877906944,
    "blockSize": 8192,
    "paddingSize": 2101248,
    "totalSize": 274877906944,
    "extentSize": 274945146880,
    "accessType": "write",
    "accessPattern": "random",
    "granularity": "page",
    "nonTemporal": true,
    "noflush": false,
    "set-affinity": true
  },
  "results": {
    "success": true,
    "time": 10957.800075,
    "byte_per_sec": 25085136164.432167,
    "MiB_per_sec": 23923.050083572547,
    "IOPS": 3062150.410697286,
    "MIOPS": 3.062150410697286,
    "addr": 20808042807296
  }
}
