{
  "params": {
    "version": "0.2.0",
    "source": "devdax",
    "path": "/dev/dax0.0",
    "nthreads": 8,
    "nsegments": 1,
    "stripeSize": 68719476736,
    "blockSize": 128,
    "paddingSize": 2101248,
    "totalSize": 68719476736,
    "extentSize": 68736286720,
    "accessType": "write",
    "accessPattern": "random",
    "granularity": "page",
    "nonTemporal": true,
    "noflush": false,
    "set-affinity": true
  },
  "results": {
    "success": true,
    "time": 16626.833677,
    "byte_per_sec": 4133046500.0717525,
    "MiB_per_sec": 3941.5802956311727,
    "IOPS": 32289425.781810567,
    "MIOPS": 32.289425781810564,
    "addr": 20875688542208
  }
}
