{
  "params": {
    "version": "0.2.0",
    "source": "devdax",
    "path": "/dev/dax0.0",
    "nthreads": 16,
    "nsegments": 1,
    "stripeSize": 137438953472,
    "blockSize": 16384,
    "paddingSize": 2101248,
    "totalSize": 137438953472,
    "extentSize": 137472573440,
    "accessType": "write",
    "accessPattern": "random",
    "granularity": "page",
    "nonTemporal": true,
    "noflush": false,
    "set-affinity": true
  },
  "results": {
    "success": true,
    "time": 5544.739063,
    "byte_per_sec": 24787271666.060726,
    "MiB_per_sec": 23638.984361706473,
    "IOPS": 1512894.9991492142,
    "MIOPS": 1.5128949991492142,
    "addr": 21214990958592
  }
}
