{
  "params": {
    "version": "0.2.0",
    "source": "devdax",
    "path": "/dev/dax0.0",
    "nthreads": 8,
    "nsegments": 1,
    "stripeSize": 68719476736,
    "blockSize": 256,
    "paddingSize": 2101248,
    "totalSize": 68719476736,
    "extentSize": 68736286720,
    "accessType": "write",
    "accessPattern": "random",
    "granularity": "page",
    "nonTemporal": true,
    "noflush": false,
    "set-affinity": true
  },
  "results": {
    "success": true,
    "time": 8571.545736999999,
    "byte_per_sec": 8017162696.730998,
    "MiB_per_sec": 7645.762154322622,
    "IOPS": 31317041.78410546,
    "MIOPS": 31.31704178410546,
    "addr": 21128017870848
  }
}
