{
  "params": {
    "version": "0.2.0",
    "source": "devdax",
    "path": "/dev/dax0.0",
    "nthreads": 1,
    "nsegments": 1,
    "stripeSize": 8589934592,
    "blockSize": 32768,
    "paddingSize": 2101248,
    "totalSize": 8589934592,
    "extentSize": 8592035840,
    "accessType": "write",
    "accessPattern": "random",
    "granularity": "page",
    "nonTemporal": true,
    "noflush": false,
    "set-affinity": true
  },
  "results": {
    "success": true,
    "time": 533.462287,
    "byte_per_sec": 16102234031.025328,
    "MiB_per_sec": 15356.287032151535,
    "IOPS": 491401.1850288491,
    "MIOPS": 0.4914011850288491,
    "addr": 20614769278976
  }
}
