{
  "params": {
    "version": "0.2.0",
    "source": "devdax",
    "path": "/dev/dax0.0",
    "nthreads": 16,
    "nsegments": 1,
    "stripeSize": 137438953472,
    "blockSize": 4096,
    "paddingSize": 2101248,
    "totalSize": 137438953472,
    "extentSize": 137472573440,
    "accessType": "write",
    "accessPattern": "random",
    "granularity": "page",
    "nonTemporal": true,
    "noflush": false,
    "set-affinity": true
  },
  "results": {
    "success": true,
    "time": 5254.983398,
    "byte_per_sec": 26154022394.11604,
    "MiB_per_sec": 24942.419427982368,
    "IOPS": 6385259.373563486,
    "MIOPS": 6.385259373563486,
    "addr": 21102248067072
  }
}
