{
  "params": {
    "version": "0.2.0",
    "source": "devdax",
    "path": "/dev/dax0.0",
    "nthreads": 32,
    "nsegments": 1,
    "stripeSize": 274877906944,
    "blockSize": 256,
    "paddingSize": 2101248,
    "totalSize": 274877906944,
    "extentSize": 274945146880,
    "accessType": "write",
    "accessPattern": "random",
    "granularity": "page",
    "nonTemporal": true,
    "noflush": false,
    "set-affinity": true
  },
  "results": {
    "success": true,
    "time": 12501.138464,
    "byte_per_sec": 21988229930.864,
    "MiB_per_sec": 20969.61014830017,
    "IOPS": 85891523.1674375,
    "MIOPS": 85.8915231674375,
    "addr": 20882130993152
  }
}
