{
  "params": {
    "version": "0.2.0",
    "source": "devdax",
    "path": "/dev/dax0.0",
    "nthreads": 8,
    "nsegments": 1,
    "stripeSize": 68719476736,
    "blockSize": 1024,
    "paddingSize": 2101248,
    "totalSize": 68719476736,
    "extentSize": 68736286720,
    "accessType": "write",
    "accessPattern": "random",
    "granularity": "page",
    "nonTemporal": true,
    "noflush": false,
    "set-affinity": true
  },
  "results": {
    "success": true,
    "time": 3375.418687,
    "byte_per_sec": 20358800820.966125,
    "MiB_per_sec": 19415.66545578587,
    "IOPS": 19881641.426724732,
    "MIOPS": 19.88164142672473,
    "addr": 20803747840000
  }
}
