{
  "params": {
    "version": "0.2.0",
    "source": "devdax",
    "path": "/dev/dax0.0",
    "nthreads": 8,
    "nsegments": 1,
    "stripeSize": 68719476736,
    "blockSize": 2048,
    "paddingSize": 2101248,
    "totalSize": 68719476736,
    "extentSize": 68736286720,
    "accessType": "write",
    "accessPattern": "random",
    "granularity": "page",
    "nonTemporal": true,
    "noflush": false,
    "set-affinity": true
  },
  "results": {
    "success": true,
    "time": 2770.605624,
    "byte_per_sec": 24803052495.355797,
    "MiB_per_sec": 23654.034133296773,
    "IOPS": 12110865.476247948,
    "MIOPS": 12.110865476247948,
    "addr": 20600810635264
  }
}
