{
  "params": {
    "version": "0.2.0",
    "source": "devdax",
    "path": "/dev/dax0.0",
    "nthreads": 2,
    "nsegments": 1,
    "stripeSize": 17179869184,
    "blockSize": 512,
    "paddingSize": 2101248,
    "totalSize": 17179869184,
    "extentSize": 17184071680,
    "accessType": "write",
    "accessPattern": "random",
    "granularity": "page",
    "nonTemporal": true,
    "noflush": false,
    "set-affinity": true
  },
  "results": {
    "success": true,
    "time": 4411.25044,
    "byte_per_sec": 3894557658.3495903,
    "MiB_per_sec": 3714.1396125312713,
    "IOPS": 7606557.926464044,
    "MIOPS": 7.606557926464044,
    "addr": 20418274525184
  }
}
