{
  "params": {
    "version": "0.2.0",
    "source": "devdax",
    "path": "/dev/dax0.0",
    "nthreads": 1,
    "nsegments": 1,
    "stripeSize": 8589934592,
    "blockSize": 1024,
    "paddingSize": 2101248,
    "totalSize": 8589934592,
    "extentSize": 8592035840,
    "accessType": "write",
    "accessPattern": "random",
    "granularity": "page",
    "nonTemporal": true,
    "noflush": false,
    "set-affinity": true
  },
  "results": {
    "success": true,
    "time": 2389.442211,
    "byte_per_sec": 3594953898.636053,
    "MiB_per_sec": 3428.4152017937213,
    "IOPS": 3510697.1666367706,
    "MIOPS": 3.5106971666367706,
    "addr": 20317342793728
  }
}
