{
  "params": {
    "version": "0.2.0",
    "source": "devdax",
    "path": "/dev/dax0.0",
    "nthreads": 16,
    "nsegments": 1,
    "stripeSize": 137438953472,
    "blockSize": 262144,
    "paddingSize": 2101248,
    "totalSize": 137438953472,
    "extentSize": 137472573440,
    "accessType": "write",
    "accessPattern": "random",
    "granularity": "page",
    "nonTemporal": true,
    "noflush": false,
    "set-affinity": true
  },
  "results": {
    "success": true,
    "time": 5353.895068,
    "byte_per_sec": 25670834360.10293,
    "MiB_per_sec": 24481.615409949234,
    "IOPS": 97926.46163979694,
    "MIOPS": 0.09792646163979693,
    "addr": 21043192266752
  }
}
