{
  "params": {
    "version": "0.2.0",
    "source": "devdax",
    "path": "/dev/dax0.0",
    "nthreads": 16,
    "nsegments": 1,
    "stripeSize": 137438953472,
    "blockSize": 131072,
    "paddingSize": 2101248,
    "totalSize": 137438953472,
    "extentSize": 137472573440,
    "accessType": "write",
    "accessPattern": "random",
    "granularity": "page",
    "nonTemporal": true,
    "noflush": false,
    "set-affinity": true
  },
  "results": {
    "success": true,
    "time": 5467.460375,
    "byte_per_sec": 25137622231.41855,
    "MiB_per_sec": 23973.104697626637,
    "IOPS": 191784.8375810131,
    "MIOPS": 0.19178483758101308,
    "addr": 20833812611072
  }
}
