{
  "params": {
    "version": "0.2.0",
    "source": "devdax",
    "path": "/dev/dax0.0",
    "nthreads": 8,
    "nsegments": 1,
    "stripeSize": 68719476736,
    "blockSize": 1024,
    "paddingSize": 2101248,
    "totalSize": 68719476736,
    "extentSize": 68736286720,
    "accessType": "write",
    "accessPattern": "random",
    "granularity": "page",
    "nonTemporal": true,
    "noflush": false,
    "set-affinity": true
  },
  "results": {
    "success": true,
    "time": 3393.8831139999998,
    "byte_per_sec": 20248038729.597805,
    "MiB_per_sec": 19310.03449401646,
    "IOPS": 19773475.321872856,
    "MIOPS": 19.773475321872855,
    "addr": 21138755289088
  }
}
