{
  "params": {
    "version": "0.2.0",
    "source": "devdax",
    "path": "/dev/dax0.0",
    "nthreads": 8,
    "nsegments": 1,
    "stripeSize": 68719476736,
    "blockSize": 1048576,
    "paddingSize": 2101248,
    "totalSize": 68719476736,
    "extentSize": 68736286720,
    "accessType": "write",
    "accessPattern": "random",
    "granularity": "page",
    "nonTemporal": true,
    "noflush": false,
    "set-affinity": true
  },
  "results": {
    "success": true,
    "time": 2712.688795,
    "byte_per_sec": 25332606107.51334,
    "MiB_per_sec": 24159.05581237158,
    "IOPS": 24159.05581237158,
    "MIOPS": 0.02415905581237158,
    "addr": 20958366662656
  }
}
