{
  "params": {
    "version": "0.2.0",
    "source": "devdax",
    "path": "/dev/dax0.0",
    "nthreads": 48,
    "nsegments": 1,
    "stripeSize": 412316860416,
    "blockSize": 512,
    "paddingSize": 2101248,
    "totalSize": 412316860416,
    "extentSize": 412417720320,
    "accessType": "write",
    "accessPattern": "random",
    "granularity": "page",
    "nonTemporal": true,
    "noflush": false,
    "set-affinity": true
  },
  "results": {
    "success": true,
    "time": 15911.689397,
    "byte_per_sec": 25912827364.122536,
    "MiB_per_sec": 24712.39792263273,
    "IOPS": 50610990.94555183,
    "MIOPS": 50.610990945551826,
    "addr": 20995947626496
  }
}
