{
  "params": {
    "version": "0.2.0",
    "source": "devdax",
    "path": "/dev/dax0.0",
    "nthreads": 1,
    "nsegments": 1,
    "stripeSize": 8589934592,
    "blockSize": 16384,
    "paddingSize": 2101248,
    "totalSize": 8589934592,
    "extentSize": 8592035840,
    "accessType": "write",
    "accessPattern": "sequential",
    "granularity": "page",
    "nonTemporal": true,
    "noflush": false,
    "set-affinity": true
  },
  "results": {
    "success": true,
    "time": 599.397302,
    "byte_per_sec": 14330953047.900106,
    "MiB_per_sec": 13667.061851406199,
    "IOPS": 874691.9584899967,
    "MIOPS": 0.8746919584899967,
    "addr": 20806969065472
  }
}
