{
  "params": {
    "version": "0.2.0",
    "source": "devdax",
    "path": "/dev/dax0.0",
    "nthreads": 1,
    "nsegments": 1,
    "stripeSize": 8589934592,
    "blockSize": 1024,
    "paddingSize": 2101248,
    "totalSize": 8589934592,
    "extentSize": 8592035840,
    "accessType": "write",
    "accessPattern": "sequential",
    "granularity": "page",
    "nonTemporal": true,
    "noflush": false,
    "set-affinity": true
  },
  "results": {
    "success": true,
    "time": 2389.793561,
    "byte_per_sec": 3594425364.6769285,
    "MiB_per_sec": 3427.9111525315557,
    "IOPS": 3510181.020192313,
    "MIOPS": 3.510181020192313,
    "addr": 20219632287744
  }
}
