{
  "params": {
    "version": "0.2.0",
    "source": "devdax",
    "path": "/dev/dax0.0",
    "nthreads": 16,
    "nsegments": 1,
    "stripeSize": 137438953472,
    "blockSize": 8192,
    "paddingSize": 2101248,
    "totalSize": 137438953472,
    "extentSize": 137472573440,
    "accessType": "write",
    "accessPattern": "sequential",
    "granularity": "page",
    "nonTemporal": true,
    "noflush": false,
    "set-affinity": true
  },
  "results": {
    "success": true,
    "time": 5275.095264,
    "byte_per_sec": 26054307380.9406,
    "MiB_per_sec": 24847.32378095684,
    "IOPS": 3180457.4439624758,
    "MIOPS": 3.1804574439624758,
    "addr": 20558934704128
  }
}
