{
  "params": {
    "version": "0.2.0",
    "source": "devdax",
    "path": "/dev/dax0.0",
    "nthreads": 2,
    "nsegments": 1,
    "stripeSize": 17179869184,
    "blockSize": 16384,
    "paddingSize": 2101248,
    "totalSize": 17179869184,
    "extentSize": 17184071680,
    "accessType": "write",
    "accessPattern": "sequential",
    "granularity": "page",
    "nonTemporal": true,
    "noflush": false,
    "set-affinity": true
  },
  "results": {
    "success": true,
    "time": 746.806137,
    "byte_per_sec": 23004456354.6483,
    "MiB_per_sec": 21938.75918831663,
    "IOPS": 1404080.5880522644,
    "MIOPS": 1.4040805880522644,
    "addr": 20728585912320
  }
}
