{
  "params": {
    "version": "0.2.0",
    "source": "devdax",
    "path": "/dev/dax0.0",
    "nthreads": 1,
    "nsegments": 1,
    "stripeSize": 8589934592,
    "blockSize": 2048,
    "paddingSize": 2101248,
    "totalSize": 8589934592,
    "extentSize": 8592035840,
    "accessType": "write",
    "accessPattern": "sequential",
    "granularity": "page",
    "nonTemporal": true,
    "noflush": false,
    "set-affinity": true
  },
  "results": {
    "success": true,
    "time": 1419.6421990000001,
    "byte_per_sec": 6050774341.626907,
    "MiB_per_sec": 5770.468083979518,
    "IOPS": 2954479.6589975134,
    "MIOPS": 2.9544796589975135,
    "addr": 20337743888384
  }
}
