{
  "params": {
    "version": "0.2.0",
    "source": "devdax",
    "path": "/dev/dax0.0",
    "nthreads": 8,
    "nsegments": 1,
    "stripeSize": 68719476736,
    "blockSize": 8192,
    "paddingSize": 2101248,
    "totalSize": 68719476736,
    "extentSize": 68736286720,
    "accessType": "write",
    "accessPattern": "sequential",
    "granularity": "page",
    "nonTemporal": true,
    "noflush": false,
    "set-affinity": true
  },
  "results": {
    "success": true,
    "time": 2634.112412,
    "byte_per_sec": 26088285535.173283,
    "MiB_per_sec": 24879.72787396744,
    "IOPS": 3184605.1678678324,
    "MIOPS": 3.1846051678678324,
    "addr": 21217138442240
  }
}
