{
  "params": {
    "version": "0.2.0",
    "source": "devdax",
    "path": "/dev/dax0.0",
    "nthreads": 2,
    "nsegments": 1,
    "stripeSize": 17179869184,
    "blockSize": 4096,
    "paddingSize": 2101248,
    "totalSize": 17179869184,
    "extentSize": 17184071680,
    "accessType": "write",
    "accessPattern": "sequential",
    "granularity": "page",
    "nonTemporal": true,
    "noflush": false,
    "set-affinity": true
  },
  "results": {
    "success": true,
    "time": 1025.835067,
    "byte_per_sec": 16747204045.423803,
    "MiB_per_sec": 15971.37836973553,
    "IOPS": 4088672.8626522957,
    "MIOPS": 4.088672862652296,
    "addr": 20433306910720
  }
}
