{
  "params": {
    "version": "0.2.0",
    "source": "devdax",
    "path": "/dev/dax0.0",
    "nthreads": 1,
    "nsegments": 1,
    "stripeSize": 8589934592,
    "blockSize": 8192,
    "paddingSize": 2101248,
    "totalSize": 8589934592,
    "extentSize": 8592035840,
    "accessType": "write",
    "accessPattern": "sequential",
    "granularity": "page",
    "nonTemporal": true,
    "noflush": false,
    "set-affinity": true
  },
  "results": {
    "success": true,
    "time": 701.815549,
    "byte_per_sec": 12239590023.67444,
    "MiB_per_sec": 11672.58264892048,
    "IOPS": 1494090.5790618213,
    "MIOPS": 1.4940905790618213,
    "addr": 20266876928000
  }
}
