{
  "params": {
    "version": "0.2.0",
    "source": "devdax",
    "path": "/dev/dax0.0",
    "nthreads": 2,
    "nsegments": 1,
    "stripeSize": 17179869184,
    "blockSize": 131072,
    "paddingSize": 2101248,
    "totalSize": 17179869184,
    "extentSize": 17184071680,
    "accessType": "write",
    "accessPattern": "sequential",
    "granularity": "page",
    "nonTemporal": true,
    "noflush": false,
    "set-affinity": true
  },
  "results": {
    "success": true,
    "time": 662.299933,
    "byte_per_sec": 25939711493.221607,
    "MiB_per_sec": 24738.036626073463,
    "IOPS": 197904.2930085877,
    "MIOPS": 0.1979042930085877,
    "addr": 21167746318336
  }
}
