{
  "params": {
    "version": "0.2.0",
    "source": "devdax",
    "path": "/dev/dax0.0",
    "nthreads": 1,
    "nsegments": 1,
    "stripeSize": 8589934592,
    "blockSize": 4096,
    "paddingSize": 2101248,
    "totalSize": 8589934592,
    "extentSize": 8592035840,
    "accessType": "write",
    "accessPattern": "sequential",
    "granularity": "page",
    "nonTemporal": true,
    "noflush": false,
    "set-affinity": true
  },
  "results": {
    "success": true,
    "time": 944.3595740000001,
    "byte_per_sec": 9096042258.157907,
    "MiB_per_sec": 8674.661882551105,
    "IOPS": 2220713.441933083,
    "MIOPS": 2.220713441933083,
    "addr": 20318416535552
  }
}
