{
  "params": {
    "version": "0.2.0",
    "source": "devdax",
    "path": "/dev/dax0.0",
    "nthreads": 8,
    "nsegments": 1,
    "stripeSize": 68719476736,
    "blockSize": 16384,
    "paddingSize": 2101248,
    "totalSize": 68719476736,
    "extentSize": 68736286720,
    "accessType": "write",
    "accessPattern": "sequential",
    "granularity": "page",
    "nonTemporal": true,
    "noflush": false,
    "set-affinity": true
  },
  "results": {
    "success": true,
    "time": 2838.325384,
    "byte_per_sec": 24211275114.326355,
    "MiB_per_sec": 23089.67124397884,
    "IOPS": 1477738.9596146457,
    "MIOPS": 1.4777389596146457,
    "addr": 21114059227136
  }
}
