{
  "params": {
    "version": "0.2.0",
    "source": "devdax",
    "path": "/dev/dax0.0",
    "nthreads": 1,
    "nsegments": 1,
    "stripeSize": 8589934592,
    "blockSize": 65536,
    "paddingSize": 2101248,
    "totalSize": 8589934592,
    "extentSize": 8592035840,
    "accessType": "write",
    "accessPattern": "sequential",
    "granularity": "page",
    "nonTemporal": true,
    "noflush": false,
    "set-affinity": true
  },
  "results": {
    "success": true,
    "time": 529.018059,
    "byte_per_sec": 16237507294.623377,
    "MiB_per_sec": 15485.293669341447,
    "IOPS": 247764.69870946315,
    "MIOPS": 0.24776469870946316,
    "addr": 20974472790016
  }
}
