{
  "params": {
    "version": "0.2.0",
    "source": "devdax",
    "path": "/dev/dax0.0",
    "nthreads": 8,
    "nsegments": 1,
    "stripeSize": 68719476736,
    "blockSize": 8192,
    "paddingSize": 2101248,
    "totalSize": 68719476736,
    "extentSize": 68736286720,
    "accessType": "write",
    "accessPattern": "sequential",
    "granularity": "page",
    "nonTemporal": true,
    "noflush": false,
    "set-affinity": true
  },
  "results": {
    "success": true,
    "time": 2632.64439,
    "byte_per_sec": 26102832952.687546,
    "MiB_per_sec": 24893.60137242083,
    "IOPS": 3186380.9756698664,
    "MIOPS": 3.1863809756698664,
    "addr": 21119427936256
  }
}
