{
  "params": {
    "version": "0.2.0",
    "source": "devdax",
    "path": "/dev/dax0.0",
    "nthreads": 32,
    "nsegments": 1,
    "stripeSize": 274877906944,
    "blockSize": 16384,
    "paddingSize": 2101248,
    "totalSize": 274877906944,
    "extentSize": 274945146880,
    "accessType": "write",
    "accessPattern": "sequential",
    "granularity": "page",
    "nonTemporal": true,
    "noflush": false,
    "set-affinity": true
  },
  "results": {
    "success": true,
    "time": 11091.898159999999,
    "byte_per_sec": 24781863570.950783,
    "MiB_per_sec": 23633.826800299437,
    "IOPS": 1512564.915219164,
    "MIOPS": 1.512564915219164,
    "addr": 20275466862592
  }
}
