{
  "params": {
    "version": "0.2.0",
    "source": "devdax",
    "path": "/dev/dax0.0",
    "nthreads": 16,
    "nsegments": 1,
    "stripeSize": 137438953472,
    "blockSize": 2048,
    "paddingSize": 2101248,
    "totalSize": 137438953472,
    "extentSize": 137472573440,
    "accessType": "write",
    "accessPattern": "sequential",
    "granularity": "page",
    "nonTemporal": true,
    "noflush": false,
    "set-affinity": true
  },
  "results": {
    "success": true,
    "time": 5384.655815,
    "byte_per_sec": 25524185425.02516,
    "MiB_per_sec": 24341.76008703724,
    "IOPS": 12462981.164563067,
    "MIOPS": 12.462981164563066,
    "addr": 20526722449408
  }
}
