{
  "params": {
    "version": "0.2.0",
    "source": "devdax",
    "path": "/dev/dax0.0",
    "nthreads": 2,
    "nsegments": 1,
    "stripeSize": 17179869184,
    "blockSize": 32768,
    "paddingSize": 2101248,
    "totalSize": 17179869184,
    "extentSize": 17184071680,
    "accessType": "write",
    "accessPattern": "sequential",
    "granularity": "page",
    "nonTemporal": true,
    "noflush": false,
    "set-affinity": true
  },
  "results": {
    "success": true,
    "time": 693.933616,
    "byte_per_sec": 24757222863.807766,
    "MiB_per_sec": 23610.327590759054,
    "IOPS": 755530.4829042897,
    "MIOPS": 0.7555304829042897,
    "addr": 20679193788416
  }
}
