{
  "params": {
    "version": "0.2.0",
    "source": "devdax",
    "path": "/dev/dax0.0",
    "nthreads": 8,
    "nsegments": 1,
    "stripeSize": 68719476736,
    "blockSize": 16384,
    "paddingSize": 2101248,
    "totalSize": 68719476736,
    "extentSize": 68736286720,
    "accessType": "write",
    "accessPattern": "sequential",
    "granularity": "page",
    "nonTemporal": true,
    "noflush": false,
    "set-affinity": true
  },
  "results": {
    "success": true,
    "time": 2791.683484,
    "byte_per_sec": 24615783676.71426,
    "MiB_per_sec": 23475.4406706946,
    "IOPS": 1502428.2029244544,
    "MIOPS": 1.5024282029244544,
    "addr": 20532091158528
  }
}
