{
  "params": {
    "version": "0.2.0",
    "source": "devdax",
    "path": "/dev/dax0.0",
    "nthreads": 2,
    "nsegments": 1,
    "stripeSize": 17179869184,
    "blockSize": 65536,
    "paddingSize": 2101248,
    "totalSize": 17179869184,
    "extentSize": 17184071680,
    "accessType": "write",
    "accessPattern": "sequential",
    "granularity": "page",
    "nonTemporal": true,
    "noflush": false,
    "set-affinity": true
  },
  "results": {
    "success": true,
    "time": 650.09957,
    "byte_per_sec": 26426519839.10711,
    "MiB_per_sec": 25202.293242556676,
    "IOPS": 403236.6918809068,
    "MIOPS": 0.40323669188090683,
    "addr": 20664161402880
  }
}
