{
  "params": {
    "version": "0.2.0",
    "source": "devdax",
    "path": "/dev/dax0.0",
    "nthreads": 2,
    "nsegments": 1,
    "stripeSize": 17179869184,
    "blockSize": 2048,
    "paddingSize": 4096,
    "totalSize": 17179869184,
    "extentSize": 17179877376,
    "accessType": "read",
    "accessPattern": "random",
    "granularity": "page",
    "nonTemporal": false,
    "noflush": true,
    "set-affinity": true
  },
  "results": {
    "success": true,
    "time": 2591.822576,
    "byte_per_sec": 6628489674.827186,
    "MiB_per_sec": 6321.420359446703,
    "IOPS": 3236567.2240367117,
    "MIOPS": 3.236567224036712,
    "addr": 20710332301312
  }
}
