{
  "params": {
    "version": "0.2.0",
    "source": "devdax",
    "path": "/dev/dax0.0",
    "nthreads": 48,
    "nsegments": 1,
    "stripeSize": 412316860416,
    "blockSize": 1048576,
    "paddingSize": 4096,
    "totalSize": 412316860416,
    "extentSize": 412317057024,
    "accessType": "read",
    "accessPattern": "random",
    "granularity": "page",
    "nonTemporal": false,
    "noflush": true,
    "set-affinity": true
  },
  "results": {
    "success": true,
    "time": 4994.821080000001,
    "byte_per_sec": 82548874887.02597,
    "MiB_per_sec": 78724.74182798955,
    "IOPS": 78724.74182798955,
    "MIOPS": 0.07872474182798955,
    "addr": 20897163378688
  }
}
