{
  "params": {
    "version": "0.2.0",
    "source": "devdax",
    "path": "/dev/dax0.0",
    "nthreads": 4,
    "nsegments": 1,
    "stripeSize": 34359738368,
    "blockSize": 512,
    "paddingSize": 4096,
    "totalSize": 34359738368,
    "extentSize": 34359754752,
    "accessType": "read",
    "accessPattern": "random",
    "granularity": "page",
    "nonTemporal": false,
    "noflush": true,
    "set-affinity": true
  },
  "results": {
    "success": true,
    "time": 4227.204374,
    "byte_per_sec": 8128241581.915054,
    "MiB_per_sec": 7751.6952342176955,
    "IOPS": 15875471.83967784,
    "MIOPS": 15.875471839677841,
    "addr": 20470887874560
  }
}
