{
  "params": {
    "version": "0.2.0",
    "source": "devdax",
    "path": "/dev/dax0.0",
    "nthreads": 1,
    "nsegments": 1,
    "stripeSize": 8589934592,
    "blockSize": 524288,
    "paddingSize": 4096,
    "totalSize": 8589934592,
    "extentSize": 8589938688,
    "accessType": "read",
    "accessPattern": "random",
    "granularity": "page",
    "nonTemporal": false,
    "noflush": true,
    "set-affinity": true
  },
  "results": {
    "success": true,
    "time": 1992.820436,
    "byte_per_sec": 4310440838.935677,
    "MiB_per_sec": 4110.756720481564,
    "IOPS": 8221.513440963128,
    "MIOPS": 0.008221513440963129,
    "addr": 20890720927744
  }
}
