{
  "params": {
    "version": "0.2.0",
    "source": "devdax",
    "path": "/dev/dax0.0",
    "nthreads": 1,
    "nsegments": 1,
    "stripeSize": 8589934592,
    "blockSize": 1048576,
    "paddingSize": 4096,
    "totalSize": 8589934592,
    "extentSize": 8589938688,
    "accessType": "read",
    "accessPattern": "random",
    "granularity": "page",
    "nonTemporal": false,
    "noflush": true,
    "set-affinity": true
  },
  "results": {
    "success": true,
    "time": 2085.751507,
    "byte_per_sec": 4118388294.6608367,
    "MiB_per_sec": 3927.601141606175,
    "IOPS": 3927.601141606175,
    "MIOPS": 0.003927601141606175,
    "addr": 20815559000064
  }
}
