{
  "params": {
    "version": "0.2.0",
    "source": "devdax",
    "path": "/dev/dax0.0",
    "nthreads": 4,
    "nsegments": 1,
    "stripeSize": 34359738368,
    "blockSize": 512,
    "paddingSize": 4096,
    "totalSize": 34359738368,
    "extentSize": 34359754752,
    "accessType": "read",
    "accessPattern": "random",
    "granularity": "page",
    "nonTemporal": false,
    "noflush": true,
    "set-affinity": true
  },
  "results": {
    "success": true,
    "time": 4236.729233,
    "byte_per_sec": 8109967967.830244,
    "MiB_per_sec": 7734.2681577970925,
    "IOPS": 15839781.187168445,
    "MIOPS": 15.839781187168445,
    "addr": 20216411062272
  }
}
