{
  "params": {
    "version": "0.2.0",
    "source": "devdax",
    "path": "/dev/dax0.0",
    "nthreads": 1,
    "nsegments": 1,
    "stripeSize": 8589934592,
    "blockSize": 256,
    "paddingSize": 4096,
    "totalSize": 8589934592,
    "extentSize": 8589938688,
    "accessType": "read",
    "accessPattern": "random",
    "granularity": "page",
    "nonTemporal": false,
    "noflush": true,
    "set-affinity": true
  },
  "results": {
    "success": true,
    "time": 5293.944197,
    "byte_per_sec": 1622596361.4931545,
    "MiB_per_sec": 1547.4284758502527,
    "IOPS": 6338267.037082635,
    "MIOPS": 6.338267037082635,
    "addr": 20482699034624
  }
}
