{
  "params": {
    "version": "0.2.0",
    "source": "devdax",
    "path": "/dev/dax0.0",
    "nthreads": 16,
    "nsegments": 1,
    "stripeSize": 137438953472,
    "blockSize": 16384,
    "paddingSize": 4096,
    "totalSize": 137438953472,
    "extentSize": 137439019008,
    "accessType": "read",
    "accessPattern": "random",
    "granularity": "page",
    "nonTemporal": false,
    "noflush": true,
    "set-affinity": true
  },
  "results": {
    "success": true,
    "time": 2341.344898,
    "byte_per_sec": 58700857609.402916,
    "MiB_per_sec": 55981.500253107944,
    "IOPS": 3582816.0161989084,
    "MIOPS": 3.5828160161989087,
    "addr": 20600810635264
  }
}
