{
  "params": {
    "version": "0.2.0",
    "source": "devdax",
    "path": "/dev/dax0.0",
    "nthreads": 48,
    "nsegments": 1,
    "stripeSize": 412316860416,
    "blockSize": 512,
    "paddingSize": 4096,
    "totalSize": 412316860416,
    "extentSize": 412317057024,
    "accessType": "read",
    "accessPattern": "random",
    "granularity": "page",
    "nonTemporal": false,
    "noflush": true,
    "set-affinity": true
  },
  "results": {
    "success": true,
    "time": 8090.9333369999995,
    "byte_per_sec": 50960358124.62659,
    "MiB_per_sec": 48599.58469832095,
    "IOPS": 99531949.4621613,
    "MIOPS": 99.53194946216131,
    "addr": 21179557478400
  }
}
