{
  "params": {
    "version": "0.2.0",
    "source": "devdax",
    "path": "/dev/dax0.0",
    "nthreads": 16,
    "nsegments": 1,
    "stripeSize": 137438953472,
    "blockSize": 1024,
    "paddingSize": 4096,
    "totalSize": 137438953472,
    "extentSize": 137439019008,
    "accessType": "read",
    "accessPattern": "random",
    "granularity": "page",
    "nonTemporal": false,
    "noflush": true,
    "set-affinity": true
  },
  "results": {
    "success": true,
    "time": 4218.857577,
    "byte_per_sec": 32577291592.225754,
    "MiB_per_sec": 31068.12628958297,
    "IOPS": 31813761.320532963,
    "MIOPS": 31.81376132053296,
    "addr": 20671677595648
  }
}
