{
  "params": {
    "version": "0.2.0",
    "source": "devdax",
    "path": "/dev/dax0.0",
    "nthreads": 48,
    "nsegments": 1,
    "stripeSize": 412316860416,
    "blockSize": 262144,
    "paddingSize": 4096,
    "totalSize": 412316860416,
    "extentSize": 412317057024,
    "accessType": "read",
    "accessPattern": "random",
    "granularity": "page",
    "nonTemporal": false,
    "noflush": true,
    "set-affinity": true
  },
  "results": {
    "success": true,
    "time": 4982.830394,
    "byte_per_sec": 82747520548.2581,
    "MiB_per_sec": 78914.18509317217,
    "IOPS": 315656.7403726887,
    "MIOPS": 0.3156567403726887,
    "addr": 20518132514816
  }
}
