{
  "params": {
    "version": "0.2.0",
    "source": "devdax",
    "path": "/dev/dax0.0",
    "nthreads": 32,
    "nsegments": 1,
    "stripeSize": 274877906944,
    "blockSize": 2048,
    "paddingSize": 4096,
    "totalSize": 274877906944,
    "extentSize": 274878038016,
    "accessType": "read",
    "accessPattern": "random",
    "granularity": "page",
    "nonTemporal": false,
    "noflush": true,
    "set-affinity": true
  },
  "results": {
    "success": true,
    "time": 4957.027764,
    "byte_per_sec": 55452162067.8177,
    "MiB_per_sec": 52883.302753274635,
    "IOPS": 27076251.009676613,
    "MIOPS": 27.076251009676614,
    "addr": 20544976060416
  }
}
