{
  "params": {
    "version": "0.2.0",
    "source": "devdax",
    "path": "/dev/dax0.0",
    "nthreads": 4,
    "nsegments": 1,
    "stripeSize": 34359738368,
    "blockSize": 256,
    "paddingSize": 4096,
    "totalSize": 34359738368,
    "extentSize": 34359754752,
    "accessType": "read",
    "accessPattern": "random",
    "granularity": "page",
    "nonTemporal": false,
    "noflush": true,
    "set-affinity": true
  },
  "results": {
    "success": true,
    "time": 5446.627104,
    "byte_per_sec": 6308443319.493311,
    "MiB_per_sec": 6016.200370305358,
    "IOPS": 24642356.716770746,
    "MIOPS": 24.642356716770745,
    "addr": 20465519165440
  }
}
