{
  "params": {
    "version": "0.2.0",
    "source": "devdax",
    "path": "/dev/dax0.0",
    "nthreads": 4,
    "nsegments": 1,
    "stripeSize": 34359738368,
    "blockSize": 1048576,
    "paddingSize": 4096,
    "totalSize": 34359738368,
    "extentSize": 34359754752,
    "accessType": "read",
    "accessPattern": "random",
    "granularity": "page",
    "nonTemporal": false,
    "noflush": true,
    "set-affinity": true
  },
  "results": {
    "success": true,
    "time": 2120.863755,
    "byte_per_sec": 16200823031.180521,
    "MiB_per_sec": 15450.308829479714,
    "IOPS": 15450.308829479714,
    "MIOPS": 0.015450308829479715,
    "addr": 20435454394368
  }
}
