{
  "params": {
    "version": "0.2.0",
    "source": "devdax",
    "path": "/dev/dax0.0",
    "nthreads": 8,
    "nsegments": 1,
    "stripeSize": 68719476736,
    "blockSize": 64,
    "paddingSize": 4096,
    "totalSize": 68719476736,
    "extentSize": 68719509504,
    "accessType": "read",
    "accessPattern": "random",
    "granularity": "page",
    "nonTemporal": false,
    "noflush": true,
    "set-affinity": true
  },
  "results": {
    "success": true,
    "time": 19126.792792,
    "byte_per_sec": 3592838458.7688274,
    "MiB_per_sec": 3426.3977611244463,
    "IOPS": 56138100.91826293,
    "MIOPS": 56.13810091826293,
    "addr": 20629801664512
  }
}
