{
  "params": {
    "version": "0.2.0",
    "source": "devdax",
    "path": "/dev/dax0.0",
    "nthreads": 16,
    "nsegments": 1,
    "stripeSize": 137438953472,
    "blockSize": 32768,
    "paddingSize": 4096,
    "totalSize": 137438953472,
    "extentSize": 137439019008,
    "accessType": "read",
    "accessPattern": "random",
    "granularity": "page",
    "nonTemporal": false,
    "noflush": true,
    "set-affinity": true
  },
  "results": {
    "success": true,
    "time": 2402.607724,
    "byte_per_sec": 57204075429.834915,
    "MiB_per_sec": 54554.057531199374,
    "IOPS": 1745729.84099838,
    "MIOPS": 1.74572984099838,
    "addr": 20885352218624
  }
}
