{
  "params": {
    "version": "0.2.0",
    "source": "devdax",
    "path": "/dev/dax0.0",
    "nthreads": 8,
    "nsegments": 1,
    "stripeSize": 68719476736,
    "blockSize": 262144,
    "paddingSize": 4096,
    "totalSize": 68719476736,
    "extentSize": 68719509504,
    "accessType": "read",
    "accessPattern": "random",
    "granularity": "page",
    "nonTemporal": false,
    "noflush": true,
    "set-affinity": true
  },
  "results": {
    "success": true,
    "time": 2130.397749,
    "byte_per_sec": 32256641638.049343,
    "MiB_per_sec": 30762.330663728088,
    "IOPS": 123049.32265491235,
    "MIOPS": 0.12304932265491235,
    "addr": 21017422462976
  }
}
