{
  "params": {
    "version": "0.2.0",
    "source": "devdax",
    "path": "/dev/dax0.0",
    "nthreads": 16,
    "nsegments": 1,
    "stripeSize": 137438953472,
    "blockSize": 8192,
    "paddingSize": 4096,
    "totalSize": 137438953472,
    "extentSize": 137439019008,
    "accessType": "read",
    "accessPattern": "random",
    "granularity": "page",
    "nonTemporal": false,
    "noflush": true,
    "set-affinity": true
  },
  "results": {
    "success": true,
    "time": 2381.9616469999996,
    "byte_per_sec": 57699901946.40611,
    "MiB_per_sec": 55026.9145454465,
    "IOPS": 7043445.061817152,
    "MIOPS": 7.0434450618171525,
    "addr": 21192442380288
  }
}
