{
  "params": {
    "version": "0.2.0",
    "source": "devdax",
    "path": "/dev/dax0.0",
    "nthreads": 8,
    "nsegments": 1,
    "stripeSize": 68719476736,
    "blockSize": 256,
    "paddingSize": 4096,
    "totalSize": 68719476736,
    "extentSize": 68719509504,
    "accessType": "read",
    "accessPattern": "random",
    "granularity": "page",
    "nonTemporal": false,
    "noflush": true,
    "set-affinity": true
  },
  "results": {
    "success": true,
    "time": 5630.648551,
    "byte_per_sec": 12204540225.440897,
    "MiB_per_sec": 11639.156556549928,
    "IOPS": 47673985.255628504,
    "MIOPS": 47.6739852556285,
    "addr": 20852066222080
  }
}
