{
  "params": {
    "version": "0.2.0",
    "source": "devdax",
    "path": "/dev/dax0.0",
    "nthreads": 1,
    "nsegments": 1,
    "stripeSize": 8589934592,
    "blockSize": 256,
    "paddingSize": 4096,
    "totalSize": 8589934592,
    "extentSize": 8589938688,
    "accessType": "read",
    "accessPattern": "random",
    "granularity": "page",
    "nonTemporal": false,
    "noflush": true,
    "set-affinity": true
  },
  "results": {
    "success": true,
    "time": 5297.394317,
    "byte_per_sec": 1621539586.817962,
    "MiB_per_sec": 1546.420656984293,
    "IOPS": 6334139.011007664,
    "MIOPS": 6.334139011007664,
    "addr": 20827370160128
  }
}
