{
  "params": {
    "version": "0.2.0",
    "source": "devdax",
    "path": "/dev/dax0.0",
    "nthreads": 2,
    "nsegments": 1,
    "stripeSize": 17179869184,
    "blockSize": 128,
    "paddingSize": 4096,
    "totalSize": 17179869184,
    "extentSize": 17179877376,
    "accessType": "read",
    "accessPattern": "random",
    "granularity": "page",
    "nonTemporal": false,
    "noflush": true,
    "set-affinity": true
  },
  "results": {
    "success": true,
    "time": 9326.704554999998,
    "byte_per_sec": 1842008512.512596,
    "MiB_per_sec": 1756.6762089849433,
    "IOPS": 14390691.504004655,
    "MIOPS": 14.390691504004655,
    "addr": 21286931660800
  }
}
