{
  "params": {
    "version": "0.2.0",
    "source": "devdax",
    "path": "/dev/dax0.0",
    "nthreads": 16,
    "nsegments": 1,
    "stripeSize": 137438953472,
    "blockSize": 8192,
    "paddingSize": 4096,
    "totalSize": 137438953472,
    "extentSize": 137439019008,
    "accessType": "read",
    "accessPattern": "random",
    "granularity": "page",
    "nonTemporal": false,
    "noflush": true,
    "set-affinity": true
  },
  "results": {
    "success": true,
    "time": 2387.746155,
    "byte_per_sec": 57560119271.55632,
    "MiB_per_sec": 54893.60739856369,
    "IOPS": 7026381.747016152,
    "MIOPS": 7.026381747016153,
    "addr": 21102248067072
  }
}
