{
  "params": {
    "version": "0.2.0",
    "source": "devdax",
    "path": "/dev/dax0.0",
    "nthreads": 2,
    "nsegments": 1,
    "stripeSize": 17179869184,
    "blockSize": 512,
    "paddingSize": 4096,
    "totalSize": 17179869184,
    "extentSize": 17179877376,
    "accessType": "read",
    "accessPattern": "sequential",
    "granularity": "page",
    "nonTemporal": false,
    "noflush": true,
    "set-affinity": true
  },
  "results": {
    "success": true,
    "time": 2092.446726,
    "byte_per_sec": 8210421307.5195875,
    "MiB_per_sec": 7830.067927856052,
    "IOPS": 16035979.116249194,
    "MIOPS": 16.035979116249194,
    "addr": 20957292920832
  }
}
