{
  "params": {
    "version": "0.2.0",
    "source": "devdax",
    "path": "/dev/dax0.0",
    "nthreads": 32,
    "nsegments": 1,
    "stripeSize": 274877906944,
    "blockSize": 8192,
    "paddingSize": 4096,
    "totalSize": 274877906944,
    "extentSize": 274878038016,
    "accessType": "read",
    "accessPattern": "sequential",
    "granularity": "page",
    "nonTemporal": false,
    "noflush": true,
    "set-affinity": true
  },
  "results": {
    "success": true,
    "time": 3336.894963,
    "byte_per_sec": 82375354930.82285,
    "MiB_per_sec": 78559.26030237469,
    "IOPS": 10055585.31870396,
    "MIOPS": 10.05558531870396,
    "addr": 20293720473600
  }
}
