{
  "params": {
    "version": "0.2.0",
    "source": "devdax",
    "path": "/dev/dax0.0",
    "nthreads": 16,
    "nsegments": 1,
    "stripeSize": 137438953472,
    "blockSize": 1024,
    "paddingSize": 4096,
    "totalSize": 137438953472,
    "extentSize": 137439019008,
    "accessType": "read",
    "accessPattern": "sequential",
    "granularity": "page",
    "nonTemporal": false,
    "noflush": true,
    "set-affinity": true
  },
  "results": {
    "success": true,
    "time": 2401.6578329999998,
    "byte_per_sec": 57226700483.1075,
    "MiB_per_sec": 54575.63446341276,
    "IOPS": 55885449.690534666,
    "MIOPS": 55.885449690534664,
    "addr": 20656645210112
  }
}
