{
  "params": {
    "version": "0.2.0",
    "source": "devdax",
    "path": "/dev/dax0.0",
    "nthreads": 32,
    "nsegments": 1,
    "stripeSize": 274877906944,
    "blockSize": 128,
    "paddingSize": 4096,
    "totalSize": 274877906944,
    "extentSize": 274878038016,
    "accessType": "read",
    "accessPattern": "sequential",
    "granularity": "page",
    "nonTemporal": false,
    "noflush": true,
    "set-affinity": true
  },
  "results": {
    "success": true,
    "time": 4321.426304,
    "byte_per_sec": 63608144072.61034,
    "MiB_per_sec": 60661.453316316925,
    "IOPS": 496938625.56726825,
    "MIOPS": 496.9386255672683,
    "addr": 20930449375232
  }
}
