{
  "params": {
    "version": "0.2.0",
    "source": "devdax",
    "path": "/dev/dax0.0",
    "nthreads": 32,
    "nsegments": 1,
    "stripeSize": 274877906944,
    "blockSize": 8192,
    "paddingSize": 4096,
    "totalSize": 274877906944,
    "extentSize": 274878038016,
    "accessType": "read",
    "accessPattern": "sequential",
    "granularity": "page",
    "nonTemporal": false,
    "noflush": true,
    "set-affinity": true
  },
  "results": {
    "success": true,
    "time": 3461.078298,
    "byte_per_sec": 79419730869.08766,
    "MiB_per_sec": 75740.55754574553,
    "IOPS": 9694791.365855427,
    "MIOPS": 9.694791365855428,
    "addr": 21028159881216
  }
}
