{
  "params": {
    "version": "0.2.0",
    "source": "devdax",
    "path": "/dev/dax0.0",
    "nthreads": 16,
    "nsegments": 1,
    "stripeSize": 137438953472,
    "blockSize": 524288,
    "paddingSize": 4096,
    "totalSize": 137438953472,
    "extentSize": 137439019008,
    "accessType": "read",
    "accessPattern": "sequential",
    "granularity": "page",
    "nonTemporal": false,
    "noflush": true,
    "set-affinity": true
  },
  "results": {
    "success": true,
    "time": 2378.699086,
    "byte_per_sec": 57779041611.82327,
    "MiB_per_sec": 55102.38801176383,
    "IOPS": 110204.77602352767,
    "MIOPS": 0.11020477602352767,
    "addr": 20521353740288
  }
}
