{
  "params": {
    "version": "0.2.0",
    "source": "devdax",
    "path": "/dev/dax0.0",
    "nthreads": 2,
    "nsegments": 1,
    "stripeSize": 17179869184,
    "blockSize": 512,
    "paddingSize": 4096,
    "totalSize": 17179869184,
    "extentSize": 17179877376,
    "accessType": "read",
    "accessPattern": "sequential",
    "granularity": "page",
    "nonTemporal": false,
    "noflush": true,
    "set-affinity": true
  },
  "results": {
    "success": true,
    "time": 2093.15082,
    "byte_per_sec": 8207659486.285848,
    "MiB_per_sec": 7827.434049878929,
    "IOPS": 16030584.934152046,
    "MIOPS": 16.030584934152046,
    "addr": 20576114573312
  }
}
