{
  "params": {
    "version": "0.2.0",
    "source": "devdax",
    "path": "/dev/dax0.0",
    "nthreads": 32,
    "nsegments": 1,
    "stripeSize": 274877906944,
    "blockSize": 16384,
    "paddingSize": 4096,
    "totalSize": 274877906944,
    "extentSize": 274878038016,
    "accessType": "read",
    "accessPattern": "sequential",
    "granularity": "page",
    "nonTemporal": false,
    "noflush": true,
    "set-affinity": true
  },
  "results": {
    "success": true,
    "time": 3306.726511,
    "byte_per_sec": 83126894839.83757,
    "MiB_per_sec": 79275.98461135633,
    "IOPS": 5073663.015126805,
    "MIOPS": 5.0736630151268045,
    "addr": 21016348721152
  }
}
