{
  "params": {
    "version": "0.2.0",
    "source": "devdax",
    "path": "/dev/dax0.0",
    "nthreads": 4,
    "nsegments": 1,
    "stripeSize": 34359738368,
    "blockSize": 1024,
    "paddingSize": 4096,
    "totalSize": 34359738368,
    "extentSize": 34359754752,
    "accessType": "read",
    "accessPattern": "sequential",
    "granularity": "page",
    "nonTemporal": false,
    "noflush": true,
    "set-affinity": true
  },
  "results": {
    "success": true,
    "time": 2035.255344,
    "byte_per_sec": 16882273995.395048,
    "MiB_per_sec": 16100.191111941383,
    "IOPS": 16486595.698627977,
    "MIOPS": 16.486595698627976,
    "addr": 20306605375488
  }
}
