{
  "params": {
    "version": "0.2.0",
    "source": "devdax",
    "path": "/dev/dax0.0",
    "nthreads": 32,
    "nsegments": 1,
    "stripeSize": 274877906944,
    "blockSize": 256,
    "paddingSize": 4096,
    "totalSize": 274877906944,
    "extentSize": 274878038016,
    "accessType": "read",
    "accessPattern": "sequential",
    "granularity": "page",
    "nonTemporal": false,
    "noflush": true,
    "set-affinity": true
  },
  "results": {
    "success": true,
    "time": 3851.9120519999997,
    "byte_per_sec": 71361418234.16689,
    "MiB_per_sec": 68055.55175224961,
    "IOPS": 278755539.9772144,
    "MIOPS": 278.75553997721437,
    "addr": 21112985485312
  }
}
