{
  "params": {
    "version": "0.2.0",
    "source": "devdax",
    "path": "/dev/dax0.0",
    "nthreads": 32,
    "nsegments": 1,
    "stripeSize": 274877906944,
    "blockSize": 2048,
    "paddingSize": 4096,
    "totalSize": 274877906944,
    "extentSize": 274878038016,
    "accessType": "read",
    "accessPattern": "sequential",
    "granularity": "page",
    "nonTemporal": false,
    "noflush": true,
    "set-affinity": true
  },
  "results": {
    "success": true,
    "time": 3466.492548,
    "byte_per_sec": 79295686674.0104,
    "MiB_per_sec": 75622.25978280106,
    "IOPS": 38718597.008794144,
    "MIOPS": 38.71859700879414,
    "addr": 21144123998208
  }
}
