{
  "params": {
    "version": "0.2.0",
    "source": "devdax",
    "path": "/dev/dax0.0",
    "nthreads": 2,
    "nsegments": 1,
    "stripeSize": 17179869184,
    "blockSize": 4096,
    "paddingSize": 4096,
    "totalSize": 17179869184,
    "extentSize": 17179877376,
    "accessType": "read",
    "accessPattern": "sequential",
    "granularity": "page",
    "nonTemporal": false,
    "noflush": true,
    "set-affinity": true
  },
  "results": {
    "success": true,
    "time": 1904.588155,
    "byte_per_sec": 9020254136.779509,
    "MiB_per_sec": 8602.384697703847,
    "IOPS": 2202210.4826121847,
    "MIOPS": 2.202210482612185,
    "addr": 21192442380288
  }
}
