{
  "params": {
    "version": "0.2.0",
    "source": "devdax",
    "path": "/dev/dax0.0",
    "nthreads": 16,
    "nsegments": 1,
    "stripeSize": 137438953472,
    "blockSize": 131072,
    "paddingSize": 4096,
    "totalSize": 137438953472,
    "extentSize": 137439019008,
    "accessType": "read",
    "accessPattern": "sequential",
    "granularity": "page",
    "nonTemporal": false,
    "noflush": true,
    "set-affinity": true
  },
  "results": {
    "success": true,
    "time": 2358.4390540000004,
    "byte_per_sec": 58275389070.961334,
    "MiB_per_sec": 55575.7418355573,
    "IOPS": 444605.9346844584,
    "MIOPS": 0.4446059346844584,
    "addr": 20568598380544
  }
}
