{
  "params": {
    "version": "0.2.0",
    "source": "devdax",
    "path": "/dev/dax0.0",
    "nthreads": 2,
    "nsegments": 1,
    "stripeSize": 17179869184,
    "blockSize": 64,
    "paddingSize": 4096,
    "totalSize": 17179869184,
    "extentSize": 17179877376,
    "accessType": "read",
    "accessPattern": "sequential",
    "granularity": "page",
    "nonTemporal": false,
    "noflush": true,
    "set-affinity": true
  },
  "results": {
    "success": true,
    "time": 3076.3960469999997,
    "byte_per_sec": 5584414009.617924,
    "MiB_per_sec": 5325.712213151859,
    "IOPS": 87256468.90028006,
    "MIOPS": 87.25646890028005,
    "addr": 21235392053248
  }
}
