{
  "params": {
    "version": "0.2.0",
    "source": "devdax",
    "path": "/dev/dax0.0",
    "nthreads": 48,
    "nsegments": 1,
    "stripeSize": 412316860416,
    "blockSize": 4096,
    "paddingSize": 4096,
    "totalSize": 412316860416,
    "extentSize": 412317057024,
    "accessType": "read",
    "accessPattern": "sequential",
    "granularity": "page",
    "nonTemporal": false,
    "noflush": true,
    "set-affinity": true
  },
  "results": {
    "success": true,
    "time": 4989.913562,
    "byte_per_sec": 82630060679.99701,
    "MiB_per_sec": 78802.1666336031,
    "IOPS": 20173354.658202395,
    "MIOPS": 20.173354658202395,
    "addr": 20232517189632
  }
}
