{
  "params": {
    "version": "0.2.0",
    "source": "devdax",
    "path": "/dev/dax0.0",
    "nthreads": 2,
    "nsegments": 1,
    "stripeSize": 17179869184,
    "blockSize": 256,
    "paddingSize": 4096,
    "totalSize": 17179869184,
    "extentSize": 17179877376,
    "accessType": "read",
    "accessPattern": "sequential",
    "granularity": "page",
    "nonTemporal": false,
    "noflush": true,
    "set-affinity": true
  },
  "results": {
    "success": true,
    "time": 2313.235159,
    "byte_per_sec": 7426771600.43978,
    "MiB_per_sec": 7082.721329154759,
    "IOPS": 29010826.56421789,
    "MIOPS": 29.01082656421789,
    "addr": 20752208232448
  }
}
