{
  "params": {
    "version": "0.2.0",
    "source": "devdax",
    "path": "/dev/dax0.0",
    "nthreads": 48,
    "nsegments": 1,
    "stripeSize": 412316860416,
    "blockSize": 262144,
    "paddingSize": 4096,
    "totalSize": 412316860416,
    "extentSize": 412317057024,
    "accessType": "read",
    "accessPattern": "sequential",
    "granularity": "page",
    "nonTemporal": false,
    "noflush": true,
    "set-affinity": true
  },
  "results": {
    "success": true,
    "time": 5038.855123,
    "byte_per_sec": 81827488655.89879,
    "MiB_per_sec": 78036.77430715445,
    "IOPS": 312147.0972286178,
    "MIOPS": 0.31214709722861783,
    "addr": 20948702986240
  }
}
