{
  "params": {
    "version": "0.2.0",
    "source": "devdax",
    "path": "/dev/dax0.0",
    "nthreads": 4,
    "nsegments": 1,
    "stripeSize": 34359738368,
    "blockSize": 1048576,
    "paddingSize": 4096,
    "totalSize": 34359738368,
    "extentSize": 34359754752,
    "accessType": "read",
    "accessPattern": "sequential",
    "granularity": "page",
    "nonTemporal": false,
    "noflush": true,
    "set-affinity": true
  },
  "results": {
    "success": true,
    "time": 2139.93103,
    "byte_per_sec": 16056469991.932404,
    "MiB_per_sec": 15312.643043453601,
    "IOPS": 15312.643043453601,
    "MIOPS": 0.015312643043453601,
    "addr": 20386062270464
  }
}
