{
  "params": {
    "version": "0.2.0",
    "source": "devdax",
    "path": "/dev/dax0.0",
    "nthreads": 4,
    "nsegments": 1,
    "stripeSize": 34359738368,
    "blockSize": 128,
    "paddingSize": 4096,
    "totalSize": 34359738368,
    "extentSize": 34359754752,
    "accessType": "read",
    "accessPattern": "sequential",
    "granularity": "page",
    "nonTemporal": false,
    "noflush": true,
    "set-affinity": true
  },
  "results": {
    "success": true,
    "time": 2643.7908079999997,
    "byte_per_sec": 12996390737.129759,
    "MiB_per_sec": 12394.324051980742,
    "IOPS": 101534302.63382624,
    "MIOPS": 101.53430263382624,
    "addr": 20590073217024
  }
}
