{
  "params": {
    "version": "0.2.0",
    "source": "devdax",
    "path": "/dev/dax0.0",
    "nthreads": 4,
    "nsegments": 1,
    "stripeSize": 34359738368,
    "blockSize": 131072,
    "paddingSize": 4096,
    "totalSize": 34359738368,
    "extentSize": 34359754752,
    "accessType": "read",
    "accessPattern": "sequential",
    "granularity": "page",
    "nonTemporal": false,
    "noflush": true,
    "set-affinity": true
  },
  "results": {
    "success": true,
    "time": 2057.98915,
    "byte_per_sec": 16695782078.345749,
    "MiB_per_sec": 15922.338560434102,
    "IOPS": 127378.70848347282,
    "MIOPS": 0.12737870848347282,
    "addr": 21208548507648
  }
}
