{
  "params": {
    "version": "0.2.0",
    "source": "devdax",
    "path": "/dev/dax0.0",
    "nthreads": 32,
    "nsegments": 1,
    "stripeSize": 274877906944,
    "blockSize": 131072,
    "paddingSize": 4096,
    "totalSize": 274877906944,
    "extentSize": 274878038016,
    "accessType": "read",
    "accessPattern": "sequential",
    "granularity": "page",
    "nonTemporal": false,
    "noflush": true,
    "set-affinity": true
  },
  "results": {
    "success": true,
    "time": 3448.1572859999997,
    "byte_per_sec": 79717334258.51619,
    "MiB_per_sec": 76024.37425471896,
    "IOPS": 608194.9940377517,
    "MIOPS": 0.6081949940377517,
    "addr": 20421495750656
  }
}
