{
  "params": {
    "version": "0.2.0",
    "source": "devdax",
    "path": "/dev/dax0.0",
    "nthreads": 48,
    "nsegments": 1,
    "stripeSize": 412316860416,
    "blockSize": 32768,
    "paddingSize": 4096,
    "totalSize": 412316860416,
    "extentSize": 412317057024,
    "accessType": "read",
    "accessPattern": "sequential",
    "granularity": "page",
    "nonTemporal": false,
    "noflush": true,
    "set-affinity": true
  },
  "results": {
    "success": true,
    "time": 5005.33954,
    "byte_per_sec": 82375402731.61969,
    "MiB_per_sec": 78559.30588876695,
    "IOPS": 2513897.7884405423,
    "MIOPS": 2.5138977884405422,
    "addr": 20638391599104
  }
}
