{
  "params": {
    "version": "0.2.0",
    "source": "devdax",
    "path": "/dev/dax0.0",
    "nthreads": 48,
    "nsegments": 1,
    "stripeSize": 412316860416,
    "blockSize": 1024,
    "paddingSize": 4096,
    "totalSize": 412316860416,
    "extentSize": 412317057024,
    "accessType": "read",
    "accessPattern": "sequential",
    "granularity": "page",
    "nonTemporal": false,
    "noflush": true,
    "set-affinity": true
  },
  "results": {
    "success": true,
    "time": 5042.144865,
    "byte_per_sec": 81774100398.8389,
    "MiB_per_sec": 77985.85929759874,
    "IOPS": 79857519.92074111,
    "MIOPS": 79.85751992074111,
    "addr": 21190294896640
  }
}
