{
  "params": {
    "version": "0.2.0",
    "source": "devdax",
    "path": "/dev/dax0.0",
    "nthreads": 8,
    "nsegments": 1,
    "stripeSize": 68719476736,
    "blockSize": 8192,
    "paddingSize": 4096,
    "totalSize": 68719476736,
    "extentSize": 68719509504,
    "accessType": "read",
    "accessPattern": "sequential",
    "granularity": "page",
    "nonTemporal": false,
    "noflush": true,
    "set-affinity": true
  },
  "results": {
    "success": true,
    "time": 2030.292207,
    "byte_per_sec": 33847086886.83845,
    "MiB_per_sec": 32279.09744914861,
    "IOPS": 4131724.473491022,
    "MIOPS": 4.131724473491022,
    "addr": 20439749361664
  }
}
