{
  "params": {
    "version": "0.2.0",
    "source": "devdax",
    "path": "/dev/dax0.0",
    "nthreads": 32,
    "nsegments": 1,
    "stripeSize": 274877906944,
    "blockSize": 1024,
    "paddingSize": 4096,
    "totalSize": 274877906944,
    "extentSize": 274878038016,
    "accessType": "read",
    "accessPattern": "sequential",
    "granularity": "page",
    "nonTemporal": false,
    "noflush": true,
    "set-affinity": true
  },
  "results": {
    "success": true,
    "time": 3499.517086,
    "byte_per_sec": 78547382449.89955,
    "MiB_per_sec": 74908.62126340823,
    "IOPS": 76706428.17373003,
    "MIOPS": 76.70642817373003,
    "addr": 21017422462976
  }
}
