{
  "params": {
    "version": "0.2.0",
    "source": "devdax",
    "path": "/dev/dax0.0",
    "nthreads": 2,
    "nsegments": 1,
    "stripeSize": 17179869184,
    "blockSize": 2048,
    "paddingSize": 4096,
    "totalSize": 17179869184,
    "extentSize": 17179877376,
    "accessType": "read",
    "accessPattern": "sequential",
    "granularity": "page",
    "nonTemporal": false,
    "noflush": true,
    "set-affinity": true
  },
  "results": {
    "success": true,
    "time": 1918.145357,
    "byte_per_sec": 8956500153.288435,
    "MiB_per_sec": 8541.584161079822,
    "IOPS": 4373291.090472869,
    "MIOPS": 4.373291090472868,
    "addr": 20533164900352
  }
}
