{
  "params": {
    "version": "0.2.0",
    "source": "devdax",
    "path": "/dev/dax0.0",
    "nthreads": 16,
    "nsegments": 1,
    "stripeSize": 137438953472,
    "blockSize": 262144,
    "paddingSize": 4096,
    "totalSize": 137438953472,
    "extentSize": 137439019008,
    "accessType": "write",
    "accessPattern": "random",
    "granularity": "page",
    "nonTemporal": false,
    "noflush": false,
    "set-affinity": true
  },
  "results": {
    "success": true,
    "time": 6432.600385,
    "byte_per_sec": 21366002121.395576,
    "MiB_per_sec": 20376.207467456414,
    "IOPS": 81504.82986982565,
    "MIOPS": 0.08150482986982566,
    "addr": 20248623316992
  }
}
