{
  "params": {
    "version": "0.2.0",
    "source": "devdax",
    "path": "/dev/dax0.0",
    "nthreads": 32,
    "nsegments": 1,
    "stripeSize": 274877906944,
    "blockSize": 1024,
    "paddingSize": 4096,
    "totalSize": 274877906944,
    "extentSize": 274878038016,
    "accessType": "write",
    "accessPattern": "random",
    "granularity": "page",
    "nonTemporal": false,
    "noflush": false,
    "set-affinity": true
  },
  "results": {
    "success": true,
    "time": 18799.67999,
    "byte_per_sec": 14621414145.890469,
    "MiB_per_sec": 13944.067140474766,
    "IOPS": 14278724.75184616,
    "MIOPS": 14.27872475184616,
    "addr": 20233590931456
  }
}
