{
  "params": {
    "version": "0.2.0",
    "source": "devdax",
    "path": "/dev/dax0.0",
    "nthreads": 48,
    "nsegments": 1,
    "stripeSize": 412316860416,
    "blockSize": 512,
    "paddingSize": 4096,
    "totalSize": 412316860416,
    "extentSize": 412317057024,
    "accessType": "write",
    "accessPattern": "random",
    "granularity": "page",
    "nonTemporal": false,
    "noflush": false,
    "set-affinity": true
  },
  "results": {
    "success": true,
    "time": 27742.127245,
    "byte_per_sec": 14862481769.140917,
    "MiB_per_sec": 14173.967141285817,
    "IOPS": 29028284.705353353,
    "MIOPS": 29.028284705353354,
    "addr": 20220706029568
  }
}
