{
  "params": {
    "version": "0.2.0",
    "source": "devdax",
    "path": "/dev/dax0.0",
    "nthreads": 2,
    "nsegments": 1,
    "stripeSize": 17179869184,
    "blockSize": 65536,
    "paddingSize": 4096,
    "totalSize": 17179869184,
    "extentSize": 17179877376,
    "accessType": "write",
    "accessPattern": "random",
    "granularity": "page",
    "nonTemporal": false,
    "noflush": false,
    "set-affinity": true
  },
  "results": {
    "success": true,
    "time": 3236.897339,
    "byte_per_sec": 5307511293.919353,
    "MiB_per_sec": 5061.63720504699,
    "IOPS": 80986.19528075184,
    "MIOPS": 0.08098619528075184,
    "addr": 20375324852224
  }
}
