{
  "params": {
    "version": "0.2.0",
    "source": "devdax",
    "path": "/dev/dax0.0",
    "nthreads": 2,
    "nsegments": 1,
    "stripeSize": 17179869184,
    "blockSize": 524288,
    "paddingSize": 4096,
    "totalSize": 17179869184,
    "extentSize": 17179877376,
    "accessType": "write",
    "accessPattern": "random",
    "granularity": "page",
    "nonTemporal": false,
    "noflush": false,
    "set-affinity": true
  },
  "results": {
    "success": true,
    "time": 3209.829776,
    "byte_per_sec": 5352267996.407296,
    "MiB_per_sec": 5104.3205226967775,
    "IOPS": 10208.641045393555,
    "MIOPS": 0.010208641045393554,
    "addr": 20598663151616
  }
}
