{
  "params": {
    "version": "0.2.0",
    "source": "devdax",
    "path": "/dev/dax0.0",
    "nthreads": 48,
    "nsegments": 1,
    "stripeSize": 412316860416,
    "blockSize": 2048,
    "paddingSize": 4096,
    "totalSize": 412316860416,
    "extentSize": 412317057024,
    "accessType": "write",
    "accessPattern": "random",
    "granularity": "page",
    "nonTemporal": false,
    "noflush": false,
    "set-affinity": true
  },
  "results": {
    "success": true,
    "time": 22591.018817,
    "byte_per_sec": 18251361913.156696,
    "MiB_per_sec": 17405.85509601278,
    "IOPS": 8911797.809158543,
    "MIOPS": 8.911797809158543,
    "addr": 20975546531840
  }
}
