{
  "params": {
    "version": "0.2.0",
    "source": "devdax",
    "path": "/dev/dax0.0",
    "nthreads": 4,
    "nsegments": 1,
    "stripeSize": 34359738368,
    "blockSize": 1024,
    "paddingSize": 4096,
    "totalSize": 34359738368,
    "extentSize": 34359754752,
    "accessType": "write",
    "accessPattern": "random",
    "granularity": "page",
    "nonTemporal": false,
    "noflush": false,
    "set-affinity": true
  },
  "results": {
    "success": true,
    "time": 8039.249327,
    "byte_per_sec": 4273998351.1398315,
    "MiB_per_sec": 4076.0024558447185,
    "IOPS": 4173826.5147849917,
    "MIOPS": 4.173826514784992,
    "addr": 21160230125568
  }
}
