{
  "params": {
    "version": "0.2.0",
    "source": "devdax",
    "path": "/dev/dax0.0",
    "nthreads": 4,
    "nsegments": 1,
    "stripeSize": 34359738368,
    "blockSize": 256,
    "paddingSize": 4096,
    "totalSize": 34359738368,
    "extentSize": 34359754752,
    "accessType": "write",
    "accessPattern": "random",
    "granularity": "page",
    "nonTemporal": false,
    "noflush": false,
    "set-affinity": true
  },
  "results": {
    "success": true,
    "time": 28574.769566,
    "byte_per_sec": 1202450234.5902836,
    "MiB_per_sec": 1146.7459054854237,
    "IOPS": 4697071.228868295,
    "MIOPS": 4.697071228868295,
    "addr": 20454781747200
  }
}
