{
  "params": {
    "version": "0.2.0",
    "source": "devdax",
    "path": "/dev/dax0.0",
    "nthreads": 48,
    "nsegments": 1,
    "stripeSize": 412316860416,
    "blockSize": 1024,
    "paddingSize": 4096,
    "totalSize": 412316860416,
    "extentSize": 412317057024,
    "accessType": "write",
    "accessPattern": "random",
    "granularity": "page",
    "nonTemporal": false,
    "noflush": false,
    "set-affinity": true
  },
  "results": {
    "success": true,
    "time": 25829.132106,
    "byte_per_sec": 15963248734.951513,
    "MiB_per_sec": 15223.74032492782,
    "IOPS": 15589110.092726087,
    "MIOPS": 15.589110092726088,
    "addr": 20551418511360
  }
}
