{
  "params": {
    "version": "0.2.0",
    "source": "devdax",
    "path": "/dev/dax0.0",
    "nthreads": 2,
    "nsegments": 1,
    "stripeSize": 17179869184,
    "blockSize": 524288,
    "paddingSize": 4096,
    "totalSize": 17179869184,
    "extentSize": 17179877376,
    "accessType": "write",
    "accessPattern": "random",
    "granularity": "page",
    "nonTemporal": false,
    "noflush": false,
    "set-affinity": true
  },
  "results": {
    "success": true,
    "time": 3208.35762,
    "byte_per_sec": 5354723886.422611,
    "MiB_per_sec": 5106.662641928302,
    "IOPS": 10213.325283856604,
    "MIOPS": 0.010213325283856604,
    "addr": 21262235598848
  }
}
