{
  "params": {
    "version": "0.2.0",
    "source": "devdax",
    "path": "/dev/dax0.0",
    "nthreads": 48,
    "nsegments": 1,
    "stripeSize": 412316860416,
    "blockSize": 16384,
    "paddingSize": 4096,
    "totalSize": 412316860416,
    "extentSize": 412317057024,
    "accessType": "write",
    "accessPattern": "random",
    "granularity": "page",
    "nonTemporal": false,
    "noflush": false,
    "set-affinity": true
  },
  "results": {
    "success": true,
    "time": 16255.991563999998,
    "byte_per_sec": 25363993257.052605,
    "MiB_per_sec": 24188.988930752377,
    "IOPS": 1548095.2915681521,
    "MIOPS": 1.548095291568152,
    "addr": 20354923757568
  }
}
