{
  "params": {
    "version": "0.2.0",
    "source": "devdax",
    "path": "/dev/dax0.0",
    "nthreads": 2,
    "nsegments": 1,
    "stripeSize": 17179869184,
    "blockSize": 1024,
    "paddingSize": 4096,
    "totalSize": 17179869184,
    "extentSize": 17179877376,
    "accessType": "write",
    "accessPattern": "random",
    "granularity": "page",
    "nonTemporal": false,
    "noflush": false,
    "set-affinity": true
  },
  "results": {
    "success": true,
    "time": 7484.487432,
    "byte_per_sec": 2295396891.2483306,
    "MiB_per_sec": 2189.061061142283,
    "IOPS": 2241598.526609698,
    "MIOPS": 2.241598526609698,
    "addr": 20288351764480
  }
}
