{
  "params": {
    "version": "0.2.0",
    "source": "devdax",
    "path": "/dev/dax0.0",
    "nthreads": 1,
    "nsegments": 1,
    "stripeSize": 8589934592,
    "blockSize": 4096,
    "paddingSize": 4096,
    "totalSize": 8589934592,
    "extentSize": 8589938688,
    "accessType": "write",
    "accessPattern": "random",
    "granularity": "page",
    "nonTemporal": false,
    "noflush": false,
    "set-affinity": true
  },
  "results": {
    "success": true,
    "time": 3734.902265,
    "byte_per_sec": 2299908801.4957733,
    "MiB_per_sec": 2193.3639540631993,
    "IOPS": 561501.172240179,
    "MIOPS": 0.561501172240179,
    "addr": 20236812156928
  }
}
