{
  "params": {
    "version": "0.2.0",
    "source": "devdax",
    "path": "/dev/dax0.0",
    "nthreads": 1,
    "nsegments": 1,
    "stripeSize": 8589934592,
    "blockSize": 1048576,
    "paddingSize": 4096,
    "totalSize": 8589934592,
    "extentSize": 8589938688,
    "accessType": "write",
    "accessPattern": "random",
    "granularity": "page",
    "nonTemporal": false,
    "noflush": false,
    "set-affinity": true
  },
  "results": {
    "success": true,
    "time": 3002.525613,
    "byte_per_sec": 2860903019.3808374,
    "MiB_per_sec": 2728.3697313125967,
    "IOPS": 2728.3697313125967,
    "MIOPS": 0.002728369731312597,
    "addr": 20274393120768
  }
}
