{
  "params": {
    "version": "0.2.0",
    "source": "devdax",
    "path": "/dev/dax0.0",
    "nthreads": 16,
    "nsegments": 1,
    "stripeSize": 137438953472,
    "blockSize": 64,
    "paddingSize": 4096,
    "totalSize": 137438953472,
    "extentSize": 137439019008,
    "accessType": "write",
    "accessPattern": "random",
    "granularity": "page",
    "nonTemporal": false,
    "noflush": false,
    "set-affinity": true
  },
  "results": {
    "success": true,
    "time": 103589.238507,
    "byte_per_sec": 1326768643.6628513,
    "MiB_per_sec": 1265.3051792744172,
    "IOPS": 20730760.057232052,
    "MIOPS": 20.730760057232054,
    "addr": 21002390077440
  }
}
