{
  "params": {
    "version": "0.2.0",
    "source": "devdax",
    "path": "/dev/dax0.0",
    "nthreads": 8,
    "nsegments": 1,
    "stripeSize": 68719476736,
    "blockSize": 512,
    "paddingSize": 4096,
    "totalSize": 68719476736,
    "extentSize": 68719509504,
    "accessType": "write",
    "accessPattern": "random",
    "granularity": "page",
    "nonTemporal": false,
    "noflush": false,
    "set-affinity": true
  },
  "results": {
    "success": true,
    "time": 17040.277765,
    "byte_per_sec": 4032767404.598701,
    "MiB_per_sec": 3845.946697806073,
    "IOPS": 7876498.837106838,
    "MIOPS": 7.876498837106838,
    "addr": 20404315881472
  }
}
