{
  "params": {
    "version": "0.2.0",
    "source": "devdax",
    "path": "/dev/dax0.0",
    "nthreads": 4,
    "nsegments": 1,
    "stripeSize": 34359738368,
    "blockSize": 256,
    "paddingSize": 4096,
    "totalSize": 34359738368,
    "extentSize": 34359754752,
    "accessType": "write",
    "accessPattern": "random",
    "granularity": "page",
    "nonTemporal": false,
    "noflush": false,
    "set-affinity": true
  },
  "results": {
    "success": true,
    "time": 28584.143091,
    "byte_per_sec": 1202055918.157592,
    "MiB_per_sec": 1146.3698560310288,
    "IOPS": 4695530.930303094,
    "MIOPS": 4.695530930303094,
    "addr": 20867098607616
  }
}
