{
  "params": {
    "version": "0.2.0",
    "source": "devdax",
    "path": "/dev/dax0.0",
    "nthreads": 1,
    "nsegments": 1,
    "stripeSize": 8589934592,
    "blockSize": 512,
    "paddingSize": 4096,
    "totalSize": 8589934592,
    "extentSize": 8589938688,
    "accessType": "write",
    "accessPattern": "random",
    "granularity": "page",
    "nonTemporal": false,
    "noflush": false,
    "set-affinity": true
  },
  "results": {
    "success": true,
    "time": 15076.231803,
    "byte_per_sec": 569766683.3625296,
    "MiB_per_sec": 543.3718522668167,
    "IOPS": 1112825.5534424407,
    "MIOPS": 1.1128255534424407,
    "addr": 20832738869248
  }
}
