{
  "params": {
    "version": "0.2.0",
    "source": "devdax",
    "path": "/dev/dax0.0",
    "nthreads": 16,
    "nsegments": 1,
    "stripeSize": 137438953472,
    "blockSize": 256,
    "paddingSize": 4096,
    "totalSize": 137438953472,
    "extentSize": 137439019008,
    "accessType": "write",
    "accessPattern": "random",
    "granularity": "page",
    "nonTemporal": false,
    "noflush": false,
    "set-affinity": true
  },
  "results": {
    "success": true,
    "time": 30791.2535,
    "byte_per_sec": 4463571236.942335,
    "MiB_per_sec": 4256.793248121581,
    "IOPS": 17435825.144305997,
    "MIOPS": 17.435825144305998,
    "addr": 20662013919232
  }
}
