{
  "params": {
    "version": "0.2.0",
    "source": "devdax",
    "path": "/dev/dax0.0",
    "nthreads": 2,
    "nsegments": 1,
    "stripeSize": 17179869184,
    "blockSize": 65536,
    "paddingSize": 4096,
    "totalSize": 17179869184,
    "extentSize": 17179877376,
    "accessType": "write",
    "accessPattern": "random",
    "granularity": "page",
    "nonTemporal": false,
    "noflush": false,
    "set-affinity": true
  },
  "results": {
    "success": true,
    "time": 3246.077777,
    "byte_per_sec": 5292500785.325453,
    "MiB_per_sec": 5047.3220685247925,
    "IOPS": 80757.15309639668,
    "MIOPS": 0.08075715309639668,
    "addr": 20711406043136
  }
}
