{
  "params": {
    "version": "0.2.0",
    "source": "devdax",
    "path": "/dev/dax0.0",
    "nthreads": 48,
    "nsegments": 1,
    "stripeSize": 412316860416,
    "blockSize": 65536,
    "paddingSize": 4096,
    "totalSize": 412316860416,
    "extentSize": 412317057024,
    "accessType": "write",
    "accessPattern": "random",
    "granularity": "page",
    "nonTemporal": false,
    "noflush": false,
    "set-affinity": true
  },
  "results": {
    "success": true,
    "time": 16289.658206999999,
    "byte_per_sec": 25311572236.599724,
    "MiB_per_sec": 24138.996349906658,
    "IOPS": 386223.9415985065,
    "MIOPS": 0.38622394159850654,
    "addr": 20622285471744
  }
}
