{
  "params": {
    "version": "0.2.0",
    "source": "devdax",
    "path": "/dev/dax0.0",
    "nthreads": 4,
    "nsegments": 1,
    "stripeSize": 34359738368,
    "blockSize": 1048576,
    "paddingSize": 4096,
    "totalSize": 34359738368,
    "extentSize": 34359754752,
    "accessType": "write",
    "accessPattern": "random",
    "granularity": "page",
    "nonTemporal": false,
    "noflush": false,
    "set-affinity": true
  },
  "results": {
    "success": true,
    "time": 3678.3177180000002,
    "byte_per_sec": 9341155659.245855,
    "MiB_per_sec": 8908.420237775665,
    "IOPS": 8908.420237775665,
    "MIOPS": 0.008908420237775664,
    "addr": 20976620273664
  }
}
