{
  "params": {
    "version": "0.2.0",
    "source": "devdax",
    "path": "/dev/dax0.0",
    "nthreads": 4,
    "nsegments": 1,
    "stripeSize": 34359738368,
    "blockSize": 262144,
    "paddingSize": 4096,
    "totalSize": 34359738368,
    "extentSize": 34359754752,
    "accessType": "write",
    "accessPattern": "random",
    "granularity": "page",
    "nonTemporal": false,
    "noflush": false,
    "set-affinity": true
  },
  "results": {
    "success": true,
    "time": 3682.883852,
    "byte_per_sec": 9329574254.518196,
    "MiB_per_sec": 8897.37534953899,
    "IOPS": 35589.50139815596,
    "MIOPS": 0.03558950139815596,
    "addr": 20614769278976
  }
}
