{
  "params": {
    "version": "0.2.0",
    "source": "devdax",
    "path": "/dev/dax0.0",
    "nthreads": 8,
    "nsegments": 1,
    "stripeSize": 68719476736,
    "blockSize": 4096,
    "paddingSize": 4096,
    "totalSize": 68719476736,
    "extentSize": 68719509504,
    "accessType": "write",
    "accessPattern": "random",
    "granularity": "page",
    "nonTemporal": false,
    "noflush": false,
    "set-affinity": true
  },
  "results": {
    "success": true,
    "time": 5388.419712,
    "byte_per_sec": 12753178187.467813,
    "MiB_per_sec": 12162.378489940465,
    "IOPS": 3113568.893424759,
    "MIOPS": 3.113568893424759,
    "addr": 20604031860736
  }
}
