{
  "params": {
    "version": "0.2.0",
    "source": "devdax",
    "path": "/dev/dax0.0",
    "nthreads": 16,
    "nsegments": 1,
    "stripeSize": 137438953472,
    "blockSize": 4096,
    "paddingSize": 4096,
    "totalSize": 137438953472,
    "extentSize": 137439019008,
    "accessType": "write",
    "accessPattern": "random",
    "granularity": "page",
    "nonTemporal": false,
    "noflush": false,
    "set-affinity": true
  },
  "results": {
    "success": true,
    "time": 7899.284538,
    "byte_per_sec": 17398911611.658165,
    "MiB_per_sec": 16592.895137460866,
    "IOPS": 4247781.155189982,
    "MIOPS": 4.247781155189982,
    "addr": 20353850015744
  }
}
