{
  "params": {
    "version": "0.2.0",
    "source": "devdax",
    "path": "/dev/dax0.0",
    "nthreads": 16,
    "nsegments": 1,
    "stripeSize": 137438953472,
    "blockSize": 64,
    "paddingSize": 4096,
    "totalSize": 137438953472,
    "extentSize": 137439019008,
    "accessType": "write",
    "accessPattern": "random",
    "granularity": "page",
    "nonTemporal": false,
    "noflush": false,
    "set-affinity": true
  },
  "results": {
    "success": true,
    "time": 103524.097512,
    "byte_per_sec": 1327603493.052125,
    "MiB_per_sec": 1266.101353695035,
    "IOPS": 20743804.578939453,
    "MIOPS": 20.743804578939454,
    "addr": 20973399048192
  }
}
