{
  "params": {
    "version": "0.2.0",
    "source": "devdax",
    "path": "/dev/dax0.0",
    "nthreads": 48,
    "nsegments": 1,
    "stripeSize": 412316860416,
    "blockSize": 262144,
    "paddingSize": 4096,
    "totalSize": 412316860416,
    "extentSize": 412317057024,
    "accessType": "write",
    "accessPattern": "random",
    "granularity": "page",
    "nonTemporal": false,
    "noflush": false,
    "set-affinity": true
  },
  "results": {
    "success": true,
    "time": 16215.337174999999,
    "byte_per_sec": 25427584759.180317,
    "MiB_per_sec": 24249.63451307327,
    "IOPS": 96998.53805229308,
    "MIOPS": 0.09699853805229308,
    "addr": 20466592907264
  }
}
