{
  "params": {
    "version": "0.2.0",
    "source": "devdax",
    "path": "/dev/dax0.0",
    "nthreads": 8,
    "nsegments": 1,
    "stripeSize": 68719476736,
    "blockSize": 32768,
    "paddingSize": 4096,
    "totalSize": 68719476736,
    "extentSize": 68719509504,
    "accessType": "write",
    "accessPattern": "random",
    "granularity": "page",
    "nonTemporal": false,
    "noflush": false,
    "set-affinity": true
  },
  "results": {
    "success": true,
    "time": 4696.337987,
    "byte_per_sec": 14632566251.880373,
    "MiB_per_sec": 13954.702617531178,
    "IOPS": 446550.4837609977,
    "MIOPS": 0.4465504837609977,
    "addr": 21227875860480
  }
}
