{
  "params": {
    "version": "0.2.0",
    "source": "devdax",
    "path": "/dev/dax0.0",
    "nthreads": 32,
    "nsegments": 1,
    "stripeSize": 274877906944,
    "blockSize": 131072,
    "paddingSize": 4096,
    "totalSize": 274877906944,
    "extentSize": 274878038016,
    "accessType": "write",
    "accessPattern": "random",
    "granularity": "page",
    "nonTemporal": false,
    "noflush": false,
    "set-affinity": true
  },
  "results": {
    "success": true,
    "time": 11190.445484,
    "byte_per_sec": 24563625043.973274,
    "MiB_per_sec": 23425.698322270655,
    "IOPS": 187405.58657816524,
    "MIOPS": 0.18740558657816525,
    "addr": 20226074738688
  }
}
