{
  "params": {
    "version": "0.2.0",
    "source": "devdax",
    "path": "/dev/dax0.0",
    "nthreads": 48,
    "nsegments": 1,
    "stripeSize": 412316860416,
    "blockSize": 262144,
    "paddingSize": 4096,
    "totalSize": 412316860416,
    "extentSize": 412317057024,
    "accessType": "write",
    "accessPattern": "random",
    "granularity": "page",
    "nonTemporal": false,
    "noflush": false,
    "set-affinity": true
  },
  "results": {
    "success": true,
    "time": 16329.195174999999,
    "byte_per_sec": 25250286740.846676,
    "MiB_per_sec": 24080.549946638752,
    "IOPS": 96322.19978655501,
    "MIOPS": 0.09632219978655501,
    "addr": 21293374111744
  }
}
