{
  "params": {
    "version": "0.2.0",
    "source": "devdax",
    "path": "/dev/dax0.0",
    "nthreads": 16,
    "nsegments": 1,
    "stripeSize": 137438953472,
    "blockSize": 131072,
    "paddingSize": 4096,
    "totalSize": 137438953472,
    "extentSize": 137439019008,
    "accessType": "write",
    "accessPattern": "random",
    "granularity": "page",
    "nonTemporal": false,
    "noflush": false,
    "set-affinity": true
  },
  "results": {
    "success": true,
    "time": 6988.904787,
    "byte_per_sec": 19665306319.188805,
    "MiB_per_sec": 18754.29756087189,
    "IOPS": 150034.38048697513,
    "MIOPS": 0.15003438048697512,
    "addr": 20332375179264
  }
}
