{
  "params": {
    "version": "0.2.0",
    "source": "devdax",
    "path": "/dev/dax0.0",
    "nthreads": 2,
    "nsegments": 1,
    "stripeSize": 17179869184,
    "blockSize": 128,
    "paddingSize": 4096,
    "totalSize": 17179869184,
    "extentSize": 17179877376,
    "accessType": "write",
    "accessPattern": "random",
    "granularity": "page",
    "nonTemporal": false,
    "noflush": false,
    "set-affinity": true
  },
  "results": {
    "success": true,
    "time": 51367.848181,
    "byte_per_sec": 334447904.5231743,
    "MiB_per_sec": 318.954376719641,
    "IOPS": 2612874.254087299,
    "MIOPS": 2.612874254087299,
    "addr": 20611548053504
  }
}
