{
  "params": {
    "version": "0.2.0",
    "source": "devdax",
    "path": "/dev/dax0.0",
    "nthreads": 4,
    "nsegments": 1,
    "stripeSize": 34359738368,
    "blockSize": 65536,
    "paddingSize": 4096,
    "totalSize": 34359738368,
    "extentSize": 34359754752,
    "accessType": "write",
    "accessPattern": "random",
    "granularity": "page",
    "nonTemporal": false,
    "noflush": false,
    "set-affinity": true
  },
  "results": {
    "success": true,
    "time": 3667.840028,
    "byte_per_sec": 9367839956.404991,
    "MiB_per_sec": 8933.868366627685,
    "IOPS": 142941.89386604296,
    "MIOPS": 0.14294189386604295,
    "addr": 20404315881472
  }
}
