{
  "params": {
    "version": "0.2.0",
    "source": "devdax",
    "path": "/dev/dax0.0",
    "nthreads": 8,
    "nsegments": 1,
    "stripeSize": 68719476736,
    "blockSize": 524288,
    "paddingSize": 4096,
    "totalSize": 68719476736,
    "extentSize": 68719509504,
    "accessType": "write",
    "accessPattern": "sequential",
    "granularity": "page",
    "nonTemporal": false,
    "noflush": false,
    "set-affinity": true
  },
  "results": {
    "success": true,
    "time": 4749.169481,
    "byte_per_sec": 14469788246.32938,
    "MiB_per_sec": 13799.465414361362,
    "IOPS": 27598.930828722725,
    "MIOPS": 0.027598930828722727,
    "addr": 20737175846912
  }
}
