{
  "params": {
    "version": "0.2.0",
    "source": "devdax",
    "path": "/dev/dax0.0",
    "nthreads": 8,
    "nsegments": 1,
    "stripeSize": 68719476736,
    "blockSize": 262144,
    "paddingSize": 4096,
    "totalSize": 68719476736,
    "extentSize": 68719509504,
    "accessType": "write",
    "accessPattern": "sequential",
    "granularity": "page",
    "nonTemporal": false,
    "noflush": false,
    "set-affinity": true
  },
  "results": {
    "success": true,
    "time": 4784.835607,
    "byte_per_sec": 14361930561.51532,
    "MiB_per_sec": 13696.604310527153,
    "IOPS": 54786.41724210861,
    "MIOPS": 0.054786417242108615,
    "addr": 20284056797184
  }
}
