{
  "params": {
    "version": "0.2.0",
    "source": "devdax",
    "path": "/dev/dax0.0",
    "nthreads": 48,
    "nsegments": 1,
    "stripeSize": 412316860416,
    "blockSize": 8192,
    "paddingSize": 4096,
    "totalSize": 412316860416,
    "extentSize": 412317057024,
    "accessType": "write",
    "accessPattern": "sequential",
    "granularity": "page",
    "nonTemporal": false,
    "noflush": false,
    "set-affinity": true
  },
  "results": {
    "success": true,
    "time": 16275.701135,
    "byte_per_sec": 25333277933.52849,
    "MiB_per_sec": 24159.69651558732,
    "IOPS": 3092441.153995177,
    "MIOPS": 3.0924411539951766,
    "addr": 21181704962048
  }
}
