{
  "params": {
    "version": "0.2.0",
    "source": "devdax",
    "path": "/dev/dax0.0",
    "nthreads": 48,
    "nsegments": 1,
    "stripeSize": 412316860416,
    "blockSize": 524288,
    "paddingSize": 4096,
    "totalSize": 412316860416,
    "extentSize": 412317057024,
    "accessType": "write",
    "accessPattern": "sequential",
    "granularity": "page",
    "nonTemporal": false,
    "noflush": false,
    "set-affinity": true
  },
  "results": {
    "success": true,
    "time": 16237.698481,
    "byte_per_sec": 25392567850.576782,
    "MiB_per_sec": 24216.239786698134,
    "IOPS": 48432.47957339627,
    "MIOPS": 0.04843247957339627,
    "addr": 21027086139392
  }
}
