{
  "params": {
    "version": "0.2.0",
    "source": "devdax",
    "path": "/dev/dax0.0",
    "nthreads": 48,
    "nsegments": 1,
    "stripeSize": 412316860416,
    "blockSize": 128,
    "paddingSize": 4096,
    "totalSize": 412316860416,
    "extentSize": 412317057024,
    "accessType": "write",
    "accessPattern": "sequential",
    "granularity": "page",
    "nonTemporal": false,
    "noflush": false,
    "set-affinity": true
  },
  "results": {
    "success": true,
    "time": 24070.223599999998,
    "byte_per_sec": 17129747827.352962,
    "MiB_per_sec": 16336.200549462283,
    "IOPS": 133826154.90119502,
    "MIOPS": 133.82615490119503,
    "addr": 20240033382400
  }
}
