{
  "params": {
    "version": "0.2.0",
    "source": "devdax",
    "path": "/dev/dax0.0",
    "nthreads": 1,
    "nsegments": 1,
    "stripeSize": 8589934592,
    "blockSize": 32768,
    "paddingSize": 4096,
    "totalSize": 8589934592,
    "extentSize": 8589938688,
    "accessType": "write",
    "accessPattern": "sequential",
    "granularity": "page",
    "nonTemporal": false,
    "noflush": false,
    "set-affinity": true
  },
  "results": {
    "success": true,
    "time": 3013.899962,
    "byte_per_sec": 2850106075.2858524,
    "MiB_per_sec": 2718.0729630335354,
    "IOPS": 86978.33481707313,
    "MIOPS": 0.08697833481707314,
    "addr": 20678120046592
  }
}
