{
  "params": {
    "version": "0.2.0",
    "source": "devdax",
    "path": "/dev/dax0.0",
    "nthreads": 2,
    "nsegments": 1,
    "stripeSize": 17179869184,
    "blockSize": 2048,
    "paddingSize": 4096,
    "totalSize": 17179869184,
    "extentSize": 17179877376,
    "accessType": "write",
    "accessPattern": "sequential",
    "granularity": "page",
    "nonTemporal": false,
    "noflush": false,
    "set-affinity": true
  },
  "results": {
    "success": true,
    "time": 4249.599069,
    "byte_per_sec": 4042703536.275647,
    "MiB_per_sec": 3855.4225313908073,
    "IOPS": 1973976.3360720933,
    "MIOPS": 1.9739763360720934,
    "addr": 20828443901952
  }
}
