{
  "params": {
    "version": "0.2.0",
    "source": "devdax",
    "path": "/dev/dax0.0",
    "nthreads": 16,
    "nsegments": 1,
    "stripeSize": 137438953472,
    "blockSize": 262144,
    "paddingSize": 4096,
    "totalSize": 137438953472,
    "extentSize": 137439019008,
    "accessType": "write",
    "accessPattern": "sequential",
    "granularity": "page",
    "nonTemporal": false,
    "noflush": false,
    "set-affinity": true
  },
  "results": {
    "success": true,
    "time": 6675.886045,
    "byte_per_sec": 20587372604.260803,
    "MiB_per_sec": 19633.64849496918,
    "IOPS": 78534.59397987672,
    "MIOPS": 0.07853459397987672,
    "addr": 20888573444096
  }
}
