{
  "params": {
    "version": "0.2.0",
    "source": "devdax",
    "path": "/dev/dax0.0",
    "nthreads": 32,
    "nsegments": 1,
    "stripeSize": 274877906944,
    "blockSize": 512,
    "paddingSize": 4096,
    "totalSize": 274877906944,
    "extentSize": 274878038016,
    "accessType": "write",
    "accessPattern": "sequential",
    "granularity": "page",
    "nonTemporal": false,
    "noflush": false,
    "set-affinity": true
  },
  "results": {
    "success": true,
    "time": 14999.093117999999,
    "byte_per_sec": 18326301782.480873,
    "MiB_per_sec": 17477.323324662088,
    "IOPS": 35793558.168907955,
    "MIOPS": 35.79355816890796,
    "addr": 20985210208256
  }
}
