{
  "params": {
    "version": "0.2.0",
    "source": "devdax",
    "path": "/dev/dax0.0",
    "nthreads": 2,
    "nsegments": 1,
    "stripeSize": 17179869184,
    "blockSize": 128,
    "paddingSize": 4096,
    "totalSize": 17179869184,
    "extentSize": 17179877376,
    "accessType": "write",
    "accessPattern": "sequential",
    "granularity": "page",
    "nonTemporal": false,
    "noflush": false,
    "set-affinity": true
  },
  "results": {
    "success": true,
    "time": 18835.939333,
    "byte_per_sec": 912079237.4766989,
    "MiB_per_sec": 869.8265433089246,
    "IOPS": 7125619.04278671,
    "MIOPS": 7.12561904278671,
    "addr": 20757576941568
  }
}
