{
  "params": {
    "version": "0.2.0",
    "source": "devdax",
    "path": "/dev/dax0.0",
    "nthreads": 48,
    "nsegments": 1,
    "stripeSize": 412316860416,
    "blockSize": 8192,
    "paddingSize": 4096,
    "totalSize": 412316860416,
    "extentSize": 412317057024,
    "accessType": "write",
    "accessPattern": "sequential",
    "granularity": "page",
    "nonTemporal": false,
    "noflush": false,
    "set-affinity": true
  },
  "results": {
    "success": true,
    "time": 16280.535149999998,
    "byte_per_sec": 25325755978.973457,
    "MiB_per_sec": 24152.52302071901,
    "IOPS": 3091522.9466520334,
    "MIOPS": 3.0915229466520335,
    "addr": 21070035812352
  }
}
