{
  "params": {
    "version": "0.2.0",
    "source": "devdax",
    "path": "/dev/dax0.0",
    "nthreads": 8,
    "nsegments": 1,
    "stripeSize": 68719476736,
    "blockSize": 16384,
    "paddingSize": 4096,
    "totalSize": 68719476736,
    "extentSize": 68719509504,
    "accessType": "write",
    "accessPattern": "sequential",
    "granularity": "page",
    "nonTemporal": false,
    "noflush": false,
    "set-affinity": true
  },
  "results": {
    "success": true,
    "time": 4752.435304,
    "byte_per_sec": 14459844761.728924,
    "MiB_per_sec": 13789.982568482326,
    "IOPS": 882558.8843828689,
    "MIOPS": 0.8825588843828689,
    "addr": 20889647185920
  }
}
