{
  "params": {
    "version": "0.2.0",
    "source": "devdax",
    "path": "/dev/dax0.0",
    "nthreads": 16,
    "nsegments": 1,
    "stripeSize": 137438953472,
    "blockSize": 8192,
    "paddingSize": 4096,
    "totalSize": 137438953472,
    "extentSize": 137439019008,
    "accessType": "write",
    "accessPattern": "sequential",
    "granularity": "page",
    "nonTemporal": false,
    "noflush": false,
    "set-affinity": true
  },
  "results": {
    "success": true,
    "time": 7606.031277,
    "byte_per_sec": 18069732882.58804,
    "MiB_per_sec": 17232.640154445686,
    "IOPS": 2205777.939769048,
    "MIOPS": 2.205777939769048,
    "addr": 21294447853568
  }
}
