{
  "params": {
    "version": "0.2.0",
    "source": "devdax",
    "path": "/dev/dax0.0",
    "nthreads": 2,
    "nsegments": 1,
    "stripeSize": 17179869184,
    "blockSize": 262144,
    "paddingSize": 4096,
    "totalSize": 17179869184,
    "extentSize": 17179877376,
    "accessType": "write",
    "accessPattern": "sequential",
    "granularity": "page",
    "nonTemporal": false,
    "noflush": false,
    "set-affinity": true
  },
  "results": {
    "success": true,
    "time": 3249.086621,
    "byte_per_sec": 5287599620.4473,
    "MiB_per_sec": 5042.647953460026,
    "IOPS": 20170.591813840103,
    "MIOPS": 0.020170591813840105,
    "addr": 20209968611328
  }
}
