{
  "params": {
    "version": "0.2.0",
    "source": "devdax",
    "path": "/dev/dax0.0",
    "nthreads": 1,
    "nsegments": 1,
    "stripeSize": 8589934592,
    "blockSize": 1048576,
    "paddingSize": 4096,
    "totalSize": 8589934592,
    "extentSize": 8589938688,
    "accessType": "write",
    "accessPattern": "sequential",
    "granularity": "page",
    "nonTemporal": false,
    "noflush": false,
    "set-affinity": true
  },
  "results": {
    "success": true,
    "time": 3047.30527,
    "byte_per_sec": 2818862513.2394433,
    "MiB_per_sec": 2688.27678035683,
    "IOPS": 2688.27678035683,
    "MIOPS": 0.00268827678035683,
    "addr": 20425790717952
  }
}
