{
  "params": {
    "version": "0.2.0",
    "source": "devdax",
    "path": "/dev/dax0.0",
    "nthreads": 8,
    "nsegments": 1,
    "stripeSize": 68719476736,
    "blockSize": 512,
    "paddingSize": 4096,
    "totalSize": 68719476736,
    "extentSize": 68719509504,
    "accessType": "write",
    "accessPattern": "sequential",
    "granularity": "page",
    "nonTemporal": false,
    "noflush": false,
    "set-affinity": true
  },
  "results": {
    "success": true,
    "time": 8241.23811,
    "byte_per_sec": 8338489413.69806,
    "MiB_per_sec": 7952.20319146925,
    "IOPS": 16286112.136129024,
    "MIOPS": 16.286112136129024,
    "addr": 20988431433728
  }
}
