{
  "params": {
    "version": "0.2.0",
    "source": "devdax",
    "path": "/dev/dax0.0",
    "nthreads": 48,
    "nsegments": 1,
    "stripeSize": 412316860416,
    "blockSize": 1048576,
    "paddingSize": 4096,
    "totalSize": 412316860416,
    "extentSize": 412317057024,
    "accessType": "write",
    "accessPattern": "sequential",
    "granularity": "page",
    "nonTemporal": false,
    "noflush": false,
    "set-affinity": true
  },
  "results": {
    "success": true,
    "time": 16175.442728,
    "byte_per_sec": 25490298308.94654,
    "MiB_per_sec": 24309.442814775983,
    "IOPS": 24309.442814775983,
    "MIOPS": 0.024309442814775983,
    "addr": 20797305389056
  }
}
