{
  "params": {
    "version": "0.2.0",
    "source": "devdax",
    "path": "/dev/dax0.0",
    "nthreads": 16,
    "nsegments": 1,
    "stripeSize": 137438953472,
    "blockSize": 1048576,
    "paddingSize": 4096,
    "totalSize": 137438953472,
    "extentSize": 137439019008,
    "accessType": "write",
    "accessPattern": "sequential",
    "granularity": "page",
    "nonTemporal": false,
    "noflush": false,
    "set-affinity": true
  },
  "results": {
    "success": true,
    "time": 6106.526656,
    "byte_per_sec": 22506894870.74598,
    "MiB_per_sec": 21464.247580286006,
    "IOPS": 21464.247580286006,
    "MIOPS": 0.021464247580286006,
    "addr": 21065740845056
  }
}
