{
  "params": {
    "version": "0.2.0",
    "source": "devdax",
    "path": "/dev/dax0.0",
    "nthreads": 48,
    "nsegments": 1,
    "stripeSize": 412316860416,
    "blockSize": 32768,
    "paddingSize": 4096,
    "totalSize": 412316860416,
    "extentSize": 412317057024,
    "accessType": "write",
    "accessPattern": "sequential",
    "granularity": "page",
    "nonTemporal": false,
    "noflush": false,
    "set-affinity": true
  },
  "results": {
    "success": true,
    "time": 16230.086462,
    "byte_per_sec": 25404477134.57166,
    "MiB_per_sec": 24227.597364970836,
    "IOPS": 775283.1156790667,
    "MIOPS": 0.7752831156790667,
    "addr": 21027086139392
  }
}
