{
  "params": {
    "version": "0.2.0",
    "source": "devdax",
    "path": "/dev/dax0.0",
    "nthreads": 4,
    "nsegments": 1,
    "stripeSize": 34359738368,
    "blockSize": 2048,
    "paddingSize": 4096,
    "totalSize": 34359738368,
    "extentSize": 34359754752,
    "accessType": "write",
    "accessPattern": "sequential",
    "granularity": "page",
    "nonTemporal": false,
    "noflush": false,
    "set-affinity": true
  },
  "results": {
    "success": true,
    "time": 4655.456226,
    "byte_per_sec": 7380530865.290108,
    "MiB_per_sec": 7038.622727670772,
    "IOPS": 3603774.8365674354,
    "MIOPS": 3.6037748365674354,
    "addr": 20912195764224
  }
}
