{
  "params": {
    "version": "0.2.0",
    "source": "devdax",
    "path": "/dev/dax0.0",
    "nthreads": 48,
    "nsegments": 1,
    "stripeSize": 412316860416,
    "blockSize": 1048576,
    "paddingSize": 4096,
    "totalSize": 412316860416,
    "extentSize": 412317057024,
    "accessType": "write",
    "accessPattern": "sequential",
    "granularity": "page",
    "nonTemporal": false,
    "noflush": false,
    "set-affinity": true
  },
  "results": {
    "success": true,
    "time": 16412.420204000002,
    "byte_per_sec": 25122246158.15716,
    "MiB_per_sec": 23958.44093147007,
    "IOPS": 23958.44093147007,
    "MIOPS": 0.023958440931470072,
    "addr": 21181704962048
  }
}
