{
  "params": {
    "version": "0.2.0",
    "source": "devdax",
    "path": "/dev/dax0.0",
    "nthreads": 16,
    "nsegments": 1,
    "stripeSize": 137438953472,
    "blockSize": 128,
    "paddingSize": 4096,
    "totalSize": 137438953472,
    "extentSize": 137439019008,
    "accessType": "write",
    "accessPattern": "sequential",
    "granularity": "page",
    "nonTemporal": false,
    "noflush": false,
    "set-affinity": true
  },
  "results": {
    "success": true,
    "time": 19703.01291,
    "byte_per_sec": 6975529788.251049,
    "MiB_per_sec": 6652.383602381753,
    "IOPS": 54496326.47071132,
    "MIOPS": 54.496326470711324,
    "addr": 20656645210112
  }
}
