{
  "params": {
    "version": "0.2.0",
    "source": "devdax",
    "path": "/dev/dax0.0",
    "nthreads": 48,
    "nsegments": 1,
    "stripeSize": 412316860416,
    "blockSize": 524288,
    "paddingSize": 4096,
    "totalSize": 412316860416,
    "extentSize": 412317057024,
    "accessType": "write",
    "accessPattern": "sequential",
    "granularity": "page",
    "nonTemporal": false,
    "noflush": false,
    "set-affinity": true
  },
  "results": {
    "success": true,
    "time": 16360.167257000001,
    "byte_per_sec": 25202484420.78626,
    "MiB_per_sec": 24034.9621017325,
    "IOPS": 48069.924203465,
    "MIOPS": 0.048069924203465,
    "addr": 21143050256384
  }
}
