{
  "params": {
    "version": "0.2.0",
    "source": "devdax",
    "path": "/dev/dax0.0",
    "nthreads": 8,
    "nsegments": 1,
    "stripeSize": 68719476736,
    "blockSize": 64,
    "paddingSize": 4096,
    "totalSize": 68719476736,
    "extentSize": 68719509504,
    "accessType": "write",
    "accessPattern": "sequential",
    "granularity": "page",
    "nonTemporal": false,
    "noflush": false,
    "set-affinity": true
  },
  "results": {
    "success": true,
    "time": 36214.15812,
    "byte_per_sec": 1897585925.0486975,
    "MiB_per_sec": 1809.678959892938,
    "IOPS": 29649780.078885898,
    "MIOPS": 29.649780078885897,
    "addr": 21047487234048
  }
}
