{
  "params": {
    "version": "0.2.0",
    "source": "devdax",
    "path": "/dev/dax0.0",
    "nthreads": 32,
    "nsegments": 1,
    "stripeSize": 274877906944,
    "blockSize": 256,
    "paddingSize": 4096,
    "totalSize": 274877906944,
    "extentSize": 274878038016,
    "accessType": "write",
    "accessPattern": "sequential",
    "granularity": "page",
    "nonTemporal": false,
    "noflush": false,
    "set-affinity": true
  },
  "results": {
    "success": true,
    "time": 16345.684315999999,
    "byte_per_sec": 16816543231.226809,
    "MiB_per_sec": 16037.505370356377,
    "IOPS": 65689621.99697972,
    "MIOPS": 65.68962199697972,
    "addr": 21174188769280
  }
}
