{
  "params": {
    "version": "0.2.0",
    "source": "devdax",
    "path": "/dev/dax0.0",
    "nthreads": 32,
    "nsegments": 1,
    "stripeSize": 274877906944,
    "blockSize": 1024,
    "paddingSize": 4096,
    "totalSize": 274877906944,
    "extentSize": 274878038016,
    "accessType": "write",
    "accessPattern": "sequential",
    "granularity": "page",
    "nonTemporal": false,
    "noflush": false,
    "set-affinity": true
  },
  "results": {
    "success": true,
    "time": 13827.393673999999,
    "byte_per_sec": 19879227671.14528,
    "MiB_per_sec": 18958.308859963683,
    "IOPS": 19413308.27260281,
    "MIOPS": 19.413308272602812,
    "addr": 20249697058816
  }
}
