{
  "params": {
    "version": "0.2.0",
    "source": "devdax",
    "path": "/dev/dax0.0",
    "nthreads": 32,
    "nsegments": 1,
    "stripeSize": 274877906944,
    "blockSize": 4096,
    "paddingSize": 4096,
    "totalSize": 274877906944,
    "extentSize": 274878038016,
    "accessType": "write",
    "accessPattern": "sequential",
    "granularity": "page",
    "nonTemporal": false,
    "noflush": false,
    "set-affinity": true
  },
  "results": {
    "success": true,
    "time": 13504.707723,
    "byte_per_sec": 20354228509.207405,
    "MiB_per_sec": 19411.304959494977,
    "IOPS": 4969294.069630714,
    "MIOPS": 4.969294069630714,
    "addr": 21139829030912
  }
}
