{
  "params": {
    "version": "0.2.0",
    "source": "devdax",
    "path": "/dev/dax0.0",
    "nthreads": 4,
    "nsegments": 1,
    "stripeSize": 34359738368,
    "blockSize": 4096,
    "paddingSize": 4096,
    "totalSize": 34359738368,
    "extentSize": 34359754752,
    "accessType": "write",
    "accessPattern": "sequential",
    "granularity": "page",
    "nonTemporal": false,
    "noflush": false,
    "set-affinity": true
  },
  "results": {
    "success": true,
    "time": 4356.467617,
    "byte_per_sec": 7887063875.769423,
    "MiB_per_sec": 7521.690250176833,
    "IOPS": 1925552.7040452692,
    "MIOPS": 1.9255527040452691,
    "addr": 20735028363264
  }
}
