{
  "params": {
    "version": "0.2.0",
    "source": "devdax",
    "path": "/dev/dax0.0",
    "nthreads": 8,
    "nsegments": 1,
    "stripeSize": 68719476736,
    "blockSize": 1024,
    "paddingSize": 4096,
    "totalSize": 68719476736,
    "extentSize": 68719509504,
    "accessType": "write",
    "accessPattern": "sequential",
    "granularity": "page",
    "nonTemporal": false,
    "noflush": false,
    "set-affinity": true
  },
  "results": {
    "success": true,
    "time": 6026.476342,
    "byte_per_sec": 11402928151.742176,
    "MiB_per_sec": 10874.679710142304,
    "IOPS": 11135672.023185719,
    "MIOPS": 11.13567202318572,
    "addr": 20615843020800
  }
}
