{
  "params": {
    "version": "0.2.0",
    "source": "devdax",
    "path": "/dev/dax0.0",
    "nthreads": 1,
    "nsegments": 1,
    "stripeSize": 8589934592,
    "blockSize": 8192,
    "paddingSize": 4096,
    "totalSize": 8589934592,
    "extentSize": 8589938688,
    "accessType": "write",
    "accessPattern": "sequential",
    "granularity": "page",
    "nonTemporal": false,
    "noflush": false,
    "set-affinity": true
  },
  "results": {
    "success": true,
    "time": 3296.2587879999996,
    "byte_per_sec": 2605964866.372622,
    "MiB_per_sec": 2485.241762516615,
    "IOPS": 318110.9456021267,
    "MIOPS": 0.3181109456021267,
    "addr": 21053929684992
  }
}
