{
  "params": {
    "version": "0.2.0",
    "source": "devdax",
    "path": "/dev/dax0.0",
    "nthreads": 32,
    "nsegments": 1,
    "stripeSize": 274877906944,
    "blockSize": 2048,
    "paddingSize": 4096,
    "totalSize": 274877906944,
    "extentSize": 274878038016,
    "accessType": "write",
    "accessPattern": "sequential",
    "granularity": "page",
    "nonTemporal": false,
    "noflush": false,
    "set-affinity": true
  },
  "results": {
    "success": true,
    "time": 14132.543703,
    "byte_per_sec": 19449995182.795723,
    "MiB_per_sec": 18548.960860057567,
    "IOPS": 9497067.960349474,
    "MIOPS": 9.497067960349474,
    "addr": 20922933182464
  }
}
