{
  "params": {
    "version": "0.2.0",
    "source": "devdax",
    "path": "/dev/dax0.0",
    "nthreads": 8,
    "nsegments": 1,
    "stripeSize": 68719476736,
    "blockSize": 32768,
    "paddingSize": 4096,
    "totalSize": 68719476736,
    "extentSize": 68719509504,
    "accessType": "write",
    "accessPattern": "sequential",
    "granularity": "page",
    "nonTemporal": false,
    "noflush": false,
    "set-affinity": true
  },
  "results": {
    "success": true,
    "time": 4692.594706000001,
    "byte_per_sec": 14644238644.37612,
    "MiB_per_sec": 13965.834278465385,
    "IOPS": 446906.6969108923,
    "MIOPS": 0.4469066969108923,
    "addr": 21173115027456
  }
}
