{
  "params": {
    "accessPattern": "random",
    "accessType": "read",
    "blockSize": 2048,
    "granularity": "page",
    "nonTemporal": false,
    "nthreads": 8,
    "path": "/dev/dax0.1",
    "set-affinity": true,
    "source": "devdax",
    "stripeSize": 68719476736,
    "totalSize": 68719476736
  },
  "results": {
    "IOPS": 5156749.818041951,
    "MIOPS": 5.156749818041951,
    "MiB_per_sec": 10071.776988363186,
    "addr": 139764678262784,
    "byte_per_sec": 10561023627.349916,
    "success": true,
    "time": 6506.895464
  }
}
