{
  "params": {
    "accessPattern": "random",
    "accessType": "read",
    "blockSize": 128,
    "granularity": "page",
    "nonTemporal": true,
    "nthreads": 2,
    "path": "/dev/dax0.1",
    "set-affinity": true,
    "source": "devdax",
    "stripeSize": 17179869184,
    "totalSize": 17179869184
  },
  "results": {
    "IOPS": 6444794.778200015,
    "MIOPS": 6.4447947782000155,
    "MiB_per_sec": 786.7181125732441,
    "addr": 139835545223168,
    "byte_per_sec": 824933731.609602,
    "success": true,
    "time": 20825.756695
  }
}
