{
  "params": {
    "accessPattern": "random",
    "accessType": "read",
    "blockSize": 64,
    "granularity": "page",
    "nonTemporal": false,
    "nthreads": 8,
    "path": "/dev/dax0.1",
    "set-affinity": true,
    "source": "devdax",
    "stripeSize": 68719476736,
    "totalSize": 68719476736
  },
  "results": {
    "IOPS": 30398035.22766977,
    "MIOPS": 30.398035227669773,
    "MiB_per_sec": 1855.3488298138288,
    "addr": 139815144128512,
    "byte_per_sec": 1945474254.5708654,
    "success": true,
    "time": 35322.737669
  }
}
