{
  "params": {
    "accessPattern": "random",
    "accessType": "read",
    "blockSize": 16384,
    "granularity": "page",
    "nonTemporal": true,
    "nthreads": 1,
    "path": "/dev/dax0.1",
    "set-affinity": true,
    "source": "devdax",
    "stripeSize": 8589934592,
    "totalSize": 8589934592
  },
  "results": {
    "IOPS": 167122.4168152177,
    "MIOPS": 0.1671224168152177,
    "MiB_per_sec": 2611.2877627377766,
    "addr": 139380278689792,
    "byte_per_sec": 2738133677.100527,
    "success": true,
    "time": 3137.149462
  }
}
