{
  "params": {
    "accessPattern": "random",
    "accessType": "read",
    "blockSize": 128,
    "granularity": "page",
    "nonTemporal": false,
    "nthreads": 16,
    "path": "/dev/dax0.1",
    "set-affinity": true,
    "source": "devdax",
    "stripeSize": 137438953472,
    "totalSize": 137438953472
  },
  "results": {
    "IOPS": 41783031.57374421,
    "MIOPS": 41.78303157374421,
    "MiB_per_sec": 5100.467721404322,
    "addr": 139705622462464,
    "byte_per_sec": 5348228041.439259,
    "success": true,
    "time": 25698.035388
  }
}
