{
  "params": {
    "accessPattern": "random",
    "accessType": "read",
    "blockSize": 524288,
    "granularity": "page",
    "nonTemporal": true,
    "nthreads": 8,
    "path": "/dev/dax0.1",
    "set-affinity": true,
    "source": "devdax",
    "stripeSize": 68719476736,
    "totalSize": 68719476736
  },
  "results": {
    "IOPS": 32502.61664699351,
    "MIOPS": 0.032502616646993505,
    "MiB_per_sec": 16251.308323496754,
    "addr": 140101833195520,
    "byte_per_sec": 17040731876.618933,
    "success": true,
    "time": 4032.659937
  }
}
