{
  "params": {
    "accessPattern": "random",
    "accessType": "read",
    "blockSize": 16384,
    "granularity": "page",
    "nonTemporal": true,
    "nthreads": 8,
    "path": "/dev/dax0.1",
    "set-affinity": true,
    "source": "devdax",
    "stripeSize": 68719476736,
    "totalSize": 68719476736
  },
  "results": {
    "IOPS": 985034.711605639,
    "MIOPS": 0.9850347116056389,
    "MiB_per_sec": 15391.167368838109,
    "addr": 139490874097664,
    "byte_per_sec": 16138808714.946789,
    "success": true,
    "time": 4258.026596
  }
}
