{
  "params": {
    "accessPattern": "random",
    "accessType": "read",
    "blockSize": 8192,
    "granularity": "page",
    "nonTemporal": false,
    "nthreads": 4,
    "path": "/dev/dax0.1",
    "set-affinity": true,
    "source": "devdax",
    "stripeSize": 34359738368,
    "totalSize": 34359738368
  },
  "results": {
    "IOPS": 885008.7810709912,
    "MIOPS": 0.8850087810709912,
    "MiB_per_sec": 6914.131102117119,
    "addr": 139997680238592,
    "byte_per_sec": 7249991934.53356,
    "success": true,
    "time": 4739.27953
  }
}
