{
  "params": {
    "accessPattern": "random",
    "accessType": "read",
    "blockSize": 524288,
    "granularity": "page",
    "nonTemporal": true,
    "nthreads": 1,
    "path": "/dev/dax0.1",
    "set-affinity": true,
    "source": "devdax",
    "stripeSize": 8589934592,
    "totalSize": 8589934592
  },
  "results": {
    "IOPS": 5366.223310785891,
    "MIOPS": 0.005366223310785891,
    "MiB_per_sec": 2683.1116553929455,
    "addr": 139981574111232,
    "byte_per_sec": 2813446487.1653132,
    "success": true,
    "time": 3053.171486
  }
}
