{
  "params": {
    "accessPattern": "random",
    "accessType": "read",
    "blockSize": 1048576,
    "granularity": "page",
    "nonTemporal": true,
    "nthreads": 4,
    "path": "/dev/dax0.1",
    "set-affinity": true,
    "source": "devdax",
    "stripeSize": 34359738368,
    "totalSize": 34359738368
  },
  "results": {
    "IOPS": 9440.567308397296,
    "MIOPS": 0.009440567308397296,
    "MiB_per_sec": 9440.567308397296,
    "addr": 140164110221312,
    "byte_per_sec": 9899152305.970003,
    "success": true,
    "time": 3470.977848
  }
}
