{
  "params": {
    "accessPattern": "random",
    "accessType": "read",
    "blockSize": 1048576,
    "granularity": "page",
    "nonTemporal": false,
    "nthreads": 1,
    "path": "/dev/dax0.1",
    "set-affinity": true,
    "source": "devdax",
    "stripeSize": 8589934592,
    "totalSize": 8589934592
  },
  "results": {
    "IOPS": 1950.9209986058527,
    "MIOPS": 0.0019509209986058526,
    "MiB_per_sec": 1950.9209986058527,
    "addr": 140313360334848,
    "byte_per_sec": 2045688937.0341306,
    "success": true,
    "time": 4199.042404
  }
}
