{
  "params": {
    "accessPattern": "random",
    "accessType": "read",
    "blockSize": 2048,
    "granularity": "page",
    "nonTemporal": false,
    "nthreads": 8,
    "path": "/dev/dax0.1",
    "set-affinity": true,
    "source": "devdax",
    "stripeSize": 68719476736,
    "totalSize": 68719476736
  },
  "results": {
    "IOPS": 5172708.886151546,
    "MIOPS": 5.172708886151546,
    "MiB_per_sec": 10102.947043264738,
    "addr": 139992311529472,
    "byte_per_sec": 10593707798.838366,
    "success": true,
    "time": 6486.820105
  }
}
