{
  "params": {
    "accessPattern": "random",
    "accessType": "read",
    "blockSize": 524288,
    "granularity": "page",
    "nonTemporal": true,
    "nthreads": 8,
    "path": "/dev/dax0.1",
    "set-affinity": true,
    "source": "devdax",
    "stripeSize": 68719476736,
    "totalSize": 68719476736
  },
  "results": {
    "IOPS": 32523.87470690021,
    "MIOPS": 0.032523874706900206,
    "MiB_per_sec": 16261.937353450105,
    "addr": 139935403212800,
    "byte_per_sec": 17051877222.331297,
    "success": true,
    "time": 4030.024134
  }
}
