{
  "params": {
    "accessPattern": "random",
    "accessType": "read",
    "blockSize": 8192,
    "granularity": "page",
    "nonTemporal": true,
    "nthreads": 16,
    "path": "/dev/dax0.1",
    "set-affinity": true,
    "source": "devdax",
    "stripeSize": 137438953472,
    "totalSize": 137438953472
  },
  "results": {
    "IOPS": 2607586.265345825,
    "MIOPS": 2.607586265345825,
    "MiB_per_sec": 20371.767698014257,
    "addr": 139869904961536,
    "byte_per_sec": 21361346685.712997,
    "success": true,
    "time": 6434.002289
  }
}
