{
  "params": {
    "accessPattern": "random",
    "accessType": "read",
    "blockSize": 1024,
    "granularity": "page",
    "nonTemporal": true,
    "nthreads": 4,
    "path": "/dev/dax0.1",
    "set-affinity": true,
    "source": "devdax",
    "stripeSize": 34359738368,
    "totalSize": 34359738368
  },
  "results": {
    "IOPS": 4975623.616548215,
    "MIOPS": 4.975623616548215,
    "MiB_per_sec": 4859.007438035366,
    "addr": 140148004093952,
    "byte_per_sec": 5095038583.345372,
    "success": true,
    "time": 6743.764116
  }
}
