{
  "params": {
    "accessPattern": "random",
    "accessType": "read",
    "blockSize": 1048576,
    "granularity": "page",
    "nonTemporal": true,
    "nthreads": 4,
    "path": "/dev/dax0.1",
    "set-affinity": true,
    "source": "devdax",
    "stripeSize": 34359738368,
    "totalSize": 34359738368
  },
  "results": {
    "IOPS": 9427.784245989596,
    "MIOPS": 0.009427784245989597,
    "MiB_per_sec": 9427.784245989596,
    "addr": 140094317002752,
    "byte_per_sec": 9885748293.522787,
    "success": true,
    "time": 3475.6841210000002
  }
}
