{
  "params": {
    "accessPattern": "random",
    "accessType": "read",
    "blockSize": 256,
    "granularity": "page",
    "nonTemporal": false,
    "nthreads": 1,
    "path": "/dev/dax0.1",
    "set-affinity": true,
    "source": "devdax",
    "stripeSize": 8589934592,
    "totalSize": 8589934592
  },
  "results": {
    "IOPS": 2552002.269588986,
    "MIOPS": 2.552002269588986,
    "MiB_per_sec": 623.0474290988735,
    "addr": 139584289636352,
    "byte_per_sec": 653312581.0147804,
    "success": true,
    "time": 13148.276708
  }
}
