{
  "params": {
    "accessPattern": "random",
    "accessType": "read",
    "blockSize": 32768,
    "granularity": "page",
    "nonTemporal": true,
    "nthreads": 8,
    "path": "/dev/dax0.1",
    "set-affinity": true,
    "source": "devdax",
    "stripeSize": 68719476736,
    "totalSize": 68719476736
  },
  "results": {
    "IOPS": 498927.5530179607,
    "MIOPS": 0.4989275530179607,
    "MiB_per_sec": 15591.486031811271,
    "addr": 139549929897984,
    "byte_per_sec": 16348858057.292536,
    "success": true,
    "time": 4203.319675000001
  }
}
