{
  "params": {
    "accessPattern": "random",
    "accessType": "read",
    "blockSize": 524288,
    "granularity": "page",
    "nonTemporal": true,
    "nthreads": 1,
    "path": "/dev/dax0.1",
    "set-affinity": true,
    "source": "devdax",
    "stripeSize": 8589934592,
    "totalSize": 8589934592
  },
  "results": {
    "IOPS": 5358.485455300283,
    "MIOPS": 0.005358485455300283,
    "MiB_per_sec": 2679.2427276501417,
    "addr": 139443629457408,
    "byte_per_sec": 2809389622.388475,
    "success": true,
    "time": 3057.580381
  }
}
