{
  "params": {
    "accessPattern": "random",
    "accessType": "read",
    "blockSize": 512,
    "granularity": "page",
    "nonTemporal": false,
    "nthreads": 16,
    "path": "/dev/dax0.1",
    "set-affinity": true,
    "source": "devdax",
    "stripeSize": 137438953472,
    "totalSize": 137438953472
  },
  "results": {
    "IOPS": 24094003.53427748,
    "MIOPS": 24.09400353427748,
    "MiB_per_sec": 11764.650163221426,
    "addr": 140095390744576,
    "byte_per_sec": 12336129809.55007,
    "success": true,
    "time": 11141.172766
  }
}
