{
  "params": {
    "accessPattern": "random",
    "accessType": "read",
    "blockSize": 1024,
    "granularity": "page",
    "nonTemporal": true,
    "nthreads": 1,
    "path": "/dev/dax0.1",
    "set-affinity": true,
    "source": "devdax",
    "stripeSize": 8589934592,
    "totalSize": 8589934592
  },
  "results": {
    "IOPS": 1489949.3943680485,
    "MIOPS": 1.4899493943680486,
    "MiB_per_sec": 1455.0287054375474,
    "addr": 139231028576256,
    "byte_per_sec": 1525708179.8328817,
    "success": true,
    "time": 5630.129474
  }
}
