{
  "params": {
    "accessPattern": "random",
    "accessType": "read",
    "blockSize": 2048,
    "granularity": "page",
    "nonTemporal": false,
    "nthreads": 1,
    "path": "/dev/dax0.1",
    "set-affinity": true,
    "source": "devdax",
    "stripeSize": 8589934592,
    "totalSize": 8589934592
  },
  "results": {
    "IOPS": 889589.2124249754,
    "MIOPS": 0.8895892124249754,
    "MiB_per_sec": 1737.47893051753,
    "addr": 139628313051136,
    "byte_per_sec": 1821878707.0463495,
    "success": true,
    "time": 4714.877318
  }
}
