{
  "params": {
    "accessPattern": "random",
    "accessType": "read",
    "blockSize": 131072,
    "granularity": "page",
    "nonTemporal": true,
    "nthreads": 16,
    "path": "/dev/dax0.1",
    "set-affinity": true,
    "source": "devdax",
    "stripeSize": 137438953472,
    "totalSize": 137438953472
  },
  "results": {
    "IOPS": 176043.92054057954,
    "MIOPS": 0.17604392054057955,
    "MiB_per_sec": 22005.490067572442,
    "addr": 139935403212800,
    "byte_per_sec": 23074428753.09484,
    "success": true,
    "time": 5956.3317879999995
  }
}
