{
  "params": {
    "accessPattern": "random",
    "accessType": "read",
    "blockSize": 512,
    "granularity": "page",
    "nonTemporal": true,
    "nthreads": 1,
    "path": "/dev/dax0.1",
    "set-affinity": true,
    "source": "devdax",
    "stripeSize": 8589934592,
    "totalSize": 8589934592
  },
  "results": {
    "IOPS": 1616357.6651712249,
    "MIOPS": 1.6163576651712248,
    "MiB_per_sec": 789.2371411968871,
    "addr": 139515570159616,
    "byte_per_sec": 827575124.5676671,
    "success": true,
    "time": 10379.643294
  }
}
