{
  "params": {
    "accessPattern": "random",
    "accessType": "read",
    "blockSize": 131072,
    "granularity": "page",
    "nonTemporal": false,
    "nthreads": 1,
    "path": "/dev/dax0.1",
    "set-affinity": true,
    "source": "devdax",
    "stripeSize": 8589934592,
    "totalSize": 8589934592
  },
  "results": {
    "IOPS": 15862.515438792328,
    "MIOPS": 0.01586251543879233,
    "MiB_per_sec": 1982.814429849041,
    "addr": 139258945863680,
    "byte_per_sec": 2079131623.593388,
    "success": true,
    "time": 4131.501101
  }
}
