{
  "params": {
    "accessPattern": "random",
    "accessType": "read",
    "blockSize": 512,
    "granularity": "page",
    "nonTemporal": false,
    "nthreads": 16,
    "path": "/dev/dax0.1",
    "set-affinity": true,
    "source": "devdax",
    "stripeSize": 137438953472,
    "totalSize": 137438953472
  },
  "results": {
    "IOPS": 23900345.01718557,
    "MIOPS": 23.90034501718557,
    "MiB_per_sec": 11670.090340422641,
    "addr": 140245714599936,
    "byte_per_sec": 12236976648.799011,
    "success": true,
    "time": 11231.446902
  }
}
