{
  "params": {
    "accessPattern": "random",
    "accessType": "read",
    "blockSize": 16384,
    "granularity": "page",
    "nonTemporal": true,
    "nthreads": 4,
    "path": "/dev/dax0.1",
    "set-affinity": true,
    "source": "devdax",
    "stripeSize": 34359738368,
    "totalSize": 34359738368
  },
  "results": {
    "IOPS": 583480.197596725,
    "MIOPS": 0.583480197596725,
    "MiB_per_sec": 9116.878087448828,
    "addr": 139258945863680,
    "byte_per_sec": 9559739557.424742,
    "success": true,
    "time": 3594.212809
  }
}
