{
  "params": {
    "accessPattern": "random",
    "accessType": "read",
    "blockSize": 131072,
    "granularity": "page",
    "nonTemporal": false,
    "nthreads": 4,
    "path": "/dev/dax0.1",
    "set-affinity": true,
    "source": "devdax",
    "stripeSize": 34359738368,
    "totalSize": 34359738368
  },
  "results": {
    "IOPS": 55383.73706176342,
    "MIOPS": 0.05538373706176342,
    "MiB_per_sec": 6922.967132720428,
    "addr": 139277199474688,
    "byte_per_sec": 7259257184.159455,
    "success": true,
    "time": 4733.2306180000005
  }
}
