{
  "params": {
    "accessPattern": "random",
    "accessType": "read",
    "blockSize": 128,
    "granularity": "page",
    "nonTemporal": false,
    "nthreads": 8,
    "path": "/dev/dax0.1",
    "set-affinity": true,
    "source": "devdax",
    "stripeSize": 68719476736,
    "totalSize": 68719476736
  },
  "results": {
    "IOPS": 27120527.89446081,
    "MIOPS": 27.120527894460807,
    "MiB_per_sec": 3310.611315241798,
    "addr": 139662672789504,
    "byte_per_sec": 3471427570.4909835,
    "success": true,
    "time": 19795.739747
  }
}
