{
  "params": {
    "accessPattern": "random",
    "accessType": "read",
    "blockSize": 8192,
    "granularity": "page",
    "nonTemporal": false,
    "nthreads": 4,
    "path": "/dev/dax0.1",
    "set-affinity": true,
    "source": "devdax",
    "stripeSize": 34359738368,
    "totalSize": 34359738368
  },
  "results": {
    "IOPS": 888751.5280822857,
    "MIOPS": 0.8887515280822856,
    "MiB_per_sec": 6943.371313142857,
    "addr": 139589658345472,
    "byte_per_sec": 7280652518.050084,
    "success": true,
    "time": 4719.321281
  }
}
