{
  "params": {
    "accessPattern": "random",
    "accessType": "read",
    "blockSize": 524288,
    "granularity": "page",
    "nonTemporal": false,
    "nthreads": 2,
    "path": "/dev/dax0.1",
    "set-affinity": true,
    "source": "devdax",
    "stripeSize": 17179869184,
    "totalSize": 17179869184
  },
  "results": {
    "IOPS": 7370.157655499445,
    "MIOPS": 0.007370157655499445,
    "MiB_per_sec": 3685.0788277497227,
    "addr": 139628313051136,
    "byte_per_sec": 3864085216.886493,
    "success": true,
    "time": 4446.037864
  }
}
