{
  "params": {
    "accessPattern": "random",
    "accessType": "read",
    "blockSize": 2048,
    "granularity": "page",
    "nonTemporal": true,
    "nthreads": 16,
    "path": "/dev/dax0.1",
    "set-affinity": true,
    "source": "devdax",
    "stripeSize": 137438953472,
    "totalSize": 137438953472
  },
  "results": {
    "IOPS": 7779434.660413493,
    "MIOPS": 7.779434660413493,
    "MiB_per_sec": 15194.208321120104,
    "addr": 139369541271552,
    "byte_per_sec": 15932282184.526834,
    "success": true,
    "time": 8626.444841999999
  }
}
