{
  "params": {
    "accessPattern": "random",
    "accessType": "read",
    "blockSize": 4096,
    "granularity": "page",
    "nonTemporal": false,
    "nthreads": 1,
    "path": "/dev/dax0.1",
    "set-affinity": true,
    "source": "devdax",
    "stripeSize": 8589934592,
    "totalSize": 8589934592
  },
  "results": {
    "IOPS": 523422.40171845094,
    "MIOPS": 0.5234224017184509,
    "MiB_per_sec": 2044.618756712699,
    "addr": 140063178489856,
    "byte_per_sec": 2143938157.438775,
    "success": true,
    "time": 4006.614912
  }
}
