{
  "params": {
    "accessPattern": "random",
    "accessType": "read",
    "blockSize": 128,
    "granularity": "page",
    "nonTemporal": false,
    "nthreads": 1,
    "path": "/dev/dax0.1",
    "set-affinity": true,
    "source": "devdax",
    "stripeSize": 8589934592,
    "totalSize": 8589934592
  },
  "results": {
    "IOPS": 2587667.028600127,
    "MIOPS": 2.587667028600127,
    "MiB_per_sec": 315.87732282716394,
    "addr": 139952583081984,
    "byte_per_sec": 331221379.66081625,
    "success": true,
    "time": 25934.118748
  }
}
