{
  "params": {
    "accessPattern": "random",
    "accessType": "read",
    "blockSize": 32768,
    "granularity": "page",
    "nonTemporal": true,
    "nthreads": 4,
    "path": "/dev/dax0.1",
    "set-affinity": true,
    "source": "devdax",
    "stripeSize": 34359738368,
    "totalSize": 34359738368
  },
  "results": {
    "IOPS": 295506.03019275574,
    "MIOPS": 0.29550603019275573,
    "MiB_per_sec": 9234.563443523617,
    "addr": 139276125732864,
    "byte_per_sec": 9683141597.35622,
    "success": true,
    "time": 3548.40813
  }
}
