{
  "params": {
    "accessPattern": "sequential",
    "accessType": "read",
    "blockSize": 1024,
    "granularity": "page",
    "nonTemporal": false,
    "nthreads": 16,
    "path": "/dev/dax0.1",
    "set-affinity": true,
    "source": "devdax",
    "stripeSize": 137438953472,
    "totalSize": 137438953472
  },
  "results": {
    "IOPS": 16812811.790899485,
    "MIOPS": 16.812811790899485,
    "MiB_per_sec": 16418.76151455028,
    "addr": 139273978249216,
    "byte_per_sec": 17216319273.881073,
    "success": true,
    "time": 7983.06254
  }
}
