{
  "params": {
    "accessPattern": "sequential",
    "accessType": "read",
    "blockSize": 8192,
    "granularity": "page",
    "nonTemporal": false,
    "nthreads": 16,
    "path": "/dev/dax0.1",
    "set-affinity": true,
    "source": "devdax",
    "stripeSize": 137438953472,
    "totalSize": 137438953472
  },
  "results": {
    "IOPS": 2412264.6060651173,
    "MIOPS": 2.412264606065117,
    "MiB_per_sec": 18845.81723488373,
    "addr": 140277926854656,
    "byte_per_sec": 19761271652.88544,
    "success": true,
    "time": 6954.965039000001
  }
}
