{
  "params": {
    "accessPattern": "sequential",
    "accessType": "read",
    "blockSize": 131072,
    "granularity": "page",
    "nonTemporal": true,
    "nthreads": 1,
    "path": "/dev/dax0.1",
    "set-affinity": true,
    "source": "devdax",
    "stripeSize": 8589934592,
    "totalSize": 8589934592
  },
  "results": {
    "IOPS": 20849.093150948003,
    "MIOPS": 0.020849093150948003,
    "MiB_per_sec": 2606.1366438685004,
    "addr": 140015933849600,
    "byte_per_sec": 2732732337.4810567,
    "success": true,
    "time": 3143.3501459999998
  }
}
