{
  "params": {
    "accessPattern": "sequential",
    "accessType": "read",
    "blockSize": 524288,
    "granularity": "page",
    "nonTemporal": false,
    "nthreads": 2,
    "path": "/dev/dax0.1",
    "set-affinity": true,
    "source": "devdax",
    "stripeSize": 17179869184,
    "totalSize": 17179869184
  },
  "results": {
    "IOPS": 7347.602847004072,
    "MIOPS": 0.007347602847004072,
    "MiB_per_sec": 3673.801423502036,
    "addr": 140202764926976,
    "byte_per_sec": 3852260001.450071,
    "success": true,
    "time": 4459.685789
  }
}
