{
  "params": {
    "accessPattern": "sequential",
    "accessType": "read",
    "blockSize": 524288,
    "granularity": "page",
    "nonTemporal": true,
    "nthreads": 8,
    "path": "/dev/dax0.1",
    "set-affinity": true,
    "source": "devdax",
    "stripeSize": 68719476736,
    "totalSize": 68719476736
  },
  "results": {
    "IOPS": 32468.687493628873,
    "MIOPS": 0.03246868749362887,
    "MiB_per_sec": 16234.343746814437,
    "addr": 139616501891072,
    "byte_per_sec": 17022943228.659695,
    "success": true,
    "time": 4036.873989
  }
}
