{
  "params": {
    "accessPattern": "sequential",
    "accessType": "read",
    "blockSize": 1048576,
    "granularity": "page",
    "nonTemporal": false,
    "nthreads": 1,
    "path": "/dev/dax0.1",
    "set-affinity": true,
    "source": "devdax",
    "stripeSize": 8589934592,
    "totalSize": 8589934592
  },
  "results": {
    "IOPS": 1948.2871544058705,
    "MIOPS": 0.0019482871544058706,
    "MiB_per_sec": 1948.2871544058705,
    "addr": 139976205402112,
    "byte_per_sec": 2042927151.21829,
    "success": true,
    "time": 4204.718992
  }
}
