{
  "params": {
    "accessPattern": "sequential",
    "accessType": "read",
    "blockSize": 1048576,
    "granularity": "page",
    "nonTemporal": false,
    "nthreads": 16,
    "path": "/dev/dax0.1",
    "set-affinity": true,
    "source": "devdax",
    "stripeSize": 137438953472,
    "totalSize": 137438953472
  },
  "results": {
    "IOPS": 18627.38814811825,
    "MIOPS": 0.018627388148118252,
    "MiB_per_sec": 18627.38814811825,
    "addr": 139771120713728,
    "byte_per_sec": 19532232154.801243,
    "success": true,
    "time": 7036.520577
  }
}
