{
  "params": {
    "accessPattern": "sequential",
    "accessType": "read",
    "blockSize": 8192,
    "granularity": "page",
    "nonTemporal": false,
    "nthreads": 1,
    "path": "/dev/dax0.1",
    "set-affinity": true,
    "source": "devdax",
    "stripeSize": 8589934592,
    "totalSize": 8589934592
  },
  "results": {
    "IOPS": 255890.86092350888,
    "MIOPS": 0.2558908609235089,
    "MiB_per_sec": 1999.1473509649131,
    "addr": 140275779371008,
    "byte_per_sec": 2096257932.6853848,
    "success": true,
    "time": 4097.74697
  }
}
