{
  "params": {
    "accessPattern": "sequential",
    "accessType": "read",
    "blockSize": 64,
    "granularity": "page",
    "nonTemporal": false,
    "nthreads": 8,
    "path": "/dev/dax0.1",
    "set-affinity": true,
    "source": "devdax",
    "stripeSize": 68719476736,
    "totalSize": 68719476736
  },
  "results": {
    "IOPS": 39547884.8898301,
    "MIOPS": 39.5478848898301,
    "MiB_per_sec": 2413.811333607794,
    "addr": 139588584603648,
    "byte_per_sec": 2531064632.9491262,
    "success": true,
    "time": 27150.423518
  }
}
