{
  "params": {
    "accessPattern": "sequential",
    "accessType": "read",
    "blockSize": 32768,
    "granularity": "page",
    "nonTemporal": true,
    "nthreads": 16,
    "path": "/dev/dax0.1",
    "set-affinity": true,
    "source": "devdax",
    "stripeSize": 137438953472,
    "totalSize": 137438953472
  },
  "results": {
    "IOPS": 754681.0269127663,
    "MIOPS": 0.7546810269127663,
    "MiB_per_sec": 23583.782091023946,
    "addr": 139252503412736,
    "byte_per_sec": 24729387889.877525,
    "success": true,
    "time": 5557.717566
  }
}
