{
  "params": {
    "accessPattern": "sequential",
    "accessType": "read",
    "blockSize": 32768,
    "granularity": "page",
    "nonTemporal": true,
    "nthreads": 16,
    "path": "/dev/dax0.1",
    "set-affinity": true,
    "source": "devdax",
    "stripeSize": 137438953472,
    "totalSize": 137438953472
  },
  "results": {
    "IOPS": 752536.903896511,
    "MIOPS": 0.752536903896511,
    "MiB_per_sec": 23516.778246765967,
    "addr": 139608985698304,
    "byte_per_sec": 24659129266.88087,
    "success": true,
    "time": 5573.552577
  }
}
