{
  "params": {
    "accessPattern": "sequential",
    "accessType": "read",
    "blockSize": 512,
    "granularity": "page",
    "nonTemporal": false,
    "nthreads": 2,
    "path": "/dev/dax0.1",
    "set-affinity": true,
    "source": "devdax",
    "stripeSize": 17179869184,
    "totalSize": 17179869184
  },
  "results": {
    "IOPS": 6028940.694922905,
    "MIOPS": 6.028940694922905,
    "MiB_per_sec": 2943.818698692825,
    "addr": 139471546744832,
    "byte_per_sec": 3086817635.8005276,
    "success": true,
    "time": 5565.560137
  }
}
