{
  "params": {
    "accessPattern": "sequential",
    "accessType": "read",
    "blockSize": 512,
    "granularity": "page",
    "nonTemporal": true,
    "nthreads": 16,
    "path": "/dev/dax0.1",
    "set-affinity": true,
    "source": "devdax",
    "stripeSize": 137438953472,
    "totalSize": 137438953472
  },
  "results": {
    "IOPS": 30508938.67599395,
    "MIOPS": 30.50893867599395,
    "MiB_per_sec": 14896.94271288767,
    "addr": 139861315026944,
    "byte_per_sec": 15620576602.108902,
    "success": true,
    "time": 8798.583879
  }
}
