{
  "params": {
    "accessPattern": "sequential",
    "accessType": "read",
    "blockSize": 65536,
    "granularity": "page",
    "nonTemporal": false,
    "nthreads": 2,
    "path": "/dev/dax0.1",
    "set-affinity": true,
    "source": "devdax",
    "stripeSize": 17179869184,
    "totalSize": 17179869184
  },
  "results": {
    "IOPS": 57840.9094509876,
    "MIOPS": 0.057840909450987604,
    "MiB_per_sec": 3615.056840686725,
    "addr": 139409269719040,
    "byte_per_sec": 3790661841.7799234,
    "success": true,
    "time": 4532.155570999999
  }
}
