{
  "params": {
    "accessPattern": "sequential",
    "accessType": "read",
    "blockSize": 32768,
    "granularity": "page",
    "nonTemporal": true,
    "nthreads": 8,
    "path": "/dev/dax0.1",
    "set-affinity": true,
    "source": "devdax",
    "stripeSize": 68719476736,
    "totalSize": 68719476736
  },
  "results": {
    "IOPS": 510298.8159899585,
    "MIOPS": 0.5102988159899585,
    "MiB_per_sec": 15946.837999686202,
    "addr": 139809775419392,
    "byte_per_sec": 16721471602.35896,
    "success": true,
    "time": 4109.654842
  }
}
