{
  "params": {
    "accessPattern": "sequential",
    "accessType": "read",
    "blockSize": 1048576,
    "granularity": "page",
    "nonTemporal": false,
    "nthreads": 2,
    "path": "/dev/dax0.1",
    "set-affinity": true,
    "source": "devdax",
    "stripeSize": 17179869184,
    "totalSize": 17179869184
  },
  "results": {
    "IOPS": 3744.682708544097,
    "MIOPS": 0.0037446827085440967,
    "MiB_per_sec": 3744.682708544097,
    "addr": 139949361856512,
    "byte_per_sec": 3926584415.794335,
    "success": true,
    "time": 4375.270557000001
  }
}
