{
  "params": {
    "accessPattern": "sequential",
    "accessType": "read",
    "blockSize": 128,
    "granularity": "page",
    "nonTemporal": false,
    "nthreads": 4,
    "path": "/dev/dax0.1",
    "set-affinity": true,
    "source": "devdax",
    "stripeSize": 34359738368,
    "totalSize": 34359738368
  },
  "results": {
    "IOPS": 18477219.652418688,
    "MIOPS": 18.47721965241869,
    "MiB_per_sec": 2255.5199771018906,
    "addr": 140063178489856,
    "byte_per_sec": 2365084115.509592,
    "success": true,
    "time": 14527.913888000001
  }
}
