{
  "params": {
    "accessPattern": "sequential",
    "accessType": "read",
    "blockSize": 4096,
    "granularity": "page",
    "nonTemporal": false,
    "nthreads": 1,
    "path": "/dev/dax0.1",
    "set-affinity": true,
    "source": "devdax",
    "stripeSize": 8589934592,
    "totalSize": 8589934592
  },
  "results": {
    "IOPS": 539521.6281319753,
    "MIOPS": 0.5395216281319754,
    "MiB_per_sec": 2107.5063598905285,
    "addr": 140176995123200,
    "byte_per_sec": 2209880588.828571,
    "success": true,
    "time": 3887.058258
  }
}
