{
  "params": {
    "accessPattern": "sequential",
    "accessType": "read",
    "blockSize": 4096,
    "granularity": "page",
    "nonTemporal": true,
    "nthreads": 2,
    "path": "/dev/dax0.1",
    "set-affinity": true,
    "source": "devdax",
    "stripeSize": 17179869184,
    "totalSize": 17179869184
  },
  "results": {
    "IOPS": 1273924.3291620063,
    "MIOPS": 1.2739243291620064,
    "MiB_per_sec": 4976.266910789087,
    "addr": 139997680238592,
    "byte_per_sec": 5217994052.247578,
    "success": true,
    "time": 3292.427897
  }
}
