{
  "params": {
    "accessPattern": "random",
    "accessType": "write",
    "blockSize": 16384,
    "granularity": "page",
    "nonTemporal": false,
    "nthreads": 16,
    "path": "/dev/dax0.1",
    "set-affinity": true,
    "source": "devdax",
    "stripeSize": 137438953472,
    "totalSize": 137438953472
  },
  "results": {
    "IOPS": 480790.85134800244,
    "MIOPS": 0.4807908513480024,
    "MiB_per_sec": 7512.357052312538,
    "addr": 139560667316224,
    "byte_per_sec": 7877277308.485672,
    "success": true,
    "time": 17447.520011
  }
}
