{
  "params": {
    "accessPattern": "random",
    "accessType": "write",
    "blockSize": 65536,
    "granularity": "page",
    "nonTemporal": false,
    "nthreads": 8,
    "path": "/dev/dax0.1",
    "set-affinity": true,
    "source": "devdax",
    "stripeSize": 68719476736,
    "totalSize": 68719476736
  },
  "results": {
    "IOPS": 129043.56896248212,
    "MIOPS": 0.12904356896248212,
    "MiB_per_sec": 8065.223060155133,
    "addr": 139334107791360,
    "byte_per_sec": 8456999335.5252285,
    "success": true,
    "time": 8125.751701
  }
}
