{
  "params": {
    "accessPattern": "random",
    "accessType": "write",
    "blockSize": 1024,
    "granularity": "page",
    "nonTemporal": false,
    "nthreads": 1,
    "path": "/dev/dax0.1",
    "set-affinity": true,
    "source": "devdax",
    "stripeSize": 8589934592,
    "totalSize": 8589934592
  },
  "results": {
    "IOPS": 1457867.9966639967,
    "MIOPS": 1.4578679966639967,
    "MiB_per_sec": 1423.6992154921843,
    "addr": 140317655302144,
    "byte_per_sec": 1492856828.5839326,
    "success": true,
    "time": 5754.024383
  }
}
