{
  "params": {
    "accessPattern": "random",
    "accessType": "write",
    "blockSize": 16384,
    "granularity": "page",
    "nonTemporal": true,
    "nthreads": 16,
    "path": "/dev/dax0.1",
    "set-affinity": true,
    "source": "devdax",
    "stripeSize": 137438953472,
    "totalSize": 137438953472
  },
  "results": {
    "IOPS": 477800.49358076736,
    "MIOPS": 0.47780049358076737,
    "MiB_per_sec": 7465.63271219949,
    "addr": 139318001664000,
    "byte_per_sec": 7828283286.827292,
    "success": true,
    "time": 17556.716899000003
  }
}
