{
  "params": {
    "accessPattern": "random",
    "accessType": "write",
    "blockSize": 16384,
    "granularity": "page",
    "nonTemporal": false,
    "nthreads": 8,
    "path": "/dev/dax0.1",
    "set-affinity": true,
    "source": "devdax",
    "stripeSize": 68719476736,
    "totalSize": 68719476736
  },
  "results": {
    "IOPS": 496027.43134025193,
    "MIOPS": 0.49602743134025196,
    "MiB_per_sec": 7750.428614691436,
    "addr": 139476915453952,
    "byte_per_sec": 8126913435.078688,
    "success": true,
    "time": 8455.790416
  }
}
