{
  "params": {
    "accessPattern": "random",
    "accessType": "write",
    "blockSize": 1048576,
    "granularity": "page",
    "nonTemporal": true,
    "nthreads": 4,
    "path": "/dev/dax0.1",
    "set-affinity": true,
    "source": "devdax",
    "stripeSize": 34359738368,
    "totalSize": 34359738368
  },
  "results": {
    "IOPS": 11741.88026288337,
    "MIOPS": 0.01174188026288337,
    "MiB_per_sec": 11741.88026288337,
    "addr": 139350213918720,
    "byte_per_sec": 12312253838.533192,
    "success": true,
    "time": 2790.694443
  }
}
