{
  "params": {
    "accessPattern": "random",
    "accessType": "write",
    "blockSize": 16384,
    "granularity": "page",
    "nonTemporal": false,
    "nthreads": 1,
    "path": "/dev/dax0.1",
    "set-affinity": true,
    "source": "devdax",
    "stripeSize": 8589934592,
    "totalSize": 8589934592
  },
  "results": {
    "IOPS": 111889.85508100399,
    "MIOPS": 0.11188985508100399,
    "MiB_per_sec": 1748.2789856406873,
    "addr": 139716359880704,
    "byte_per_sec": 1833203385.6471694,
    "success": true,
    "time": 4685.750997
  }
}
