{
  "params": {
    "accessPattern": "random",
    "accessType": "write",
    "blockSize": 64,
    "granularity": "page",
    "nonTemporal": true,
    "nthreads": 8,
    "path": "/dev/dax0.1",
    "set-affinity": true,
    "source": "devdax",
    "stripeSize": 68719476736,
    "totalSize": 68719476736
  },
  "results": {
    "IOPS": 39747443.40271658,
    "MIOPS": 39.74744340271658,
    "MiB_per_sec": 2425.991418622838,
    "addr": 140196322476032,
    "byte_per_sec": 2543836377.773861,
    "success": true,
    "time": 27014.110395
  }
}
