{
  "params": {
    "accessPattern": "random",
    "accessType": "write",
    "blockSize": 524288,
    "granularity": "page",
    "nonTemporal": false,
    "nthreads": 4,
    "path": "/dev/dax0.1",
    "set-affinity": true,
    "source": "devdax",
    "stripeSize": 34359738368,
    "totalSize": 34359738368
  },
  "results": {
    "IOPS": 11430.050793352106,
    "MIOPS": 0.011430050793352105,
    "MiB_per_sec": 5715.025396676053,
    "addr": 139768973230080,
    "byte_per_sec": 5992638470.344989,
    "success": true,
    "time": 5733.657810000001
  }
}
