{
  "params": {
    "accessPattern": "random",
    "accessType": "write",
    "blockSize": 4096,
    "granularity": "page",
    "nonTemporal": false,
    "nthreads": 1,
    "path": "/dev/dax0.1",
    "set-affinity": true,
    "source": "devdax",
    "stripeSize": 8589934592,
    "totalSize": 8589934592
  },
  "results": {
    "IOPS": 439248.1673298018,
    "MIOPS": 0.4392481673298018,
    "MiB_per_sec": 1715.8131536320384,
    "addr": 140237124665344,
    "byte_per_sec": 1799160493.3828683,
    "success": true,
    "time": 4774.412635
  }
}
