{
  "params": {
    "accessPattern": "random",
    "accessType": "write",
    "blockSize": 2048,
    "granularity": "page",
    "nonTemporal": true,
    "nthreads": 2,
    "path": "/dev/dax0.1",
    "set-affinity": true,
    "source": "devdax",
    "stripeSize": 17179869184,
    "totalSize": 17179869184
  },
  "results": {
    "IOPS": 4416589.163768509,
    "MIOPS": 4.416589163768509,
    "MiB_per_sec": 8626.15071048537,
    "addr": 139281494441984,
    "byte_per_sec": 9045174607.397907,
    "success": true,
    "time": 1899.3408009999998
  }
}
