{
  "params": {
    "accessPattern": "random",
    "accessType": "write",
    "blockSize": 128,
    "granularity": "page",
    "nonTemporal": false,
    "nthreads": 1,
    "path": "/dev/dax0.1",
    "set-affinity": true,
    "source": "devdax",
    "stripeSize": 8589934592,
    "totalSize": 8589934592
  },
  "results": {
    "IOPS": 4466794.590694013,
    "MIOPS": 4.466794590694013,
    "MiB_per_sec": 545.2630115593278,
    "addr": 139771120713728,
    "byte_per_sec": 571749707.6088337,
    "success": true,
    "time": 15023.942256
  }
}
