{
  "params": {
    "accessPattern": "random",
    "accessType": "write",
    "blockSize": 4096,
    "granularity": "page",
    "nonTemporal": true,
    "nthreads": 1,
    "path": "/dev/dax0.1",
    "set-affinity": true,
    "source": "devdax",
    "stripeSize": 8589934592,
    "totalSize": 8589934592
  },
  "results": {
    "IOPS": 1410139.9566690759,
    "MIOPS": 1.410139956669076,
    "MiB_per_sec": 5508.359205738578,
    "addr": 140020228816896,
    "byte_per_sec": 5775933262.516535,
    "success": true,
    "time": 1487.1942250000002
  }
}
