{
  "params": {
    "accessPattern": "random",
    "accessType": "write",
    "blockSize": 4096,
    "granularity": "page",
    "nonTemporal": false,
    "nthreads": 2,
    "path": "/dev/dax0.1",
    "set-affinity": true,
    "source": "devdax",
    "stripeSize": 17179869184,
    "totalSize": 17179869184
  },
  "results": {
    "IOPS": 796715.1932898253,
    "MIOPS": 0.7967151932898253,
    "MiB_per_sec": 3112.1687237883802,
    "addr": 139559593574400,
    "byte_per_sec": 3263345431.7151246,
    "success": true,
    "time": 5264.496065
  }
}
