{
  "params": {
    "accessPattern": "random",
    "accessType": "write",
    "blockSize": 4096,
    "granularity": "page",
    "nonTemporal": true,
    "nthreads": 1,
    "path": "/dev/dax0.1",
    "set-affinity": true,
    "source": "devdax",
    "stripeSize": 8589934592,
    "totalSize": 8589934592
  },
  "results": {
    "IOPS": 1405571.4725006116,
    "MIOPS": 1.4055714725006117,
    "MiB_per_sec": 5490.513564455514,
    "addr": 140260746985472,
    "byte_per_sec": 5757220751.362505,
    "success": true,
    "time": 1492.0280050000001
  }
}
