{
  "params": {
    "accessPattern": "random",
    "accessType": "write",
    "blockSize": 4096,
    "granularity": "page",
    "nonTemporal": false,
    "nthreads": 8,
    "path": "/dev/dax0.1",
    "set-affinity": true,
    "source": "devdax",
    "stripeSize": 68719476736,
    "totalSize": 68719476736
  },
  "results": {
    "IOPS": 1737511.7255054824,
    "MIOPS": 1.7375117255054824,
    "MiB_per_sec": 6787.155177755791,
    "addr": 140040629911552,
    "byte_per_sec": 7116848027.670456,
    "success": true,
    "time": 9655.886492
  }
}
