{
  "params": {
    "accessPattern": "random",
    "accessType": "write",
    "blockSize": 2048,
    "granularity": "page",
    "nonTemporal": false,
    "nthreads": 8,
    "path": "/dev/dax0.1",
    "set-affinity": true,
    "source": "devdax",
    "stripeSize": 68719476736,
    "totalSize": 68719476736
  },
  "results": {
    "IOPS": 3605027.956222526,
    "MIOPS": 3.605027956222526,
    "MiB_per_sec": 7041.070226997121,
    "addr": 140136192933888,
    "byte_per_sec": 7383097254.343733,
    "success": true,
    "time": 9307.675948
  }
}
