{
  "params": {
    "accessPattern": "random",
    "accessType": "write",
    "blockSize": 32768,
    "granularity": "page",
    "nonTemporal": true,
    "nthreads": 16,
    "path": "/dev/dax0.1",
    "set-affinity": true,
    "source": "devdax",
    "stripeSize": 137438953472,
    "totalSize": 137438953472
  },
  "results": {
    "IOPS": 245052.66546034417,
    "MIOPS": 0.24505266546034418,
    "MiB_per_sec": 7657.895795635755,
    "addr": 140084653326336,
    "byte_per_sec": 8029885741.804558,
    "success": true,
    "time": 17115.928905
  }
}
