{
  "params": {
    "accessPattern": "random",
    "accessType": "write",
    "blockSize": 131072,
    "granularity": "page",
    "nonTemporal": true,
    "nthreads": 8,
    "path": "/dev/dax0.1",
    "set-affinity": true,
    "source": "devdax",
    "stripeSize": 68719476736,
    "totalSize": 68719476736
  },
  "results": {
    "IOPS": 90168.09757612032,
    "MIOPS": 0.09016809757612032,
    "MiB_per_sec": 11271.01219701504,
    "addr": 139700253753344,
    "byte_per_sec": 11818512885.497242,
    "success": true,
    "time": 5814.562069
  }
}
