{
  "params": {
    "accessPattern": "random",
    "accessType": "write",
    "blockSize": 4096,
    "granularity": "page",
    "nonTemporal": false,
    "nthreads": 16,
    "path": "/dev/dax0.1",
    "set-affinity": true,
    "source": "devdax",
    "stripeSize": 137438953472,
    "totalSize": 137438953472
  },
  "results": {
    "IOPS": 1770995.0744251744,
    "MIOPS": 1.7709950744251743,
    "MiB_per_sec": 6917.9495094733375,
    "addr": 139784005615616,
    "byte_per_sec": 7253995824.845514,
    "success": true,
    "time": 18946.654615
  }
}
