{
  "params": {
    "accessPattern": "random",
    "accessType": "write",
    "blockSize": 262144,
    "granularity": "page",
    "nonTemporal": false,
    "nthreads": 4,
    "path": "/dev/dax0.1",
    "set-affinity": true,
    "source": "devdax",
    "stripeSize": 34359738368,
    "totalSize": 34359738368
  },
  "results": {
    "IOPS": 22646.728099435604,
    "MIOPS": 0.022646728099435603,
    "MiB_per_sec": 5661.682024858901,
    "addr": 139599322021888,
    "byte_per_sec": 5936703890.898447,
    "success": true,
    "time": 5787.679325
  }
}
