{
  "params": {
    "accessPattern": "random",
    "accessType": "write",
    "blockSize": 524288,
    "granularity": "page",
    "nonTemporal": false,
    "nthreads": 1,
    "path": "/dev/dax0.1",
    "set-affinity": true,
    "source": "devdax",
    "stripeSize": 8589934592,
    "totalSize": 8589934592
  },
  "results": {
    "IOPS": 3135.337442353288,
    "MIOPS": 0.0031353374423532883,
    "MiB_per_sec": 1567.668721176644,
    "addr": 140144782868480,
    "byte_per_sec": 1643819796.9765208,
    "success": true,
    "time": 5225.5938320000005
  }
}
