{
  "params": {
    "accessPattern": "random",
    "accessType": "write",
    "blockSize": 524288,
    "granularity": "page",
    "nonTemporal": false,
    "nthreads": 4,
    "path": "/dev/dax0.1",
    "set-affinity": true,
    "source": "devdax",
    "stripeSize": 34359738368,
    "totalSize": 34359738368
  },
  "results": {
    "IOPS": 11422.17311337686,
    "MIOPS": 0.01142217311337686,
    "MiB_per_sec": 5711.08655668843,
    "addr": 140309065367552,
    "byte_per_sec": 5988508297.266128,
    "success": true,
    "time": 5737.612217
  }
}
