{
  "params": {
    "accessPattern": "random",
    "accessType": "write",
    "blockSize": 65536,
    "granularity": "page",
    "nonTemporal": false,
    "nthreads": 2,
    "path": "/dev/dax0.1",
    "set-affinity": true,
    "source": "devdax",
    "stripeSize": 17179869184,
    "totalSize": 17179869184
  },
  "results": {
    "IOPS": 48399.6475704215,
    "MIOPS": 0.0483996475704215,
    "MiB_per_sec": 3024.9779731513436,
    "addr": 139286863151104,
    "byte_per_sec": 3171919303.1751432,
    "success": true,
    "time": 5416.237786
  }
}
