{
  "params": {
    "accessPattern": "random",
    "accessType": "write",
    "blockSize": 262144,
    "granularity": "page",
    "nonTemporal": true,
    "nthreads": 1,
    "path": "/dev/dax0.1",
    "set-affinity": true,
    "source": "devdax",
    "stripeSize": 8589934592,
    "totalSize": 8589934592
  },
  "results": {
    "IOPS": 25279.49194689182,
    "MIOPS": 0.02527949194689182,
    "MiB_per_sec": 6319.872986722955,
    "addr": 139489800355840,
    "byte_per_sec": 6626867136.926009,
    "success": true,
    "time": 1296.228582
  }
}
