{
  "params": {
    "accessPattern": "random",
    "accessType": "write",
    "blockSize": 2048,
    "granularity": "page",
    "nonTemporal": true,
    "nthreads": 8,
    "path": "/dev/dax0.1",
    "set-affinity": true,
    "source": "devdax",
    "stripeSize": 68719476736,
    "totalSize": 68719476736
  },
  "results": {
    "IOPS": 4916842.720994368,
    "MIOPS": 4.916842720994368,
    "MiB_per_sec": 9603.208439442125,
    "addr": 139473694228480,
    "byte_per_sec": 10069693892.596466,
    "success": true,
    "time": 6824.385872
  }
}
