{
  "params": {
    "accessPattern": "random",
    "accessType": "write",
    "blockSize": 8192,
    "granularity": "page",
    "nonTemporal": true,
    "nthreads": 16,
    "path": "/dev/dax0.1",
    "set-affinity": true,
    "source": "devdax",
    "stripeSize": 137438953472,
    "totalSize": 137438953472
  },
  "results": {
    "IOPS": 944274.0331141482,
    "MIOPS": 0.9442740331141481,
    "MiB_per_sec": 7377.140883704283,
    "addr": 140212428603392,
    "byte_per_sec": 7735492879.271102,
    "success": true,
    "time": 17767.316914
  }
}
