{
  "params": {
    "accessPattern": "random",
    "accessType": "write",
    "blockSize": 512,
    "granularity": "page",
    "nonTemporal": false,
    "nthreads": 16,
    "path": "/dev/dax0.1",
    "set-affinity": true,
    "source": "devdax",
    "stripeSize": 137438953472,
    "totalSize": 137438953472
  },
  "results": {
    "IOPS": 15253628.540557254,
    "MIOPS": 15.253628540557255,
    "MiB_per_sec": 7448.060810818972,
    "addr": 139277199474688,
    "byte_per_sec": 7809857812.765314,
    "success": true,
    "time": 17598.137734
  }
}
