{
  "params": {
    "accessPattern": "random",
    "accessType": "write",
    "blockSize": 1024,
    "granularity": "page",
    "nonTemporal": true,
    "nthreads": 4,
    "path": "/dev/dax0.1",
    "set-affinity": true,
    "source": "devdax",
    "stripeSize": 34359738368,
    "totalSize": 34359738368
  },
  "results": {
    "IOPS": 10057508.542448495,
    "MIOPS": 10.057508542448495,
    "MiB_per_sec": 9821.785685984858,
    "addr": 139697032527872,
    "byte_per_sec": 10298888747.467258,
    "success": true,
    "time": 3336.256873
  }
}
