{
  "params": {
    "accessPattern": "random",
    "accessType": "write",
    "blockSize": 512,
    "granularity": "page",
    "nonTemporal": false,
    "nthreads": 4,
    "path": "/dev/dax0.1",
    "set-affinity": true,
    "source": "devdax",
    "stripeSize": 34359738368,
    "totalSize": 34359738368
  },
  "results": {
    "IOPS": 8198781.495208794,
    "MIOPS": 8.198781495208793,
    "MiB_per_sec": 4003.311276957419,
    "addr": 139910707150848,
    "byte_per_sec": 4197776125.5469027,
    "success": true,
    "time": 8185.224114000001
  }
}
