{
  "params": {
    "accessPattern": "random",
    "accessType": "write",
    "blockSize": 65536,
    "granularity": "page",
    "nonTemporal": false,
    "nthreads": 1,
    "path": "/dev/dax0.1",
    "set-affinity": true,
    "source": "devdax",
    "stripeSize": 8589934592,
    "totalSize": 8589934592
  },
  "results": {
    "IOPS": 25067.235013895202,
    "MIOPS": 0.0250672350138952,
    "MiB_per_sec": 1566.7021883684502,
    "addr": 139275051991040,
    "byte_per_sec": 1642806313.870636,
    "success": true,
    "time": 5228.817615
  }
}
