{
  "params": {
    "accessPattern": "random",
    "accessType": "write",
    "blockSize": 1024,
    "granularity": "page",
    "nonTemporal": true,
    "nthreads": 16,
    "path": "/dev/dax0.1",
    "set-affinity": true,
    "source": "devdax",
    "stripeSize": 137438953472,
    "totalSize": 137438953472
  },
  "results": {
    "IOPS": 9809887.628671605,
    "MIOPS": 9.809887628671605,
    "MiB_per_sec": 9579.968387374614,
    "addr": 140306917883904,
    "byte_per_sec": 10045324931.759724,
    "success": true,
    "time": 13681.882309
  }
}
