{
  "params": {
    "accessPattern": "random",
    "accessType": "write",
    "blockSize": 1048576,
    "granularity": "page",
    "nonTemporal": false,
    "nthreads": 4,
    "path": "/dev/dax0.1",
    "set-affinity": true,
    "source": "devdax",
    "stripeSize": 34359738368,
    "totalSize": 34359738368
  },
  "results": {
    "IOPS": 5742.020395756679,
    "MIOPS": 0.005742020395756679,
    "MiB_per_sec": 5742.020395756679,
    "addr": 140265041952768,
    "byte_per_sec": 6020944778.500956,
    "success": true,
    "time": 5706.702126
  }
}
