{
  "params": {
    "accessPattern": "random",
    "accessType": "write",
    "blockSize": 256,
    "granularity": "page",
    "nonTemporal": false,
    "nthreads": 1,
    "path": "/dev/dax0.1",
    "set-affinity": true,
    "source": "devdax",
    "stripeSize": 8589934592,
    "totalSize": 8589934592
  },
  "results": {
    "IOPS": 3810899.7879952784,
    "MIOPS": 3.8108997879952784,
    "MiB_per_sec": 930.3954560535348,
    "addr": 139691663818752,
    "byte_per_sec": 975590345.7267913,
    "success": true,
    "time": 8804.858135
  }
}
