{
  "params": {
    "accessPattern": "random",
    "accessType": "write",
    "blockSize": 256,
    "granularity": "page",
    "nonTemporal": true,
    "nthreads": 2,
    "path": "/dev/dax0.1",
    "set-affinity": true,
    "source": "devdax",
    "stripeSize": 17179869184,
    "totalSize": 17179869184
  },
  "results": {
    "IOPS": 16836295.056022286,
    "MIOPS": 16.836295056022287,
    "MiB_per_sec": 4110.423597661691,
    "addr": 139344845209600,
    "byte_per_sec": 4310091534.341705,
    "success": true,
    "time": 3985.963882
  }
}
