{
  "params": {
    "accessPattern": "random",
    "accessType": "write",
    "blockSize": 1024,
    "granularity": "page",
    "nonTemporal": true,
    "nthreads": 2,
    "path": "/dev/dax0.1",
    "set-affinity": true,
    "source": "devdax",
    "stripeSize": 17179869184,
    "totalSize": 17179869184
  },
  "results": {
    "IOPS": 8595797.140200714,
    "MIOPS": 8.595797140200714,
    "MiB_per_sec": 8394.33314472726,
    "addr": 140069620940800,
    "byte_per_sec": 8802096271.56553,
    "success": true,
    "time": 1951.7929199999999
  }
}
