{
  "params": {
    "accessPattern": "random",
    "accessType": "write",
    "blockSize": 2048,
    "granularity": "page",
    "nonTemporal": false,
    "nthreads": 8,
    "path": "/dev/dax0.1",
    "set-affinity": true,
    "source": "devdax",
    "stripeSize": 68719476736,
    "totalSize": 68719476736
  },
  "results": {
    "IOPS": 3610019.5944927568,
    "MIOPS": 3.6100195944927567,
    "MiB_per_sec": 7050.819520493666,
    "addr": 139825881546752,
    "byte_per_sec": 7393320129.521166,
    "success": true,
    "time": 9294.806059
  }
}
