{
  "params": {
    "accessPattern": "random",
    "accessType": "write",
    "blockSize": 256,
    "granularity": "page",
    "nonTemporal": false,
    "nthreads": 2,
    "path": "/dev/dax0.1",
    "set-affinity": true,
    "source": "devdax",
    "stripeSize": 17179869184,
    "totalSize": 17179869184
  },
  "results": {
    "IOPS": 7229424.883980332,
    "MIOPS": 7.229424883980332,
    "MiB_per_sec": 1764.9963095655107,
    "addr": 140310139109376,
    "byte_per_sec": 1850732770.298965,
    "success": true,
    "time": 9282.738956
  }
}
