{
  "params": {
    "accessPattern": "sequential",
    "accessType": "write",
    "blockSize": 524288,
    "granularity": "page",
    "nonTemporal": false,
    "nthreads": 16,
    "path": "/dev/dax0.1",
    "set-affinity": true,
    "source": "devdax",
    "stripeSize": 137438953472,
    "totalSize": 137438953472
  },
  "results": {
    "IOPS": 16075.924989468831,
    "MIOPS": 0.01607592498946883,
    "MiB_per_sec": 8037.9624947344155,
    "addr": 140265041952768,
    "byte_per_sec": 8428414560.878634,
    "success": true,
    "time": 16306.620002999998
  }
}
