{
  "params": {
    "accessPattern": "sequential",
    "accessType": "write",
    "blockSize": 16384,
    "granularity": "page",
    "nonTemporal": true,
    "nthreads": 16,
    "path": "/dev/dax0.1",
    "set-affinity": true,
    "source": "devdax",
    "stripeSize": 137438953472,
    "totalSize": 137438953472
  },
  "results": {
    "IOPS": 529123.397474845,
    "MIOPS": 0.529123397474845,
    "MiB_per_sec": 8267.553085544454,
    "addr": 139993385271296,
    "byte_per_sec": 8669157744.227861,
    "success": true,
    "time": 15853.7839
  }
}
