{
  "params": {
    "accessPattern": "sequential",
    "accessType": "write",
    "blockSize": 256,
    "granularity": "page",
    "nonTemporal": true,
    "nthreads": 2,
    "path": "/dev/dax0.1",
    "set-affinity": true,
    "source": "devdax",
    "stripeSize": 17179869184,
    "totalSize": 17179869184
  },
  "results": {
    "IOPS": 17059068.653209783,
    "MIOPS": 17.059068653209785,
    "MiB_per_sec": 4164.811682912545,
    "addr": 139567109767168,
    "byte_per_sec": 4367121575.2217045,
    "success": true,
    "time": 3933.911362
  }
}
