{
  "params": {
    "accessPattern": "sequential",
    "accessType": "write",
    "blockSize": 256,
    "granularity": "page",
    "nonTemporal": true,
    "nthreads": 8,
    "path": "/dev/dax0.1",
    "set-affinity": true,
    "source": "devdax",
    "stripeSize": 68719476736,
    "totalSize": 68719476736
  },
  "results": {
    "IOPS": 43376695.45610174,
    "MIOPS": 43.376695456101736,
    "MiB_per_sec": 10590.013539087338,
    "addr": 139790448066560,
    "byte_per_sec": 11104434036.762045,
    "success": true,
    "time": 6188.471786
  }
}
