{
  "params": {
    "accessPattern": "sequential",
    "accessType": "write",
    "blockSize": 65536,
    "granularity": "page",
    "nonTemporal": true,
    "nthreads": 1,
    "path": "/dev/dax0.1",
    "set-affinity": true,
    "source": "devdax",
    "stripeSize": 8589934592,
    "totalSize": 8589934592
  },
  "results": {
    "IOPS": 100723.36585539267,
    "MIOPS": 0.10072336585539267,
    "MiB_per_sec": 6295.210365962042,
    "addr": 139619723116544,
    "byte_per_sec": 6601006504.699014,
    "success": true,
    "time": 1301.306791
  }
}
