{
  "params": {
    "accessPattern": "sequential",
    "accessType": "write",
    "blockSize": 16384,
    "granularity": "page",
    "nonTemporal": false,
    "nthreads": 2,
    "path": "/dev/dax0.1",
    "set-affinity": true,
    "source": "devdax",
    "stripeSize": 17179869184,
    "totalSize": 17179869184
  },
  "results": {
    "IOPS": 219567.71284824892,
    "MIOPS": 0.2195677128482489,
    "MiB_per_sec": 3430.7455132538894,
    "addr": 139800111742976,
    "byte_per_sec": 3597397407.3057103,
    "success": true,
    "time": 4775.638395999999
  }
}
