{
  "params": {
    "accessPattern": "sequential",
    "accessType": "write",
    "blockSize": 524288,
    "granularity": "page",
    "nonTemporal": true,
    "nthreads": 16,
    "path": "/dev/dax0.1",
    "set-affinity": true,
    "source": "devdax",
    "stripeSize": 137438953472,
    "totalSize": 137438953472
  },
  "results": {
    "IOPS": 15615.260730813277,
    "MIOPS": 0.015615260730813277,
    "MiB_per_sec": 7807.630365406639,
    "addr": 139601469505536,
    "byte_per_sec": 8186893818.036632,
    "success": true,
    "time": 16787.679983
  }
}
