{
  "params": {
    "accessPattern": "sequential",
    "accessType": "write",
    "blockSize": 65536,
    "granularity": "page",
    "nonTemporal": true,
    "nthreads": 16,
    "path": "/dev/dax0.1",
    "set-affinity": true,
    "source": "devdax",
    "stripeSize": 137438953472,
    "totalSize": 137438953472
  },
  "results": {
    "IOPS": 127545.29478849666,
    "MIOPS": 0.12754529478849666,
    "MiB_per_sec": 7971.580924281041,
    "addr": 139365246304256,
    "byte_per_sec": 8358808439.258917,
    "success": true,
    "time": 16442.409761
  }
}
