{
  "params": {
    "accessPattern": "sequential",
    "accessType": "write",
    "blockSize": 256,
    "granularity": "page",
    "nonTemporal": false,
    "nthreads": 4,
    "path": "/dev/dax0.1",
    "set-affinity": true,
    "source": "devdax",
    "stripeSize": 34359738368,
    "totalSize": 34359738368
  },
  "results": {
    "IOPS": 23906167.6348607,
    "MIOPS": 23.9061676348607,
    "MiB_per_sec": 5836.4667077296635,
    "addr": 139866683736064,
    "byte_per_sec": 6119978914.52434,
    "success": true,
    "time": 5614.355678
  }
}
