{
  "params": {
    "accessPattern": "sequential",
    "accessType": "write",
    "blockSize": 131072,
    "granularity": "page",
    "nonTemporal": false,
    "nthreads": 2,
    "path": "/dev/dax0.1",
    "set-affinity": true,
    "source": "devdax",
    "stripeSize": 17179869184,
    "totalSize": 17179869184
  },
  "results": {
    "IOPS": 24916.58679170894,
    "MIOPS": 0.024916586791708942,
    "MiB_per_sec": 3114.5733489636177,
    "addr": 139467251777536,
    "byte_per_sec": 3265866863.9628744,
    "success": true,
    "time": 5260.431578999999
  }
}
