{
  "params": {
    "accessPattern": "sequential",
    "accessType": "write",
    "blockSize": 32768,
    "granularity": "page",
    "nonTemporal": true,
    "nthreads": 16,
    "path": "/dev/dax0.1",
    "set-affinity": true,
    "source": "devdax",
    "stripeSize": 137438953472,
    "totalSize": 137438953472
  },
  "results": {
    "IOPS": 257873.75091973832,
    "MIOPS": 0.2578737509197383,
    "MiB_per_sec": 8058.5547162418225,
    "addr": 140065325973504,
    "byte_per_sec": 8450007070.137985,
    "success": true,
    "time": 16264.951299
  }
}
