{
  "params": {
    "accessPattern": "sequential",
    "accessType": "write",
    "blockSize": 65536,
    "granularity": "page",
    "nonTemporal": true,
    "nthreads": 4,
    "path": "/dev/dax0.1",
    "set-affinity": true,
    "source": "devdax",
    "stripeSize": 34359738368,
    "totalSize": 34359738368
  },
  "results": {
    "IOPS": 189048.96397265885,
    "MIOPS": 0.18904896397265886,
    "MiB_per_sec": 11815.560248291178,
    "addr": 140297254207488,
    "byte_per_sec": 12389512902.91217,
    "success": true,
    "time": 2773.292109
  }
}
