{
  "params": {
    "accessPattern": "sequential",
    "accessType": "write",
    "blockSize": 2048,
    "granularity": "page",
    "nonTemporal": false,
    "nthreads": 2,
    "path": "/dev/dax0.1",
    "set-affinity": true,
    "source": "devdax",
    "stripeSize": 17179869184,
    "totalSize": 17179869184
  },
  "results": {
    "IOPS": 1941324.5047343774,
    "MIOPS": 1.9413245047343775,
    "MiB_per_sec": 3791.649423309331,
    "addr": 139566036025344,
    "byte_per_sec": 3975832585.696005,
    "success": true,
    "time": 4321.0745959999995
  }
}
