{
  "params": {
    "accessPattern": "sequential",
    "accessType": "write",
    "blockSize": 128,
    "granularity": "page",
    "nonTemporal": false,
    "nthreads": 4,
    "path": "/dev/dax0.1",
    "set-affinity": true,
    "source": "devdax",
    "stripeSize": 34359738368,
    "totalSize": 34359738368
  },
  "results": {
    "IOPS": 30922425.271758962,
    "MIOPS": 30.92242527175896,
    "MiB_per_sec": 3774.710116181514,
    "addr": 139756088328192,
    "byte_per_sec": 3958070434.785147,
    "success": true,
    "time": 8680.931513000001
  }
}
