{
  "params": {
    "accessPattern": "sequential",
    "accessType": "write",
    "blockSize": 2048,
    "granularity": "page",
    "nonTemporal": true,
    "nthreads": 16,
    "path": "/dev/dax0.1",
    "set-affinity": true,
    "source": "devdax",
    "stripeSize": 137438953472,
    "totalSize": 137438953472
  },
  "results": {
    "IOPS": 5057190.47712924,
    "MIOPS": 5.0571904771292395,
    "MiB_per_sec": 9877.325150643046,
    "addr": 139693811302400,
    "byte_per_sec": 10357126097.160683,
    "success": true,
    "time": 13269.989395
  }
}
