{
  "params": {
    "accessPattern": "sequential",
    "accessType": "write",
    "blockSize": 131072,
    "granularity": "page",
    "nonTemporal": true,
    "nthreads": 1,
    "path": "/dev/dax0.1",
    "set-affinity": true,
    "source": "devdax",
    "stripeSize": 8589934592,
    "totalSize": 8589934592
  },
  "results": {
    "IOPS": 52399.467993484905,
    "MIOPS": 0.052399467993484904,
    "MiB_per_sec": 6549.933499185613,
    "addr": 139765752004608,
    "byte_per_sec": 6868103068.842053,
    "success": true,
    "time": 1250.699721
  }
}
