{
  "params": {
    "accessPattern": "sequential",
    "accessType": "write",
    "blockSize": 262144,
    "granularity": "page",
    "nonTemporal": true,
    "nthreads": 1,
    "path": "/dev/dax0.1",
    "set-affinity": true,
    "source": "devdax",
    "stripeSize": 8589934592,
    "totalSize": 8589934592
  },
  "results": {
    "IOPS": 25734.238008344764,
    "MIOPS": 0.025734238008344765,
    "MiB_per_sec": 6433.559502086191,
    "addr": 139493021581312,
    "byte_per_sec": 6746076088.45953,
    "success": true,
    "time": 1273.3231110000002
  }
}
