{
  "params": {
    "accessPattern": "sequential",
    "accessType": "write",
    "blockSize": 32768,
    "granularity": "page",
    "nonTemporal": false,
    "nthreads": 1,
    "path": "/dev/dax0.1",
    "set-affinity": true,
    "source": "devdax",
    "stripeSize": 8589934592,
    "totalSize": 8589934592
  },
  "results": {
    "IOPS": 52350.143971502985,
    "MIOPS": 0.052350143971502984,
    "MiB_per_sec": 1635.9419991094683,
    "addr": 139660525305856,
    "byte_per_sec": 1715409517.6582098,
    "success": true,
    "time": 5007.5124940000005
  }
}
