{
  "params": {
    "accessPattern": "sequential",
    "accessType": "write",
    "blockSize": 256,
    "granularity": "page",
    "nonTemporal": false,
    "nthreads": 8,
    "path": "/dev/dax0.1",
    "set-affinity": true,
    "source": "devdax",
    "stripeSize": 68719476736,
    "totalSize": 68719476736
  },
  "results": {
    "IOPS": 32611576.28532688,
    "MIOPS": 32.611576285326876,
    "MiB_per_sec": 7961.810616534883,
    "addr": 139228881092608,
    "byte_per_sec": 8348563529.043681,
    "success": true,
    "time": 8231.293502999999
  }
}
