{
  "params": {
    "accessPattern": "sequential",
    "accessType": "write",
    "blockSize": 256,
    "granularity": "page",
    "nonTemporal": false,
    "nthreads": 8,
    "path": "/dev/dax0.1",
    "set-affinity": true,
    "source": "devdax",
    "stripeSize": 68719476736,
    "totalSize": 68719476736
  },
  "results": {
    "IOPS": 32602124.861943197,
    "MIOPS": 32.602124861943196,
    "MiB_per_sec": 7959.503140122851,
    "addr": 139734613491712,
    "byte_per_sec": 8346143964.657458,
    "success": true,
    "time": 8233.679772
  }
}
