{
  "params": {
    "accessPattern": "sequential",
    "accessType": "write",
    "blockSize": 131072,
    "granularity": "page",
    "nonTemporal": false,
    "nthreads": 8,
    "path": "/dev/dax0.1",
    "set-affinity": true,
    "source": "devdax",
    "stripeSize": 68719476736,
    "totalSize": 68719476736
  },
  "results": {
    "IOPS": 66348.47245035825,
    "MIOPS": 0.06634847245035826,
    "MiB_per_sec": 8293.559056294782,
    "addr": 140233903439872,
    "byte_per_sec": 8696426981.013357,
    "success": true,
    "time": 7902.035731
  }
}
