{
  "params": {
    "accessPattern": "sequential",
    "accessType": "write",
    "blockSize": 131072,
    "granularity": "page",
    "nonTemporal": true,
    "nthreads": 1,
    "path": "/dev/dax0.1",
    "set-affinity": true,
    "source": "devdax",
    "stripeSize": 8589934592,
    "totalSize": 8589934592
  },
  "results": {
    "IOPS": 52498.03264151373,
    "MIOPS": 0.05249803264151373,
    "MiB_per_sec": 6562.254080189216,
    "addr": 139356656369664,
    "byte_per_sec": 6881022134.388488,
    "success": true,
    "time": 1248.3515419999999
  }
}
