{
  "params": {
    "accessPattern": "sequential",
    "accessType": "write",
    "blockSize": 2048,
    "granularity": "page",
    "nonTemporal": false,
    "nthreads": 16,
    "path": "/dev/dax0.1",
    "set-affinity": true,
    "source": "devdax",
    "stripeSize": 137438953472,
    "totalSize": 137438953472
  },
  "results": {
    "IOPS": 4238169.853166896,
    "MIOPS": 4.238169853166896,
    "MiB_per_sec": 8277.675494466594,
    "addr": 139381352431616,
    "byte_per_sec": 8679771859.285803,
    "success": true,
    "time": 15834.396998
  }
}
