{
  "params": {
    "accessPattern": "sequential",
    "accessType": "write",
    "blockSize": 262144,
    "granularity": "page",
    "nonTemporal": false,
    "nthreads": 16,
    "path": "/dev/dax0.1",
    "set-affinity": true,
    "source": "devdax",
    "stripeSize": 137438953472,
    "totalSize": 137438953472
  },
  "results": {
    "IOPS": 32267.33544927426,
    "MIOPS": 0.03226733544927426,
    "MiB_per_sec": 8066.833862318565,
    "addr": 139278273216512,
    "byte_per_sec": 8458688384.014551,
    "success": true,
    "time": 16248.258268000001
  }
}
