{
  "params": {
    "accessPattern": "sequential",
    "accessType": "write",
    "blockSize": 64,
    "granularity": "page",
    "nonTemporal": false,
    "nthreads": 16,
    "path": "/dev/dax0.1",
    "set-affinity": true,
    "source": "devdax",
    "stripeSize": 137438953472,
    "totalSize": 137438953472
  },
  "results": {
    "IOPS": 116482026.37521072,
    "MIOPS": 116.48202637521072,
    "MiB_per_sec": 7109.498680127607,
    "addr": 139950435598336,
    "byte_per_sec": 7454849688.013486,
    "success": true,
    "time": 18436.180368999998
  }
}
