{
  "params": {
    "accessPattern": "sequential",
    "accessType": "write",
    "blockSize": 4096,
    "granularity": "page",
    "nonTemporal": false,
    "nthreads": 16,
    "path": "/dev/dax0.1",
    "set-affinity": true,
    "source": "devdax",
    "stripeSize": 137438953472,
    "totalSize": 137438953472
  },
  "results": {
    "IOPS": 2119357.8472283958,
    "MIOPS": 2.119357847228396,
    "MiB_per_sec": 8278.741590735921,
    "addr": 140146930352128,
    "byte_per_sec": 8680889742.247509,
    "success": true,
    "time": 15832.357921
  }
}
