{
  "params": {
    "accessPattern": "sequential",
    "accessType": "write",
    "blockSize": 131072,
    "granularity": "page",
    "nonTemporal": true,
    "nthreads": 1,
    "path": "/dev/dax0.1",
    "set-affinity": true,
    "source": "devdax",
    "stripeSize": 8589934592,
    "totalSize": 8589934592
  },
  "results": {
    "IOPS": 52296.57868562094,
    "MIOPS": 0.05229657868562094,
    "MiB_per_sec": 6537.072335702617,
    "addr": 139729244782592,
    "byte_per_sec": 6854617161.481708,
    "success": true,
    "time": 1253.160372
  }
}
