{
  "params": {
    "accessPattern": "sequential",
    "accessType": "write",
    "blockSize": 524288,
    "granularity": "page",
    "nonTemporal": false,
    "nthreads": 1,
    "path": "/dev/dax0.1",
    "set-affinity": true,
    "source": "devdax",
    "stripeSize": 8589934592,
    "totalSize": 8589934592
  },
  "results": {
    "IOPS": 3137.0755310893537,
    "MIOPS": 0.0031370755310893535,
    "MiB_per_sec": 1568.5377655446769,
    "addr": 139802259226624,
    "byte_per_sec": 1644731056.043775,
    "success": true,
    "time": 5222.698605
  }
}
