{
  "params": {
    "accessPattern": "sequential",
    "accessType": "write",
    "blockSize": 16384,
    "granularity": "page",
    "nonTemporal": true,
    "nthreads": 4,
    "path": "/dev/dax0.1",
    "set-affinity": true,
    "source": "devdax",
    "stripeSize": 34359738368,
    "totalSize": 34359738368
  },
  "results": {
    "IOPS": 754765.6366649593,
    "MIOPS": 0.7547656366649592,
    "MiB_per_sec": 11793.213072889988,
    "addr": 139311559213056,
    "byte_per_sec": 12366080191.118692,
    "success": true,
    "time": 2778.547271
  }
}
