{
  "params": {
    "accessPattern": "sequential",
    "accessType": "write",
    "blockSize": 1048576,
    "granularity": "page",
    "nonTemporal": false,
    "nthreads": 1,
    "path": "/dev/dax0.1",
    "set-affinity": true,
    "source": "devdax",
    "stripeSize": 8589934592,
    "totalSize": 8589934592
  },
  "results": {
    "IOPS": 1584.7216205487564,
    "MIOPS": 0.0015847216205487564,
    "MiB_per_sec": 1584.7216205487564,
    "addr": 139927887020032,
    "byte_per_sec": 1661701057.9885328,
    "success": true,
    "time": 5169.3621729999995
  }
}
