{
  "params": {
    "accessPattern": "sequential",
    "accessType": "write",
    "blockSize": 1048576,
    "granularity": "page",
    "nonTemporal": true,
    "nthreads": 4,
    "path": "/dev/dax0.1",
    "set-affinity": true,
    "source": "devdax",
    "stripeSize": 34359738368,
    "totalSize": 34359738368
  },
  "results": {
    "IOPS": 11769.998219152001,
    "MIOPS": 0.011769998219152,
    "MiB_per_sec": 11769.998219152001,
    "addr": 139618649374720,
    "byte_per_sec": 12341737652.645529,
    "success": true,
    "time": 2784.0276089999998
  }
}
