{
  "params": {
    "accessPattern": "sequential",
    "accessType": "write",
    "blockSize": 2048,
    "granularity": "page",
    "nonTemporal": false,
    "nthreads": 16,
    "path": "/dev/dax0.1",
    "set-affinity": true,
    "source": "devdax",
    "stripeSize": 137438953472,
    "totalSize": 137438953472
  },
  "results": {
    "IOPS": 4237288.093321182,
    "MIOPS": 4.237288093321181,
    "MiB_per_sec": 8275.953307267933,
    "addr": 139461883068416,
    "byte_per_sec": 8677966015.12178,
    "success": true,
    "time": 15837.692062
  }
}
