{
  "params": {
    "accessPattern": "sequential",
    "accessType": "write",
    "blockSize": 1024,
    "granularity": "page",
    "nonTemporal": false,
    "nthreads": 1,
    "path": "/dev/dax0.1",
    "set-affinity": true,
    "source": "devdax",
    "stripeSize": 8589934592,
    "totalSize": 8589934592
  },
  "results": {
    "IOPS": 2248607.1944881193,
    "MIOPS": 2.248607194488119,
    "MiB_per_sec": 2195.905463367304,
    "addr": 139511275192320,
    "byte_per_sec": 2302573767.155834,
    "success": true,
    "time": 3730.5795430000003
  }
}
