{
  "params": {
    "accessPattern": "sequential",
    "accessType": "write",
    "blockSize": 64,
    "granularity": "page",
    "nonTemporal": false,
    "nthreads": 1,
    "path": "/dev/dax0.1",
    "set-affinity": true,
    "source": "devdax",
    "stripeSize": 8589934592,
    "totalSize": 8589934592
  },
  "results": {
    "IOPS": 8740160.80311557,
    "MIOPS": 8.740160803115572,
    "MiB_per_sec": 533.4570802682844,
    "addr": 139919297085440,
    "byte_per_sec": 559370291.3993965,
    "success": true,
    "time": 15356.436915
  }
}
