{
  "params": {
    "accessPattern": "sequential",
    "accessType": "write",
    "blockSize": 32768,
    "granularity": "page",
    "nonTemporal": false,
    "nthreads": 16,
    "path": "/dev/dax0.1",
    "set-affinity": true,
    "source": "devdax",
    "stripeSize": 137438953472,
    "totalSize": 137438953472
  },
  "results": {
    "IOPS": 261211.25791009475,
    "MIOPS": 0.26121125791009475,
    "MiB_per_sec": 8162.851809690461,
    "addr": 140212428603392,
    "byte_per_sec": 8559370499.197985,
    "success": true,
    "time": 16057.133347
  }
}
