{
  "params": {
    "accessPattern": "sequential",
    "accessType": "write",
    "blockSize": 1024,
    "granularity": "page",
    "nonTemporal": false,
    "nthreads": 8,
    "path": "/dev/dax0.1",
    "set-affinity": true,
    "source": "devdax",
    "stripeSize": 68719476736,
    "totalSize": 68719476736
  },
  "results": {
    "IOPS": 8314158.823246446,
    "MIOPS": 8.314158823246446,
    "MiB_per_sec": 8119.295725826608,
    "addr": 140171626414080,
    "byte_per_sec": 8513698635.004361,
    "success": true,
    "time": 8071.636039999999
  }
}
