{
  "params": {
    "accessPattern": "sequential",
    "accessType": "write",
    "blockSize": 524288,
    "granularity": "page",
    "nonTemporal": false,
    "nthreads": 2,
    "path": "/dev/dax0.1",
    "set-affinity": true,
    "source": "devdax",
    "stripeSize": 17179869184,
    "totalSize": 17179869184
  },
  "results": {
    "IOPS": 6203.20437937415,
    "MIOPS": 0.0062032043793741505,
    "MiB_per_sec": 3101.602189687075,
    "addr": 139768973230080,
    "byte_per_sec": 3252265617.6533146,
    "success": true,
    "time": 5282.431143
  }
}
