{
  "params": {
    "accessPattern": "random",
    "accessType": "read",
    "blockSize": 1048576,
    "granularity": "page",
    "noflush": true,
    "nonTemporal": false,
    "nthreads": 1,
    "path": "/dev/dax0.0",
    "set-affinity": true,
    "source": "devdax",
    "stripeSize": 8589934592,
    "totalSize": 8589934592
  },
  "results": {
    "IOPS": 3938.1955171410823,
    "MIOPS": 0.003938195517141082,
    "MiB_per_sec": 3938.1955171410823,
    "addr": 20680267530240,
    "byte_per_sec": 4129497302.5817275,
    "success": true,
    "time": 2080.1405019999997
  }
}
