{
  "params": {
    "accessPattern": "random",
    "accessType": "read",
    "blockSize": 32768,
    "granularity": "page",
    "noflush": true,
    "nonTemporal": false,
    "nthreads": 48,
    "path": "/dev/dax0.0",
    "set-affinity": true,
    "source": "devdax",
    "stripeSize": 412316860416,
    "totalSize": 412316860416
  },
  "results": {
    "IOPS": 2544282.009431522,
    "MIOPS": 2.5442820094315217,
    "MiB_per_sec": 79508.81279473506,
    "addr": 20260434477056,
    "byte_per_sec": 83371032885.05211,
    "success": true,
    "time": 4945.564978
  }
}
