{
  "params": {
    "accessPattern": "random",
    "accessType": "read",
    "blockSize": 64,
    "granularity": "page",
    "noflush": true,
    "nonTemporal": false,
    "nthreads": 48,
    "path": "/dev/dax0.0",
    "set-affinity": true,
    "source": "devdax",
    "stripeSize": 412316860416,
    "totalSize": 412316860416
  },
  "results": {
    "IOPS": 259083184.91756862,
    "MIOPS": 259.08318491756864,
    "MiB_per_sec": 15813.182673191444,
    "addr": 20493436452864,
    "byte_per_sec": 16581323834.724392,
    "success": true,
    "time": 24866.341465
  }
}
