{
  "params": {
    "accessPattern": "random",
    "accessType": "read",
    "blockSize": 64,
    "granularity": "page",
    "noflush": true,
    "nonTemporal": false,
    "nthreads": 48,
    "path": "/dev/dax0.0",
    "set-affinity": true,
    "source": "devdax",
    "stripeSize": 412316860416,
    "totalSize": 412316860416
  },
  "results": {
    "IOPS": 259062634.4150481,
    "MIOPS": 259.0626344150481,
    "MiB_per_sec": 15811.928370059088,
    "addr": 21012053753856,
    "byte_per_sec": 16580008602.563078,
    "success": true,
    "time": 24868.314022
  }
}
