{
  "params": {
    "accessPattern": "random",
    "accessType": "read",
    "blockSize": 65536,
    "granularity": "page",
    "noflush": true,
    "nonTemporal": false,
    "nthreads": 48,
    "path": "/dev/dax0.0",
    "set-affinity": true,
    "source": "devdax",
    "stripeSize": 412316860416,
    "totalSize": 412316860416
  },
  "results": {
    "IOPS": 1239160.2090037551,
    "MIOPS": 1.2391602090037552,
    "MiB_per_sec": 77447.5130627347,
    "addr": 20801600356352,
    "byte_per_sec": 81209603457.2701,
    "success": true,
    "time": 5077.193372
  }
}
