{
  "params": {
    "accessPattern": "random",
    "accessType": "read",
    "blockSize": 131072,
    "granularity": "page",
    "noflush": true,
    "nonTemporal": false,
    "nthreads": 2,
    "path": "/dev/dax0.0",
    "set-affinity": true,
    "source": "devdax",
    "stripeSize": 17179869184,
    "totalSize": 17179869184
  },
  "results": {
    "IOPS": 65156.361021949466,
    "MIOPS": 0.06515636102194947,
    "MiB_per_sec": 8144.545127743683,
    "addr": 20709258559488,
    "byte_per_sec": 8540174551.86896,
    "success": true,
    "time": 2011.653167
  }
}
