{
  "params": {
    "accessPattern": "random",
    "accessType": "read",
    "blockSize": 131072,
    "granularity": "page",
    "noflush": true,
    "nonTemporal": false,
    "nthreads": 32,
    "path": "/dev/dax0.0",
    "set-affinity": true,
    "source": "devdax",
    "stripeSize": 274877906944,
    "totalSize": 274877906944
  },
  "results": {
    "IOPS": 615583.9575550465,
    "MIOPS": 0.6155839575550466,
    "MiB_per_sec": 76947.99469438082,
    "addr": 20593294442496,
    "byte_per_sec": 80685820484.65506,
    "success": true,
    "time": 3406.768442
  }
}
