{
  "params": {
    "accessPattern": "random",
    "accessType": "read",
    "blockSize": 64,
    "granularity": "page",
    "noflush": true,
    "nonTemporal": false,
    "nthreads": 8,
    "path": "/dev/dax0.0",
    "set-affinity": true,
    "source": "devdax",
    "stripeSize": 68719476736,
    "totalSize": 68719476736
  },
  "results": {
    "IOPS": 55561597.29102516,
    "MIOPS": 55.56159729102516,
    "MiB_per_sec": 3391.2107721572975,
    "addr": 20999168851968,
    "byte_per_sec": 3555942226.6256104,
    "success": true,
    "time": 19325.251186999998
  }
}
