{
  "params": {
    "accessPattern": "random",
    "accessType": "read",
    "blockSize": 512,
    "granularity": "page",
    "noflush": true,
    "nonTemporal": false,
    "nthreads": 32,
    "path": "/dev/dax0.0",
    "set-affinity": true,
    "source": "devdax",
    "stripeSize": 274877906944,
    "totalSize": 274877906944
  },
  "results": {
    "IOPS": 97613218.10742967,
    "MIOPS": 97.61321810742967,
    "MiB_per_sec": 47662.70415401839,
    "addr": 21275120500736,
    "byte_per_sec": 49977967671.00399,
    "success": true,
    "time": 5499.981687
  }
}
