{
  "params": {
    "accessPattern": "random",
    "accessType": "read",
    "blockSize": 524288,
    "granularity": "page",
    "noflush": true,
    "nonTemporal": false,
    "nthreads": 2,
    "path": "/dev/dax0.0",
    "set-affinity": true,
    "source": "devdax",
    "stripeSize": 17179869184,
    "totalSize": 17179869184
  },
  "results": {
    "IOPS": 16261.338721876224,
    "MIOPS": 0.016261338721876222,
    "MiB_per_sec": 8130.669360938112,
    "addr": 20388209754112,
    "byte_per_sec": 8525624755.815042,
    "success": true,
    "time": 2015.086246
  }
}
