{
  "params": {
    "accessPattern": "random",
    "accessType": "read",
    "blockSize": 128,
    "granularity": "page",
    "noflush": true,
    "nonTemporal": false,
    "nthreads": 16,
    "path": "/dev/dax0.0",
    "set-affinity": true,
    "source": "devdax",
    "stripeSize": 137438953472,
    "totalSize": 137438953472
  },
  "results": {
    "IOPS": 105457101.8736243,
    "MIOPS": 105.4571018736243,
    "MiB_per_sec": 12873.181381057653,
    "addr": 20426864459776,
    "byte_per_sec": 13498509039.82391,
    "success": true,
    "time": 10181.787712
  }
}
