{
  "params": {
    "accessPattern": "random",
    "accessType": "read",
    "blockSize": 4096,
    "granularity": "page",
    "noflush": true,
    "nonTemporal": false,
    "nthreads": 32,
    "path": "/dev/dax0.0",
    "set-affinity": true,
    "source": "devdax",
    "stripeSize": 274877906944,
    "totalSize": 274877906944
  },
  "results": {
    "IOPS": 18552049.265660055,
    "MIOPS": 18.552049265660056,
    "MiB_per_sec": 72468.94244398459,
    "addr": 21175262511104,
    "byte_per_sec": 75989193792.14359,
    "success": true,
    "time": 3617.328902
  }
}
