{
  "params": {
    "accessPattern": "random",
    "accessType": "read",
    "blockSize": 1048576,
    "granularity": "page",
    "noflush": true,
    "nonTemporal": false,
    "nthreads": 16,
    "path": "/dev/dax0.0",
    "set-affinity": true,
    "source": "devdax",
    "stripeSize": 137438953472,
    "totalSize": 137438953472
  },
  "results": {
    "IOPS": 54313.02025988863,
    "MIOPS": 0.054313020259888635,
    "MiB_per_sec": 54313.02025988863,
    "addr": 20653423984640,
    "byte_per_sec": 56951329532.03298,
    "success": true,
    "time": 2413.270324
  }
}
