{
  "params": {
    "accessPattern": "random",
    "accessType": "read",
    "blockSize": 262144,
    "granularity": "page",
    "noflush": true,
    "nonTemporal": false,
    "nthreads": 48,
    "path": "/dev/dax0.0",
    "set-affinity": true,
    "source": "devdax",
    "stripeSize": 412316860416,
    "totalSize": 412316860416
  },
  "results": {
    "IOPS": 313181.6296005069,
    "MIOPS": 0.31318162960050694,
    "MiB_per_sec": 78295.40740012673,
    "addr": 20680267530240,
    "byte_per_sec": 82098685109.99529,
    "success": true,
    "time": 5022.210281000001
  }
}
