{
  "params": {
    "accessPattern": "random",
    "accessType": "read",
    "blockSize": 32768,
    "granularity": "page",
    "noflush": true,
    "nonTemporal": false,
    "nthreads": 48,
    "path": "/dev/dax0.0",
    "set-affinity": true,
    "source": "devdax",
    "stripeSize": 412316860416,
    "totalSize": 412316860416
  },
  "results": {
    "IOPS": 2542889.820355897,
    "MIOPS": 2.5428898203558967,
    "MiB_per_sec": 79465.30688612178,
    "addr": 20278688088064,
    "byte_per_sec": 83325413633.42203,
    "success": true,
    "time": 4948.272591
  }
}
