{
  "params": {
    "accessPattern": "random",
    "accessType": "read",
    "blockSize": 32768,
    "granularity": "page",
    "noflush": true,
    "nonTemporal": false,
    "nthreads": 2,
    "path": "/dev/dax0.0",
    "set-affinity": true,
    "source": "devdax",
    "stripeSize": 17179869184,
    "totalSize": 17179869184
  },
  "results": {
    "IOPS": 261683.2958286785,
    "MIOPS": 0.2616832958286785,
    "MiB_per_sec": 8177.602994646203,
    "addr": 20431159427072,
    "byte_per_sec": 8574838237.714137,
    "success": true,
    "time": 2003.5210819999998
  }
}
