{
  "params": {
    "accessPattern": "random",
    "accessType": "read",
    "blockSize": 4096,
    "granularity": "page",
    "noflush": true,
    "nonTemporal": false,
    "nthreads": 48,
    "path": "/dev/dax0.0",
    "set-affinity": true,
    "source": "devdax",
    "stripeSize": 412316860416,
    "totalSize": 412316860416
  },
  "results": {
    "IOPS": 17630200.884597696,
    "MIOPS": 17.630200884597695,
    "MiB_per_sec": 68867.97220545975,
    "addr": 21124796645376,
    "byte_per_sec": 72213302823.31216,
    "success": true,
    "time": 5709.707828
  }
}
