{
  "params": {
    "accessPattern": "random",
    "accessType": "read",
    "blockSize": 8192,
    "granularity": "page",
    "noflush": true,
    "nonTemporal": false,
    "nthreads": 16,
    "path": "/dev/dax0.0",
    "set-affinity": true,
    "source": "devdax",
    "stripeSize": 137438953472,
    "totalSize": 137438953472
  },
  "results": {
    "IOPS": 7085113.511345752,
    "MIOPS": 7.085113511345751,
    "MiB_per_sec": 55352.449307388684,
    "addr": 21026012397568,
    "byte_per_sec": 58041249884.9444,
    "success": true,
    "time": 2367.9530290000002
  }
}
