{
  "params": {
    "accessPattern": "random",
    "accessType": "read",
    "blockSize": 128,
    "granularity": "page",
    "noflush": true,
    "nonTemporal": false,
    "nthreads": 1,
    "path": "/dev/dax0.0",
    "set-affinity": true,
    "source": "devdax",
    "stripeSize": 8589934592,
    "totalSize": 8589934592
  },
  "results": {
    "IOPS": 7310349.639211107,
    "MIOPS": 7.310349639211107,
    "MiB_per_sec": 892.3766649427621,
    "addr": 20492362711040,
    "byte_per_sec": 935724753.8190217,
    "success": true,
    "time": 9179.980071
  }
}
