{
  "params": {
    "accessPattern": "random",
    "accessType": "read",
    "blockSize": 131072,
    "granularity": "page",
    "noflush": true,
    "nonTemporal": false,
    "nthreads": 48,
    "path": "/dev/dax0.0",
    "set-affinity": true,
    "source": "devdax",
    "stripeSize": 412316860416,
    "totalSize": 412316860416
  },
  "results": {
    "IOPS": 630733.093131275,
    "MIOPS": 0.630733093131275,
    "MiB_per_sec": 78841.63664140938,
    "addr": 20702816108544,
    "byte_per_sec": 82671447982.90248,
    "success": true,
    "time": 4987.415492
  }
}
