{
  "params": {
    "accessPattern": "sequential",
    "accessType": "read",
    "blockSize": 8192,
    "granularity": "page",
    "noflush": true,
    "nonTemporal": false,
    "nthreads": 2,
    "path": "/dev/dax0.0",
    "set-affinity": true,
    "source": "devdax",
    "stripeSize": 17179869184,
    "totalSize": 17179869184
  },
  "results": {
    "IOPS": 1112116.6113219196,
    "MIOPS": 1.1121166113219196,
    "MiB_per_sec": 8688.411025952497,
    "addr": 20291572989952,
    "byte_per_sec": 9110459279.949165,
    "success": true,
    "time": 1885.7303080000002
  }
}
