{
  "params": {
    "accessPattern": "sequential",
    "accessType": "read",
    "blockSize": 16384,
    "granularity": "page",
    "noflush": true,
    "nonTemporal": false,
    "nthreads": 8,
    "path": "/dev/dax0.0",
    "set-affinity": true,
    "source": "devdax",
    "stripeSize": 68719476736,
    "totalSize": 68719476736
  },
  "results": {
    "IOPS": 2082275.8403401312,
    "MIOPS": 2.0822758403401314,
    "MiB_per_sec": 32535.56000531455,
    "addr": 20712479784960,
    "byte_per_sec": 34116007368.13271,
    "success": true,
    "time": 2014.2883660000002
  }
}
