{
  "params": {
    "accessPattern": "sequential",
    "accessType": "read",
    "blockSize": 131072,
    "granularity": "page",
    "noflush": true,
    "nonTemporal": false,
    "nthreads": 48,
    "path": "/dev/dax0.0",
    "set-affinity": true,
    "source": "devdax",
    "stripeSize": 412316860416,
    "totalSize": 412316860416
  },
  "results": {
    "IOPS": 628007.9751084378,
    "MIOPS": 0.6280079751084379,
    "MiB_per_sec": 78500.99688855473,
    "addr": 21290152886272,
    "byte_per_sec": 82314261313.41316,
    "success": true,
    "time": 5009.057408000001
  }
}
