{
  "params": {
    "accessPattern": "sequential",
    "accessType": "read",
    "blockSize": 262144,
    "granularity": "page",
    "noflush": true,
    "nonTemporal": false,
    "nthreads": 16,
    "path": "/dev/dax0.0",
    "set-affinity": true,
    "source": "devdax",
    "stripeSize": 137438953472,
    "totalSize": 137438953472
  },
  "results": {
    "IOPS": 223008.34702469895,
    "MIOPS": 0.22300834702469893,
    "MiB_per_sec": 55752.086756174736,
    "addr": 21234318311424,
    "byte_per_sec": 58460300122.44268,
    "success": true,
    "time": 2350.979266
  }
}
