{
  "params": {
    "accessPattern": "sequential",
    "accessType": "read",
    "blockSize": 1048576,
    "granularity": "page",
    "noflush": true,
    "nonTemporal": false,
    "nthreads": 4,
    "path": "/dev/dax0.0",
    "set-affinity": true,
    "source": "devdax",
    "stripeSize": 34359738368,
    "totalSize": 34359738368
  },
  "results": {
    "IOPS": 15401.740405878332,
    "MIOPS": 0.015401740405878332,
    "MiB_per_sec": 15401.740405878332,
    "addr": 20999168851968,
    "byte_per_sec": 16149895347.834278,
    "success": true,
    "time": 2127.551766
  }
}
