{
  "params": {
    "accessPattern": "sequential",
    "accessType": "read",
    "blockSize": 262144,
    "granularity": "page",
    "noflush": true,
    "nonTemporal": false,
    "nthreads": 4,
    "path": "/dev/dax0.0",
    "set-affinity": true,
    "source": "devdax",
    "stripeSize": 34359738368,
    "totalSize": 34359738368
  },
  "results": {
    "IOPS": 63707.89887924283,
    "MIOPS": 0.06370789887924283,
    "MiB_per_sec": 15926.974719810707,
    "addr": 21049634717696,
    "byte_per_sec": 16700643443.800232,
    "success": true,
    "time": 2057.390093
  }
}
