{
  "params": {
    "accessPattern": "sequential",
    "accessType": "read",
    "blockSize": 64,
    "granularity": "page",
    "noflush": true,
    "nonTemporal": false,
    "nthreads": 2,
    "path": "/dev/dax0.0",
    "set-affinity": true,
    "source": "devdax",
    "stripeSize": 17179869184,
    "totalSize": 17179869184
  },
  "results": {
    "IOPS": 84411025.78577793,
    "MIOPS": 84.41102578577792,
    "MiB_per_sec": 5152.040148057735,
    "addr": 20425790717952,
    "byte_per_sec": 5402305650.289787,
    "success": true,
    "time": 3180.0994419999997
  }
}
