{
  "params": {
    "accessPattern": "sequential",
    "accessType": "read",
    "blockSize": 131072,
    "granularity": "page",
    "noflush": true,
    "nonTemporal": false,
    "nthreads": 1,
    "path": "/dev/dax0.0",
    "set-affinity": true,
    "source": "devdax",
    "stripeSize": 8589934592,
    "totalSize": 8589934592
  },
  "results": {
    "IOPS": 32907.07315594752,
    "MIOPS": 0.032907073155947514,
    "MiB_per_sec": 4113.38414449344,
    "addr": 20750060748800,
    "byte_per_sec": 4313195892.696353,
    "success": true,
    "time": 1991.547522
  }
}
