{
  "params": {
    "accessPattern": "sequential",
    "accessType": "read",
    "blockSize": 131072,
    "granularity": "page",
    "noflush": true,
    "nonTemporal": false,
    "nthreads": 2,
    "path": "/dev/dax0.0",
    "set-affinity": true,
    "source": "devdax",
    "stripeSize": 17179869184,
    "totalSize": 17179869184
  },
  "results": {
    "IOPS": 64841.60181924386,
    "MIOPS": 0.06484160181924385,
    "MiB_per_sec": 8105.200227405482,
    "addr": 20524574965760,
    "byte_per_sec": 8498918433.651931,
    "success": true,
    "time": 2021.4182919999998
  }
}
