{
  "params": {
    "accessPattern": "sequential",
    "accessType": "read",
    "blockSize": 512,
    "granularity": "page",
    "noflush": true,
    "nonTemporal": false,
    "nthreads": 4,
    "path": "/dev/dax0.0",
    "set-affinity": true,
    "source": "devdax",
    "stripeSize": 34359738368,
    "totalSize": 34359738368
  },
  "results": {
    "IOPS": 30410403.475895,
    "MIOPS": 30.410403475895,
    "MiB_per_sec": 14848.829822214355,
    "addr": 20553565995008,
    "byte_per_sec": 15570126579.65824,
    "success": true,
    "time": 2206.77322
  }
}
