{
  "params": {
    "accessPattern": "sequential",
    "accessType": "read",
    "blockSize": 128,
    "granularity": "page",
    "noflush": true,
    "nonTemporal": false,
    "nthreads": 1,
    "path": "/dev/dax0.0",
    "set-affinity": true,
    "source": "devdax",
    "stripeSize": 8589934592,
    "totalSize": 8589934592
  },
  "results": {
    "IOPS": 26556857.18817049,
    "MIOPS": 26.55685718817049,
    "MiB_per_sec": 3241.803855977843,
    "addr": 21270825533440,
    "byte_per_sec": 3399277720.0858226,
    "success": true,
    "time": 2526.988172
  }
}
