{
  "params": {
    "accessPattern": "sequential",
    "accessType": "read",
    "blockSize": 512,
    "granularity": "page",
    "noflush": true,
    "nonTemporal": false,
    "nthreads": 48,
    "path": "/dev/dax0.0",
    "set-affinity": true,
    "source": "devdax",
    "stripeSize": 412316860416,
    "totalSize": 412316860416
  },
  "results": {
    "IOPS": 155389614.63519374,
    "MIOPS": 155.38961463519374,
    "MiB_per_sec": 75873.83527109069,
    "addr": 20722143461376,
    "byte_per_sec": 79559482693.2192,
    "success": true,
    "time": 5182.498006000001
  }
}
