{
  "params": {
    "accessPattern": "sequential",
    "accessType": "read",
    "blockSize": 64,
    "granularity": "page",
    "noflush": true,
    "nonTemporal": false,
    "nthreads": 32,
    "path": "/dev/dax0.0",
    "set-affinity": true,
    "source": "devdax",
    "stripeSize": 274877906944,
    "totalSize": 274877906944
  },
  "results": {
    "IOPS": 914882243.8876357,
    "MIOPS": 914.8822438876357,
    "MiB_per_sec": 55839.98070603245,
    "addr": 20613695537152,
    "byte_per_sec": 58552463608.808685,
    "success": true,
    "time": 4694.557495999999
  }
}
