{
  "params": {
    "accessPattern": "sequential",
    "accessType": "read",
    "blockSize": 64,
    "granularity": "page",
    "noflush": true,
    "nonTemporal": false,
    "nthreads": 2,
    "path": "/dev/dax0.0",
    "set-affinity": true,
    "source": "devdax",
    "stripeSize": 17179869184,
    "totalSize": 17179869184
  },
  "results": {
    "IOPS": 84413867.8162711,
    "MIOPS": 84.4138678162711,
    "MiB_per_sec": 5152.213611832953,
    "addr": 20594368184320,
    "byte_per_sec": 5402487540.24135,
    "success": true,
    "time": 3179.992375
  }
}
