{
  "params": {
    "accessPattern": "sequential",
    "accessType": "read",
    "blockSize": 2048,
    "granularity": "page",
    "noflush": true,
    "nonTemporal": false,
    "nthreads": 1,
    "path": "/dev/dax0.0",
    "set-affinity": true,
    "source": "devdax",
    "stripeSize": 8589934592,
    "totalSize": 8589934592
  },
  "results": {
    "IOPS": 2229337.491167721,
    "MIOPS": 2.229337491167721,
    "MiB_per_sec": 4354.174787436955,
    "addr": 20927228149760,
    "byte_per_sec": 4565683181.911492,
    "success": true,
    "time": 1881.412759
  }
}
