{
  "params": {
    "accessPattern": "sequential",
    "accessType": "read",
    "blockSize": 256,
    "granularity": "page",
    "noflush": true,
    "nonTemporal": false,
    "nthreads": 4,
    "path": "/dev/dax0.0",
    "set-affinity": true,
    "source": "devdax",
    "stripeSize": 34359738368,
    "totalSize": 34359738368
  },
  "results": {
    "IOPS": 57116388.71930321,
    "MIOPS": 57.11638871930321,
    "MiB_per_sec": 13944.430839673636,
    "addr": 20942260535296,
    "byte_per_sec": 14621795512.141623,
    "success": true,
    "time": 2349.898707
  }
}
