{
  "params": {
    "accessPattern": "sequential",
    "accessType": "read",
    "blockSize": 128,
    "granularity": "page",
    "noflush": true,
    "nonTemporal": false,
    "nthreads": 2,
    "path": "/dev/dax0.0",
    "set-affinity": true,
    "source": "devdax",
    "stripeSize": 17179869184,
    "totalSize": 17179869184
  },
  "results": {
    "IOPS": 52030434.60728494,
    "MIOPS": 52.03043460728494,
    "MiB_per_sec": 6351.3714120220875,
    "addr": 21179557478400,
    "byte_per_sec": 6659895629.732472,
    "success": true,
    "time": 2579.600363
  }
}
