{
  "params": {
    "accessPattern": "sequential",
    "accessType": "read",
    "blockSize": 1024,
    "granularity": "page",
    "noflush": true,
    "nonTemporal": false,
    "nthreads": 48,
    "path": "/dev/dax0.0",
    "set-affinity": true,
    "source": "devdax",
    "stripeSize": 412316860416,
    "totalSize": 412316860416
  },
  "results": {
    "IOPS": 82557501.63047059,
    "MIOPS": 82.55750163047058,
    "MiB_per_sec": 80622.56018600643,
    "addr": 20941186793472,
    "byte_per_sec": 84538881669.60188,
    "success": true,
    "time": 4877.245266
  }
}
