{
  "params": {
    "accessPattern": "sequential",
    "accessType": "read",
    "blockSize": 256,
    "granularity": "page",
    "noflush": true,
    "nonTemporal": false,
    "nthreads": 2,
    "path": "/dev/dax0.0",
    "set-affinity": true,
    "source": "devdax",
    "stripeSize": 17179869184,
    "totalSize": 17179869184
  },
  "results": {
    "IOPS": 29441925.958214074,
    "MIOPS": 29.441925958214075,
    "MiB_per_sec": 7187.970204642108,
    "addr": 20838107578368,
    "byte_per_sec": 7537133045.302803,
    "success": true,
    "time": 2279.3639279999998
  }
}
