{
  "params": {
    "accessPattern": "sequential",
    "accessType": "read",
    "blockSize": 64,
    "granularity": "page",
    "noflush": true,
    "nonTemporal": false,
    "nthreads": 4,
    "path": "/dev/dax0.0",
    "set-affinity": true,
    "source": "devdax",
    "stripeSize": 34359738368,
    "totalSize": 34359738368
  },
  "results": {
    "IOPS": 162529558.66042018,
    "MIOPS": 162.52955866042018,
    "MiB_per_sec": 9920.017008082286,
    "addr": 21259014373376,
    "byte_per_sec": 10401891754.266891,
    "success": true,
    "time": 3303.220143
  }
}
