{
  "params": {
    "accessPattern": "sequential",
    "accessType": "read",
    "blockSize": 256,
    "granularity": "page",
    "noflush": true,
    "nonTemporal": false,
    "nthreads": 8,
    "path": "/dev/dax0.0",
    "set-affinity": true,
    "source": "devdax",
    "stripeSize": 68719476736,
    "totalSize": 68719476736
  },
  "results": {
    "IOPS": 107492769.54128274,
    "MIOPS": 107.49276954128274,
    "MiB_per_sec": 26243.351938789732,
    "addr": 21300890304512,
    "byte_per_sec": 27518149002.568382,
    "success": true,
    "time": 2497.241974
  }
}
