{
  "params": {
    "accessPattern": "sequential",
    "accessType": "read",
    "blockSize": 131072,
    "granularity": "page",
    "noflush": true,
    "nonTemporal": false,
    "nthreads": 2,
    "path": "/dev/dax0.0",
    "set-affinity": true,
    "source": "devdax",
    "stripeSize": 17179869184,
    "totalSize": 17179869184
  },
  "results": {
    "IOPS": 64889.45962578213,
    "MIOPS": 0.06488945962578213,
    "MiB_per_sec": 8111.1824532227665,
    "addr": 20787641712640,
    "byte_per_sec": 8505191252.070516,
    "success": true,
    "time": 2019.927439
  }
}
