{
  "params": {
    "accessPattern": "sequential",
    "accessType": "read",
    "blockSize": 32768,
    "granularity": "page",
    "noflush": true,
    "nonTemporal": false,
    "nthreads": 48,
    "path": "/dev/dax0.0",
    "set-affinity": true,
    "source": "devdax",
    "stripeSize": 412316860416,
    "totalSize": 412316860416
  },
  "results": {
    "IOPS": 2523284.0997510585,
    "MIOPS": 2.5232840997510584,
    "MiB_per_sec": 78852.62811722058,
    "addr": 20757576941568,
    "byte_per_sec": 82682973380.64268,
    "success": true,
    "time": 4986.720283000001
  }
}
