{
  "params": {
    "accessPattern": "sequential",
    "accessType": "read",
    "blockSize": 16384,
    "granularity": "page",
    "noflush": true,
    "nonTemporal": false,
    "nthreads": 32,
    "path": "/dev/dax0.0",
    "set-affinity": true,
    "source": "devdax",
    "stripeSize": 274877906944,
    "totalSize": 274877906944
  },
  "results": {
    "IOPS": 5005274.013223179,
    "MIOPS": 5.005274013223179,
    "MiB_per_sec": 78207.40645661217,
    "addr": 20746839523328,
    "byte_per_sec": 82006409432.64856,
    "success": true,
    "time": 3351.907599
  }
}
