{
  "params": {
    "accessPattern": "sequential",
    "accessType": "read",
    "blockSize": 4096,
    "granularity": "page",
    "noflush": true,
    "nonTemporal": false,
    "nthreads": 48,
    "path": "/dev/dax0.0",
    "set-affinity": true,
    "source": "devdax",
    "stripeSize": 412316860416,
    "totalSize": 412316860416
  },
  "results": {
    "IOPS": 20578943.330936037,
    "MIOPS": 20.57894333093604,
    "MiB_per_sec": 80386.4973864689,
    "addr": 20731807137792,
    "byte_per_sec": 84291351883.514,
    "success": true,
    "time": 4891.567773000001
  }
}
