{
  "params": {
    "accessPattern": "random",
    "accessType": "write",
    "blockSize": 512,
    "granularity": "page",
    "noflush": true,
    "nonTemporal": false,
    "nthreads": 32,
    "path": "/dev/dax0.0",
    "set-affinity": true,
    "source": "devdax",
    "stripeSize": 274877906944,
    "totalSize": 274877906944
  },
  "results": {
    "IOPS": 33412027.81162658,
    "MIOPS": 33.41202781162658,
    "MiB_per_sec": 16314.46670489579,
    "addr": 20651276500992,
    "byte_per_sec": 17106958239.552809,
    "success": true,
    "time": 16068.193017999998
  }
}
