{
  "params": {
    "accessPattern": "random",
    "accessType": "write",
    "blockSize": 262144,
    "granularity": "page",
    "noflush": true,
    "nonTemporal": false,
    "nthreads": 48,
    "path": "/dev/dax0.0",
    "set-affinity": true,
    "source": "devdax",
    "stripeSize": 412316860416,
    "totalSize": 412316860416
  },
  "results": {
    "IOPS": 62254.70692462873,
    "MIOPS": 0.06225470692462873,
    "MiB_per_sec": 15563.676731157182,
    "addr": 20991652659200,
    "byte_per_sec": 16319697892.049873,
    "success": true,
    "time": 25264.981199
  }
}
