{
  "params": {
    "accessPattern": "random",
    "accessType": "write",
    "blockSize": 1048576,
    "granularity": "page",
    "noflush": true,
    "nonTemporal": false,
    "nthreads": 16,
    "path": "/dev/dax0.0",
    "set-affinity": true,
    "source": "devdax",
    "stripeSize": 137438953472,
    "totalSize": 137438953472
  },
  "results": {
    "IOPS": 14144.60275841274,
    "MIOPS": 0.01414460275841274,
    "MiB_per_sec": 14144.60275841274,
    "addr": 20383914786816,
    "byte_per_sec": 14831690982.005398,
    "success": true,
    "time": 9266.573423
  }
}
