{
  "params": {
    "accessPattern": "random",
    "accessType": "write",
    "blockSize": 8192,
    "granularity": "page",
    "noflush": true,
    "nonTemporal": false,
    "nthreads": 48,
    "path": "/dev/dax0.0",
    "set-affinity": true,
    "source": "devdax",
    "stripeSize": 412316860416,
    "totalSize": 412316860416
  },
  "results": {
    "IOPS": 1998651.622323499,
    "MIOPS": 1.9986516223234991,
    "MiB_per_sec": 15614.465799402336,
    "addr": 21010980012032,
    "byte_per_sec": 16372954090.074104,
    "success": true,
    "time": 25182.801964
  }
}
