{
  "params": {
    "accessPattern": "random",
    "accessType": "write",
    "blockSize": 65536,
    "granularity": "page",
    "noflush": true,
    "nonTemporal": false,
    "nthreads": 32,
    "path": "/dev/dax0.0",
    "set-affinity": true,
    "source": "devdax",
    "stripeSize": 274877906944,
    "totalSize": 274877906944
  },
  "results": {
    "IOPS": 262167.40116054035,
    "MIOPS": 0.2621674011605403,
    "MiB_per_sec": 16385.462572533772,
    "addr": 20377472335872,
    "byte_per_sec": 17181402802.457172,
    "success": true,
    "time": 15998.571834
  }
}
