{
  "params": {
    "accessPattern": "random",
    "accessType": "write",
    "blockSize": 64,
    "granularity": "page",
    "noflush": true,
    "nonTemporal": false,
    "nthreads": 32,
    "path": "/dev/dax0.0",
    "set-affinity": true,
    "source": "devdax",
    "stripeSize": 274877906944,
    "totalSize": 274877906944
  },
  "results": {
    "IOPS": 199081009.28268087,
    "MIOPS": 199.08100928268087,
    "MiB_per_sec": 12150.940507976127,
    "addr": 20612621795328,
    "byte_per_sec": 12741184594.091576,
    "success": true,
    "time": 21573.967861
  }
}
