{
  "params": {
    "accessPattern": "random",
    "accessType": "write",
    "blockSize": 512,
    "granularity": "page",
    "noflush": true,
    "nonTemporal": false,
    "nthreads": 4,
    "path": "/dev/dax0.0",
    "set-affinity": true,
    "source": "devdax",
    "stripeSize": 34359738368,
    "totalSize": 34359738368
  },
  "results": {
    "IOPS": 13133052.074422,
    "MIOPS": 13.133052074422,
    "MiB_per_sec": 6412.623083213867,
    "addr": 20476256583680,
    "byte_per_sec": 6724122662.104064,
    "success": true,
    "time": 5109.921412000001
  }
}
