{
  "params": {
    "accessPattern": "random",
    "accessType": "write",
    "blockSize": 64,
    "granularity": "page",
    "noflush": true,
    "nonTemporal": false,
    "nthreads": 1,
    "path": "/dev/dax0.0",
    "set-affinity": true,
    "source": "devdax",
    "stripeSize": 8589934592,
    "totalSize": 8589934592
  },
  "results": {
    "IOPS": 24060195.607219663,
    "MIOPS": 24.06019560721966,
    "MiB_per_sec": 1468.5177982922157,
    "addr": 21205327282176,
    "byte_per_sec": 1539852518.8620584,
    "success": true,
    "time": 5578.413833
  }
}
