{
  "params": {
    "accessPattern": "random",
    "accessType": "write",
    "blockSize": 65536,
    "granularity": "page",
    "noflush": true,
    "nonTemporal": false,
    "nthreads": 48,
    "path": "/dev/dax0.0",
    "set-affinity": true,
    "source": "devdax",
    "stripeSize": 412316860416,
    "totalSize": 412316860416
  },
  "results": {
    "IOPS": 255694.5268281469,
    "MIOPS": 0.25569452682814686,
    "MiB_per_sec": 15980.90792675918,
    "addr": 21251498180608,
    "byte_per_sec": 16757196510.209435,
    "success": true,
    "time": 24605.360459
  }
}
