{
  "params": {
    "accessPattern": "random",
    "accessType": "write",
    "blockSize": 262144,
    "granularity": "page",
    "noflush": true,
    "nonTemporal": false,
    "nthreads": 2,
    "path": "/dev/dax0.0",
    "set-affinity": true,
    "source": "devdax",
    "stripeSize": 17179869184,
    "totalSize": 17179869184
  },
  "results": {
    "IOPS": 27142.249729468356,
    "MIOPS": 0.027142249729468357,
    "MiB_per_sec": 6785.562432367089,
    "addr": 20441896845312,
    "byte_per_sec": 7115177913.081753,
    "success": true,
    "time": 2414.538244
  }
}
