{
  "params": {
    "accessPattern": "random",
    "accessType": "write",
    "blockSize": 1048576,
    "granularity": "page",
    "noflush": true,
    "nonTemporal": false,
    "nthreads": 4,
    "path": "/dev/dax0.0",
    "set-affinity": true,
    "source": "devdax",
    "stripeSize": 34359738368,
    "totalSize": 34359738368
  },
  "results": {
    "IOPS": 9747.551368497298,
    "MIOPS": 0.009747551368497297,
    "MiB_per_sec": 9747.551368497298,
    "addr": 21251498180608,
    "byte_per_sec": 10221048423.773422,
    "success": true,
    "time": 3361.664767
  }
}
