{
  "params": {
    "accessPattern": "random",
    "accessType": "write",
    "blockSize": 32768,
    "granularity": "page",
    "noflush": true,
    "nonTemporal": false,
    "nthreads": 48,
    "path": "/dev/dax0.0",
    "set-affinity": true,
    "source": "devdax",
    "stripeSize": 412316860416,
    "totalSize": 412316860416
  },
  "results": {
    "IOPS": 510050.54938078666,
    "MIOPS": 0.5100505493807866,
    "MiB_per_sec": 15939.079668149583,
    "addr": 21119427936256,
    "byte_per_sec": 16713336402.109617,
    "success": true,
    "time": 24669.931275
  }
}
