{
  "params": {
    "accessPattern": "random",
    "accessType": "write",
    "blockSize": 64,
    "granularity": "page",
    "noflush": true,
    "nonTemporal": false,
    "nthreads": 16,
    "path": "/dev/dax0.0",
    "set-affinity": true,
    "source": "devdax",
    "stripeSize": 137438953472,
    "totalSize": 137438953472
  },
  "results": {
    "IOPS": 149565411.89780027,
    "MIOPS": 149.56541189780026,
    "MiB_per_sec": 9128.748284777848,
    "addr": 20331301437440,
    "byte_per_sec": 9572186361.459217,
    "success": true,
    "time": 14358.156880999999
  }
}
