{
  "params": {
    "accessPattern": "random",
    "accessType": "write",
    "blockSize": 64,
    "granularity": "page",
    "noflush": true,
    "nonTemporal": false,
    "nthreads": 1,
    "path": "/dev/dax0.0",
    "set-affinity": true,
    "source": "devdax",
    "stripeSize": 8589934592,
    "totalSize": 8589934592
  },
  "results": {
    "IOPS": 24063718.942089323,
    "MIOPS": 24.063718942089324,
    "MiB_per_sec": 1468.7328455865065,
    "addr": 20366734917632,
    "byte_per_sec": 1540078012.2937167,
    "success": true,
    "time": 5577.597059000001
  }
}
