{
  "params": {
    "accessPattern": "random",
    "accessType": "write",
    "blockSize": 131072,
    "granularity": "page",
    "noflush": true,
    "nonTemporal": false,
    "nthreads": 1,
    "path": "/dev/dax0.0",
    "set-affinity": true,
    "source": "devdax",
    "stripeSize": 8589934592,
    "totalSize": 8589934592
  },
  "results": {
    "IOPS": 31884.213924998505,
    "MIOPS": 0.0318842139249985,
    "MiB_per_sec": 3985.526740624813,
    "addr": 20641612824576,
    "byte_per_sec": 4179127687.577404,
    "success": true,
    "time": 2055.437219
  }
}
