{
  "params": {
    "accessPattern": "random",
    "accessType": "write",
    "blockSize": 2048,
    "granularity": "page",
    "noflush": true,
    "nonTemporal": false,
    "nthreads": 2,
    "path": "/dev/dax0.0",
    "set-affinity": true,
    "source": "devdax",
    "stripeSize": 17179869184,
    "totalSize": 17179869184
  },
  "results": {
    "IOPS": 2461443.645450396,
    "MIOPS": 2.461443645450396,
    "MiB_per_sec": 4807.507120020305,
    "addr": 20302310408192,
    "byte_per_sec": 5041036585.882411,
    "success": true,
    "time": 3408.003273
  }
}
