{
  "params": {
    "accessPattern": "random",
    "accessType": "write",
    "blockSize": 64,
    "granularity": "page",
    "noflush": true,
    "nonTemporal": false,
    "nthreads": 48,
    "path": "/dev/dax0.0",
    "set-affinity": true,
    "source": "devdax",
    "stripeSize": 412316860416,
    "totalSize": 412316860416
  },
  "results": {
    "IOPS": 199358615.73081666,
    "MIOPS": 199.35861573081667,
    "MiB_per_sec": 12167.884260914103,
    "addr": 21108690518016,
    "byte_per_sec": 12758951406.772266,
    "success": true,
    "time": 32315.889235
  }
}
