{
  "params": {
    "accessPattern": "random",
    "accessType": "write",
    "blockSize": 131072,
    "granularity": "page",
    "noflush": true,
    "nonTemporal": false,
    "nthreads": 8,
    "path": "/dev/dax0.0",
    "set-affinity": true,
    "source": "devdax",
    "stripeSize": 68719476736,
    "totalSize": 68719476736
  },
  "results": {
    "IOPS": 96839.81880537131,
    "MIOPS": 0.0968398188053713,
    "MiB_per_sec": 12104.977350671414,
    "addr": 20228222222336,
    "byte_per_sec": 12692988730.457628,
    "success": true,
    "time": 5413.971303
  }
}
