{
  "params": {
    "accessPattern": "random",
    "accessType": "write",
    "blockSize": 262144,
    "granularity": "page",
    "noflush": true,
    "nonTemporal": false,
    "nthreads": 32,
    "path": "/dev/dax0.0",
    "set-affinity": true,
    "source": "devdax",
    "stripeSize": 274877906944,
    "totalSize": 274877906944
  },
  "results": {
    "IOPS": 63735.532279705185,
    "MIOPS": 0.06373553227970519,
    "MiB_per_sec": 15933.883069926296,
    "addr": 21300890304512,
    "byte_per_sec": 16707887373.931036,
    "success": true,
    "time": 16451.98467
  }
}
