{
  "params": {
    "accessPattern": "random",
    "accessType": "write",
    "blockSize": 128,
    "granularity": "page",
    "noflush": true,
    "nonTemporal": false,
    "nthreads": 16,
    "path": "/dev/dax0.0",
    "set-affinity": true,
    "source": "devdax",
    "stripeSize": 137438953472,
    "totalSize": 137438953472
  },
  "results": {
    "IOPS": 109084518.63309906,
    "MIOPS": 109.08451863309907,
    "MiB_per_sec": 13315.981278454476,
    "addr": 20493436452864,
    "byte_per_sec": 13962818385.03668,
    "success": true,
    "time": 9843.209994
  }
}
