{
  "params": {
    "accessPattern": "random",
    "accessType": "write",
    "blockSize": 64,
    "granularity": "page",
    "noflush": true,
    "nonTemporal": false,
    "nthreads": 32,
    "path": "/dev/dax0.0",
    "set-affinity": true,
    "source": "devdax",
    "stripeSize": 274877906944,
    "totalSize": 274877906944
  },
  "results": {
    "IOPS": 197859554.4648857,
    "MIOPS": 197.85955446488572,
    "MiB_per_sec": 12076.388822319685,
    "addr": 20829517643776,
    "byte_per_sec": 12663011485.752686,
    "success": true,
    "time": 21707.151356000002
  }
}
