{
  "params": {
    "accessPattern": "random",
    "accessType": "write",
    "blockSize": 512,
    "granularity": "page",
    "noflush": true,
    "nonTemporal": false,
    "nthreads": 1,
    "path": "/dev/dax0.0",
    "set-affinity": true,
    "source": "devdax",
    "stripeSize": 8589934592,
    "totalSize": 8589934592
  },
  "results": {
    "IOPS": 3943050.167939365,
    "MIOPS": 3.943050167939365,
    "MiB_per_sec": 1925.317464814143,
    "addr": 20373177368576,
    "byte_per_sec": 2018841685.9849548,
    "success": true,
    "time": 4254.882713999999
  }
}
