{
  "params": {
    "accessPattern": "random",
    "accessType": "write",
    "blockSize": 512,
    "granularity": "page",
    "noflush": true,
    "nonTemporal": false,
    "nthreads": 48,
    "path": "/dev/dax0.0",
    "set-affinity": true,
    "source": "devdax",
    "stripeSize": 412316860416,
    "totalSize": 412316860416
  },
  "results": {
    "IOPS": 32170327.71867103,
    "MIOPS": 32.17032771867103,
    "MiB_per_sec": 15708.16783138234,
    "addr": 20573967089664,
    "byte_per_sec": 16471207791.959568,
    "success": true,
    "time": 25032.582044000002
  }
}
