{
  "params": {
    "accessPattern": "random",
    "accessType": "write",
    "blockSize": 65536,
    "granularity": "page",
    "noflush": true,
    "nonTemporal": false,
    "nthreads": 4,
    "path": "/dev/dax0.0",
    "set-affinity": true,
    "source": "devdax",
    "stripeSize": 34359738368,
    "totalSize": 34359738368
  },
  "results": {
    "IOPS": 159647.23908930764,
    "MIOPS": 0.15964723908930764,
    "MiB_per_sec": 9977.952443081727,
    "addr": 20957292920832,
    "byte_per_sec": 10462641460.956865,
    "success": true,
    "time": 3284.0405069999997
  }
}
