{
  "params": {
    "accessPattern": "sequential",
    "accessType": "write",
    "blockSize": 262144,
    "granularity": "page",
    "noflush": true,
    "nonTemporal": false,
    "nthreads": 1,
    "path": "/dev/dax0.0",
    "set-affinity": true,
    "source": "devdax",
    "stripeSize": 8589934592,
    "totalSize": 8589934592
  },
  "results": {
    "IOPS": 15776.672761775488,
    "MIOPS": 0.01577667276177549,
    "MiB_per_sec": 3944.168190443872,
    "addr": 20691004948480,
    "byte_per_sec": 4135760104.4628735,
    "success": true,
    "time": 2076.9905350000004
  }
}
