{
  "params": {
    "accessPattern": "sequential",
    "accessType": "write",
    "blockSize": 2048,
    "granularity": "page",
    "noflush": true,
    "nonTemporal": false,
    "nthreads": 1,
    "path": "/dev/dax0.0",
    "set-affinity": true,
    "source": "devdax",
    "stripeSize": 8589934592,
    "totalSize": 8589934592
  },
  "results": {
    "IOPS": 2005447.9980010125,
    "MIOPS": 2.0054479980010127,
    "MiB_per_sec": 3916.8906210957275,
    "addr": 20569672122368,
    "byte_per_sec": 4107157499.9060736,
    "success": true,
    "time": 2091.454879
  }
}
