{
  "params": {
    "accessPattern": "sequential",
    "accessType": "write",
    "blockSize": 128,
    "granularity": "page",
    "noflush": true,
    "nonTemporal": false,
    "nthreads": 4,
    "path": "/dev/dax0.0",
    "set-affinity": true,
    "source": "devdax",
    "stripeSize": 34359738368,
    "totalSize": 34359738368
  },
  "results": {
    "IOPS": 81155990.86939499,
    "MIOPS": 81.15599086939498,
    "MiB_per_sec": 9906.737166674193,
    "addr": 21038897299456,
    "byte_per_sec": 10387966831.282558,
    "success": true,
    "time": 3307.6480629999996
  }
}
