{
  "params": {
    "accessPattern": "sequential",
    "accessType": "write",
    "blockSize": 256,
    "granularity": "page",
    "noflush": true,
    "nonTemporal": false,
    "nthreads": 16,
    "path": "/dev/dax0.0",
    "set-affinity": true,
    "source": "devdax",
    "stripeSize": 137438953472,
    "totalSize": 137438953472
  },
  "results": {
    "IOPS": 63425232.19633029,
    "MIOPS": 63.425232196330285,
    "MiB_per_sec": 15484.675829182199,
    "addr": 21223580893184,
    "byte_per_sec": 16236859442.260553,
    "success": true,
    "time": 8464.62667
  }
}
