{
  "params": {
    "accessPattern": "sequential",
    "accessType": "write",
    "blockSize": 1048576,
    "granularity": "page",
    "noflush": true,
    "nonTemporal": false,
    "nthreads": 1,
    "path": "/dev/dax0.0",
    "set-affinity": true,
    "source": "devdax",
    "stripeSize": 8589934592,
    "totalSize": 8589934592
  },
  "results": {
    "IOPS": 3834.7316132291417,
    "MIOPS": 0.0038347316132291416,
    "MiB_per_sec": 3834.7316132291417,
    "addr": 21111911743488,
    "byte_per_sec": 4021007536.0733604,
    "success": true,
    "time": 2136.264236
  }
}
