{
  "params": {
    "accessPattern": "sequential",
    "accessType": "write",
    "blockSize": 1024,
    "granularity": "page",
    "noflush": true,
    "nonTemporal": false,
    "nthreads": 1,
    "path": "/dev/dax0.0",
    "set-affinity": true,
    "source": "devdax",
    "stripeSize": 8589934592,
    "totalSize": 8589934592
  },
  "results": {
    "IOPS": 3936191.1671548095,
    "MIOPS": 3.9361911671548095,
    "MiB_per_sec": 3843.9366866746186,
    "addr": 20813411516416,
    "byte_per_sec": 4030659755.166525,
    "success": true,
    "time": 2131.148525
  }
}
