{
  "params": {
    "accessPattern": "sequential",
    "accessType": "write",
    "blockSize": 8192,
    "granularity": "page",
    "noflush": true,
    "nonTemporal": false,
    "nthreads": 32,
    "path": "/dev/dax0.0",
    "set-affinity": true,
    "source": "devdax",
    "stripeSize": 274877906944,
    "totalSize": 274877906944
  },
  "results": {
    "IOPS": 2029966.8558461394,
    "MIOPS": 2.0299668558461392,
    "MiB_per_sec": 15859.116061297964,
    "addr": 20897163378688,
    "byte_per_sec": 16629488483.091574,
    "success": true,
    "time": 16529.546728
  }
}
