{
  "params": {
    "accessPattern": "sequential",
    "accessType": "write",
    "blockSize": 131072,
    "granularity": "page",
    "noflush": true,
    "nonTemporal": false,
    "nthreads": 16,
    "path": "/dev/dax0.0",
    "set-affinity": true,
    "source": "devdax",
    "stripeSize": 137438953472,
    "totalSize": 137438953472
  },
  "results": {
    "IOPS": 129343.29113440082,
    "MIOPS": 0.12934329113440082,
    "MiB_per_sec": 16167.911391800102,
    "addr": 20571819606016,
    "byte_per_sec": 16953283855.568184,
    "success": true,
    "time": 8106.922213000001
  }
}
