{
  "params": {
    "accessPattern": "sequential",
    "accessType": "write",
    "blockSize": 1024,
    "granularity": "page",
    "noflush": true,
    "nonTemporal": false,
    "nthreads": 48,
    "path": "/dev/dax0.0",
    "set-affinity": true,
    "source": "devdax",
    "stripeSize": 412316860416,
    "totalSize": 412316860416
  },
  "results": {
    "IOPS": 16053958.080687879,
    "MIOPS": 16.053958080687877,
    "MiB_per_sec": 15677.693438171756,
    "addr": 20885352218624,
    "byte_per_sec": 16439253074.624388,
    "success": true,
    "time": 25081.240524999997
  }
}
