{
  "params": {
    "accessPattern": "sequential",
    "accessType": "write",
    "blockSize": 64,
    "granularity": "page",
    "noflush": true,
    "nonTemporal": false,
    "nthreads": 4,
    "path": "/dev/dax0.0",
    "set-affinity": true,
    "source": "devdax",
    "stripeSize": 34359738368,
    "totalSize": 34359738368
  },
  "results": {
    "IOPS": 157425766.92527437,
    "MIOPS": 157.42576692527436,
    "MiB_per_sec": 9608.506282060203,
    "addr": 21274046758912,
    "byte_per_sec": 10075249083.21756,
    "success": true,
    "time": 3410.3115549999998
  }
}
