{
  "params": {
    "accessPattern": "sequential",
    "accessType": "write",
    "blockSize": 8192,
    "granularity": "page",
    "noflush": true,
    "nonTemporal": false,
    "nthreads": 16,
    "path": "/dev/dax0.0",
    "set-affinity": true,
    "source": "devdax",
    "stripeSize": 137438953472,
    "totalSize": 137438953472
  },
  "results": {
    "IOPS": 2090354.261745451,
    "MIOPS": 2.090354261745451,
    "MiB_per_sec": 16330.892669886336,
    "addr": 20498805161984,
    "byte_per_sec": 17124182112.218735,
    "success": true,
    "time": 8026.015641000001
  }
}
