{
  "params": {
    "accessPattern": "sequential",
    "accessType": "write",
    "blockSize": 256,
    "granularity": "page",
    "noflush": true,
    "nonTemporal": false,
    "nthreads": 32,
    "path": "/dev/dax0.0",
    "set-affinity": true,
    "source": "devdax",
    "stripeSize": 274877906944,
    "totalSize": 274877906944
  },
  "results": {
    "IOPS": 62593260.887022674,
    "MIOPS": 62.59326088702267,
    "MiB_per_sec": 15281.55783374577,
    "addr": 21128017870848,
    "byte_per_sec": 16023874787.077805,
    "success": true,
    "time": 17154.272022
  }
}
