{
  "params": {
    "accessPattern": "sequential",
    "accessType": "write",
    "blockSize": 8192,
    "granularity": "page",
    "noflush": true,
    "nonTemporal": false,
    "nthreads": 8,
    "path": "/dev/dax0.0",
    "set-affinity": true,
    "source": "devdax",
    "stripeSize": 68719476736,
    "totalSize": 68719476736
  },
  "results": {
    "IOPS": 1559259.4961741269,
    "MIOPS": 1.5592594961741268,
    "MiB_per_sec": 12181.714813860366,
    "addr": 21185999929344,
    "byte_per_sec": 12773453792.658447,
    "success": true,
    "time": 5379.866545999999
  }
}
