{
  "params": {
    "accessPattern": "sequential",
    "accessType": "write",
    "blockSize": 524288,
    "granularity": "page",
    "noflush": true,
    "nonTemporal": false,
    "nthreads": 48,
    "path": "/dev/dax0.0",
    "set-affinity": true,
    "source": "devdax",
    "stripeSize": 412316860416,
    "totalSize": 412316860416
  },
  "results": {
    "IOPS": 30336.151805569778,
    "MIOPS": 0.030336151805569776,
    "MiB_per_sec": 15168.075902784889,
    "addr": 20346333822976,
    "byte_per_sec": 15904880357.838568,
    "success": true,
    "time": 25923.920906
  }
}
