{
  "params": {
    "accessPattern": "sequential",
    "accessType": "write",
    "blockSize": 16384,
    "granularity": "page",
    "noflush": true,
    "nonTemporal": false,
    "nthreads": 48,
    "path": "/dev/dax0.0",
    "set-affinity": true,
    "source": "devdax",
    "stripeSize": 412316860416,
    "totalSize": 412316860416
  },
  "results": {
    "IOPS": 1011532.8118310444,
    "MIOPS": 1.0115328118310445,
    "MiB_per_sec": 15805.200184860068,
    "addr": 20411832074240,
    "byte_per_sec": 16572953589.039831,
    "success": true,
    "time": 24878.900324
  }
}
