{
  "params": {
    "accessPattern": "sequential",
    "accessType": "write",
    "blockSize": 2048,
    "granularity": "page",
    "noflush": true,
    "nonTemporal": false,
    "nthreads": 48,
    "path": "/dev/dax0.0",
    "set-affinity": true,
    "source": "devdax",
    "stripeSize": 412316860416,
    "totalSize": 412316860416
  },
  "results": {
    "IOPS": 7986096.680603496,
    "MIOPS": 7.986096680603496,
    "MiB_per_sec": 15597.845079303703,
    "addr": 21016348721152,
    "byte_per_sec": 16355526001.87596,
    "success": true,
    "time": 25209.636203
  }
}
