{
  "params": {
    "accessPattern": "sequential",
    "accessType": "write",
    "blockSize": 65536,
    "granularity": "page",
    "noflush": true,
    "nonTemporal": false,
    "nthreads": 16,
    "path": "/dev/dax0.0",
    "set-affinity": true,
    "source": "devdax",
    "stripeSize": 137438953472,
    "totalSize": 137438953472
  },
  "results": {
    "IOPS": 260031.0010867194,
    "MIOPS": 0.2600310010867194,
    "MiB_per_sec": 16251.937567919962,
    "addr": 20626580439040,
    "byte_per_sec": 17041391687.219242,
    "success": true,
    "time": 8065.0076
  }
}
