{
  "params": {
    "accessPattern": "sequential",
    "accessType": "write",
    "blockSize": 1048576,
    "granularity": "page",
    "noflush": true,
    "nonTemporal": false,
    "nthreads": 16,
    "path": "/dev/dax0.0",
    "set-affinity": true,
    "source": "devdax",
    "stripeSize": 137438953472,
    "totalSize": 137438953472
  },
  "results": {
    "IOPS": 14127.268918977687,
    "MIOPS": 0.014127268918977686,
    "MiB_per_sec": 14127.268918977687,
    "addr": 20304457891840,
    "byte_per_sec": 14813515133.985947,
    "success": true,
    "time": 9277.943299
  }
}
