{
  "params": {
    "accessPattern": "sequential",
    "accessType": "write",
    "blockSize": 128,
    "granularity": "page",
    "noflush": true,
    "nonTemporal": false,
    "nthreads": 16,
    "path": "/dev/dax0.0",
    "set-affinity": true,
    "source": "devdax",
    "stripeSize": 137438953472,
    "totalSize": 137438953472
  },
  "results": {
    "IOPS": 118675139.7769617,
    "MIOPS": 118.6751397769617,
    "MiB_per_sec": 14486.711398554895,
    "addr": 20739323330560,
    "byte_per_sec": 15190417891.451097,
    "success": true,
    "time": 9047.740125
  }
}
