{
  "params": {
    "accessPattern": "sequential",
    "accessType": "write",
    "blockSize": 512,
    "granularity": "page",
    "noflush": true,
    "nonTemporal": false,
    "nthreads": 16,
    "path": "/dev/dax0.0",
    "set-affinity": true,
    "source": "devdax",
    "stripeSize": 137438953472,
    "totalSize": 137438953472
  },
  "results": {
    "IOPS": 32567982.024917375,
    "MIOPS": 32.56798202491738,
    "MiB_per_sec": 15902.334973104187,
    "addr": 20208894869504,
    "byte_per_sec": 16674806796.757696,
    "success": true,
    "time": 8242.311599
  }
}
