{
  "params": {
    "accessPattern": "random",
    "accessType": "read",
    "blockSize": 4096,
    "granularity": "page",
    "nonTemporal": true,
    "nthreads": 2,
    "path": "/dev/dax0.0",
    "set-affinity": true,
    "source": "devdax",
    "stripeSize": 17179869184,
    "totalSize": 17179869184
  },
  "results": {
    "IOPS": 1693324.898059056,
    "MIOPS": 1.6933248980590558,
    "MiB_per_sec": 6614.550383043187,
    "addr": 139759309553664,
    "byte_per_sec": 6935858782.449893,
    "success": true,
    "time": 2476.96352
  }
}
