{
  "params": {
    "accessPattern": "random",
    "accessType": "read",
    "blockSize": 512,
    "granularity": "page",
    "nonTemporal": true,
    "nthreads": 2,
    "path": "/dev/dax0.0",
    "set-affinity": true,
    "source": "devdax",
    "stripeSize": 17179869184,
    "totalSize": 17179869184
  },
  "results": {
    "IOPS": 8736360.557419285,
    "MIOPS": 8.736360557419285,
    "MiB_per_sec": 4265.801053427385,
    "addr": 139138686779392,
    "byte_per_sec": 4473016605.398674,
    "success": true,
    "time": 3840.77921
  }
}
