{
  "params": {
    "accessPattern": "random",
    "accessType": "read",
    "blockSize": 256,
    "granularity": "page",
    "nonTemporal": true,
    "nthreads": 2,
    "path": "/dev/dax0.0",
    "set-affinity": true,
    "source": "devdax",
    "stripeSize": 17179869184,
    "totalSize": 17179869184
  },
  "results": {
    "IOPS": 17251951.944360007,
    "MIOPS": 17.251951944360005,
    "MiB_per_sec": 4211.902330166017,
    "addr": 139228881092608,
    "byte_per_sec": 4416499697.756162,
    "success": true,
    "time": 3889.928758
  }
}
