{
  "params": {
    "accessPattern": "random",
    "accessType": "read",
    "blockSize": 131072,
    "granularity": "page",
    "nonTemporal": true,
    "nthreads": 8,
    "path": "/dev/dax0.0",
    "set-affinity": true,
    "source": "devdax",
    "stripeSize": 68719476736,
    "totalSize": 68719476736
  },
  "results": {
    "IOPS": 251813.0665185823,
    "MIOPS": 0.25181306651858226,
    "MiB_per_sec": 31476.633314822786,
    "addr": 140066399715328,
    "byte_per_sec": 33005642254.723618,
    "success": true,
    "time": 2082.052402
  }
}
