{
  "params": {
    "accessPattern": "random",
    "accessType": "read",
    "blockSize": 16384,
    "granularity": "page",
    "nonTemporal": true,
    "nthreads": 2,
    "path": "/dev/dax0.0",
    "set-affinity": true,
    "source": "devdax",
    "stripeSize": 17179869184,
    "totalSize": 17179869184
  },
  "results": {
    "IOPS": 559372.6589453687,
    "MIOPS": 0.5593726589453687,
    "MiB_per_sec": 8740.197796021386,
    "addr": 139234249801728,
    "byte_per_sec": 9164761644.160921,
    "success": true,
    "time": 1874.557119
  }
}
