{
  "params": {
    "accessPattern": "random",
    "accessType": "read",
    "blockSize": 4096,
    "granularity": "page",
    "nonTemporal": true,
    "nthreads": 16,
    "path": "/dev/dax0.0",
    "set-affinity": true,
    "source": "devdax",
    "stripeSize": 137438953472,
    "totalSize": 137438953472
  },
  "results": {
    "IOPS": 7375251.066379238,
    "MIOPS": 7.375251066379238,
    "MiB_per_sec": 28809.574478043898,
    "addr": 139862388768768,
    "byte_per_sec": 30209028367.88936,
    "success": true,
    "time": 4549.59861
  }
}
