{
  "params": {
    "accessPattern": "random",
    "accessType": "read",
    "blockSize": 16384,
    "granularity": "page",
    "nonTemporal": true,
    "nthreads": 2,
    "path": "/dev/dax0.0",
    "set-affinity": true,
    "source": "devdax",
    "stripeSize": 17179869184,
    "totalSize": 17179869184
  },
  "results": {
    "IOPS": 554465.8146966771,
    "MIOPS": 0.5544658146966771,
    "MiB_per_sec": 8663.52835463558,
    "addr": 139748572135424,
    "byte_per_sec": 9084367907.990358,
    "success": true,
    "time": 1891.146347
  }
}
