{
  "params": {
    "accessPattern": "random",
    "accessType": "read",
    "blockSize": 524288,
    "granularity": "page",
    "nonTemporal": true,
    "nthreads": 8,
    "path": "/dev/dax0.0",
    "set-affinity": true,
    "source": "devdax",
    "stripeSize": 68719476736,
    "totalSize": 68719476736
  },
  "results": {
    "IOPS": 59615.315819035306,
    "MIOPS": 0.05961531581903531,
    "MiB_per_sec": 29807.657909517653,
    "addr": 140008417656832,
    "byte_per_sec": 31255594700.130383,
    "success": true,
    "time": 2198.629634
  }
}
