{
  "params": {
    "accessPattern": "random",
    "accessType": "read",
    "blockSize": 262144,
    "granularity": "page",
    "nonTemporal": true,
    "nthreads": 2,
    "path": "/dev/dax0.0",
    "set-affinity": true,
    "source": "devdax",
    "stripeSize": 17179869184,
    "totalSize": 17179869184
  },
  "results": {
    "IOPS": 36082.48587969648,
    "MIOPS": 0.03608248587969649,
    "MiB_per_sec": 9020.62146992412,
    "addr": 139146202972160,
    "byte_per_sec": 9458807178.447155,
    "success": true,
    "time": 1816.2828419999998
  }
}
