{
  "params": {
    "accessPattern": "random",
    "accessType": "read",
    "blockSize": 4096,
    "granularity": "page",
    "nonTemporal": true,
    "nthreads": 1,
    "path": "/dev/dax0.0",
    "set-affinity": true,
    "source": "devdax",
    "stripeSize": 8589934592,
    "totalSize": 8589934592
  },
  "results": {
    "IOPS": 864321.5806193862,
    "MIOPS": 0.8643215806193861,
    "MiB_per_sec": 3376.256174294477,
    "addr": 140143709126656,
    "byte_per_sec": 3540261194.2170057,
    "success": true,
    "time": 2426.35617
  }
}
