{
  "params": {
    "accessPattern": "random",
    "accessType": "read",
    "blockSize": 1048576,
    "granularity": "page",
    "nonTemporal": true,
    "nthreads": 8,
    "path": "/dev/dax0.0",
    "set-affinity": true,
    "source": "devdax",
    "stripeSize": 68719476736,
    "totalSize": 68719476736
  },
  "results": {
    "IOPS": 28896.067492084872,
    "MIOPS": 0.028896067492084874,
    "MiB_per_sec": 28896.067492084872,
    "addr": 139344845209600,
    "byte_per_sec": 30299722866.580387,
    "success": true,
    "time": 2267.990273
  }
}
