{
  "params": {
    "accessPattern": "random",
    "accessType": "read",
    "blockSize": 262144,
    "granularity": "page",
    "nonTemporal": true,
    "nthreads": 2,
    "path": "/dev/dax0.0",
    "set-affinity": true,
    "source": "devdax",
    "stripeSize": 17179869184,
    "totalSize": 17179869184
  },
  "results": {
    "IOPS": 36544.137523726284,
    "MIOPS": 0.03654413752372628,
    "MiB_per_sec": 9136.034380931571,
    "addr": 139193447612416,
    "byte_per_sec": 9579826387.019703,
    "success": true,
    "time": 1793.33826
  }
}
