{
  "params": {
    "accessPattern": "random",
    "accessType": "read",
    "blockSize": 16384,
    "granularity": "page",
    "nonTemporal": true,
    "nthreads": 8,
    "path": "/dev/dax0.0",
    "set-affinity": true,
    "source": "devdax",
    "stripeSize": 68719476736,
    "totalSize": 68719476736
  },
  "results": {
    "IOPS": 1826728.6446945053,
    "MIOPS": 1.8267286446945052,
    "MiB_per_sec": 28542.635073351645,
    "addr": 139556372348928,
    "byte_per_sec": 29929122114.674774,
    "success": true,
    "time": 2296.07392
  }
}
