{
  "params": {
    "accessPattern": "sequential",
    "accessType": "read",
    "blockSize": 64,
    "granularity": "page",
    "nonTemporal": true,
    "nthreads": 2,
    "path": "/dev/dax0.0",
    "set-affinity": true,
    "source": "devdax",
    "stripeSize": 17179869184,
    "totalSize": 17179869184
  },
  "results": {
    "IOPS": 101705147.21712929,
    "MIOPS": 101.7051472171293,
    "MiB_per_sec": 6207.589551826739,
    "addr": 140037408686080,
    "byte_per_sec": 6509129421.896275,
    "success": true,
    "time": 2639.349761
  }
}
