{
  "params": {
    "accessPattern": "sequential",
    "accessType": "read",
    "blockSize": 1024,
    "granularity": "page",
    "nonTemporal": true,
    "nthreads": 1,
    "path": "/dev/dax0.0",
    "set-affinity": true,
    "source": "devdax",
    "stripeSize": 8589934592,
    "totalSize": 8589934592
  },
  "results": {
    "IOPS": 4425471.371430319,
    "MIOPS": 4.425471371430318,
    "MiB_per_sec": 4321.749386162421,
    "addr": 139090368397312,
    "byte_per_sec": 4531682684.344646,
    "success": true,
    "time": 1895.528701
  }
}
