{
  "params": {
    "accessPattern": "sequential",
    "accessType": "read",
    "blockSize": 65536,
    "granularity": "page",
    "nonTemporal": true,
    "nthreads": 4,
    "path": "/dev/dax0.0",
    "set-affinity": true,
    "source": "devdax",
    "stripeSize": 34359738368,
    "totalSize": 34359738368
  },
  "results": {
    "IOPS": 284698.4349280661,
    "MIOPS": 0.2846984349280661,
    "MiB_per_sec": 17793.65218300413,
    "addr": 139144055488512,
    "byte_per_sec": 18657996631.44574,
    "success": true,
    "time": 1841.55561
  }
}
