{
  "params": {
    "accessPattern": "sequential",
    "accessType": "read",
    "blockSize": 524288,
    "granularity": "page",
    "nonTemporal": true,
    "nthreads": 2,
    "path": "/dev/dax0.0",
    "set-affinity": true,
    "source": "devdax",
    "stripeSize": 17179869184,
    "totalSize": 17179869184
  },
  "results": {
    "IOPS": 17950.9277993568,
    "MIOPS": 0.017950927799356798,
    "MiB_per_sec": 8975.4638996784,
    "addr": 139983721594880,
    "byte_per_sec": 9411456034.069178,
    "success": true,
    "time": 1825.420968
  }
}
