{
  "params": {
    "accessPattern": "sequential",
    "accessType": "read",
    "blockSize": 65536,
    "granularity": "page",
    "nonTemporal": true,
    "nthreads": 16,
    "path": "/dev/dax0.0",
    "set-affinity": true,
    "source": "devdax",
    "stripeSize": 137438953472,
    "totalSize": 137438953472
  },
  "results": {
    "IOPS": 724258.7305473279,
    "MIOPS": 0.7242587305473279,
    "MiB_per_sec": 45266.17065920799,
    "addr": 139183783936000,
    "byte_per_sec": 47465020165.14968,
    "success": true,
    "time": 2895.584011
  }
}
