{
  "params": {
    "accessPattern": "sequential",
    "accessType": "read",
    "blockSize": 512,
    "granularity": "page",
    "nonTemporal": true,
    "nthreads": 1,
    "path": "/dev/dax0.0",
    "set-affinity": true,
    "source": "devdax",
    "stripeSize": 8589934592,
    "totalSize": 8589934592
  },
  "results": {
    "IOPS": 8749264.357066184,
    "MIOPS": 8.749264357066185,
    "MiB_per_sec": 4272.101736848723,
    "addr": 139810849161216,
    "byte_per_sec": 4479623350.817886,
    "success": true,
    "time": 1917.5573299999999
  }
}
