{
  "params": {
    "accessPattern": "sequential",
    "accessType": "read",
    "blockSize": 8192,
    "granularity": "page",
    "nonTemporal": true,
    "nthreads": 2,
    "path": "/dev/dax0.0",
    "set-affinity": true,
    "source": "devdax",
    "stripeSize": 17179869184,
    "totalSize": 17179869184
  },
  "results": {
    "IOPS": 1165235.3488956562,
    "MIOPS": 1.1652353488956562,
    "MiB_per_sec": 9103.401163247314,
    "addr": 139558519832576,
    "byte_per_sec": 9545607978.153215,
    "success": true,
    "time": 1799.7668899999999
  }
}
