{
  "params": {
    "accessPattern": "sequential",
    "accessType": "read",
    "blockSize": 8192,
    "granularity": "page",
    "nonTemporal": true,
    "nthreads": 8,
    "path": "/dev/dax0.0",
    "set-affinity": true,
    "source": "devdax",
    "stripeSize": 68719476736,
    "totalSize": 68719476736
  },
  "results": {
    "IOPS": 4213091.036615932,
    "MIOPS": 4.213091036615932,
    "MiB_per_sec": 32914.77372356197,
    "addr": 139188078903296,
    "byte_per_sec": 34513641771.95772,
    "success": true,
    "time": 1991.08159
  }
}
