{
  "params": {
    "accessPattern": "sequential",
    "accessType": "read",
    "blockSize": 262144,
    "granularity": "page",
    "nonTemporal": true,
    "nthreads": 16,
    "path": "/dev/dax0.0",
    "set-affinity": true,
    "source": "devdax",
    "stripeSize": 137438953472,
    "totalSize": 137438953472
  },
  "results": {
    "IOPS": 180231.63709033214,
    "MIOPS": 0.18023163709033213,
    "MiB_per_sec": 45057.909272583034,
    "addr": 139735687233536,
    "byte_per_sec": 47246642273.40803,
    "success": true,
    "time": 2908.9676400000003
  }
}
