{
  "params": {
    "accessPattern": "sequential",
    "accessType": "read",
    "blockSize": 512,
    "granularity": "page",
    "nonTemporal": true,
    "nthreads": 1,
    "path": "/dev/dax0.0",
    "set-affinity": true,
    "source": "devdax",
    "stripeSize": 8589934592,
    "totalSize": 8589934592
  },
  "results": {
    "IOPS": 8813092.291129043,
    "MIOPS": 8.813092291129044,
    "MiB_per_sec": 4303.267720277853,
    "addr": 139547782414336,
    "byte_per_sec": 4512303253.05807,
    "success": true,
    "time": 1903.669614
  }
}
