{
  "params": {
    "accessPattern": "sequential",
    "accessType": "read",
    "blockSize": 1024,
    "granularity": "page",
    "nonTemporal": true,
    "nthreads": 1,
    "path": "/dev/dax0.0",
    "set-affinity": true,
    "source": "devdax",
    "stripeSize": 8589934592,
    "totalSize": 8589934592
  },
  "results": {
    "IOPS": 4422249.041313587,
    "MIOPS": 4.422249041313587,
    "MiB_per_sec": 4318.6025794078,
    "addr": 139671262724096,
    "byte_per_sec": 4528383018.305113,
    "success": true,
    "time": 1896.909903
  }
}
