{
  "params": {
    "accessPattern": "sequential",
    "accessType": "read",
    "blockSize": 2048,
    "granularity": "page",
    "nonTemporal": true,
    "nthreads": 16,
    "path": "/dev/dax0.0",
    "set-affinity": true,
    "source": "devdax",
    "stripeSize": 137438953472,
    "totalSize": 137438953472
  },
  "results": {
    "IOPS": 17150040.078132007,
    "MIOPS": 17.150040078132008,
    "MiB_per_sec": 33496.17202760158,
    "addr": 139951509340160,
    "byte_per_sec": 35123282080.01435,
    "success": true,
    "time": 3913.04415
  }
}
