{
  "params": {
    "accessPattern": "sequential",
    "accessType": "read",
    "blockSize": 256,
    "granularity": "page",
    "nonTemporal": true,
    "nthreads": 1,
    "path": "/dev/dax0.0",
    "set-affinity": true,
    "source": "devdax",
    "stripeSize": 8589934592,
    "totalSize": 8589934592
  },
  "results": {
    "IOPS": 16753479.628179096,
    "MIOPS": 16.753479628179097,
    "MiB_per_sec": 4090.204987348412,
    "addr": 139424302104576,
    "byte_per_sec": 4288890784.8138485,
    "success": true,
    "time": 2002.8336050000003
  }
}
