{
  "params": {
    "accessPattern": "random",
    "accessType": "write",
    "blockSize": 4096,
    "granularity": "page",
    "nonTemporal": true,
    "nthreads": 1,
    "path": "/dev/dax0.0",
    "set-affinity": true,
    "source": "devdax",
    "stripeSize": 8589934592,
    "totalSize": 8589934592
  },
  "results": {
    "IOPS": 930573.3752457402,
    "MIOPS": 0.9305733752457401,
    "MiB_per_sec": 3635.0522470536725,
    "addr": 139334107791360,
    "byte_per_sec": 3811628545.0065517,
    "success": true,
    "time": 2253.612725
  }
}
