{
  "params": {
    "accessPattern": "random",
    "accessType": "write",
    "blockSize": 256,
    "granularity": "page",
    "nonTemporal": false,
    "nthreads": 8,
    "path": "/dev/dax0.0",
    "set-affinity": true,
    "source": "devdax",
    "stripeSize": 68719476736,
    "totalSize": 68719476736
  },
  "results": {
    "IOPS": 11493720.238826133,
    "MIOPS": 11.493720238826134,
    "MiB_per_sec": 2806.0840426821615,
    "addr": 139624018083840,
    "byte_per_sec": 2942392381.13949,
    "success": true,
    "time": 23354.966923
  }
}
