{
  "params": {
    "accessPattern": "random",
    "accessType": "write",
    "blockSize": 131072,
    "granularity": "page",
    "nonTemporal": false,
    "nthreads": 16,
    "path": "/dev/dax0.0",
    "set-affinity": true,
    "source": "devdax",
    "stripeSize": 137438953472,
    "totalSize": 137438953472
  },
  "results": {
    "IOPS": 89892.85577884922,
    "MIOPS": 0.08989285577884921,
    "MiB_per_sec": 11236.606972356152,
    "addr": 139878494896128,
    "byte_per_sec": 11782436392.645325,
    "success": true,
    "time": 11664.731206
  }
}
