{
  "params": {
    "accessPattern": "random",
    "accessType": "write",
    "blockSize": 1048576,
    "granularity": "page",
    "nonTemporal": true,
    "nthreads": 1,
    "path": "/dev/dax0.0",
    "set-affinity": true,
    "source": "devdax",
    "stripeSize": 8589934592,
    "totalSize": 8589934592
  },
  "results": {
    "IOPS": 14445.474217410087,
    "MIOPS": 0.014445474217410086,
    "MiB_per_sec": 14445.474217410087,
    "addr": 139746424651776,
    "byte_per_sec": 15147177572.994999,
    "success": true,
    "time": 567.098032
  }
}
