{
  "params": {
    "accessPattern": "random",
    "accessType": "write",
    "blockSize": 256,
    "granularity": "page",
    "nonTemporal": true,
    "nthreads": 16,
    "path": "/dev/dax0.0",
    "set-affinity": true,
    "source": "devdax",
    "stripeSize": 137438953472,
    "totalSize": 137438953472
  },
  "results": {
    "IOPS": 58764364.85546452,
    "MIOPS": 58.76436485546452,
    "MiB_per_sec": 14346.768763541142,
    "addr": 139091442139136,
    "byte_per_sec": 15043677402.998917,
    "success": true,
    "time": 9135.994464
  }
}
