{
  "params": {
    "accessPattern": "random",
    "accessType": "write",
    "blockSize": 8192,
    "granularity": "page",
    "nonTemporal": false,
    "nthreads": 4,
    "path": "/dev/dax0.0",
    "set-affinity": true,
    "source": "devdax",
    "stripeSize": 34359738368,
    "totalSize": 34359738368
  },
  "results": {
    "IOPS": 889784.6849955062,
    "MIOPS": 0.8897846849955062,
    "MiB_per_sec": 6951.442851527392,
    "addr": 140017007591424,
    "byte_per_sec": 7289116139.483187,
    "success": true,
    "time": 4713.841528999999
  }
}
