{
  "params": {
    "accessPattern": "random",
    "accessType": "write",
    "blockSize": 1024,
    "granularity": "page",
    "nonTemporal": true,
    "nthreads": 16,
    "path": "/dev/dax0.0",
    "set-affinity": true,
    "source": "devdax",
    "stripeSize": 137438953472,
    "totalSize": 137438953472
  },
  "results": {
    "IOPS": 13040071.363007272,
    "MIOPS": 13.040071363007272,
    "MiB_per_sec": 12734.444690436789,
    "addr": 139904264699904,
    "byte_per_sec": 13353033075.719446,
    "success": true,
    "time": 10292.714224
  }
}
