{
  "params": {
    "accessPattern": "random",
    "accessType": "write",
    "blockSize": 1024,
    "granularity": "page",
    "nonTemporal": true,
    "nthreads": 1,
    "path": "/dev/dax0.0",
    "set-affinity": true,
    "source": "devdax",
    "stripeSize": 8589934592,
    "totalSize": 8589934592
  },
  "results": {
    "IOPS": 6137676.29487237,
    "MIOPS": 6.13767629487237,
    "MiB_per_sec": 5993.8245067112985,
    "addr": 139146202972160,
    "byte_per_sec": 6284980525.9493065,
    "success": true,
    "time": 1366.740049
  }
}
