{
  "params": {
    "accessPattern": "random",
    "accessType": "write",
    "blockSize": 16384,
    "granularity": "page",
    "nonTemporal": true,
    "nthreads": 2,
    "path": "/dev/dax0.0",
    "set-affinity": true,
    "source": "devdax",
    "stripeSize": 17179869184,
    "totalSize": 17179869184
  },
  "results": {
    "IOPS": 667772.8195137307,
    "MIOPS": 0.6677728195137307,
    "MiB_per_sec": 10433.950304902042,
    "addr": 139850577608704,
    "byte_per_sec": 10940789874.912964,
    "success": true,
    "time": 1570.258581
  }
}
