{
  "params": {
    "accessPattern": "random",
    "accessType": "write",
    "blockSize": 1048576,
    "granularity": "page",
    "nonTemporal": false,
    "nthreads": 8,
    "path": "/dev/dax0.0",
    "set-affinity": true,
    "source": "devdax",
    "stripeSize": 68719476736,
    "totalSize": 68719476736
  },
  "results": {
    "IOPS": 13374.754042107877,
    "MIOPS": 0.013374754042107877,
    "MiB_per_sec": 13374.754042107877,
    "addr": 139140834263040,
    "byte_per_sec": 14024446094.45731,
    "success": true,
    "time": 4899.977958
  }
}
