{
  "params": {
    "accessPattern": "random",
    "accessType": "write",
    "blockSize": 128,
    "granularity": "page",
    "nonTemporal": true,
    "nthreads": 16,
    "path": "/dev/dax0.0",
    "set-affinity": true,
    "source": "devdax",
    "stripeSize": 137438953472,
    "totalSize": 137438953472
  },
  "results": {
    "IOPS": 62428805.71326882,
    "MIOPS": 62.428805713268815,
    "MiB_per_sec": 7620.70382242051,
    "addr": 139557446090752,
    "byte_per_sec": 7990887131.2984085,
    "success": true,
    "time": 17199.461238
  }
}
