{
  "params": {
    "accessPattern": "random",
    "accessType": "write",
    "blockSize": 256,
    "granularity": "page",
    "nonTemporal": false,
    "nthreads": 1,
    "path": "/dev/dax0.0",
    "set-affinity": true,
    "source": "devdax",
    "stripeSize": 8589934592,
    "totalSize": 8589934592
  },
  "results": {
    "IOPS": 1623894.1583469424,
    "MIOPS": 1.6238941583469424,
    "MiB_per_sec": 396.4585347526715,
    "addr": 139289010634752,
    "byte_per_sec": 415716904.53681725,
    "success": true,
    "time": 20662.942734
  }
}
