{
  "params": {
    "accessPattern": "random",
    "accessType": "write",
    "blockSize": 1024,
    "granularity": "page",
    "nonTemporal": true,
    "nthreads": 1,
    "path": "/dev/dax0.0",
    "set-affinity": true,
    "source": "devdax",
    "stripeSize": 8589934592,
    "totalSize": 8589934592
  },
  "results": {
    "IOPS": 6117482.966564377,
    "MIOPS": 6.117482966564377,
    "MiB_per_sec": 5974.104459535524,
    "addr": 139709917429760,
    "byte_per_sec": 6264302557.761922,
    "success": true,
    "time": 1371.25155
  }
}
