{
  "params": {
    "accessPattern": "random",
    "accessType": "write",
    "blockSize": 131072,
    "granularity": "page",
    "nonTemporal": false,
    "nthreads": 4,
    "path": "/dev/dax0.0",
    "set-affinity": true,
    "source": "devdax",
    "stripeSize": 34359738368,
    "totalSize": 34359738368
  },
  "results": {
    "IOPS": 78803.06413551015,
    "MIOPS": 0.07880306413551015,
    "MiB_per_sec": 9850.38301693877,
    "addr": 139425375846400,
    "byte_per_sec": 10328875222.369587,
    "success": true,
    "time": 3326.5711539999998
  }
}
