{
  "params": {
    "accessPattern": "random",
    "accessType": "write",
    "blockSize": 32768,
    "granularity": "page",
    "nonTemporal": true,
    "nthreads": 2,
    "path": "/dev/dax0.0",
    "set-affinity": true,
    "source": "devdax",
    "stripeSize": 17179869184,
    "totalSize": 17179869184
  },
  "results": {
    "IOPS": 430204.11311361025,
    "MIOPS": 0.43020411311361023,
    "MiB_per_sec": 13443.87853480032,
    "addr": 139977279143936,
    "byte_per_sec": 14096928378.50678,
    "success": true,
    "time": 1218.695926
  }
}
