{
  "params": {
    "accessPattern": "random",
    "accessType": "write",
    "blockSize": 256,
    "granularity": "page",
    "nonTemporal": false,
    "nthreads": 16,
    "path": "/dev/dax0.0",
    "set-affinity": true,
    "source": "devdax",
    "stripeSize": 137438953472,
    "totalSize": 137438953472
  },
  "results": {
    "IOPS": 20928914.74582296,
    "MIOPS": 20.928914745822958,
    "MiB_per_sec": 5109.598326616933,
    "addr": 140122234290176,
    "byte_per_sec": 5357802174.930677,
    "success": true,
    "time": 25652.114241
  }
}
