{
  "params": {
    "accessPattern": "random",
    "accessType": "write",
    "blockSize": 64,
    "granularity": "page",
    "nonTemporal": true,
    "nthreads": 1,
    "path": "/dev/dax0.0",
    "set-affinity": true,
    "source": "devdax",
    "stripeSize": 8589934592,
    "totalSize": 8589934592
  },
  "results": {
    "IOPS": 10376248.67106721,
    "MIOPS": 10.37624867106721,
    "MiB_per_sec": 633.315958927442,
    "addr": 139391016108032,
    "byte_per_sec": 664079914.9483014,
    "success": true,
    "time": 12935.091694
  }
}
