{
  "params": {
    "accessPattern": "random",
    "accessType": "write",
    "blockSize": 8192,
    "granularity": "page",
    "nonTemporal": false,
    "nthreads": 1,
    "path": "/dev/dax0.0",
    "set-affinity": true,
    "source": "devdax",
    "stripeSize": 8589934592,
    "totalSize": 8589934592
  },
  "results": {
    "IOPS": 359176.272753546,
    "MIOPS": 0.359176272753546,
    "MiB_per_sec": 2806.0646308870782,
    "addr": 140175921381376,
    "byte_per_sec": 2942372026.397049,
    "success": true,
    "time": 2919.391061
  }
}
