{
  "params": {
    "accessPattern": "random",
    "accessType": "write",
    "blockSize": 8192,
    "granularity": "page",
    "nonTemporal": false,
    "nthreads": 8,
    "path": "/dev/dax0.0",
    "set-affinity": true,
    "source": "devdax",
    "stripeSize": 68719476736,
    "totalSize": 68719476736
  },
  "results": {
    "IOPS": 1187627.5601105236,
    "MIOPS": 1.1876275601105235,
    "MiB_per_sec": 9278.340313363466,
    "addr": 139282568183808,
    "byte_per_sec": 9729044972.42541,
    "success": true,
    "time": 7063.332211
  }
}
