{
  "params": {
    "accessPattern": "random",
    "accessType": "write",
    "blockSize": 16384,
    "granularity": "page",
    "nonTemporal": true,
    "nthreads": 8,
    "path": "/dev/dax0.0",
    "set-affinity": true,
    "source": "devdax",
    "stripeSize": 68719476736,
    "totalSize": 68719476736
  },
  "results": {
    "IOPS": 667443.4385612317,
    "MIOPS": 0.6674434385612317,
    "MiB_per_sec": 10428.803727519246,
    "addr": 140170552672256,
    "byte_per_sec": 10935393297.38722,
    "success": true,
    "time": 6284.133992
  }
}
