{
  "params": {
    "accessPattern": "random",
    "accessType": "write",
    "blockSize": 16384,
    "granularity": "page",
    "nonTemporal": false,
    "nthreads": 4,
    "path": "/dev/dax0.0",
    "set-affinity": true,
    "source": "devdax",
    "stripeSize": 34359738368,
    "totalSize": 34359738368
  },
  "results": {
    "IOPS": 516101.58390262234,
    "MIOPS": 0.5161015839026223,
    "MiB_per_sec": 8064.087248478474,
    "addr": 139426449588224,
    "byte_per_sec": 8455808350.660564,
    "success": true,
    "time": 4063.448099
  }
}
