{
  "params": {
    "accessPattern": "random",
    "accessType": "write",
    "blockSize": 128,
    "granularity": "page",
    "nonTemporal": true,
    "nthreads": 16,
    "path": "/dev/dax0.0",
    "set-affinity": true,
    "source": "devdax",
    "stripeSize": 137438953472,
    "totalSize": 137438953472
  },
  "results": {
    "IOPS": 62455597.00062329,
    "MIOPS": 62.45559700062329,
    "MiB_per_sec": 7623.974243240148,
    "addr": 139262167089152,
    "byte_per_sec": 7994316416.079782,
    "success": true,
    "time": 17192.083265
  }
}
