{
  "params": {
    "accessPattern": "random",
    "accessType": "write",
    "blockSize": 524288,
    "granularity": "page",
    "nonTemporal": false,
    "nthreads": 8,
    "path": "/dev/dax0.0",
    "set-affinity": true,
    "source": "devdax",
    "stripeSize": 68719476736,
    "totalSize": 68719476736
  },
  "results": {
    "IOPS": 26409.80331947577,
    "MIOPS": 0.02640980331947577,
    "MiB_per_sec": 13204.901659737885,
    "addr": 139678778916864,
    "byte_per_sec": 13846342962.761312,
    "success": true,
    "time": 4963.005533
  }
}
