{
  "params": {
    "accessPattern": "random",
    "accessType": "write",
    "blockSize": 524288,
    "granularity": "page",
    "nonTemporal": true,
    "nthreads": 2,
    "path": "/dev/dax0.0",
    "set-affinity": true,
    "source": "devdax",
    "stripeSize": 17179869184,
    "totalSize": 17179869184
  },
  "results": {
    "IOPS": 29862.795246891765,
    "MIOPS": 0.029862795246891765,
    "MiB_per_sec": 14931.397623445882,
    "addr": 139404974751744,
    "byte_per_sec": 15656705194.40239,
    "success": true,
    "time": 1097.285091
  }
}
