{
  "params": {
    "accessPattern": "random",
    "accessType": "write",
    "blockSize": 524288,
    "granularity": "page",
    "nonTemporal": false,
    "nthreads": 8,
    "path": "/dev/dax0.0",
    "set-affinity": true,
    "source": "devdax",
    "stripeSize": 68719476736,
    "totalSize": 68719476736
  },
  "results": {
    "IOPS": 26432.952477743103,
    "MIOPS": 0.026432952477743105,
    "MiB_per_sec": 13216.476238871552,
    "addr": 139397458558976,
    "byte_per_sec": 13858479788.650976,
    "success": true,
    "time": 4958.659087
  }
}
