{
  "params": {
    "accessPattern": "random",
    "accessType": "write",
    "blockSize": 512,
    "granularity": "page",
    "nonTemporal": false,
    "nthreads": 2,
    "path": "/dev/dax0.0",
    "set-affinity": true,
    "source": "devdax",
    "stripeSize": 17179869184,
    "totalSize": 17179869184
  },
  "results": {
    "IOPS": 2893287.5263540284,
    "MIOPS": 2.8932875263540283,
    "MiB_per_sec": 1412.738049977553,
    "addr": 139124728135680,
    "byte_per_sec": 1481363213.4932625,
    "success": true,
    "time": 11597.337525
  }
}
