{
  "params": {
    "accessPattern": "random",
    "accessType": "write",
    "blockSize": 2048,
    "granularity": "page",
    "nonTemporal": false,
    "nthreads": 4,
    "path": "/dev/dax0.0",
    "set-affinity": true,
    "source": "devdax",
    "stripeSize": 34359738368,
    "totalSize": 34359738368
  },
  "results": {
    "IOPS": 2928602.971762172,
    "MIOPS": 2.9286029717621718,
    "MiB_per_sec": 5719.927679222992,
    "addr": 139834471481344,
    "byte_per_sec": 5997778886.168928,
    "success": true,
    "time": 5728.74376
  }
}
