{
  "params": {
    "accessPattern": "random",
    "accessType": "write",
    "blockSize": 2048,
    "granularity": "page",
    "nonTemporal": false,
    "nthreads": 16,
    "path": "/dev/dax0.0",
    "set-affinity": true,
    "source": "devdax",
    "stripeSize": 137438953472,
    "totalSize": 137438953472
  },
  "results": {
    "IOPS": 5032659.7451665765,
    "MIOPS": 5.032659745166576,
    "MiB_per_sec": 9829.41356477847,
    "addr": 139836618964992,
    "byte_per_sec": 10306887158.101149,
    "success": true,
    "time": 13334.671406
  }
}
