{
  "params": {
    "accessPattern": "random",
    "accessType": "write",
    "blockSize": 16384,
    "granularity": "page",
    "nonTemporal": false,
    "nthreads": 16,
    "path": "/dev/dax0.0",
    "set-affinity": true,
    "source": "devdax",
    "stripeSize": 137438953472,
    "totalSize": 137438953472
  },
  "results": {
    "IOPS": 679217.2976047054,
    "MIOPS": 0.6792172976047054,
    "MiB_per_sec": 10612.770275073522,
    "addr": 139597174538240,
    "byte_per_sec": 11128296203.955494,
    "success": true,
    "time": 12350.403956999999
  }
}
