{
  "params": {
    "accessPattern": "random",
    "accessType": "write",
    "blockSize": 65536,
    "granularity": "page",
    "nonTemporal": false,
    "nthreads": 1,
    "path": "/dev/dax0.0",
    "set-affinity": true,
    "source": "devdax",
    "stripeSize": 8589934592,
    "totalSize": 8589934592
  },
  "results": {
    "IOPS": 60585.03353003412,
    "MIOPS": 0.06058503353003412,
    "MiB_per_sec": 3786.5645956271323,
    "addr": 140034187460608,
    "byte_per_sec": 3970500757.424316,
    "success": true,
    "time": 2163.4385979999997
  }
}
