{
  "params": {
    "accessPattern": "random",
    "accessType": "write",
    "blockSize": 128,
    "granularity": "page",
    "nonTemporal": true,
    "nthreads": 1,
    "path": "/dev/dax0.0",
    "set-affinity": true,
    "source": "devdax",
    "stripeSize": 8589934592,
    "totalSize": 8589934592
  },
  "results": {
    "IOPS": 10227721.119522816,
    "MIOPS": 10.227721119522815,
    "MiB_per_sec": 1248.501113223,
    "addr": 139090368397312,
    "byte_per_sec": 1309148303.2989204,
    "success": true,
    "time": 6561.467918
  }
}
