{
  "params": {
    "accessPattern": "random",
    "accessType": "write",
    "blockSize": 1024,
    "granularity": "page",
    "nonTemporal": true,
    "nthreads": 1,
    "path": "/dev/dax0.0",
    "set-affinity": true,
    "source": "devdax",
    "stripeSize": 8589934592,
    "totalSize": 8589934592
  },
  "results": {
    "IOPS": 6128945.138077712,
    "MIOPS": 6.128945138077712,
    "MiB_per_sec": 5985.297986404015,
    "addr": 139992311529472,
    "byte_per_sec": 6276039821.391577,
    "success": true,
    "time": 1368.6870760000002
  }
}
