{
  "params": {
    "accessPattern": "sequential",
    "accessType": "write",
    "blockSize": 8192,
    "granularity": "page",
    "nonTemporal": false,
    "nthreads": 8,
    "path": "/dev/dax0.0",
    "set-affinity": true,
    "source": "devdax",
    "stripeSize": 68719476736,
    "totalSize": 68719476736
  },
  "results": {
    "IOPS": 1009704.9824008177,
    "MIOPS": 1.0097049824008177,
    "MiB_per_sec": 7888.320175006388,
    "addr": 139431818297344,
    "byte_per_sec": 8271503215.827498,
    "success": true,
    "time": 8307.979208
  }
}
