{
  "params": {
    "accessPattern": "sequential",
    "accessType": "write",
    "blockSize": 2048,
    "granularity": "page",
    "nonTemporal": false,
    "nthreads": 16,
    "path": "/dev/dax0.0",
    "set-affinity": true,
    "source": "devdax",
    "stripeSize": 137438953472,
    "totalSize": 137438953472
  },
  "results": {
    "IOPS": 5627919.872392463,
    "MIOPS": 5.627919872392463,
    "MiB_per_sec": 10992.031000766528,
    "addr": 140094317002752,
    "byte_per_sec": 11525979898.659763,
    "success": true,
    "time": 11924.274958
  }
}
