{
  "params": {
    "accessPattern": "sequential",
    "accessType": "write",
    "blockSize": 131072,
    "granularity": "page",
    "nonTemporal": true,
    "nthreads": 8,
    "path": "/dev/dax0.0",
    "set-affinity": true,
    "source": "devdax",
    "stripeSize": 68719476736,
    "totalSize": 68719476736
  },
  "results": {
    "IOPS": 94802.30166878202,
    "MIOPS": 0.09480230166878202,
    "MiB_per_sec": 11850.287708597752,
    "addr": 139584289636352,
    "byte_per_sec": 12425927284.330597,
    "success": true,
    "time": 5530.329863000001
  }
}
