{
  "params": {
    "accessPattern": "sequential",
    "accessType": "write",
    "blockSize": 128,
    "granularity": "page",
    "nonTemporal": true,
    "nthreads": 4,
    "path": "/dev/dax0.0",
    "set-affinity": true,
    "source": "devdax",
    "stripeSize": 34359738368,
    "totalSize": 34359738368
  },
  "results": {
    "IOPS": 40732639.77868229,
    "MIOPS": 40.73263977868229,
    "MiB_per_sec": 4972.246066733678,
    "addr": 140092169519104,
    "byte_per_sec": 5213777891.671333,
    "success": true,
    "time": 6590.180687
  }
}
