{
  "params": {
    "accessPattern": "sequential",
    "accessType": "write",
    "blockSize": 8192,
    "granularity": "page",
    "nonTemporal": false,
    "nthreads": 1,
    "path": "/dev/dax0.0",
    "set-affinity": true,
    "source": "devdax",
    "stripeSize": 8589934592,
    "totalSize": 8589934592
  },
  "results": {
    "IOPS": 367363.7504915083,
    "MIOPS": 0.36736375049150827,
    "MiB_per_sec": 2870.0293007149085,
    "addr": 139506980225024,
    "byte_per_sec": 3009443844.026436,
    "success": true,
    "time": 2854.3262600000003
  }
}
