{
  "params": {
    "accessPattern": "sequential",
    "accessType": "write",
    "blockSize": 16384,
    "granularity": "page",
    "nonTemporal": true,
    "nthreads": 2,
    "path": "/dev/dax0.0",
    "set-affinity": true,
    "source": "devdax",
    "stripeSize": 17179869184,
    "totalSize": 17179869184
  },
  "results": {
    "IOPS": 775152.6461003757,
    "MIOPS": 0.7751526461003757,
    "MiB_per_sec": 12111.76009531837,
    "addr": 139215996190720,
    "byte_per_sec": 12700100953.708555,
    "success": true,
    "time": 1352.734852
  }
}
