{
  "params": {
    "accessPattern": "sequential",
    "accessType": "write",
    "blockSize": 131072,
    "granularity": "page",
    "nonTemporal": true,
    "nthreads": 2,
    "path": "/dev/dax0.0",
    "set-affinity": true,
    "source": "devdax",
    "stripeSize": 17179869184,
    "totalSize": 17179869184
  },
  "results": {
    "IOPS": 109416.19539436519,
    "MIOPS": 0.10941619539436519,
    "MiB_per_sec": 13677.024424295649,
    "addr": 140176995123200,
    "byte_per_sec": 14341399562.730234,
    "success": true,
    "time": 1197.921382
  }
}
