{
  "params": {
    "accessPattern": "sequential",
    "accessType": "write",
    "blockSize": 32768,
    "granularity": "page",
    "nonTemporal": true,
    "nthreads": 4,
    "path": "/dev/dax0.0",
    "set-affinity": true,
    "source": "devdax",
    "stripeSize": 34359738368,
    "totalSize": 34359738368
  },
  "results": {
    "IOPS": 406169.77676419436,
    "MIOPS": 0.40616977676419436,
    "MiB_per_sec": 12692.805523881074,
    "addr": 139548856156160,
    "byte_per_sec": 13309371245.00912,
    "success": true,
    "time": 2581.6199530000004
  }
}
