{
  "params": {
    "accessPattern": "sequential",
    "accessType": "write",
    "blockSize": 1024,
    "granularity": "page",
    "nonTemporal": true,
    "nthreads": 8,
    "path": "/dev/dax0.0",
    "set-affinity": true,
    "source": "devdax",
    "stripeSize": 68719476736,
    "totalSize": 68719476736
  },
  "results": {
    "IOPS": 13813747.67596434,
    "MIOPS": 13.81374767596434,
    "MiB_per_sec": 13489.987964808926,
    "addr": 140132971708416,
    "byte_per_sec": 14145277620.187485,
    "success": true,
    "time": 4858.1214580000005
  }
}
