{
  "params": {
    "accessPattern": "sequential",
    "accessType": "write",
    "blockSize": 4096,
    "granularity": "page",
    "nonTemporal": false,
    "nthreads": 16,
    "path": "/dev/dax0.0",
    "set-affinity": true,
    "source": "devdax",
    "stripeSize": 137438953472,
    "totalSize": 137438953472
  },
  "results": {
    "IOPS": 1985256.220814868,
    "MIOPS": 1.985256220814868,
    "MiB_per_sec": 7754.907112558079,
    "addr": 139503758999552,
    "byte_per_sec": 8131609480.4577,
    "success": true,
    "time": 16901.814308999998
  }
}
