{
  "params": {
    "accessPattern": "sequential",
    "accessType": "write",
    "blockSize": 1024,
    "granularity": "page",
    "nonTemporal": false,
    "nthreads": 2,
    "path": "/dev/dax0.0",
    "set-affinity": true,
    "source": "devdax",
    "stripeSize": 17179869184,
    "totalSize": 17179869184
  },
  "results": {
    "IOPS": 3310990.54094073,
    "MIOPS": 3.31099054094073,
    "MiB_per_sec": 3233.3892001374315,
    "addr": 139752867102720,
    "byte_per_sec": 3390454313.9233074,
    "success": true,
    "time": 5067.128943
  }
}
