{
  "params": {
    "accessPattern": "sequential",
    "accessType": "write",
    "blockSize": 64,
    "granularity": "page",
    "nonTemporal": false,
    "nthreads": 2,
    "path": "/dev/dax0.0",
    "set-affinity": true,
    "source": "devdax",
    "stripeSize": 17179869184,
    "totalSize": 17179869184
  },
  "results": {
    "IOPS": 15402406.888697464,
    "MIOPS": 15.402406888697463,
    "MiB_per_sec": 940.0883110777261,
    "addr": 139430744555520,
    "byte_per_sec": 985754040.8766377,
    "success": true,
    "time": 17428.149895000002
  }
}
