{
  "params": {
    "accessPattern": "sequential",
    "accessType": "write",
    "blockSize": 262144,
    "granularity": "page",
    "nonTemporal": true,
    "nthreads": 1,
    "path": "/dev/dax0.0",
    "set-affinity": true,
    "source": "devdax",
    "stripeSize": 8589934592,
    "totalSize": 8589934592
  },
  "results": {
    "IOPS": 56130.877733736095,
    "MIOPS": 0.056130877733736095,
    "MiB_per_sec": 14032.719433434024,
    "addr": 139887084830720,
    "byte_per_sec": 14714372812.632515,
    "success": true,
    "time": 583.778507
  }
}
