{
  "params": {
    "accessPattern": "sequential",
    "accessType": "write",
    "blockSize": 1024,
    "granularity": "page",
    "nonTemporal": false,
    "nthreads": 8,
    "path": "/dev/dax0.0",
    "set-affinity": true,
    "source": "devdax",
    "stripeSize": 68719476736,
    "totalSize": 68719476736
  },
  "results": {
    "IOPS": 10100478.72719361,
    "MIOPS": 10.100478727193611,
    "MiB_per_sec": 9863.74875702501,
    "addr": 139147276713984,
    "byte_per_sec": 10342890216.646257,
    "success": true,
    "time": 6644.127057000001
  }
}
