{
  "params": {
    "accessPattern": "sequential",
    "accessType": "write",
    "blockSize": 8192,
    "granularity": "page",
    "nonTemporal": true,
    "nthreads": 16,
    "path": "/dev/dax0.0",
    "set-affinity": true,
    "source": "devdax",
    "stripeSize": 137438953472,
    "totalSize": 137438953472
  },
  "results": {
    "IOPS": 1122545.6326530215,
    "MIOPS": 1.1225456326530214,
    "MiB_per_sec": 8769.88775510173,
    "addr": 139148350455808,
    "byte_per_sec": 9195893822.693552,
    "success": true,
    "time": 14945.687295000002
  }
}
