{
  "params": {
    "accessPattern": "sequential",
    "accessType": "write",
    "blockSize": 512,
    "granularity": "page",
    "nonTemporal": false,
    "nthreads": 1,
    "path": "/dev/dax0.0",
    "set-affinity": true,
    "source": "devdax",
    "stripeSize": 8589934592,
    "totalSize": 8589934592
  },
  "results": {
    "IOPS": 3407683.748368278,
    "MIOPS": 3.407683748368278,
    "MiB_per_sec": 1663.9080802579483,
    "addr": 139648714145792,
    "byte_per_sec": 1744734079.1645584,
    "success": true,
    "time": 4923.348889999999
  }
}
