{
  "params": {
    "accessPattern": "sequential",
    "accessType": "write",
    "blockSize": 262144,
    "granularity": "page",
    "nonTemporal": false,
    "nthreads": 1,
    "path": "/dev/dax0.0",
    "set-affinity": true,
    "source": "devdax",
    "stripeSize": 8589934592,
    "totalSize": 8589934592
  },
  "results": {
    "IOPS": 15595.674174053835,
    "MIOPS": 0.015595674174053834,
    "MiB_per_sec": 3898.9185435134586,
    "addr": 139795816775680,
    "byte_per_sec": 4088312410.6831684,
    "success": true,
    "time": 2101.095447
  }
}
