{
  "params": {
    "accessPattern": "sequential",
    "accessType": "write",
    "blockSize": 32768,
    "granularity": "page",
    "nonTemporal": false,
    "nthreads": 2,
    "path": "/dev/dax0.0",
    "set-affinity": true,
    "source": "devdax",
    "stripeSize": 17179869184,
    "totalSize": 17179869184
  },
  "results": {
    "IOPS": 194833.1504412175,
    "MIOPS": 0.1948331504412175,
    "MiB_per_sec": 6088.535951288047,
    "addr": 139932181987328,
    "byte_per_sec": 6384292673.657815,
    "success": true,
    "time": 2690.9588989999997
  }
}
