{
  "params": {
    "accessPattern": "sequential",
    "accessType": "write",
    "blockSize": 65536,
    "granularity": "page",
    "nonTemporal": false,
    "nthreads": 1,
    "path": "/dev/dax0.0",
    "set-affinity": true,
    "source": "devdax",
    "stripeSize": 8589934592,
    "totalSize": 8589934592
  },
  "results": {
    "IOPS": 62090.958249495285,
    "MIOPS": 0.06209095824949529,
    "MiB_per_sec": 3880.6848905934553,
    "addr": 139087147171840,
    "byte_per_sec": 4069193039.838923,
    "success": true,
    "time": 2110.9675819999998
  }
}
