{
  "params": {
    "accessPattern": "sequential",
    "accessType": "write",
    "blockSize": 524288,
    "granularity": "page",
    "nonTemporal": true,
    "nthreads": 4,
    "path": "/dev/dax0.0",
    "set-affinity": true,
    "source": "devdax",
    "stripeSize": 34359738368,
    "totalSize": 34359738368
  },
  "results": {
    "IOPS": 25463.557208975457,
    "MIOPS": 0.025463557208975456,
    "MiB_per_sec": 12731.778604487728,
    "addr": 139655156596736,
    "byte_per_sec": 13350237481.979324,
    "success": true,
    "time": 2573.7173900000003
  }
}
