{
  "params": {
    "accessPattern": "sequential",
    "accessType": "write",
    "blockSize": 16384,
    "granularity": "page",
    "nonTemporal": false,
    "nthreads": 2,
    "path": "/dev/dax0.0",
    "set-affinity": true,
    "source": "devdax",
    "stripeSize": 17179869184,
    "totalSize": 17179869184
  },
  "results": {
    "IOPS": 366873.3726933911,
    "MIOPS": 0.3668733726933911,
    "MiB_per_sec": 5732.396448334236,
    "addr": 139940771921920,
    "byte_per_sec": 6010853338.20852,
    "success": true,
    "time": 2858.141468
  }
}
