{
  "params": {
    "accessPattern": "sequential",
    "accessType": "write",
    "blockSize": 32768,
    "granularity": "page",
    "nonTemporal": false,
    "nthreads": 2,
    "path": "/dev/dax0.0",
    "set-affinity": true,
    "source": "devdax",
    "stripeSize": 17179869184,
    "totalSize": 17179869184
  },
  "results": {
    "IOPS": 193151.54816844902,
    "MIOPS": 0.193151548168449,
    "MiB_per_sec": 6035.985880264032,
    "addr": 139515570159616,
    "byte_per_sec": 6329189930.383738,
    "success": true,
    "time": 2714.386734
  }
}
