{
  "params": {
    "accessPattern": "sequential",
    "accessType": "write",
    "blockSize": 1024,
    "granularity": "page",
    "nonTemporal": false,
    "nthreads": 1,
    "path": "/dev/dax0.0",
    "set-affinity": true,
    "source": "devdax",
    "stripeSize": 8589934592,
    "totalSize": 8589934592
  },
  "results": {
    "IOPS": 1735481.128325743,
    "MIOPS": 1.735481128325743,
    "MiB_per_sec": 1694.8057893806083,
    "addr": 139386721140736,
    "byte_per_sec": 1777132675.4055607,
    "success": true,
    "time": 4833.592173999999
  }
}
