{
  "params": {
    "accessPattern": "sequential",
    "accessType": "write",
    "blockSize": 16384,
    "granularity": "page",
    "nonTemporal": true,
    "nthreads": 1,
    "path": "/dev/dax0.0",
    "set-affinity": true,
    "source": "devdax",
    "stripeSize": 8589934592,
    "totalSize": 8589934592
  },
  "results": {
    "IOPS": 627211.9244532683,
    "MIOPS": 0.6272119244532683,
    "MiB_per_sec": 9800.186319582317,
    "addr": 139320149147648,
    "byte_per_sec": 10276240170.242348,
    "success": true,
    "time": 835.902475
  }
}
