{
  "params": {
    "accessPattern": "sequential",
    "accessType": "write",
    "blockSize": 65536,
    "granularity": "page",
    "nonTemporal": false,
    "nthreads": 8,
    "path": "/dev/dax0.0",
    "set-affinity": true,
    "source": "devdax",
    "stripeSize": 68719476736,
    "totalSize": 68719476736
  },
  "results": {
    "IOPS": 199747.59037896115,
    "MIOPS": 0.19974759037896114,
    "MiB_per_sec": 12484.224398685072,
    "addr": 139483357904896,
    "byte_per_sec": 13090658083.075598,
    "success": true,
    "time": 5249.505128
  }
}
