{
  "params": {
    "accessPattern": "sequential",
    "accessType": "write",
    "blockSize": 1048576,
    "granularity": "page",
    "nonTemporal": true,
    "nthreads": 2,
    "path": "/dev/dax0.0",
    "set-affinity": true,
    "source": "devdax",
    "stripeSize": 17179869184,
    "totalSize": 17179869184
  },
  "results": {
    "IOPS": 14876.642429697842,
    "MIOPS": 0.014876642429697842,
    "MiB_per_sec": 14876.642429697842,
    "addr": 139166604066816,
    "byte_per_sec": 15599290212.362844,
    "success": true,
    "time": 1101.323775
  }
}
