{
  "params": {
    "accessPattern": "sequential",
    "accessType": "write",
    "blockSize": 262144,
    "granularity": "page",
    "nonTemporal": false,
    "nthreads": 16,
    "path": "/dev/dax0.0",
    "set-affinity": true,
    "source": "devdax",
    "stripeSize": 137438953472,
    "totalSize": 137438953472
  },
  "results": {
    "IOPS": 44425.37434801412,
    "MIOPS": 0.04442537434801412,
    "MiB_per_sec": 11106.34358700353,
    "addr": 139459735584768,
    "byte_per_sec": 11645845333.085814,
    "success": true,
    "time": 11801.543773000001
  }
}
