{
  "params": {
    "accessPattern": "random",
    "accessType": "read",
    "blockSize": 65536,
    "granularity": "page",
    "noflush": true,
    "nonTemporal": false,
    "nthreads": 16,
    "path": "/dev/dax0.0",
    "set-affinity": true,
    "source": "devdax",
    "stripeSize": 137438953472,
    "totalSize": 137438953472
  },
  "results": {
    "IOPS": 719674.5673796705,
    "MIOPS": 0.7196745673796705,
    "MiB_per_sec": 44979.6604612294,
    "addr": 139127949361152,
    "byte_per_sec": 47164592447.79408,
    "success": true,
    "time": 2914.028222
  }
}
