{
  "params": {
    "accessPattern": "random",
    "accessType": "read",
    "blockSize": 64,
    "granularity": "page",
    "noflush": false,
    "nonTemporal": true,
    "nthreads": 2,
    "path": "/dev/dax0.0",
    "set-affinity": true,
    "source": "devdax",
    "stripeSize": 17179869184,
    "totalSize": 17179869184
  },
  "results": {
    "IOPS": 10698428.98468962,
    "MIOPS": 10.698428984689619,
    "MiB_per_sec": 652.9802847100598,
    "addr": 139918223343616,
    "byte_per_sec": 684699455.0201356,
    "success": true,
    "time": 25091.109768
  }
}
