{
  "params": {
    "accessPattern": "random",
    "accessType": "read",
    "blockSize": 1024,
    "granularity": "page",
    "noflush": false,
    "nonTemporal": true,
    "nthreads": 1,
    "path": "/dev/dax0.0",
    "set-affinity": true,
    "source": "devdax",
    "stripeSize": 8589934592,
    "totalSize": 8589934592
  },
  "results": {
    "IOPS": 1281624.2083668767,
    "MIOPS": 1.2816242083668767,
    "MiB_per_sec": 1251.586140983278,
    "addr": 139588584603648,
    "byte_per_sec": 1312383189.3676817,
    "success": true,
    "time": 6545.294592
  }
}
