{
  "params": {
    "accessPattern": "random",
    "accessType": "read",
    "blockSize": 8192,
    "granularity": "page",
    "noflush": false,
    "nonTemporal": true,
    "nthreads": 16,
    "path": "/dev/dax0.0",
    "set-affinity": true,
    "source": "devdax",
    "stripeSize": 137438953472,
    "totalSize": 137438953472
  },
  "results": {
    "IOPS": 3199291.393520502,
    "MIOPS": 3.199291393520502,
    "MiB_per_sec": 24994.46401187892,
    "addr": 140078210875392,
    "byte_per_sec": 26208595095.71995,
    "success": true,
    "time": 5244.041238000001
  }
}
