{
  "params": {
    "accessPattern": "random",
    "accessType": "read",
    "blockSize": 512,
    "granularity": "page",
    "noflush": true,
    "nonTemporal": false,
    "nthreads": 1,
    "path": "/dev/dax0.0",
    "set-affinity": true,
    "source": "devdax",
    "stripeSize": 8589934592,
    "totalSize": 8589934592
  },
  "results": {
    "IOPS": 4441691.302568312,
    "MIOPS": 4.441691302568312,
    "MiB_per_sec": 2168.7945813321835,
    "addr": 139530602545152,
    "byte_per_sec": 2274145946.9149756,
    "success": true,
    "time": 3777.213421
  }
}
