{
  "params": {
    "accessPattern": "random",
    "accessType": "read",
    "blockSize": 2048,
    "granularity": "page",
    "noflush": true,
    "nonTemporal": false,
    "nthreads": 1,
    "path": "/dev/dax0.0",
    "set-affinity": true,
    "source": "devdax",
    "stripeSize": 8589934592,
    "totalSize": 8589934592
  },
  "results": {
    "IOPS": 1754629.028496062,
    "MIOPS": 1.754629028496062,
    "MiB_per_sec": 3427.009821281371,
    "addr": 139912854634496,
    "byte_per_sec": 3593480250.359935,
    "success": true,
    "time": 2390.422096
  }
}
