{
  "params": {
    "accessPattern": "random",
    "accessType": "read",
    "blockSize": 16384,
    "granularity": "page",
    "noflush": true,
    "nonTemporal": false,
    "nthreads": 1,
    "path": "/dev/dax0.0",
    "set-affinity": true,
    "source": "devdax",
    "stripeSize": 8589934592,
    "totalSize": 8589934592
  },
  "results": {
    "IOPS": 316277.02140917483,
    "MIOPS": 0.31627702140917485,
    "MiB_per_sec": 4941.828459518357,
    "addr": 139936476954624,
    "byte_per_sec": 5181882718.7679205,
    "success": true,
    "time": 1657.68603
  }
}
