{
  "params": {
    "accessPattern": "random",
    "accessType": "read",
    "blockSize": 65536,
    "granularity": "page",
    "noflush": false,
    "nonTemporal": true,
    "nthreads": 8,
    "path": "/dev/dax0.0",
    "set-affinity": true,
    "source": "devdax",
    "stripeSize": 68719476736,
    "totalSize": 68719476736
  },
  "results": {
    "IOPS": 378617.02861810464,
    "MIOPS": 0.37861702861810465,
    "MiB_per_sec": 23663.56428863154,
    "addr": 139491947839488,
    "byte_per_sec": 24813045587.516106,
    "success": true,
    "time": 2769.489803
  }
}
