{
  "params": {
    "accessPattern": "random",
    "accessType": "read",
    "blockSize": 32768,
    "granularity": "page",
    "noflush": true,
    "nonTemporal": false,
    "nthreads": 8,
    "path": "/dev/dax0.0",
    "set-affinity": true,
    "source": "devdax",
    "stripeSize": 68719476736,
    "totalSize": 68719476736
  },
  "results": {
    "IOPS": 988250.2666442429,
    "MIOPS": 0.9882502666442429,
    "MiB_per_sec": 30882.82083263259,
    "addr": 139780784390144,
    "byte_per_sec": 32382984737.398552,
    "success": true,
    "time": 2122.0859440000004
  }
}
