{
  "params": {
    "accessPattern": "random",
    "accessType": "read",
    "blockSize": 32768,
    "granularity": "page",
    "noflush": false,
    "nonTemporal": true,
    "nthreads": 1,
    "path": "/dev/dax0.0",
    "set-affinity": true,
    "source": "devdax",
    "stripeSize": 8589934592,
    "totalSize": 8589934592
  },
  "results": {
    "IOPS": 116868.64039850459,
    "MIOPS": 0.11686864039850459,
    "MiB_per_sec": 3652.1450124532685,
    "addr": 139952583081984,
    "byte_per_sec": 3829551608.5781984,
    "success": true,
    "time": 2243.065369
  }
}
