{
  "params": {
    "accessPattern": "random",
    "accessType": "read",
    "blockSize": 65536,
    "granularity": "page",
    "noflush": false,
    "nonTemporal": true,
    "nthreads": 1,
    "path": "/dev/dax0.0",
    "set-affinity": true,
    "source": "devdax",
    "stripeSize": 8589934592,
    "totalSize": 8589934592
  },
  "results": {
    "IOPS": 61544.68876571698,
    "MIOPS": 0.061544688765716976,
    "MiB_per_sec": 3846.543047857311,
    "addr": 139955804307456,
    "byte_per_sec": 4033392722.950028,
    "success": true,
    "time": 2129.70449
  }
}
