{
  "params": {
    "accessPattern": "random",
    "accessType": "read",
    "blockSize": 256,
    "granularity": "page",
    "noflush": false,
    "nonTemporal": true,
    "nthreads": 2,
    "path": "/dev/dax0.0",
    "set-affinity": true,
    "source": "devdax",
    "stripeSize": 17179869184,
    "totalSize": 17179869184
  },
  "results": {
    "IOPS": 9439343.411011556,
    "MIOPS": 9.439343411011556,
    "MiB_per_sec": 2304.527199953993,
    "addr": 139704548720640,
    "byte_per_sec": 2416471913.2189584,
    "success": true,
    "time": 7109.484323000001
  }
}
