{
  "params": {
    "accessPattern": "random",
    "accessType": "read",
    "blockSize": 131072,
    "granularity": "page",
    "noflush": true,
    "nonTemporal": false,
    "nthreads": 16,
    "path": "/dev/dax0.0",
    "set-affinity": true,
    "source": "devdax",
    "stripeSize": 137438953472,
    "totalSize": 137438953472
  },
  "results": {
    "IOPS": 358001.0792924613,
    "MIOPS": 0.3580010792924613,
    "MiB_per_sec": 44750.13491155766,
    "addr": 139940771921920,
    "byte_per_sec": 46923917465.021484,
    "success": true,
    "time": 2928.97441
  }
}
