{
  "params": {
    "accessPattern": "random",
    "accessType": "read",
    "blockSize": 524288,
    "granularity": "page",
    "noflush": false,
    "nonTemporal": true,
    "nthreads": 2,
    "path": "/dev/dax0.0",
    "set-affinity": true,
    "source": "devdax",
    "stripeSize": 17179869184,
    "totalSize": 17179869184
  },
  "results": {
    "IOPS": 17706.38023853064,
    "MIOPS": 0.01770638023853064,
    "MiB_per_sec": 8853.19011926532,
    "addr": 139282568183808,
    "byte_per_sec": 9283242682.498753,
    "success": true,
    "time": 1850.632346
  }
}
