{
  "params": {
    "accessPattern": "random",
    "accessType": "read",
    "blockSize": 2048,
    "granularity": "page",
    "noflush": true,
    "nonTemporal": false,
    "nthreads": 4,
    "path": "/dev/dax0.0",
    "set-affinity": true,
    "source": "devdax",
    "stripeSize": 34359738368,
    "totalSize": 34359738368
  },
  "results": {
    "IOPS": 6186843.811832101,
    "MIOPS": 6.186843811832101,
    "MiB_per_sec": 12083.679319984572,
    "addr": 139694885044224,
    "byte_per_sec": 12670656126.632143,
    "success": true,
    "time": 2711.756836
  }
}
