{
  "params": {
    "accessPattern": "random",
    "accessType": "read",
    "blockSize": 262144,
    "granularity": "page",
    "noflush": false,
    "nonTemporal": true,
    "nthreads": 1,
    "path": "/dev/dax0.0",
    "set-affinity": true,
    "source": "devdax",
    "stripeSize": 8589934592,
    "totalSize": 8589934592
  },
  "results": {
    "IOPS": 17500.758749860517,
    "MIOPS": 0.017500758749860516,
    "MiB_per_sec": 4375.189687465129,
    "addr": 139706696204288,
    "byte_per_sec": 4587718901.723435,
    "success": true,
    "time": 1872.375962
  }
}
