{
  "params": {
    "accessPattern": "random",
    "accessType": "read",
    "blockSize": 131072,
    "granularity": "page",
    "noflush": false,
    "nonTemporal": true,
    "nthreads": 2,
    "path": "/dev/dax0.0",
    "set-affinity": true,
    "source": "devdax",
    "stripeSize": 17179869184,
    "totalSize": 17179869184
  },
  "results": {
    "IOPS": 69999.8358417546,
    "MIOPS": 0.06999983584175459,
    "MiB_per_sec": 8749.979480219325,
    "addr": 139801185484800,
    "byte_per_sec": 9175018483.450459,
    "success": true,
    "time": 1872.461534
  }
}
