{
  "params": {
    "accessPattern": "random",
    "accessType": "read",
    "blockSize": 65536,
    "granularity": "page",
    "noflush": true,
    "nonTemporal": false,
    "nthreads": 8,
    "path": "/dev/dax0.0",
    "set-affinity": true,
    "source": "devdax",
    "stripeSize": 68719476736,
    "totalSize": 68719476736
  },
  "results": {
    "IOPS": 535466.5176278322,
    "MIOPS": 0.5354665176278323,
    "MiB_per_sec": 33466.657351739515,
    "addr": 139766825746432,
    "byte_per_sec": 35092333699.257614,
    "success": true,
    "time": 1958.247557
  }
}
