{
  "params": {
    "accessPattern": "random",
    "accessType": "read",
    "blockSize": 16384,
    "granularity": "page",
    "noflush": false,
    "nonTemporal": true,
    "nthreads": 8,
    "path": "/dev/dax0.0",
    "set-affinity": true,
    "source": "devdax",
    "stripeSize": 68719476736,
    "totalSize": 68719476736
  },
  "results": {
    "IOPS": 1339674.944683468,
    "MIOPS": 1.339674944683468,
    "MiB_per_sec": 20932.421010679187,
    "addr": 140066399715328,
    "byte_per_sec": 21949234293.69394,
    "success": true,
    "time": 3130.837086
  }
}
