{
  "params": {
    "accessPattern": "random",
    "accessType": "read",
    "blockSize": 1048576,
    "granularity": "page",
    "noflush": false,
    "nonTemporal": true,
    "nthreads": 8,
    "path": "/dev/dax0.0",
    "set-affinity": true,
    "source": "devdax",
    "stripeSize": 68719476736,
    "totalSize": 68719476736
  },
  "results": {
    "IOPS": 28926.277777217296,
    "MIOPS": 0.028926277777217294,
    "MiB_per_sec": 28926.277777217296,
    "addr": 140017007591424,
    "byte_per_sec": 30331400646.523403,
    "success": true,
    "time": 2265.6216090000003
  }
}
