{
  "params": {
    "accessPattern": "random",
    "accessType": "read",
    "blockSize": 131072,
    "granularity": "page",
    "noflush": true,
    "nonTemporal": false,
    "nthreads": 1,
    "path": "/dev/dax0.0",
    "set-affinity": true,
    "source": "devdax",
    "stripeSize": 8589934592,
    "totalSize": 8589934592
  },
  "results": {
    "IOPS": 42294.93445013782,
    "MIOPS": 0.04229493445013782,
    "MiB_per_sec": 5286.866806267228,
    "addr": 139177341485056,
    "byte_per_sec": 5543681648.248465,
    "success": true,
    "time": 1549.499978
  }
}
