{
  "params": {
    "accessPattern": "random",
    "accessType": "read",
    "blockSize": 131072,
    "granularity": "page",
    "noflush": false,
    "nonTemporal": true,
    "nthreads": 16,
    "path": "/dev/dax0.0",
    "set-affinity": true,
    "source": "devdax",
    "stripeSize": 137438953472,
    "totalSize": 137438953472
  },
  "results": {
    "IOPS": 267443.783010797,
    "MIOPS": 0.267443783010797,
    "MiB_per_sec": 33430.472876349624,
    "addr": 140165183963136,
    "byte_per_sec": 35054391526.79118,
    "success": true,
    "time": 3920.73425
  }
}
