{
  "params": {
    "accessPattern": "random",
    "accessType": "read",
    "blockSize": 256,
    "granularity": "page",
    "noflush": false,
    "nonTemporal": true,
    "nthreads": 2,
    "path": "/dev/dax0.0",
    "set-affinity": true,
    "source": "devdax",
    "stripeSize": 17179869184,
    "totalSize": 17179869184
  },
  "results": {
    "IOPS": 9230573.39282456,
    "MIOPS": 9.23057339282456,
    "MiB_per_sec": 2253.5579572325587,
    "addr": 139442555715584,
    "byte_per_sec": 2363026788.5630875,
    "success": true,
    "time": 7270.281178
  }
}
