{
  "params": {
    "accessPattern": "random",
    "accessType": "read",
    "blockSize": 524288,
    "granularity": "page",
    "noflush": true,
    "nonTemporal": false,
    "nthreads": 16,
    "path": "/dev/dax0.0",
    "set-affinity": true,
    "source": "devdax",
    "stripeSize": 137438953472,
    "totalSize": 137438953472
  },
  "results": {
    "IOPS": 95065.42757545672,
    "MIOPS": 0.09506542757545672,
    "MiB_per_sec": 47532.71378772836,
    "addr": 139926813278208,
    "byte_per_sec": 49841662892.68105,
    "success": true,
    "time": 2757.511397
  }
}
