{
  "params": {
    "accessPattern": "random",
    "accessType": "read",
    "blockSize": 1024,
    "granularity": "page",
    "noflush": true,
    "nonTemporal": false,
    "nthreads": 4,
    "path": "/dev/dax0.0",
    "set-affinity": true,
    "source": "devdax",
    "stripeSize": 34359738368,
    "totalSize": 34359738368
  },
  "results": {
    "IOPS": 10489864.015060263,
    "MIOPS": 10.489864015060263,
    "MiB_per_sec": 10244.007827207288,
    "addr": 139624018083840,
    "byte_per_sec": 10741620751.42171,
    "success": true,
    "time": 3198.748044
  }
}
