{
  "params": {
    "accessPattern": "random",
    "accessType": "read",
    "blockSize": 524288,
    "granularity": "page",
    "noflush": false,
    "nonTemporal": true,
    "nthreads": 8,
    "path": "/dev/dax0.0",
    "set-affinity": true,
    "source": "devdax",
    "stripeSize": 68719476736,
    "totalSize": 68719476736
  },
  "results": {
    "IOPS": 57780.31763566714,
    "MIOPS": 0.05778031763566714,
    "MiB_per_sec": 28890.15881783357,
    "addr": 139628313051136,
    "byte_per_sec": 30293527172.568653,
    "success": true,
    "time": 2268.454127
  }
}
