{
  "params": {
    "accessPattern": "random",
    "accessType": "read",
    "blockSize": 16384,
    "granularity": "page",
    "noflush": true,
    "nonTemporal": false,
    "nthreads": 16,
    "path": "/dev/dax0.0",
    "set-affinity": true,
    "source": "devdax",
    "stripeSize": 137438953472,
    "totalSize": 137438953472
  },
  "results": {
    "IOPS": 2117211.201000808,
    "MIOPS": 2.1172112010008077,
    "MiB_per_sec": 33081.42501563762,
    "addr": 140000901464064,
    "byte_per_sec": 34688388317.197235,
    "success": true,
    "time": 3962.102598
  }
}
