{
  "params": {
    "accessPattern": "random",
    "accessType": "read",
    "blockSize": 65536,
    "granularity": "page",
    "noflush": true,
    "nonTemporal": false,
    "nthreads": 2,
    "path": "/dev/dax0.0",
    "set-affinity": true,
    "source": "devdax",
    "stripeSize": 17179869184,
    "totalSize": 17179869184
  },
  "results": {
    "IOPS": 166581.968880181,
    "MIOPS": 0.166581968880181,
    "MiB_per_sec": 10411.373055011312,
    "addr": 139829102772224,
    "byte_per_sec": 10917115912.531542,
    "success": true,
    "time": 1573.663715
  }
}
