{
  "params": {
    "accessPattern": "random",
    "accessType": "read",
    "blockSize": 8192,
    "granularity": "page",
    "noflush": true,
    "nonTemporal": false,
    "nthreads": 1,
    "path": "/dev/dax0.0",
    "set-affinity": true,
    "source": "devdax",
    "stripeSize": 8589934592,
    "totalSize": 8589934592
  },
  "results": {
    "IOPS": 562572.3638074232,
    "MIOPS": 0.5625723638074231,
    "MiB_per_sec": 4395.096592245493,
    "addr": 139370615013376,
    "byte_per_sec": 4608592804.3104105,
    "success": true,
    "time": 1863.895327
  }
}
