{
  "params": {
    "accessPattern": "random",
    "accessType": "read",
    "blockSize": 16384,
    "granularity": "page",
    "noflush": false,
    "nonTemporal": true,
    "nthreads": 4,
    "path": "/dev/dax0.0",
    "set-affinity": true,
    "source": "devdax",
    "stripeSize": 34359738368,
    "totalSize": 34359738368
  },
  "results": {
    "IOPS": 805360.7912154564,
    "MIOPS": 0.8053607912154565,
    "MiB_per_sec": 12583.762362741507,
    "addr": 139120433168384,
    "byte_per_sec": 13195031203.274038,
    "success": true,
    "time": 2603.990687
  }
}
