{
  "params": {
    "accessPattern": "random",
    "accessType": "read",
    "blockSize": 16384,
    "granularity": "page",
    "noflush": true,
    "nonTemporal": false,
    "nthreads": 8,
    "path": "/dev/dax0.0",
    "set-affinity": true,
    "source": "devdax",
    "stripeSize": 68719476736,
    "totalSize": 68719476736
  },
  "results": {
    "IOPS": 1781648.1088275963,
    "MIOPS": 1.7816481088275964,
    "MiB_per_sec": 27838.251700431192,
    "addr": 139496242806784,
    "byte_per_sec": 29190522615.031338,
    "success": true,
    "time": 2354.170826
  }
}
