{
  "params": {
    "accessPattern": "random",
    "accessType": "read",
    "blockSize": 2048,
    "granularity": "page",
    "noflush": true,
    "nonTemporal": false,
    "nthreads": 1,
    "path": "/dev/dax0.0",
    "set-affinity": true,
    "source": "devdax",
    "stripeSize": 8589934592,
    "totalSize": 8589934592
  },
  "results": {
    "IOPS": 1775060.534159655,
    "MIOPS": 1.775060534159655,
    "MiB_per_sec": 3466.915105780576,
    "addr": 139491947839488,
    "byte_per_sec": 3635323973.9589734,
    "success": true,
    "time": 2362.907585
  }
}
