{
  "params": {
    "accessPattern": "random",
    "accessType": "read",
    "blockSize": 524288,
    "granularity": "page",
    "noflush": true,
    "nonTemporal": false,
    "nthreads": 16,
    "path": "/dev/dax0.0",
    "set-affinity": true,
    "source": "devdax",
    "stripeSize": 137438953472,
    "totalSize": 137438953472
  },
  "results": {
    "IOPS": 93493.57489530317,
    "MIOPS": 0.09349357489530317,
    "MiB_per_sec": 46746.787447651586,
    "addr": 139225659867136,
    "byte_per_sec": 49017559394.70871,
    "success": true,
    "time": 2803.87182
  }
}
