{
  "params": {
    "accessPattern": "random",
    "accessType": "read",
    "blockSize": 2048,
    "granularity": "page",
    "noflush": true,
    "nonTemporal": false,
    "nthreads": 2,
    "path": "/dev/dax0.0",
    "set-affinity": true,
    "source": "devdax",
    "stripeSize": 17179869184,
    "totalSize": 17179869184
  },
  "results": {
    "IOPS": 3410288.862338445,
    "MIOPS": 3.410288862338445,
    "MiB_per_sec": 6660.720434254776,
    "addr": 139217069932544,
    "byte_per_sec": 6984271590.069136,
    "success": true,
    "time": 2459.793976
  }
}
