{
  "params": {
    "accessPattern": "random",
    "accessType": "read",
    "blockSize": 1024,
    "granularity": "page",
    "noflush": true,
    "nonTemporal": false,
    "nthreads": 16,
    "path": "/dev/dax0.0",
    "set-affinity": true,
    "source": "devdax",
    "stripeSize": 137438953472,
    "totalSize": 137438953472
  },
  "results": {
    "IOPS": 24555843.41596631,
    "MIOPS": 24.555843415966308,
    "MiB_per_sec": 23980.3158359046,
    "addr": 139731392266240,
    "byte_per_sec": 25145183657.9495,
    "success": true,
    "time": 5465.816250999999
  }
}
