{
  "params": {
    "accessPattern": "random",
    "accessType": "read",
    "blockSize": 4096,
    "granularity": "page",
    "noflush": true,
    "nonTemporal": false,
    "nthreads": 16,
    "path": "/dev/dax0.0",
    "set-affinity": true,
    "source": "devdax",
    "stripeSize": 137438953472,
    "totalSize": 137438953472
  },
  "results": {
    "IOPS": 7845888.758094636,
    "MIOPS": 7.8458887580946355,
    "MiB_per_sec": 30648.00296130717,
    "addr": 139574625959936,
    "byte_per_sec": 32136760353.15563,
    "success": true,
    "time": 4276.689746
  }
}
