{
  "params": {
    "accessPattern": "random",
    "accessType": "read",
    "blockSize": 2048,
    "granularity": "page",
    "noflush": false,
    "nonTemporal": true,
    "nthreads": 2,
    "path": "/dev/dax0.0",
    "set-affinity": true,
    "source": "devdax",
    "stripeSize": 17179869184,
    "totalSize": 17179869184
  },
  "results": {
    "IOPS": 1817124.4500247485,
    "MIOPS": 1.8171244500247485,
    "MiB_per_sec": 3549.071191454587,
    "addr": 139751793360896,
    "byte_per_sec": 3721470873.650685,
    "success": true,
    "time": 4616.41909
  }
}
