{
  "params": {
    "accessPattern": "random",
    "accessType": "read",
    "blockSize": 1024,
    "granularity": "page",
    "noflush": true,
    "nonTemporal": false,
    "nthreads": 1,
    "path": "/dev/dax0.0",
    "set-affinity": true,
    "source": "devdax",
    "stripeSize": 8589934592,
    "totalSize": 8589934592
  },
  "results": {
    "IOPS": 3135703.9634405035,
    "MIOPS": 3.1357039634405033,
    "MiB_per_sec": 3062.2109017973667,
    "addr": 139562814799872,
    "byte_per_sec": 3210960858.5630755,
    "success": true,
    "time": 2675.191312
  }
}
