{
  "params": {
    "accessPattern": "random",
    "accessType": "read",
    "blockSize": 2048,
    "granularity": "page",
    "noflush": true,
    "nonTemporal": false,
    "nthreads": 2,
    "path": "/dev/dax0.0",
    "set-affinity": true,
    "source": "devdax",
    "stripeSize": 17179869184,
    "totalSize": 17179869184
  },
  "results": {
    "IOPS": 3395216.1142160264,
    "MIOPS": 3.3952161142160264,
    "MiB_per_sec": 6631.2814730781765,
    "addr": 139707769946112,
    "byte_per_sec": 6953402601.914422,
    "success": true,
    "time": 2470.714004
  }
}
