{
  "params": {
    "accessPattern": "random",
    "accessType": "read",
    "blockSize": 4096,
    "granularity": "page",
    "noflush": false,
    "nonTemporal": true,
    "nthreads": 16,
    "path": "/dev/dax0.0",
    "set-affinity": true,
    "source": "devdax",
    "stripeSize": 137438953472,
    "totalSize": 137438953472
  },
  "results": {
    "IOPS": 6174316.272385725,
    "MIOPS": 6.174316272385725,
    "MiB_per_sec": 24118.422939006738,
    "addr": 139695958786048,
    "byte_per_sec": 25289999451.69193,
    "success": true,
    "time": 5434.517851
  }
}
