{
  "params": {
    "accessPattern": "random",
    "accessType": "read",
    "blockSize": 128,
    "granularity": "page",
    "noflush": false,
    "nonTemporal": true,
    "nthreads": 4,
    "path": "/dev/dax0.0",
    "set-affinity": true,
    "source": "devdax",
    "stripeSize": 34359738368,
    "totalSize": 34359738368
  },
  "results": {
    "IOPS": 19786269.389965057,
    "MIOPS": 19.786269389965057,
    "MiB_per_sec": 2415.316087642219,
    "addr": 139493021581312,
    "byte_per_sec": 2532642481.9155273,
    "success": true,
    "time": 13566.754334000001
  }
}
