{
  "params": {
    "accessPattern": "random",
    "accessType": "read",
    "blockSize": 256,
    "granularity": "page",
    "noflush": false,
    "nonTemporal": true,
    "nthreads": 1,
    "path": "/dev/dax0.0",
    "set-affinity": true,
    "source": "devdax",
    "stripeSize": 8589934592,
    "totalSize": 8589934592
  },
  "results": {
    "IOPS": 3174999.06097967,
    "MIOPS": 3.17499906097967,
    "MiB_per_sec": 775.1462551219897,
    "addr": 139502685257728,
    "byte_per_sec": 812799759.6107955,
    "success": true,
    "time": 10568.328165
  }
}
