{
  "params": {
    "accessPattern": "random",
    "accessType": "read",
    "blockSize": 1048576,
    "granularity": "page",
    "noflush": false,
    "nonTemporal": true,
    "nthreads": 4,
    "path": "/dev/dax0.0",
    "set-affinity": true,
    "source": "devdax",
    "stripeSize": 34359738368,
    "totalSize": 34359738368
  },
  "results": {
    "IOPS": 16460.66665782348,
    "MIOPS": 0.01646066665782348,
    "MiB_per_sec": 16460.66665782348,
    "addr": 140001975205888,
    "byte_per_sec": 17260260001.393913,
    "success": true,
    "time": 1990.684866
  }
}
