{
  "params": {
    "accessPattern": "random",
    "accessType": "read",
    "blockSize": 128,
    "granularity": "page",
    "noflush": false,
    "nonTemporal": true,
    "nthreads": 2,
    "path": "/dev/dax0.0",
    "set-affinity": true,
    "source": "devdax",
    "stripeSize": 17179869184,
    "totalSize": 17179869184
  },
  "results": {
    "IOPS": 10369802.997932857,
    "MIOPS": 10.369802997932856,
    "MiB_per_sec": 1265.8450925211007,
    "addr": 139487652872192,
    "byte_per_sec": 1327334783.7354057,
    "success": true,
    "time": 12943.131902
  }
}
