{
  "params": {
    "accessPattern": "sequential",
    "accessType": "read",
    "blockSize": 8192,
    "granularity": "page",
    "noflush": false,
    "nonTemporal": true,
    "nthreads": 16,
    "path": "/dev/dax0.0",
    "set-affinity": true,
    "source": "devdax",
    "stripeSize": 137438953472,
    "totalSize": 137438953472
  },
  "results": {
    "IOPS": 2208606.506402965,
    "MIOPS": 2.208606506402965,
    "MiB_per_sec": 17254.738331273165,
    "addr": 140184511315968,
    "byte_per_sec": 18092904500.45309,
    "success": true,
    "time": 7596.290218
  }
}
