{
  "params": {
    "accessPattern": "sequential",
    "accessType": "read",
    "blockSize": 2048,
    "granularity": "page",
    "noflush": true,
    "nonTemporal": false,
    "nthreads": 8,
    "path": "/dev/dax0.0",
    "set-affinity": true,
    "source": "devdax",
    "stripeSize": 68719476736,
    "totalSize": 68719476736
  },
  "results": {
    "IOPS": 15947926.781642914,
    "MIOPS": 15.947926781642915,
    "MiB_per_sec": 31148.294495396316,
    "addr": 139905338441728,
    "byte_per_sec": 32661354048.804687,
    "success": true,
    "time": 2103.9996269999997
  }
}
