{
  "params": {
    "accessPattern": "sequential",
    "accessType": "read",
    "blockSize": 262144,
    "granularity": "page",
    "noflush": true,
    "nonTemporal": false,
    "nthreads": 2,
    "path": "/dev/dax0.0",
    "set-affinity": true,
    "source": "devdax",
    "stripeSize": 17179869184,
    "totalSize": 17179869184
  },
  "results": {
    "IOPS": 41706.999071924445,
    "MIOPS": 0.04170699907192445,
    "MiB_per_sec": 10426.749767981111,
    "addr": 139453293133824,
    "byte_per_sec": 10933239564.710562,
    "success": true,
    "time": 1571.342975
  }
}
