{
  "params": {
    "accessPattern": "sequential",
    "accessType": "read",
    "blockSize": 4096,
    "granularity": "page",
    "noflush": true,
    "nonTemporal": false,
    "nthreads": 1,
    "path": "/dev/dax0.0",
    "set-affinity": true,
    "source": "devdax",
    "stripeSize": 8589934592,
    "totalSize": 8589934592
  },
  "results": {
    "IOPS": 1477171.4525197549,
    "MIOPS": 1.4771714525197548,
    "MiB_per_sec": 5770.2009864052925,
    "addr": 139294379343872,
    "byte_per_sec": 6050494269.520916,
    "success": true,
    "time": 1419.7079130000002
  }
}
