{
  "params": {
    "accessPattern": "sequential",
    "accessType": "read",
    "blockSize": 8192,
    "granularity": "page",
    "noflush": true,
    "nonTemporal": false,
    "nthreads": 2,
    "path": "/dev/dax0.0",
    "set-affinity": true,
    "source": "devdax",
    "stripeSize": 17179869184,
    "totalSize": 17179869184
  },
  "results": {
    "IOPS": 1404034.5286531604,
    "MIOPS": 1.4040345286531604,
    "MiB_per_sec": 10969.019755102816,
    "addr": 139883863605248,
    "byte_per_sec": 11501850858.72669,
    "success": true,
    "time": 1493.661272
  }
}
