{
  "params": {
    "accessPattern": "sequential",
    "accessType": "read",
    "blockSize": 1048576,
    "granularity": "page",
    "noflush": true,
    "nonTemporal": false,
    "nthreads": 16,
    "path": "/dev/dax0.0",
    "set-affinity": true,
    "source": "devdax",
    "stripeSize": 137438953472,
    "totalSize": 137438953472
  },
  "results": {
    "IOPS": 47799.09751655648,
    "MIOPS": 0.047799097516556484,
    "MiB_per_sec": 47799.09751655648,
    "addr": 140009491398656,
    "byte_per_sec": 50120986477.52073,
    "success": true,
    "time": 2742.1438230000003
  }
}
