{
  "params": {
    "accessPattern": "sequential",
    "accessType": "read",
    "blockSize": 16384,
    "granularity": "page",
    "noflush": true,
    "nonTemporal": false,
    "nthreads": 2,
    "path": "/dev/dax0.0",
    "set-affinity": true,
    "source": "devdax",
    "stripeSize": 17179869184,
    "totalSize": 17179869184
  },
  "results": {
    "IOPS": 701675.1116809655,
    "MIOPS": 0.7016751116809655,
    "MiB_per_sec": 10963.673620015086,
    "addr": 140127602999296,
    "byte_per_sec": 11496245029.78094,
    "success": true,
    "time": 1494.389615
  }
}
