{
  "params": {
    "accessPattern": "sequential",
    "accessType": "read",
    "blockSize": 8192,
    "granularity": "page",
    "noflush": true,
    "nonTemporal": false,
    "nthreads": 16,
    "path": "/dev/dax0.0",
    "set-affinity": true,
    "source": "devdax",
    "stripeSize": 137438953472,
    "totalSize": 137438953472
  },
  "results": {
    "IOPS": 4570278.86613064,
    "MIOPS": 4.57027886613064,
    "MiB_per_sec": 35705.30364164562,
    "addr": 139984795336704,
    "byte_per_sec": 37439724471.3422,
    "success": true,
    "time": 3670.939234
  }
}
