{
  "params": {
    "accessPattern": "sequential",
    "accessType": "read",
    "blockSize": 512,
    "granularity": "page",
    "noflush": true,
    "nonTemporal": false,
    "nthreads": 16,
    "path": "/dev/dax0.0",
    "set-affinity": true,
    "source": "devdax",
    "stripeSize": 137438953472,
    "totalSize": 137438953472
  },
  "results": {
    "IOPS": 57449062.379979566,
    "MIOPS": 57.449062379979566,
    "MiB_per_sec": 28051.299990224397,
    "addr": 140109349388288,
    "byte_per_sec": 29413919938.549538,
    "success": true,
    "time": 4672.582021
  }
}
