{
  "params": {
    "accessPattern": "sequential",
    "accessType": "read",
    "blockSize": 512,
    "granularity": "page",
    "noflush": false,
    "nonTemporal": true,
    "nthreads": 1,
    "path": "/dev/dax0.0",
    "set-affinity": true,
    "source": "devdax",
    "stripeSize": 8589934592,
    "totalSize": 8589934592
  },
  "results": {
    "IOPS": 5826842.2135536205,
    "MIOPS": 5.82684221355362,
    "MiB_per_sec": 2845.1377995867288,
    "addr": 139698106269696,
    "byte_per_sec": 2983343213.3394537,
    "success": true,
    "time": 2879.2981489999997
  }
}
