{
  "params": {
    "accessPattern": "sequential",
    "accessType": "read",
    "blockSize": 262144,
    "granularity": "page",
    "noflush": false,
    "nonTemporal": true,
    "nthreads": 8,
    "path": "/dev/dax0.0",
    "set-affinity": true,
    "source": "devdax",
    "stripeSize": 68719476736,
    "totalSize": 68719476736
  },
  "results": {
    "IOPS": 114788.7358755462,
    "MIOPS": 0.11478873587554621,
    "MiB_per_sec": 28697.18396888655,
    "addr": 139721728589824,
    "byte_per_sec": 30091178377.359184,
    "success": true,
    "time": 2283.708397
  }
}
