{
  "params": {
    "accessPattern": "sequential",
    "accessType": "read",
    "blockSize": 64,
    "granularity": "page",
    "noflush": false,
    "nonTemporal": true,
    "nthreads": 16,
    "path": "/dev/dax0.0",
    "set-affinity": true,
    "source": "devdax",
    "stripeSize": 137438953472,
    "totalSize": 137438953472
  },
  "results": {
    "IOPS": 95867635.37373617,
    "MIOPS": 95.86763537373618,
    "MiB_per_sec": 5851.2961043540145,
    "addr": 139774341939200,
    "byte_per_sec": 6135528663.919115,
    "success": true,
    "time": 22400.507112
  }
}
