{
  "params": {
    "accessPattern": "sequential",
    "accessType": "read",
    "blockSize": 262144,
    "granularity": "page",
    "noflush": true,
    "nonTemporal": false,
    "nthreads": 8,
    "path": "/dev/dax0.0",
    "set-affinity": true,
    "source": "devdax",
    "stripeSize": 68719476736,
    "totalSize": 68719476736
  },
  "results": {
    "IOPS": 139199.12068618936,
    "MIOPS": 0.13919912068618936,
    "MiB_per_sec": 34799.78017154734,
    "addr": 139428597071872,
    "byte_per_sec": 36490214293.16042,
    "success": true,
    "time": 1883.2302869999999
  }
}
