{
  "params": {
    "accessPattern": "sequential",
    "accessType": "read",
    "blockSize": 4096,
    "granularity": "page",
    "noflush": false,
    "nonTemporal": true,
    "nthreads": 2,
    "path": "/dev/dax0.0",
    "set-affinity": true,
    "source": "devdax",
    "stripeSize": 17179869184,
    "totalSize": 17179869184
  },
  "results": {
    "IOPS": 1795652.4785759295,
    "MIOPS": 1.7956524785759296,
    "MiB_per_sec": 7014.267494437225,
    "addr": 140047072362496,
    "byte_per_sec": 7354992552.247007,
    "success": true,
    "time": 2335.810548
  }
}
