{
  "params": {
    "accessPattern": "sequential",
    "accessType": "read",
    "blockSize": 1024,
    "granularity": "page",
    "noflush": false,
    "nonTemporal": true,
    "nthreads": 1,
    "path": "/dev/dax0.0",
    "set-affinity": true,
    "source": "devdax",
    "stripeSize": 8589934592,
    "totalSize": 8589934592
  },
  "results": {
    "IOPS": 3277261.6522307494,
    "MIOPS": 3.277261652230749,
    "MiB_per_sec": 3200.450832256591,
    "addr": 139351287660544,
    "byte_per_sec": 3355915931.8842874,
    "success": true,
    "time": 2559.639385
  }
}
