{
  "params": {
    "accessPattern": "sequential",
    "accessType": "read",
    "blockSize": 524288,
    "granularity": "page",
    "noflush": true,
    "nonTemporal": false,
    "nthreads": 8,
    "path": "/dev/dax0.0",
    "set-affinity": true,
    "source": "devdax",
    "stripeSize": 68719476736,
    "totalSize": 68719476736
  },
  "results": {
    "IOPS": 64906.26185785809,
    "MIOPS": 0.06490626185785808,
    "MiB_per_sec": 32453.130928929044,
    "addr": 139782931873792,
    "byte_per_sec": 34029574216.9327,
    "success": true,
    "time": 2019.4045420000002
  }
}
