{
  "params": {
    "accessPattern": "sequential",
    "accessType": "read",
    "blockSize": 524288,
    "granularity": "page",
    "noflush": true,
    "nonTemporal": false,
    "nthreads": 2,
    "path": "/dev/dax0.0",
    "set-affinity": true,
    "source": "devdax",
    "stripeSize": 17179869184,
    "totalSize": 17179869184
  },
  "results": {
    "IOPS": 20680.748269031374,
    "MIOPS": 0.020680748269031372,
    "MiB_per_sec": 10340.374134515687,
    "addr": 139192373870592,
    "byte_per_sec": 10842668148.47392,
    "success": true,
    "time": 1584.468781
  }
}
