{
  "params": {
    "accessPattern": "sequential",
    "accessType": "read",
    "blockSize": 8192,
    "granularity": "page",
    "noflush": true,
    "nonTemporal": false,
    "nthreads": 1,
    "path": "/dev/dax0.0",
    "set-affinity": true,
    "source": "devdax",
    "stripeSize": 8589934592,
    "totalSize": 8589934592
  },
  "results": {
    "IOPS": 741196.6551063684,
    "MIOPS": 0.7411966551063683,
    "MiB_per_sec": 5790.598868018503,
    "addr": 139444703199232,
    "byte_per_sec": 6071882998.63137,
    "success": true,
    "time": 1414.70687
  }
}
