{
  "params": {
    "accessPattern": "sequential",
    "accessType": "read",
    "blockSize": 2048,
    "granularity": "page",
    "noflush": false,
    "nonTemporal": true,
    "nthreads": 16,
    "path": "/dev/dax0.0",
    "set-affinity": true,
    "source": "devdax",
    "stripeSize": 137438953472,
    "totalSize": 137438953472
  },
  "results": {
    "IOPS": 6394332.826661047,
    "MIOPS": 6.394332826661047,
    "MiB_per_sec": 12488.931302072357,
    "addr": 140131897966592,
    "byte_per_sec": 13095593629.001823,
    "success": true,
    "time": 10495.053326000001
  }
}
