{
  "params": {
    "accessPattern": "sequential",
    "accessType": "read",
    "blockSize": 262144,
    "granularity": "page",
    "noflush": true,
    "nonTemporal": false,
    "nthreads": 1,
    "path": "/dev/dax0.0",
    "set-affinity": true,
    "source": "devdax",
    "stripeSize": 8589934592,
    "totalSize": 8589934592
  },
  "results": {
    "IOPS": 21189.668717577806,
    "MIOPS": 0.021189668717577805,
    "MiB_per_sec": 5297.4171793944515,
    "addr": 139474767970304,
    "byte_per_sec": 5554744516.300716,
    "success": true,
    "time": 1546.4139830000001
  }
}
