{
  "params": {
    "accessPattern": "sequential",
    "accessType": "read",
    "blockSize": 32768,
    "granularity": "page",
    "noflush": false,
    "nonTemporal": true,
    "nthreads": 1,
    "path": "/dev/dax0.0",
    "set-affinity": true,
    "source": "devdax",
    "stripeSize": 8589934592,
    "totalSize": 8589934592
  },
  "results": {
    "IOPS": 121446.37970204034,
    "MIOPS": 0.12144637970204035,
    "MiB_per_sec": 3795.1993656887607,
    "addr": 139956878049280,
    "byte_per_sec": 3979554970.076458,
    "success": true,
    "time": 2158.516381
  }
}
