{
  "params": {
    "accessPattern": "sequential",
    "accessType": "read",
    "blockSize": 128,
    "granularity": "page",
    "noflush": true,
    "nonTemporal": false,
    "nthreads": 1,
    "path": "/dev/dax0.0",
    "set-affinity": true,
    "source": "devdax",
    "stripeSize": 8589934592,
    "totalSize": 8589934592
  },
  "results": {
    "IOPS": 26249108.76587167,
    "MIOPS": 26.24910876587167,
    "MiB_per_sec": 3204.236909896444,
    "addr": 139329812824064,
    "byte_per_sec": 3359885922.031574,
    "success": true,
    "time": 2556.614954
  }
}
