{
  "params": {
    "accessPattern": "sequential",
    "accessType": "read",
    "blockSize": 16384,
    "granularity": "page",
    "noflush": false,
    "nonTemporal": true,
    "nthreads": 8,
    "path": "/dev/dax0.0",
    "set-affinity": true,
    "source": "devdax",
    "stripeSize": 68719476736,
    "totalSize": 68719476736
  },
  "results": {
    "IOPS": 1471750.0529328438,
    "MIOPS": 1.4717500529328438,
    "MiB_per_sec": 22996.094577075684,
    "addr": 139535971254272,
    "byte_per_sec": 24113152867.251713,
    "success": true,
    "time": 2849.875216
  }
}
