{
  "params": {
    "accessPattern": "sequential",
    "accessType": "read",
    "blockSize": 262144,
    "granularity": "page",
    "noflush": true,
    "nonTemporal": false,
    "nthreads": 4,
    "path": "/dev/dax0.0",
    "set-affinity": true,
    "source": "devdax",
    "stripeSize": 34359738368,
    "totalSize": 34359738368
  },
  "results": {
    "IOPS": 79736.97291669036,
    "MIOPS": 0.07973697291669035,
    "MiB_per_sec": 19934.24322917259,
    "addr": 139229954834432,
    "byte_per_sec": 20902569028.272877,
    "success": true,
    "time": 1643.804564
  }
}
