{
  "params": {
    "accessPattern": "sequential",
    "accessType": "read",
    "blockSize": 128,
    "granularity": "page",
    "noflush": true,
    "nonTemporal": false,
    "nthreads": 1,
    "path": "/dev/dax0.0",
    "set-affinity": true,
    "source": "devdax",
    "stripeSize": 8589934592,
    "totalSize": 8589934592
  },
  "results": {
    "IOPS": 26315766.492481302,
    "MIOPS": 26.315766492481302,
    "MiB_per_sec": 3212.3738394142215,
    "addr": 139965467983872,
    "byte_per_sec": 3368418111.0376067,
    "success": true,
    "time": 2550.139059
  }
}
