{
  "params": {
    "accessPattern": "sequential",
    "accessType": "read",
    "blockSize": 65536,
    "granularity": "page",
    "noflush": true,
    "nonTemporal": false,
    "nthreads": 4,
    "path": "/dev/dax0.0",
    "set-affinity": true,
    "source": "devdax",
    "stripeSize": 34359738368,
    "totalSize": 34359738368
  },
  "results": {
    "IOPS": 317674.4845274658,
    "MIOPS": 0.3176744845274658,
    "MiB_per_sec": 19854.65528296661,
    "addr": 139866683736064,
    "byte_per_sec": 20819115017.991997,
    "success": true,
    "time": 1650.3938010000002
  }
}
