{
  "params": {
    "accessPattern": "sequential",
    "accessType": "read",
    "blockSize": 1048576,
    "granularity": "page",
    "noflush": false,
    "nonTemporal": true,
    "nthreads": 8,
    "path": "/dev/dax0.0",
    "set-affinity": true,
    "source": "devdax",
    "stripeSize": 68719476736,
    "totalSize": 68719476736
  },
  "results": {
    "IOPS": 29074.650646418224,
    "MIOPS": 0.029074650646418225,
    "MiB_per_sec": 29074.650646418224,
    "addr": 139318001664000,
    "byte_per_sec": 30486980876.218636,
    "success": true,
    "time": 2254.059758
  }
}
