{
  "params": {
    "accessPattern": "sequential",
    "accessType": "read",
    "blockSize": 262144,
    "granularity": "page",
    "noflush": false,
    "nonTemporal": true,
    "nthreads": 2,
    "path": "/dev/dax0.0",
    "set-affinity": true,
    "source": "devdax",
    "stripeSize": 17179869184,
    "totalSize": 17179869184
  },
  "results": {
    "IOPS": 35254.84327597835,
    "MIOPS": 0.03525484327597835,
    "MiB_per_sec": 8813.710818994588,
    "addr": 139814070386688,
    "byte_per_sec": 9241845635.73807,
    "success": true,
    "time": 1858.921893
  }
}
