{
  "params": {
    "accessPattern": "sequential",
    "accessType": "read",
    "blockSize": 131072,
    "granularity": "page",
    "noflush": true,
    "nonTemporal": false,
    "nthreads": 16,
    "path": "/dev/dax0.0",
    "set-affinity": true,
    "source": "devdax",
    "stripeSize": 137438953472,
    "totalSize": 137438953472
  },
  "results": {
    "IOPS": 362533.3996854479,
    "MIOPS": 0.3625333996854479,
    "MiB_per_sec": 45316.67496068099,
    "addr": 139311559213056,
    "byte_per_sec": 47517977763.57103,
    "success": true,
    "time": 2892.3569549999997
  }
}
