{
  "params": {
    "accessPattern": "sequential",
    "accessType": "read",
    "blockSize": 131072,
    "granularity": "page",
    "noflush": false,
    "nonTemporal": true,
    "nthreads": 4,
    "path": "/dev/dax0.0",
    "set-affinity": true,
    "source": "devdax",
    "stripeSize": 34359738368,
    "totalSize": 34359738368
  },
  "results": {
    "IOPS": 130962.60196200227,
    "MIOPS": 0.13096260196200227,
    "MiB_per_sec": 16370.325245250284,
    "addr": 140175921381376,
    "byte_per_sec": 17165530164.363562,
    "success": true,
    "time": 2001.6706759999997
  }
}
