{
  "params": {
    "accessPattern": "sequential",
    "accessType": "read",
    "blockSize": 65536,
    "granularity": "page",
    "noflush": true,
    "nonTemporal": false,
    "nthreads": 1,
    "path": "/dev/dax0.0",
    "set-affinity": true,
    "source": "devdax",
    "stripeSize": 8589934592,
    "totalSize": 8589934592
  },
  "results": {
    "IOPS": 84592.34219587117,
    "MIOPS": 0.08459234219587117,
    "MiB_per_sec": 5287.021387241948,
    "addr": 139243913478144,
    "byte_per_sec": 5543843738.148613,
    "success": true,
    "time": 1549.4546739999998
  }
}
