{
  "params": {
    "accessPattern": "sequential",
    "accessType": "read",
    "blockSize": 32768,
    "granularity": "page",
    "noflush": false,
    "nonTemporal": true,
    "nthreads": 4,
    "path": "/dev/dax0.0",
    "set-affinity": true,
    "source": "devdax",
    "stripeSize": 34359738368,
    "totalSize": 34359738368
  },
  "results": {
    "IOPS": 466053.07216783083,
    "MIOPS": 0.4660530721678308,
    "MiB_per_sec": 14564.158505244714,
    "addr": 139985869078528,
    "byte_per_sec": 15271627068.79548,
    "success": true,
    "time": 2249.906851
  }
}
