{
  "params": {
    "accessPattern": "random",
    "accessType": "write",
    "blockSize": 524288,
    "granularity": "page",
    "noflush": false,
    "nonTemporal": true,
    "nthreads": 16,
    "path": "/dev/dax0.0",
    "set-affinity": true,
    "source": "devdax",
    "stripeSize": 137438953472,
    "totalSize": 137438953472
  },
  "results": {
    "IOPS": 19254.253390917605,
    "MIOPS": 0.019254253390917606,
    "MiB_per_sec": 9627.126695458803,
    "addr": 140030966235136,
    "byte_per_sec": 10094774001.81741,
    "success": true,
    "time": 13614.861853
  }
}
