{
  "params": {
    "accessPattern": "random",
    "accessType": "write",
    "blockSize": 8192,
    "granularity": "page",
    "noflush": false,
    "nonTemporal": false,
    "nthreads": 2,
    "path": "/dev/dax0.0",
    "set-affinity": true,
    "source": "devdax",
    "stripeSize": 17179869184,
    "totalSize": 17179869184
  },
  "results": {
    "IOPS": 580437.0985961722,
    "MIOPS": 0.5804370985961722,
    "MiB_per_sec": 4534.664832782595,
    "addr": 139974057918464,
    "byte_per_sec": 4754940711.699842,
    "success": true,
    "time": 3613.0564449999997
  }
}
