{
  "params": {
    "accessPattern": "random",
    "accessType": "write",
    "blockSize": 512,
    "granularity": "page",
    "noflush": false,
    "nonTemporal": false,
    "nthreads": 4,
    "path": "/dev/dax0.0",
    "set-affinity": true,
    "source": "devdax",
    "stripeSize": 34359738368,
    "totalSize": 34359738368
  },
  "results": {
    "IOPS": 5414644.267639668,
    "MIOPS": 5.414644267639668,
    "MiB_per_sec": 2643.8692713084315,
    "addr": 140015933849600,
    "byte_per_sec": 2772297865.03151,
    "success": true,
    "time": 12393.95622
  }
}
