{
  "params": {
    "accessPattern": "random",
    "accessType": "write",
    "blockSize": 256,
    "granularity": "page",
    "noflush": false,
    "nonTemporal": false,
    "nthreads": 2,
    "path": "/dev/dax0.0",
    "set-affinity": true,
    "source": "devdax",
    "stripeSize": 17179869184,
    "totalSize": 17179869184
  },
  "results": {
    "IOPS": 3175237.835175967,
    "MIOPS": 3.1752378351759667,
    "MiB_per_sec": 775.2045496035075,
    "addr": 139815144128512,
    "byte_per_sec": 812860885.8050475,
    "success": true,
    "time": 21135.066878
  }
}
