{
  "params": {
    "accessPattern": "random",
    "accessType": "write",
    "blockSize": 16384,
    "granularity": "page",
    "noflush": false,
    "nonTemporal": false,
    "nthreads": 4,
    "path": "/dev/dax0.0",
    "set-affinity": true,
    "source": "devdax",
    "stripeSize": 34359738368,
    "totalSize": 34359738368
  },
  "results": {
    "IOPS": 513679.19018416095,
    "MIOPS": 0.513679190184161,
    "MiB_per_sec": 8026.237346627515,
    "addr": 140047072362496,
    "byte_per_sec": 8416119851.977293,
    "success": true,
    "time": 4082.6103920000005
  }
}
