{
  "params": {
    "accessPattern": "random",
    "accessType": "write",
    "blockSize": 256,
    "granularity": "page",
    "noflush": false,
    "nonTemporal": false,
    "nthreads": 4,
    "path": "/dev/dax0.0",
    "set-affinity": true,
    "source": "devdax",
    "stripeSize": 34359738368,
    "totalSize": 34359738368
  },
  "results": {
    "IOPS": 6119186.295367611,
    "MIOPS": 6.11918629536761,
    "MiB_per_sec": 1493.941966642483,
    "addr": 139112916975616,
    "byte_per_sec": 1566511691.6141083,
    "success": true,
    "time": 21933.917603
  }
}
