{
  "params": {
    "accessPattern": "random",
    "accessType": "write",
    "blockSize": 256,
    "granularity": "page",
    "noflush": false,
    "nonTemporal": true,
    "nthreads": 1,
    "path": "/dev/dax0.0",
    "set-affinity": true,
    "source": "devdax",
    "stripeSize": 8589934592,
    "totalSize": 8589934592
  },
  "results": {
    "IOPS": 9850789.169194346,
    "MIOPS": 9.850789169194346,
    "MiB_per_sec": 2404.9778245103385,
    "addr": 139591805829120,
    "byte_per_sec": 2521802027.3137527,
    "success": true,
    "time": 3406.268414
  }
}
