{
  "params": {
    "accessPattern": "random",
    "accessType": "write",
    "blockSize": 65536,
    "granularity": "page",
    "noflush": false,
    "nonTemporal": true,
    "nthreads": 1,
    "path": "/dev/dax0.0",
    "set-affinity": true,
    "source": "devdax",
    "stripeSize": 8589934592,
    "totalSize": 8589934592
  },
  "results": {
    "IOPS": 184823.86969255007,
    "MIOPS": 0.18482386969255007,
    "MiB_per_sec": 11551.49185578438,
    "addr": 139095737106432,
    "byte_per_sec": 12112617124.170961,
    "success": true,
    "time": 709.172469
  }
}
