{
  "params": {
    "accessPattern": "random",
    "accessType": "write",
    "blockSize": 256,
    "granularity": "page",
    "noflush": false,
    "nonTemporal": false,
    "nthreads": 16,
    "path": "/dev/dax0.0",
    "set-affinity": true,
    "source": "devdax",
    "stripeSize": 137438953472,
    "totalSize": 137438953472
  },
  "results": {
    "IOPS": 20933073.938627746,
    "MIOPS": 20.933073938627746,
    "MiB_per_sec": 5110.6137545477895,
    "addr": 139437187006464,
    "byte_per_sec": 5358866928.288703,
    "success": true,
    "time": 25647.017422
  }
}
