{
  "params": {
    "accessPattern": "random",
    "accessType": "write",
    "blockSize": 128,
    "granularity": "page",
    "noflush": false,
    "nonTemporal": false,
    "nthreads": 1,
    "path": "/dev/dax0.0",
    "set-affinity": true,
    "source": "devdax",
    "stripeSize": 8589934592,
    "totalSize": 8589934592
  },
  "results": {
    "IOPS": 1677298.1625565365,
    "MIOPS": 1.6772981625565364,
    "MiB_per_sec": 204.7483108589522,
    "addr": 139719581106176,
    "byte_per_sec": 214694164.80723667,
    "success": true,
    "time": 40010.098084
  }
}
