{
  "params": {
    "accessPattern": "random",
    "accessType": "write",
    "blockSize": 16384,
    "granularity": "page",
    "noflush": false,
    "nonTemporal": true,
    "nthreads": 16,
    "path": "/dev/dax0.0",
    "set-affinity": true,
    "source": "devdax",
    "stripeSize": 137438953472,
    "totalSize": 137438953472
  },
  "results": {
    "IOPS": 622322.0184519957,
    "MIOPS": 0.6223220184519956,
    "MiB_per_sec": 9723.781538312433,
    "addr": 140168405188608,
    "byte_per_sec": 10196123950.317497,
    "success": true,
    "time": 13479.529489999999
  }
}
