{
  "params": {
    "accessPattern": "random",
    "accessType": "write",
    "blockSize": 256,
    "granularity": "page",
    "noflush": false,
    "nonTemporal": false,
    "nthreads": 16,
    "path": "/dev/dax0.0",
    "set-affinity": true,
    "source": "devdax",
    "stripeSize": 137438953472,
    "totalSize": 137438953472
  },
  "results": {
    "IOPS": 20924575.660559364,
    "MIOPS": 20.924575660559363,
    "MiB_per_sec": 5108.538979628751,
    "addr": 139669115240448,
    "byte_per_sec": 5356691369.103197,
    "success": true,
    "time": 25657.433666
  }
}
