{
  "params": {
    "accessPattern": "random",
    "accessType": "write",
    "blockSize": 64,
    "granularity": "page",
    "noflush": false,
    "nonTemporal": false,
    "nthreads": 4,
    "path": "/dev/dax0.0",
    "set-affinity": true,
    "source": "devdax",
    "stripeSize": 34359738368,
    "totalSize": 34359738368
  },
  "results": {
    "IOPS": 6725050.4066091925,
    "MIOPS": 6.725050406609192,
    "MiB_per_sec": 410.4645023565181,
    "addr": 139539192479744,
    "byte_per_sec": 430403226.0229883,
    "success": true,
    "time": 79831.50750400001
  }
}
