{
  "params": {
    "accessPattern": "random",
    "accessType": "write",
    "blockSize": 64,
    "granularity": "page",
    "noflush": false,
    "nonTemporal": false,
    "nthreads": 8,
    "path": "/dev/dax0.0",
    "set-affinity": true,
    "source": "devdax",
    "stripeSize": 68719476736,
    "totalSize": 68719476736
  },
  "results": {
    "IOPS": 12500607.302899783,
    "MIOPS": 12.500607302899784,
    "MiB_per_sec": 762.9765199523794,
    "addr": 139789374324736,
    "byte_per_sec": 800038867.3855861,
    "success": true,
    "time": 85895.172769
  }
}
