{
  "params": {
    "accessPattern": "random",
    "accessType": "write",
    "blockSize": 64,
    "granularity": "page",
    "noflush": false,
    "nonTemporal": true,
    "nthreads": 1,
    "path": "/dev/dax0.0",
    "set-affinity": true,
    "source": "devdax",
    "stripeSize": 8589934592,
    "totalSize": 8589934592
  },
  "results": {
    "IOPS": 10376347.947987678,
    "MIOPS": 10.376347947987677,
    "MiB_per_sec": 633.3220183097948,
    "addr": 139148350455808,
    "byte_per_sec": 664086268.6712114,
    "success": true,
    "time": 12934.967936
  }
}
