{
  "params": {
    "accessPattern": "random",
    "accessType": "write",
    "blockSize": 256,
    "granularity": "page",
    "noflush": false,
    "nonTemporal": false,
    "nthreads": 4,
    "path": "/dev/dax0.0",
    "set-affinity": true,
    "source": "devdax",
    "stripeSize": 34359738368,
    "totalSize": 34359738368
  },
  "results": {
    "IOPS": 6117386.427122036,
    "MIOPS": 6.117386427122036,
    "MiB_per_sec": 1493.5025456840908,
    "addr": 139975131660288,
    "byte_per_sec": 1566050925.3432412,
    "success": true,
    "time": 21940.371038999998
  }
}
