{
  "params": {
    "accessPattern": "random",
    "accessType": "write",
    "blockSize": 1048576,
    "granularity": "page",
    "noflush": false,
    "nonTemporal": false,
    "nthreads": 1,
    "path": "/dev/dax0.0",
    "set-affinity": true,
    "source": "devdax",
    "stripeSize": 8589934592,
    "totalSize": 8589934592
  },
  "results": {
    "IOPS": 3902.935179819082,
    "MIOPS": 0.003902935179819082,
    "MiB_per_sec": 3902.935179819082,
    "addr": 139924665794560,
    "byte_per_sec": 4092524159.1139736,
    "success": true,
    "time": 2098.933142
  }
}
