{
  "params": {
    "accessPattern": "random",
    "accessType": "write",
    "blockSize": 8192,
    "granularity": "page",
    "noflush": false,
    "nonTemporal": true,
    "nthreads": 4,
    "path": "/dev/dax0.0",
    "set-affinity": true,
    "source": "devdax",
    "stripeSize": 34359738368,
    "totalSize": 34359738368
  },
  "results": {
    "IOPS": 1263470.2783834187,
    "MIOPS": 1.2634702783834186,
    "MiB_per_sec": 9870.861549870458,
    "addr": 139714212397056,
    "byte_per_sec": 10350348520.516966,
    "success": true,
    "time": 3319.6697
  }
}
