{
  "params": {
    "accessPattern": "random",
    "accessType": "write",
    "blockSize": 128,
    "granularity": "page",
    "noflush": false,
    "nonTemporal": false,
    "nthreads": 8,
    "path": "/dev/dax0.0",
    "set-affinity": true,
    "source": "devdax",
    "stripeSize": 68719476736,
    "totalSize": 68719476736
  },
  "results": {
    "IOPS": 11897872.918853153,
    "MIOPS": 11.897872918853153,
    "MiB_per_sec": 1452.3770652896915,
    "addr": 139269683281920,
    "byte_per_sec": 1522927733.6132035,
    "success": true,
    "time": 45123.268307
  }
}
