{
  "params": {
    "accessPattern": "random",
    "accessType": "write",
    "blockSize": 32768,
    "granularity": "page",
    "noflush": false,
    "nonTemporal": false,
    "nthreads": 4,
    "path": "/dev/dax0.0",
    "set-affinity": true,
    "source": "devdax",
    "stripeSize": 34359738368,
    "totalSize": 34359738368
  },
  "results": {
    "IOPS": 293967.27550186473,
    "MIOPS": 0.29396727550186474,
    "MiB_per_sec": 9186.477359433273,
    "addr": 139679852658688,
    "byte_per_sec": 9632719683.645103,
    "success": true,
    "time": 3566.982067
  }
}
