{
  "params": {
    "accessPattern": "random",
    "accessType": "write",
    "blockSize": 4096,
    "granularity": "page",
    "noflush": false,
    "nonTemporal": true,
    "nthreads": 2,
    "path": "/dev/dax0.0",
    "set-affinity": true,
    "source": "devdax",
    "stripeSize": 17179869184,
    "totalSize": 17179869184
  },
  "results": {
    "IOPS": 1493908.3839629288,
    "MIOPS": 1.4939083839629288,
    "MiB_per_sec": 5835.579624855191,
    "addr": 139432892039168,
    "byte_per_sec": 6119048740.712156,
    "success": true,
    "time": 2807.604566
  }
}
