{
  "params": {
    "accessPattern": "random",
    "accessType": "write",
    "blockSize": 524288,
    "granularity": "page",
    "noflush": false,
    "nonTemporal": false,
    "nthreads": 2,
    "path": "/dev/dax0.0",
    "set-affinity": true,
    "source": "devdax",
    "stripeSize": 17179869184,
    "totalSize": 17179869184
  },
  "results": {
    "IOPS": 13956.429645979528,
    "MIOPS": 0.013956429645979528,
    "MiB_per_sec": 6978.214822989764,
    "addr": 139716359880704,
    "byte_per_sec": 7317188586.231315,
    "success": true,
    "time": 2347.878421
  }
}
