{
  "params": {
    "accessPattern": "random",
    "accessType": "write",
    "blockSize": 524288,
    "granularity": "page",
    "noflush": false,
    "nonTemporal": false,
    "nthreads": 1,
    "path": "/dev/dax0.0",
    "set-affinity": true,
    "source": "devdax",
    "stripeSize": 8589934592,
    "totalSize": 8589934592
  },
  "results": {
    "IOPS": 7869.131698299136,
    "MIOPS": 0.007869131698299135,
    "MiB_per_sec": 3934.565849149568,
    "addr": 139771120713728,
    "byte_per_sec": 4125691319.8378572,
    "success": true,
    "time": 2082.059448
  }
}
