{
  "params": {
    "accessPattern": "random",
    "accessType": "write",
    "blockSize": 2048,
    "granularity": "page",
    "noflush": false,
    "nonTemporal": false,
    "nthreads": 2,
    "path": "/dev/dax0.0",
    "set-affinity": true,
    "source": "devdax",
    "stripeSize": 17179869184,
    "totalSize": 17179869184
  },
  "results": {
    "IOPS": 1648502.613224736,
    "MIOPS": 1.648502613224736,
    "MiB_per_sec": 3219.7316664545624,
    "addr": 139736760975360,
    "byte_per_sec": 3376133351.884259,
    "success": true,
    "time": 5088.622810000001
  }
}
