{
  "params": {
    "accessPattern": "random",
    "accessType": "write",
    "blockSize": 512,
    "granularity": "page",
    "noflush": false,
    "nonTemporal": false,
    "nthreads": 1,
    "path": "/dev/dax0.0",
    "set-affinity": true,
    "source": "devdax",
    "stripeSize": 8589934592,
    "totalSize": 8589934592
  },
  "results": {
    "IOPS": 1500201.8074067766,
    "MIOPS": 1.5002018074067767,
    "MiB_per_sec": 732.5204137728401,
    "addr": 139489800355840,
    "byte_per_sec": 768103325.3922696,
    "success": true,
    "time": 11183.306084
  }
}
