{
  "params": {
    "accessPattern": "random",
    "accessType": "write",
    "blockSize": 2048,
    "granularity": "page",
    "noflush": false,
    "nonTemporal": true,
    "nthreads": 4,
    "path": "/dev/dax0.0",
    "set-affinity": true,
    "source": "devdax",
    "stripeSize": 34359738368,
    "totalSize": 34359738368
  },
  "results": {
    "IOPS": 4701495.6594002275,
    "MIOPS": 4.701495659400227,
    "MiB_per_sec": 9182.60870976607,
    "addr": 139730318524416,
    "byte_per_sec": 9628663110.451666,
    "success": true,
    "time": 3568.4848429999997
  }
}
