{
  "params": {
    "accessPattern": "random",
    "accessType": "write",
    "blockSize": 4096,
    "granularity": "page",
    "noflush": false,
    "nonTemporal": false,
    "nthreads": 1,
    "path": "/dev/dax0.0",
    "set-affinity": true,
    "source": "devdax",
    "stripeSize": 8589934592,
    "totalSize": 8589934592
  },
  "results": {
    "IOPS": 547807.6254547084,
    "MIOPS": 0.5478076254547084,
    "MiB_per_sec": 2139.8735369324545,
    "addr": 140174847639552,
    "byte_per_sec": 2243820033.8624854,
    "success": true,
    "time": 3828.263614
  }
}
