{
  "params": {
    "accessPattern": "random",
    "accessType": "write",
    "blockSize": 64,
    "granularity": "page",
    "noflush": false,
    "nonTemporal": true,
    "nthreads": 2,
    "path": "/dev/dax0.0",
    "set-affinity": true,
    "source": "devdax",
    "stripeSize": 17179869184,
    "totalSize": 17179869184
  },
  "results": {
    "IOPS": 20760213.273701847,
    "MIOPS": 20.760213273701847,
    "MiB_per_sec": 1267.1028609437162,
    "addr": 139650861629440,
    "byte_per_sec": 1328653649.5169182,
    "success": true,
    "time": 12930.284119
  }
}
