{
  "params": {
    "accessPattern": "random",
    "accessType": "write",
    "blockSize": 32768,
    "granularity": "page",
    "noflush": false,
    "nonTemporal": true,
    "nthreads": 2,
    "path": "/dev/dax0.0",
    "set-affinity": true,
    "source": "devdax",
    "stripeSize": 17179869184,
    "totalSize": 17179869184
  },
  "results": {
    "IOPS": 415808.1930405779,
    "MIOPS": 0.4158081930405779,
    "MiB_per_sec": 12994.00603251806,
    "addr": 139745350909952,
    "byte_per_sec": 13625202869.553658,
    "success": true,
    "time": 1260.889056
  }
}
