{
  "params": {
    "accessPattern": "random",
    "accessType": "write",
    "blockSize": 64,
    "granularity": "page",
    "noflush": false,
    "nonTemporal": true,
    "nthreads": 1,
    "path": "/dev/dax0.0",
    "set-affinity": true,
    "source": "devdax",
    "stripeSize": 8589934592,
    "totalSize": 8589934592
  },
  "results": {
    "IOPS": 10376479.423562305,
    "MIOPS": 10.376479423562305,
    "MiB_per_sec": 633.3300429420352,
    "addr": 140050293587968,
    "byte_per_sec": 664094683.1079875,
    "success": true,
    "time": 12934.804043
  }
}
