{
  "params": {
    "accessPattern": "random",
    "accessType": "write",
    "blockSize": 262144,
    "granularity": "page",
    "noflush": false,
    "nonTemporal": true,
    "nthreads": 8,
    "path": "/dev/dax0.0",
    "set-affinity": true,
    "source": "devdax",
    "stripeSize": 68719476736,
    "totalSize": 68719476736
  },
  "results": {
    "IOPS": 45627.61118771022,
    "MIOPS": 0.04562761118771022,
    "MiB_per_sec": 11406.902796927556,
    "addr": 139822660321280,
    "byte_per_sec": 11961004507.191109,
    "success": true,
    "time": 5745.293106
  }
}
