{
  "params": {
    "accessPattern": "random",
    "accessType": "write",
    "blockSize": 1024,
    "granularity": "page",
    "noflush": false,
    "nonTemporal": false,
    "nthreads": 1,
    "path": "/dev/dax0.0",
    "set-affinity": true,
    "source": "devdax",
    "stripeSize": 8589934592,
    "totalSize": 8589934592
  },
  "results": {
    "IOPS": 1133071.160039626,
    "MIOPS": 1.1330711600396262,
    "MiB_per_sec": 1106.5148047261973,
    "addr": 139824807804928,
    "byte_per_sec": 1160264867.880577,
    "success": true,
    "time": 7403.425571
  }
}
