{
  "params": {
    "accessPattern": "random",
    "accessType": "write",
    "blockSize": 128,
    "granularity": "page",
    "noflush": false,
    "nonTemporal": true,
    "nthreads": 1,
    "path": "/dev/dax0.0",
    "set-affinity": true,
    "source": "devdax",
    "stripeSize": 8589934592,
    "totalSize": 8589934592
  },
  "results": {
    "IOPS": 10231295.344871672,
    "MIOPS": 10.231295344871672,
    "MiB_per_sec": 1248.9374200282803,
    "addr": 140136192933888,
    "byte_per_sec": 1309605804.143574,
    "success": true,
    "time": 6559.175719
  }
}
