{
  "params": {
    "accessPattern": "random",
    "accessType": "write",
    "blockSize": 512,
    "granularity": "page",
    "noflush": false,
    "nonTemporal": false,
    "nthreads": 8,
    "path": "/dev/dax0.0",
    "set-affinity": true,
    "source": "devdax",
    "stripeSize": 68719476736,
    "totalSize": 68719476736
  },
  "results": {
    "IOPS": 9619080.796902843,
    "MIOPS": 9.619080796902843,
    "MiB_per_sec": 4696.816795362716,
    "addr": 139947214372864,
    "byte_per_sec": 4924969368.0142555,
    "success": true,
    "time": 13953.280031
  }
}
