{
  "params": {
    "accessPattern": "random",
    "accessType": "write",
    "blockSize": 65536,
    "granularity": "page",
    "noflush": false,
    "nonTemporal": true,
    "nthreads": 16,
    "path": "/dev/dax0.0",
    "set-affinity": true,
    "source": "devdax",
    "stripeSize": 137438953472,
    "totalSize": 137438953472
  },
  "results": {
    "IOPS": 159090.29383912077,
    "MIOPS": 0.15909029383912077,
    "MiB_per_sec": 9943.143364945048,
    "addr": 139736760975360,
    "byte_per_sec": 10426141497.040619,
    "success": true,
    "time": 13182.149265
  }
}
