{
  "params": {
    "accessPattern": "random",
    "accessType": "write",
    "blockSize": 524288,
    "granularity": "page",
    "noflush": false,
    "nonTemporal": false,
    "nthreads": 2,
    "path": "/dev/dax0.0",
    "set-affinity": true,
    "source": "devdax",
    "stripeSize": 17179869184,
    "totalSize": 17179869184
  },
  "results": {
    "IOPS": 13971.173287706082,
    "MIOPS": 0.013971173287706083,
    "MiB_per_sec": 6985.586643853041,
    "addr": 139617575632896,
    "byte_per_sec": 7324918500.664846,
    "success": true,
    "time": 2345.400728
  }
}
