{
  "params": {
    "accessPattern": "random",
    "accessType": "write",
    "blockSize": 131072,
    "granularity": "page",
    "noflush": false,
    "nonTemporal": false,
    "nthreads": 8,
    "path": "/dev/dax0.0",
    "set-affinity": true,
    "source": "devdax",
    "stripeSize": 68719476736,
    "totalSize": 68719476736
  },
  "results": {
    "IOPS": 100468.37960829842,
    "MIOPS": 0.10046837960829842,
    "MiB_per_sec": 12558.547451037302,
    "addr": 139990164045824,
    "byte_per_sec": 13168591452.01889,
    "success": true,
    "time": 5218.437900999999
  }
}
