{
  "params": {
    "accessPattern": "random",
    "accessType": "write",
    "blockSize": 16384,
    "granularity": "page",
    "noflush": false,
    "nonTemporal": true,
    "nthreads": 1,
    "path": "/dev/dax0.0",
    "set-affinity": true,
    "source": "devdax",
    "stripeSize": 8589934592,
    "totalSize": 8589934592
  },
  "results": {
    "IOPS": 564317.8014174668,
    "MIOPS": 0.5643178014174668,
    "MiB_per_sec": 8817.46564714792,
    "addr": 139675557691392,
    "byte_per_sec": 9245782858.423777,
    "success": true,
    "time": 929.065145
  }
}
