{
  "params": {
    "accessPattern": "random",
    "accessType": "write",
    "blockSize": 131072,
    "granularity": "page",
    "noflush": false,
    "nonTemporal": true,
    "nthreads": 8,
    "path": "/dev/dax0.0",
    "set-affinity": true,
    "source": "devdax",
    "stripeSize": 68719476736,
    "totalSize": 68719476736
  },
  "results": {
    "IOPS": 92327.65427461856,
    "MIOPS": 0.09232765427461856,
    "MiB_per_sec": 11540.95678432732,
    "addr": 139266462056448,
    "byte_per_sec": 12101570301.082804,
    "success": true,
    "time": 5678.558652000001
  }
}
