{
  "params": {
    "accessPattern": "random",
    "accessType": "write",
    "blockSize": 65536,
    "granularity": "page",
    "noflush": false,
    "nonTemporal": false,
    "nthreads": 1,
    "path": "/dev/dax0.0",
    "set-affinity": true,
    "source": "devdax",
    "stripeSize": 8589934592,
    "totalSize": 8589934592
  },
  "results": {
    "IOPS": 61786.02256951786,
    "MIOPS": 0.06178602256951786,
    "MiB_per_sec": 3861.6264105948662,
    "addr": 139313706696704,
    "byte_per_sec": 4049208775.1159225,
    "success": true,
    "time": 2121.3859469999998
  }
}
