{
  "params": {
    "accessPattern": "sequential",
    "accessType": "write",
    "blockSize": 64,
    "granularity": "page",
    "noflush": false,
    "nonTemporal": false,
    "nthreads": 4,
    "path": "/dev/dax0.0",
    "set-affinity": true,
    "source": "devdax",
    "stripeSize": 34359738368,
    "totalSize": 34359738368
  },
  "results": {
    "IOPS": 30689920.10796614,
    "MIOPS": 30.68992010796614,
    "MiB_per_sec": 1873.1640690897302,
    "addr": 139776489422848,
    "byte_per_sec": 1964154886.909833,
    "success": true,
    "time": 17493.395555
  }
}
