{
  "params": {
    "accessPattern": "sequential",
    "accessType": "write",
    "blockSize": 65536,
    "granularity": "page",
    "noflush": false,
    "nonTemporal": true,
    "nthreads": 16,
    "path": "/dev/dax0.0",
    "set-affinity": true,
    "source": "devdax",
    "stripeSize": 137438953472,
    "totalSize": 137438953472
  },
  "results": {
    "IOPS": 161237.10378337005,
    "MIOPS": 0.16123710378337006,
    "MiB_per_sec": 10077.318986460628,
    "addr": 139894601023488,
    "byte_per_sec": 10566834833.54694,
    "success": true,
    "time": 13006.634024
  }
}
