{
  "params": {
    "accessPattern": "sequential",
    "accessType": "write",
    "blockSize": 4096,
    "granularity": "page",
    "noflush": false,
    "nonTemporal": false,
    "nthreads": 1,
    "path": "/dev/dax0.0",
    "set-affinity": true,
    "source": "devdax",
    "stripeSize": 8589934592,
    "totalSize": 8589934592
  },
  "results": {
    "IOPS": 584220.8554050282,
    "MIOPS": 0.5842208554050282,
    "MiB_per_sec": 2282.1127164258914,
    "addr": 139830176514048,
    "byte_per_sec": 2392968623.7389956,
    "success": true,
    "time": 3589.656173
  }
}
