{
  "params": {
    "accessPattern": "sequential",
    "accessType": "write",
    "blockSize": 16384,
    "granularity": "page",
    "noflush": false,
    "nonTemporal": true,
    "nthreads": 16,
    "path": "/dev/dax0.0",
    "set-affinity": true,
    "source": "devdax",
    "stripeSize": 137438953472,
    "totalSize": 137438953472
  },
  "results": {
    "IOPS": 553745.3795566495,
    "MIOPS": 0.5537453795566495,
    "MiB_per_sec": 8652.271555572648,
    "addr": 139331960307712,
    "byte_per_sec": 9072564298.656145,
    "success": true,
    "time": 15148.854166
  }
}
