{
  "params": {
    "accessPattern": "sequential",
    "accessType": "write",
    "blockSize": 131072,
    "granularity": "page",
    "noflush": false,
    "nonTemporal": true,
    "nthreads": 16,
    "path": "/dev/dax0.0",
    "set-affinity": true,
    "source": "devdax",
    "stripeSize": 137438953472,
    "totalSize": 137438953472
  },
  "results": {
    "IOPS": 82001.10451853566,
    "MIOPS": 0.08200110451853566,
    "MiB_per_sec": 10250.138064816958,
    "addr": 140032039976960,
    "byte_per_sec": 10748048771.453506,
    "success": true,
    "time": 12787.339953
  }
}
