{
  "params": {
    "accessPattern": "sequential",
    "accessType": "write",
    "blockSize": 1048576,
    "granularity": "page",
    "noflush": false,
    "nonTemporal": false,
    "nthreads": 16,
    "path": "/dev/dax0.0",
    "set-affinity": true,
    "source": "devdax",
    "stripeSize": 137438953472,
    "totalSize": 137438953472
  },
  "results": {
    "IOPS": 11533.756099259668,
    "MIOPS": 0.011533756099259667,
    "MiB_per_sec": 11533.756099259668,
    "addr": 139146202972160,
    "byte_per_sec": 12094019835.537306,
    "success": true,
    "time": 11364.207711000001
  }
}
