{
  "params": {
    "accessPattern": "sequential",
    "accessType": "write",
    "blockSize": 262144,
    "granularity": "page",
    "noflush": false,
    "nonTemporal": true,
    "nthreads": 1,
    "path": "/dev/dax0.0",
    "set-affinity": true,
    "source": "devdax",
    "stripeSize": 8589934592,
    "totalSize": 8589934592
  },
  "results": {
    "IOPS": 52752.37207783203,
    "MIOPS": 0.052752372077832024,
    "MiB_per_sec": 13188.093019458007,
    "addr": 139119359426560,
    "byte_per_sec": 13828717825.971199,
    "success": true,
    "time": 621.16638
  }
}
