{
  "params": {
    "accessPattern": "sequential",
    "accessType": "write",
    "blockSize": 524288,
    "granularity": "page",
    "noflush": false,
    "nonTemporal": false,
    "nthreads": 16,
    "path": "/dev/dax0.0",
    "set-affinity": true,
    "source": "devdax",
    "stripeSize": 137438953472,
    "totalSize": 137438953472
  },
  "results": {
    "IOPS": 21980.051328205853,
    "MIOPS": 0.021980051328205852,
    "MiB_per_sec": 10990.025664102926,
    "addr": 139108622008320,
    "byte_per_sec": 11523877150.76239,
    "success": true,
    "time": 11926.450766
  }
}
