{
  "params": {
    "accessPattern": "sequential",
    "accessType": "write",
    "blockSize": 4096,
    "granularity": "page",
    "noflush": false,
    "nonTemporal": false,
    "nthreads": 4,
    "path": "/dev/dax0.0",
    "set-affinity": true,
    "source": "devdax",
    "stripeSize": 34359738368,
    "totalSize": 34359738368
  },
  "results": {
    "IOPS": 1950722.1316878046,
    "MIOPS": 1.9507221316878045,
    "MiB_per_sec": 7620.008326905487,
    "addr": 139806554193920,
    "byte_per_sec": 7990157851.393248,
    "success": true,
    "time": 4300.2577679999995
  }
}
