{
  "params": {
    "accessPattern": "sequential",
    "accessType": "write",
    "blockSize": 512,
    "granularity": "page",
    "noflush": false,
    "nonTemporal": false,
    "nthreads": 4,
    "path": "/dev/dax0.0",
    "set-affinity": true,
    "source": "devdax",
    "stripeSize": 34359738368,
    "totalSize": 34359738368
  },
  "results": {
    "IOPS": 10920298.749894667,
    "MIOPS": 10.920298749894668,
    "MiB_per_sec": 5332.177123972006,
    "addr": 139733539749888,
    "byte_per_sec": 5591192959.94607,
    "success": true,
    "time": 6145.332242
  }
}
