{
  "params": {
    "accessPattern": "sequential",
    "accessType": "write",
    "blockSize": 524288,
    "granularity": "page",
    "noflush": false,
    "nonTemporal": false,
    "nthreads": 8,
    "path": "/dev/dax0.0",
    "set-affinity": true,
    "source": "devdax",
    "stripeSize": 68719476736,
    "totalSize": 68719476736
  },
  "results": {
    "IOPS": 25532.702200123447,
    "MIOPS": 0.025532702200123446,
    "MiB_per_sec": 12766.351100061724,
    "addr": 139607911956480,
    "byte_per_sec": 13386489371.098322,
    "success": true,
    "time": 5133.495036
  }
}
