{
  "params": {
    "accessPattern": "sequential",
    "accessType": "write",
    "blockSize": 512,
    "granularity": "page",
    "noflush": false,
    "nonTemporal": true,
    "nthreads": 1,
    "path": "/dev/dax0.0",
    "set-affinity": true,
    "source": "devdax",
    "stripeSize": 8589934592,
    "totalSize": 8589934592
  },
  "results": {
    "IOPS": 7707509.547674548,
    "MIOPS": 7.707509547674548,
    "MiB_per_sec": 3763.432396325463,
    "addr": 139795816775680,
    "byte_per_sec": 3946244888.4093685,
    "success": true,
    "time": 2176.736324
  }
}
