{
  "params": {
    "accessPattern": "sequential",
    "accessType": "write",
    "blockSize": 262144,
    "granularity": "page",
    "noflush": false,
    "nonTemporal": true,
    "nthreads": 16,
    "path": "/dev/dax0.0",
    "set-affinity": true,
    "source": "devdax",
    "stripeSize": 137438953472,
    "totalSize": 137438953472
  },
  "results": {
    "IOPS": 40199.33882409509,
    "MIOPS": 0.040199338824095085,
    "MiB_per_sec": 10049.834706023772,
    "addr": 140168405188608,
    "byte_per_sec": 10538015476.703583,
    "success": true,
    "time": 13042.204557
  }
}
