{
  "params": {
    "accessPattern": "sequential",
    "accessType": "write",
    "blockSize": 2048,
    "granularity": "page",
    "noflush": false,
    "nonTemporal": false,
    "nthreads": 1,
    "path": "/dev/dax0.0",
    "set-affinity": true,
    "source": "devdax",
    "stripeSize": 8589934592,
    "totalSize": 8589934592
  },
  "results": {
    "IOPS": 1282637.726008041,
    "MIOPS": 1.282637726008041,
    "MiB_per_sec": 2505.151808609455,
    "addr": 139386721140736,
    "byte_per_sec": 2626842062.864468,
    "success": true,
    "time": 3270.061308
  }
}
