{
  "params": {
    "accessPattern": "sequential",
    "accessType": "write",
    "blockSize": 512,
    "granularity": "page",
    "noflush": false,
    "nonTemporal": false,
    "nthreads": 16,
    "path": "/dev/dax0.0",
    "set-affinity": true,
    "source": "devdax",
    "stripeSize": 137438953472,
    "totalSize": 137438953472
  },
  "results": {
    "IOPS": 23842192.58694455,
    "MIOPS": 23.84219258694455,
    "MiB_per_sec": 11641.695599094019,
    "addr": 139708843687936,
    "byte_per_sec": 12207202604.51561,
    "success": true,
    "time": 11258.841024000001
  }
}
