{
  "params": {
    "accessPattern": "sequential",
    "accessType": "write",
    "blockSize": 32768,
    "granularity": "page",
    "noflush": false,
    "nonTemporal": true,
    "nthreads": 2,
    "path": "/dev/dax0.0",
    "set-affinity": true,
    "source": "devdax",
    "stripeSize": 17179869184,
    "totalSize": 17179869184
  },
  "results": {
    "IOPS": 418457.5170712825,
    "MIOPS": 0.4184575170712825,
    "MiB_per_sec": 13076.797408477578,
    "addr": 139232102318080,
    "byte_per_sec": 13712015919.391785,
    "success": true,
    "time": 1252.906158
  }
}
