{
  "params": {
    "accessPattern": "sequential",
    "accessType": "write",
    "blockSize": 4096,
    "granularity": "page",
    "noflush": false,
    "nonTemporal": true,
    "nthreads": 16,
    "path": "/dev/dax0.0",
    "set-affinity": true,
    "source": "devdax",
    "stripeSize": 137438953472,
    "totalSize": 137438953472
  },
  "results": {
    "IOPS": 2311927.988823255,
    "MIOPS": 2.311927988823255,
    "MiB_per_sec": 9030.96870634084,
    "addr": 139228881092608,
    "byte_per_sec": 9469657042.220053,
    "success": true,
    "time": 14513.614681
  }
}
