{
  "params": {
    "accessPattern": "sequential",
    "accessType": "write",
    "blockSize": 131072,
    "granularity": "page",
    "noflush": false,
    "nonTemporal": true,
    "nthreads": 16,
    "path": "/dev/dax0.0",
    "set-affinity": true,
    "source": "devdax",
    "stripeSize": 137438953472,
    "totalSize": 137438953472
  },
  "results": {
    "IOPS": 82164.22254076337,
    "MIOPS": 0.08216422254076337,
    "MiB_per_sec": 10270.52781759542,
    "addr": 139646566662144,
    "byte_per_sec": 10769428976.862936,
    "success": true,
    "time": 12761.953653
  }
}
