{
  "params": {
    "accessPattern": "sequential",
    "accessType": "write",
    "blockSize": 512,
    "granularity": "page",
    "noflush": false,
    "nonTemporal": true,
    "nthreads": 1,
    "path": "/dev/dax0.0",
    "set-affinity": true,
    "source": "devdax",
    "stripeSize": 8589934592,
    "totalSize": 8589934592
  },
  "results": {
    "IOPS": 7640969.530989915,
    "MIOPS": 7.640969530989915,
    "MiB_per_sec": 3730.9421538036695,
    "addr": 139642271694848,
    "byte_per_sec": 3912176399.8668365,
    "success": true,
    "time": 2195.692043
  }
}
