{
  "params": {
    "accessPattern": "sequential",
    "accessType": "write",
    "blockSize": 8192,
    "granularity": "page",
    "noflush": false,
    "nonTemporal": true,
    "nthreads": 1,
    "path": "/dev/dax0.0",
    "set-affinity": true,
    "source": "devdax",
    "stripeSize": 8589934592,
    "totalSize": 8589934592
  },
  "results": {
    "IOPS": 880923.4115402375,
    "MIOPS": 0.8809234115402375,
    "MiB_per_sec": 6882.214152658105,
    "addr": 139268609540096,
    "byte_per_sec": 7216524587.3376255,
    "success": true,
    "time": 1190.314602
  }
}
