{
  "params": {
    "accessPattern": "sequential",
    "accessType": "write",
    "blockSize": 4096,
    "granularity": "page",
    "noflush": false,
    "nonTemporal": false,
    "nthreads": 2,
    "path": "/dev/dax0.0",
    "set-affinity": true,
    "source": "devdax",
    "stripeSize": 17179869184,
    "totalSize": 17179869184
  },
  "results": {
    "IOPS": 1116549.6364767498,
    "MIOPS": 1.1165496364767498,
    "MiB_per_sec": 4361.522017487304,
    "addr": 140127602999296,
    "byte_per_sec": 4573387311.008767,
    "success": true,
    "time": 3756.4868260000003
  }
}
