{
  "params": {
    "accessPattern": "random",
    "accessType": "read",
    "blockSize": 2048,
    "granularity": "page",
    "nonTemporal": true,
    "nthreads": 48,
    "path": "/dev/dax0.0",
    "set-affinity": true,
    "source": "devdax",
    "stripeSize": 412316860416,
    "totalSize": 412316860416
  },
  "results": {
    "IOPS": 29854290.158250548,
    "MIOPS": 29.85429015825055,
    "MiB_per_sec": 58309.1604653331,
    "addr": 20640539082752,
    "byte_per_sec": 61141586244.09712,
    "success": true,
    "time": 6743.640225
  }
}
