{
  "params": {
    "accessPattern": "random",
    "accessType": "read",
    "blockSize": 64,
    "granularity": "page",
    "nonTemporal": true,
    "nthreads": 16,
    "path": "/dev/dax0.0",
    "set-affinity": true,
    "source": "devdax",
    "stripeSize": 137438953472,
    "totalSize": 137438953472
  },
  "results": {
    "IOPS": 301416336.47827584,
    "MIOPS": 301.4163364782758,
    "MiB_per_sec": 18396.99319325414,
    "addr": 20258286993408,
    "byte_per_sec": 19290645534.609653,
    "success": true,
    "time": 7124.642523
  }
}
