{
  "params": {
    "accessPattern": "random",
    "accessType": "read",
    "blockSize": 256,
    "granularity": "page",
    "nonTemporal": true,
    "nthreads": 1,
    "path": "/dev/dax0.0",
    "set-affinity": true,
    "source": "anon",
    "stripeSize": 8589934592,
    "totalSize": 8589934592
  },
  "results": {
    "IOPS": 6111863.697575425,
    "MIOPS": 6.111863697575425,
    "MiB_per_sec": 1492.1542230408752,
    "addr": 22491669987328,
    "byte_per_sec": 1564637106.5793087,
    "success": true,
    "time": 5490.049134000001
  }
}
