{
  "params": {
    "accessPattern": "random",
    "accessType": "read",
    "blockSize": 32768,
    "granularity": "page",
    "nonTemporal": true,
    "nthreads": 1,
    "path": "/dev/dax0.0",
    "set-affinity": true,
    "source": "anon",
    "stripeSize": 8589934592,
    "totalSize": 8589934592
  },
  "results": {
    "IOPS": 65759.68569731971,
    "MIOPS": 0.06575968569731971,
    "MiB_per_sec": 2054.990178041241,
    "addr": 22949084004352,
    "byte_per_sec": 2154813380.9297724,
    "success": true,
    "time": 3986.393749
  }
}
