{
  "params": {
    "accessPattern": "random",
    "accessType": "read",
    "blockSize": 2048,
    "granularity": "page",
    "nonTemporal": true,
    "nthreads": 1,
    "path": "/dev/dax0.0",
    "set-affinity": true,
    "source": "devdax",
    "stripeSize": 8589934592,
    "totalSize": 8589934592
  },
  "results": {
    "IOPS": 1390240.100660089,
    "MIOPS": 1.3902401006600889,
    "MiB_per_sec": 2715.312696601736,
    "addr": 21205327282176,
    "byte_per_sec": 2847211726.151862,
    "success": true,
    "time": 3016.9637589999998
  }
}
