{
  "params": {
    "accessPattern": "random",
    "accessType": "read",
    "blockSize": 1048576,
    "granularity": "page",
    "nonTemporal": true,
    "nthreads": 2,
    "path": "/dev/dax0.0",
    "set-affinity": true,
    "source": "devdax",
    "stripeSize": 17179869184,
    "totalSize": 17179869184
  },
  "results": {
    "IOPS": 8305.83438809547,
    "MIOPS": 0.00830583438809547,
    "MiB_per_sec": 8305.83438809547,
    "addr": 20782273003520,
    "byte_per_sec": 8709298599.331596,
    "success": true,
    "time": 1972.589295
  }
}
