{
  "params": {
    "accessPattern": "random",
    "accessType": "read",
    "blockSize": 256,
    "granularity": "page",
    "nonTemporal": true,
    "nthreads": 8,
    "path": "/dev/dax0.0",
    "set-affinity": true,
    "source": "devdax",
    "stripeSize": 68719476736,
    "totalSize": 68719476736
  },
  "results": {
    "IOPS": 61562899.8046992,
    "MIOPS": 61.5628998046992,
    "MiB_per_sec": 15030.00483513164,
    "addr": 20725364686848,
    "byte_per_sec": 15760102350.002995,
    "success": true,
    "time": 4360.344572
  }
}
