{
  "params": {
    "accessPattern": "random",
    "accessType": "read",
    "blockSize": 262144,
    "granularity": "page",
    "nonTemporal": true,
    "nthreads": 8,
    "path": "/dev/dax0.0",
    "set-affinity": true,
    "source": "devdax",
    "stripeSize": 68719476736,
    "totalSize": 68719476736
  },
  "results": {
    "IOPS": 129094.43164157153,
    "MIOPS": 0.12909443164157153,
    "MiB_per_sec": 32273.607910392882,
    "addr": 20776904294400,
    "byte_per_sec": 33841330688.248127,
    "success": true,
    "time": 2030.637547
  }
}
