{
  "params": {
    "accessPattern": "random",
    "accessType": "read",
    "blockSize": 1048576,
    "granularity": "page",
    "nonTemporal": true,
    "nthreads": 1,
    "path": "/dev/dax0.0",
    "set-affinity": true,
    "source": "anon",
    "stripeSize": 8589934592,
    "totalSize": 8589934592
  },
  "results": {
    "IOPS": 2085.047906846673,
    "MIOPS": 0.002085047906846673,
    "MiB_per_sec": 2085.047906846673,
    "addr": 23095112892416,
    "byte_per_sec": 2186331193.969657,
    "success": true,
    "time": 3928.926512
  }
}
