{
  "params": {
    "accessPattern": "random",
    "accessType": "read",
    "blockSize": 65536,
    "granularity": "page",
    "nonTemporal": true,
    "nthreads": 1,
    "path": "/dev/dax0.0",
    "set-affinity": true,
    "source": "devdax",
    "stripeSize": 8589934592,
    "totalSize": 8589934592
  },
  "results": {
    "IOPS": 69015.0570306623,
    "MIOPS": 0.0690150570306623,
    "MiB_per_sec": 4313.441064416394,
    "addr": 20726438428672,
    "byte_per_sec": 4522970777.561484,
    "success": true,
    "time": 1899.179768
  }
}
