{
  "params": {
    "accessPattern": "random",
    "accessType": "read",
    "blockSize": 4096,
    "granularity": "page",
    "nonTemporal": true,
    "nthreads": 2,
    "path": "/dev/dax0.0",
    "set-affinity": true,
    "source": "devdax",
    "stripeSize": 17179869184,
    "totalSize": 17179869184
  },
  "results": {
    "IOPS": 1741142.3348531972,
    "MIOPS": 1.7411423348531971,
    "MiB_per_sec": 6801.337245520302,
    "addr": 21103321808896,
    "byte_per_sec": 7131719003.558696,
    "success": true,
    "time": 2408.9380380000002
  }
}
