{
  "params": {
    "accessPattern": "random",
    "accessType": "read",
    "blockSize": 1048576,
    "granularity": "page",
    "nonTemporal": true,
    "nthreads": 2,
    "path": "/dev/dax0.0",
    "set-affinity": true,
    "source": "devdax",
    "stripeSize": 17179869184,
    "totalSize": 17179869184
  },
  "results": {
    "IOPS": 8335.414528729376,
    "MIOPS": 0.008335414528729376,
    "MiB_per_sec": 8335.414528729376,
    "addr": 20571819606016,
    "byte_per_sec": 8740315624.876934,
    "success": true,
    "time": 1965.589107
  }
}
