{
  "params": {
    "accessPattern": "random",
    "accessType": "read",
    "blockSize": 512,
    "granularity": "page",
    "nonTemporal": true,
    "nthreads": 16,
    "path": "/dev/dax0.0",
    "set-affinity": true,
    "source": "anon",
    "stripeSize": 137438953472,
    "totalSize": 137438953472
  },
  "results": {
    "IOPS": 4306437.924054512,
    "MIOPS": 4.306437924054512,
    "MiB_per_sec": 2102.752892604742,
    "addr": 22623740231680,
    "byte_per_sec": 2204896217.11591,
    "success": true,
    "time": 62333.525
  }
}
