{
  "params": {
    "accessPattern": "random",
    "accessType": "read",
    "blockSize": 1048576,
    "granularity": "page",
    "nonTemporal": true,
    "nthreads": 8,
    "path": "/dev/dax0.0",
    "set-affinity": true,
    "source": "anon",
    "stripeSize": 68719476736,
    "totalSize": 68719476736
  },
  "results": {
    "IOPS": 6267.038856148881,
    "MIOPS": 0.006267038856148881,
    "MiB_per_sec": 6267.038856148881,
    "addr": 22753662992384,
    "byte_per_sec": 6571466535.625169,
    "success": true,
    "time": 10457.251264
  }
}
