{
  "params": {
    "accessPattern": "random",
    "accessType": "read",
    "blockSize": 256,
    "granularity": "page",
    "nonTemporal": true,
    "nthreads": 16,
    "path": "/dev/dax0.0",
    "set-affinity": true,
    "source": "devdax",
    "stripeSize": 137438953472,
    "totalSize": 137438953472
  },
  "results": {
    "IOPS": 115520069.86860229,
    "MIOPS": 115.52006986860229,
    "MiB_per_sec": 28203.14205776423,
    "addr": 21203179798528,
    "byte_per_sec": 29573137886.362186,
    "success": true,
    "time": 4647.4254439999995
  }
}
