{
  "params": {
    "accessPattern": "random",
    "accessType": "read",
    "blockSize": 524288,
    "granularity": "page",
    "nonTemporal": true,
    "nthreads": 8,
    "path": "/dev/dax0.0",
    "set-affinity": true,
    "source": "anon",
    "stripeSize": 68719476736,
    "totalSize": 68719476736
  },
  "results": {
    "IOPS": 12382.551342980818,
    "MIOPS": 0.012382551342980818,
    "MiB_per_sec": 6191.275671490409,
    "addr": 22998476128256,
    "byte_per_sec": 6492023078.508727,
    "success": true,
    "time": 10585.217567000002
  }
}
