{
  "params": {
    "accessPattern": "random",
    "accessType": "read",
    "blockSize": 16384,
    "granularity": "page",
    "nonTemporal": true,
    "nthreads": 16,
    "path": "/dev/dax0.0",
    "set-affinity": true,
    "source": "devdax",
    "stripeSize": 137438953472,
    "totalSize": 137438953472
  },
  "results": {
    "IOPS": 3578972.0296789072,
    "MIOPS": 3.578972029678907,
    "MiB_per_sec": 55921.437963732926,
    "addr": 20488067743744,
    "byte_per_sec": 58637877734.25922,
    "success": true,
    "time": 2343.859614
  }
}
