{
  "params": {
    "accessPattern": "random",
    "accessType": "read",
    "blockSize": 8192,
    "granularity": "page",
    "nonTemporal": true,
    "nthreads": 4,
    "path": "/dev/dax0.0",
    "set-affinity": true,
    "source": "devdax",
    "stripeSize": 34359738368,
    "totalSize": 34359738368
  },
  "results": {
    "IOPS": 2034726.5655689877,
    "MIOPS": 2.0347265655689877,
    "MiB_per_sec": 15896.301293507717,
    "addr": 21261161857024,
    "byte_per_sec": 16668480025.141148,
    "success": true,
    "time": 2061.360023
  }
}
