{
  "params": {
    "accessPattern": "random",
    "accessType": "read",
    "blockSize": 512,
    "granularity": "page",
    "nonTemporal": true,
    "nthreads": 4,
    "path": "/dev/dax0.0",
    "set-affinity": true,
    "source": "anon",
    "stripeSize": 34359738368,
    "totalSize": 34359738368
  },
  "results": {
    "IOPS": 7872711.54383894,
    "MIOPS": 7.87271154383894,
    "MiB_per_sec": 3844.0974335151072,
    "addr": 22531398434816,
    "byte_per_sec": 4030828310.445537,
    "success": true,
    "time": 8524.237631
  }
}
