{
  "params": {
    "accessPattern": "random",
    "accessType": "read",
    "blockSize": 256,
    "granularity": "page",
    "nonTemporal": true,
    "nthreads": 2,
    "path": "/dev/dax0.0",
    "set-affinity": true,
    "source": "anon",
    "stripeSize": 17179869184,
    "totalSize": 17179869184
  },
  "results": {
    "IOPS": 9808054.466590889,
    "MIOPS": 9.808054466590889,
    "MiB_per_sec": 2394.544547507541,
    "addr": 23322746159104,
    "byte_per_sec": 2510861943.4472675,
    "success": true,
    "time": 6842.219752
  }
}
