{
  "params": {
    "accessPattern": "random",
    "accessType": "read",
    "blockSize": 4096,
    "granularity": "page",
    "nonTemporal": true,
    "nthreads": 4,
    "path": "/dev/dax0.0",
    "set-affinity": true,
    "source": "devdax",
    "stripeSize": 34359738368,
    "totalSize": 34359738368
  },
  "results": {
    "IOPS": 3362204.8184852554,
    "MIOPS": 3.3622048184852553,
    "MiB_per_sec": 13133.612572208029,
    "addr": 20713553526784,
    "byte_per_sec": 13771590936.515606,
    "success": true,
    "time": 2494.972333
  }
}
