{
  "params": {
    "accessPattern": "random",
    "accessType": "read",
    "blockSize": 262144,
    "granularity": "page",
    "nonTemporal": true,
    "nthreads": 48,
    "path": "/dev/dax0.0",
    "set-affinity": true,
    "source": "devdax",
    "stripeSize": 412316860416,
    "totalSize": 412316860416
  },
  "results": {
    "IOPS": 313619.238009706,
    "MIOPS": 0.31361923800970604,
    "MiB_per_sec": 78404.8095024265,
    "addr": 20935818084352,
    "byte_per_sec": 82213401528.81638,
    "success": true,
    "time": 5015.202543
  }
}
