{
  "params": {
    "accessPattern": "random",
    "accessType": "read",
    "blockSize": 131072,
    "granularity": "page",
    "nonTemporal": true,
    "nthreads": 2,
    "path": "/dev/dax0.0",
    "set-affinity": true,
    "source": "anon",
    "stripeSize": 17179869184,
    "totalSize": 17179869184
  },
  "results": {
    "IOPS": 26130.337533515558,
    "MIOPS": 0.026130337533515558,
    "MiB_per_sec": 3266.2921916894447,
    "addr": 23349589704704,
    "byte_per_sec": 3424955601.192951,
    "success": true,
    "time": 5016.085224
  }
}
