{
  "params": {
    "accessPattern": "random",
    "accessType": "read",
    "blockSize": 524288,
    "granularity": "page",
    "nonTemporal": true,
    "nthreads": 1,
    "path": "/dev/dax0.0",
    "set-affinity": true,
    "source": "anon",
    "stripeSize": 8589934592,
    "totalSize": 8589934592
  },
  "results": {
    "IOPS": 4193.118670697355,
    "MIOPS": 0.004193118670697355,
    "MiB_per_sec": 2096.5593353486775,
    "addr": 23204634558464,
    "byte_per_sec": 2198401801.622575,
    "success": true,
    "time": 3907.354236
  }
}
