{
  "params": {
    "accessPattern": "random",
    "accessType": "read",
    "blockSize": 2048,
    "granularity": "page",
    "nonTemporal": true,
    "nthreads": 2,
    "path": "/dev/dax0.0",
    "set-affinity": true,
    "source": "devdax",
    "stripeSize": 17179869184,
    "totalSize": 17179869184
  },
  "results": {
    "IOPS": 2726244.541828727,
    "MIOPS": 2.7262445418287267,
    "MiB_per_sec": 5324.696370759232,
    "addr": 20933670600704,
    "byte_per_sec": 5583348821.665233,
    "success": true,
    "time": 3076.98296
  }
}
