{
  "params": {
    "accessPattern": "random",
    "accessType": "read",
    "blockSize": 128,
    "granularity": "page",
    "nonTemporal": true,
    "nthreads": 4,
    "path": "/dev/dax0.0",
    "set-affinity": true,
    "source": "anon",
    "stripeSize": 34359738368,
    "totalSize": 34359738368
  },
  "results": {
    "IOPS": 30339537.74660257,
    "MIOPS": 30.33953774660257,
    "MiB_per_sec": 3703.5568538333214,
    "addr": 23261542875136,
    "byte_per_sec": 3883460831.565129,
    "success": true,
    "time": 8847.710807
  }
}
