{
  "params": {
    "accessPattern": "random",
    "accessType": "read",
    "blockSize": 16384,
    "granularity": "page",
    "nonTemporal": true,
    "nthreads": 1,
    "path": "/dev/dax0.0",
    "set-affinity": true,
    "source": "anon",
    "stripeSize": 8589934592,
    "totalSize": 8589934592
  },
  "results": {
    "IOPS": 129127.37479223686,
    "MIOPS": 0.12912737479223688,
    "MiB_per_sec": 2017.615231128701,
    "addr": 22826677436416,
    "byte_per_sec": 2115622908.5960088,
    "success": true,
    "time": 4060.238976
  }
}
