{
  "params": {
    "accessPattern": "random",
    "accessType": "read",
    "blockSize": 131072,
    "granularity": "page",
    "nonTemporal": true,
    "nthreads": 8,
    "path": "/dev/dax0.0",
    "set-affinity": true,
    "source": "devdax",
    "stripeSize": 68719476736,
    "totalSize": 68719476736
  },
  "results": {
    "IOPS": 256329.61848685227,
    "MIOPS": 0.25632961848685226,
    "MiB_per_sec": 32041.202310856534,
    "addr": 20412905816064,
    "byte_per_sec": 33597635754.3087,
    "success": true,
    "time": 2045.366443
  }
}
