{
  "params": {
    "accessPattern": "random",
    "accessType": "read",
    "blockSize": 128,
    "granularity": "page",
    "nonTemporal": true,
    "nthreads": 1,
    "path": "/dev/dax0.0",
    "set-affinity": true,
    "source": "devdax",
    "stripeSize": 8589934592,
    "totalSize": 8589934592
  },
  "results": {
    "IOPS": 11584823.69470196,
    "MIOPS": 11.58482369470196,
    "MiB_per_sec": 1414.163048669673,
    "addr": 20349555048448,
    "byte_per_sec": 1482857432.921851,
    "success": true,
    "time": 5792.8256630000005
  }
}
