{
  "params": {
    "accessPattern": "random",
    "accessType": "read",
    "blockSize": 262144,
    "granularity": "page",
    "nonTemporal": true,
    "nthreads": 16,
    "path": "/dev/dax0.0",
    "set-affinity": true,
    "source": "anon",
    "stripeSize": 137438953472,
    "totalSize": 137438953472
  },
  "results": {
    "IOPS": 23334.750168594157,
    "MIOPS": 0.023334750168594157,
    "MiB_per_sec": 5833.687542148539,
    "addr": 22726819446784,
    "byte_per_sec": 6117064748.195947,
    "success": true,
    "time": 22468.121415999998
  }
}
