{
  "params": {
    "accessPattern": "random",
    "accessType": "read",
    "blockSize": 16384,
    "granularity": "page",
    "nonTemporal": true,
    "nthreads": 1,
    "path": "/dev/dax0.0",
    "set-affinity": true,
    "source": "anon",
    "stripeSize": 8589934592,
    "totalSize": 8589934592
  },
  "results": {
    "IOPS": 129184.90769088242,
    "MIOPS": 0.12918490769088242,
    "MiB_per_sec": 2018.5141826700378,
    "addr": 22810571309056,
    "byte_per_sec": 2116565527.6074176,
    "success": true,
    "time": 4058.4307360000003
  }
}
