{
  "params": {
    "accessPattern": "random",
    "accessType": "read",
    "blockSize": 32768,
    "granularity": "page",
    "nonTemporal": true,
    "nthreads": 8,
    "path": "/dev/dax0.0",
    "set-affinity": true,
    "source": "anon",
    "stripeSize": 68719476736,
    "totalSize": 68719476736
  },
  "results": {
    "IOPS": 233132.03518419384,
    "MIOPS": 0.23313203518419384,
    "MiB_per_sec": 7285.3760995060575,
    "addr": 22565758173184,
    "byte_per_sec": 7639270528.915664,
    "success": true,
    "time": 8995.554807999999
  }
}
