{
  "params": {
    "accessPattern": "random",
    "accessType": "read",
    "blockSize": 32768,
    "granularity": "page",
    "nonTemporal": true,
    "nthreads": 48,
    "path": "/dev/dax0.0",
    "set-affinity": true,
    "source": "devdax",
    "stripeSize": 412316860416,
    "totalSize": 412316860416
  },
  "results": {
    "IOPS": 2437172.462953659,
    "MIOPS": 2.437172462953659,
    "MiB_per_sec": 76161.63946730184,
    "addr": 21158082641920,
    "byte_per_sec": 79861267266.06549,
    "success": true,
    "time": 5162.91407
  }
}
