{
  "params": {
    "accessPattern": "random",
    "accessType": "read",
    "blockSize": 131072,
    "granularity": "page",
    "nonTemporal": true,
    "nthreads": 4,
    "path": "/dev/dax0.0",
    "set-affinity": true,
    "source": "devdax",
    "stripeSize": 34359738368,
    "totalSize": 34359738368
  },
  "results": {
    "IOPS": 134125.13689851834,
    "MIOPS": 0.13412513689851835,
    "MiB_per_sec": 16765.642112314792,
    "addr": 20256139509760,
    "byte_per_sec": 17580049943.562595,
    "success": true,
    "time": 1954.473308
  }
}
