{
  "params": {
    "accessPattern": "random",
    "accessType": "read",
    "blockSize": 16384,
    "granularity": "page",
    "nonTemporal": true,
    "nthreads": 4,
    "path": "/dev/dax0.0",
    "set-affinity": true,
    "source": "anon",
    "stripeSize": 34359738368,
    "totalSize": 34359738368
  },
  "results": {
    "IOPS": 368345.488458228,
    "MIOPS": 0.368345488458228,
    "MiB_per_sec": 5755.398257159813,
    "addr": 22900765622272,
    "byte_per_sec": 6034972482.899608,
    "success": true,
    "time": 5693.437454
  }
}
