{
  "params": {
    "accessPattern": "random",
    "accessType": "read",
    "blockSize": 8192,
    "granularity": "page",
    "nonTemporal": true,
    "nthreads": 2,
    "path": "/dev/dax0.0",
    "set-affinity": true,
    "source": "devdax",
    "stripeSize": 17179869184,
    "totalSize": 17179869184
  },
  "results": {
    "IOPS": 1037491.4778812639,
    "MIOPS": 1.0374914778812638,
    "MiB_per_sec": 8105.4021709473745,
    "addr": 20742544556032,
    "byte_per_sec": 8499130186.803314,
    "success": true,
    "time": 2021.3679290000002
  }
}
