{
  "params": {
    "accessPattern": "random",
    "accessType": "read",
    "blockSize": 262144,
    "granularity": "page",
    "nonTemporal": true,
    "nthreads": 16,
    "path": "/dev/dax0.0",
    "set-affinity": true,
    "source": "anon",
    "stripeSize": 137438953472,
    "totalSize": 137438953472
  },
  "results": {
    "IOPS": 17028.332586893976,
    "MIOPS": 0.017028332586893975,
    "MiB_per_sec": 4257.083146723494,
    "addr": 22272626655232,
    "byte_per_sec": 4463875217.658734,
    "success": true,
    "time": 30789.156679
  }
}
