{
  "params": {
    "accessPattern": "random",
    "accessType": "read",
    "blockSize": 128,
    "granularity": "page",
    "nonTemporal": true,
    "nthreads": 1,
    "path": "/dev/dax0.0",
    "set-affinity": true,
    "source": "anon",
    "stripeSize": 8589934592,
    "totalSize": 8589934592
  },
  "results": {
    "IOPS": 10810097.176548185,
    "MIOPS": 10.810097176548185,
    "MiB_per_sec": 1319.5919404966046,
    "addr": 23314156224512,
    "byte_per_sec": 1383692438.5981677,
    "success": true,
    "time": 6207.979716
  }
}
