{
  "params": {
    "accessPattern": "random",
    "accessType": "read",
    "blockSize": 2048,
    "granularity": "page",
    "nonTemporal": true,
    "nthreads": 8,
    "path": "/dev/dax0.0",
    "set-affinity": true,
    "source": "anon",
    "stripeSize": 68719476736,
    "totalSize": 68719476736
  },
  "results": {
    "IOPS": 3049137.1773221223,
    "MIOPS": 3.0491371773221223,
    "MiB_per_sec": 5955.34604945727,
    "addr": 23167053594624,
    "byte_per_sec": 6244632939.155706,
    "success": true,
    "time": 11004.566225999999
  }
}
