{
  "params": {
    "accessPattern": "random",
    "accessType": "read",
    "blockSize": 524288,
    "granularity": "page",
    "nonTemporal": true,
    "nthreads": 16,
    "path": "/dev/dax0.0",
    "set-affinity": true,
    "source": "anon",
    "stripeSize": 137438953472,
    "totalSize": 137438953472
  },
  "results": {
    "IOPS": 9543.530565239185,
    "MIOPS": 0.009543530565239185,
    "MiB_per_sec": 4771.765282619593,
    "addr": 22637698875392,
    "byte_per_sec": 5003558552.988122,
    "success": true,
    "time": 27468.241255999998
  }
}
