{
  "params": {
    "accessPattern": "random",
    "accessType": "read",
    "blockSize": 1024,
    "granularity": "page",
    "nonTemporal": true,
    "nthreads": 2,
    "path": "/dev/dax0.0",
    "set-affinity": true,
    "source": "devdax",
    "stripeSize": 17179869184,
    "totalSize": 17179869184
  },
  "results": {
    "IOPS": 4550539.569315763,
    "MIOPS": 4.550539569315763,
    "MiB_per_sec": 4443.886298159925,
    "addr": 20609400569856,
    "byte_per_sec": 4659752518.9793415,
    "success": true,
    "time": 3686.863007
  }
}
