{
  "params": {
    "accessPattern": "random",
    "accessType": "read",
    "blockSize": 64,
    "granularity": "page",
    "nonTemporal": true,
    "nthreads": 1,
    "path": "/dev/dax0.0",
    "set-affinity": true,
    "source": "anon",
    "stripeSize": 8589934592,
    "totalSize": 8589934592
  },
  "results": {
    "IOPS": 21439440.39954977,
    "MIOPS": 21.43944039954977,
    "MiB_per_sec": 1308.5595946990827,
    "addr": 22746146799616,
    "byte_per_sec": 1372124185.5711854,
    "success": true,
    "time": 6260.318623
  }
}
