{
  "params": {
    "accessPattern": "sequential",
    "accessType": "read",
    "blockSize": 16384,
    "granularity": "page",
    "nonTemporal": true,
    "nthreads": 1,
    "path": "/dev/dax0.0",
    "set-affinity": true,
    "source": "anon",
    "stripeSize": 8589934592,
    "totalSize": 8589934592
  },
  "results": {
    "IOPS": 138311.39591575137,
    "MIOPS": 0.13831139591575137,
    "MiB_per_sec": 2161.1155611836152,
    "addr": 22839562338304,
    "byte_per_sec": 2266093910.6836705,
    "success": true,
    "time": 3790.634868
  }
}
