{
  "params": {
    "accessPattern": "sequential",
    "accessType": "read",
    "blockSize": 16384,
    "granularity": "page",
    "nonTemporal": true,
    "nthreads": 32,
    "path": "/dev/dax0.0",
    "set-affinity": true,
    "source": "devdax",
    "stripeSize": 274877906944,
    "totalSize": 274877906944
  },
  "results": {
    "IOPS": 4738668.224149725,
    "MIOPS": 4.738668224149725,
    "MiB_per_sec": 74041.69100233946,
    "addr": 20768314359808,
    "byte_per_sec": 77638340184.4691,
    "success": true,
    "time": 3540.491802
  }
}
