{
  "params": {
    "accessPattern": "sequential",
    "accessType": "read",
    "blockSize": 2048,
    "granularity": "page",
    "nonTemporal": true,
    "nthreads": 8,
    "path": "/dev/dax0.0",
    "set-affinity": true,
    "source": "anon",
    "stripeSize": 68719476736,
    "totalSize": 68719476736
  },
  "results": {
    "IOPS": 2850492.239925026,
    "MIOPS": 2.850492239925026,
    "MiB_per_sec": 5567.367656103566,
    "addr": 22905060589568,
    "byte_per_sec": 5837808107.366453,
    "success": true,
    "time": 11771.451797
  }
}
