{
  "params": {
    "accessPattern": "sequential",
    "accessType": "read",
    "blockSize": 131072,
    "granularity": "page",
    "nonTemporal": true,
    "nthreads": 48,
    "path": "/dev/dax0.0",
    "set-affinity": true,
    "source": "devdax",
    "stripeSize": 412316860416,
    "totalSize": 412316860416
  },
  "results": {
    "IOPS": 629611.4083044183,
    "MIOPS": 0.6296114083044183,
    "MiB_per_sec": 78701.42603805229,
    "addr": 21251498180608,
    "byte_per_sec": 82524426509.27672,
    "success": true,
    "time": 4996.300827
  }
}
