{
  "params": {
    "accessPattern": "sequential",
    "accessType": "read",
    "blockSize": 16384,
    "granularity": "page",
    "nonTemporal": true,
    "nthreads": 2,
    "path": "/dev/dax0.0",
    "set-affinity": true,
    "source": "anon",
    "stripeSize": 17179869184,
    "totalSize": 17179869184
  },
  "results": {
    "IOPS": 206857.78271947242,
    "MIOPS": 0.20685778271947242,
    "MiB_per_sec": 3232.1528549917566,
    "addr": 22966263873536,
    "byte_per_sec": 3389157912.075836,
    "success": true,
    "time": 5069.067193000001
  }
}
