{
  "params": {
    "accessPattern": "sequential",
    "accessType": "read",
    "blockSize": 64,
    "granularity": "page",
    "nonTemporal": true,
    "nthreads": 8,
    "path": "/dev/dax0.0",
    "set-affinity": true,
    "source": "anon",
    "stripeSize": 68719476736,
    "totalSize": 68719476736
  },
  "results": {
    "IOPS": 104510538.2915786,
    "MIOPS": 104.51053829157861,
    "MiB_per_sec": 6378.817034398108,
    "addr": 22769769119744,
    "byte_per_sec": 6688674450.661031,
    "success": true,
    "time": 10274.005297
  }
}
