{
  "params": {
    "accessPattern": "sequential",
    "accessType": "read",
    "blockSize": 256,
    "granularity": "page",
    "nonTemporal": true,
    "nthreads": 8,
    "path": "/dev/dax0.0",
    "set-affinity": true,
    "source": "anon",
    "stripeSize": 68719476736,
    "totalSize": 68719476736
  },
  "results": {
    "IOPS": 22622593.19750369,
    "MIOPS": 22.62259319750369,
    "MiB_per_sec": 5523.094042359299,
    "addr": 22364968452096,
    "byte_per_sec": 5791383858.560945,
    "success": true,
    "time": 11865.812803
  }
}
