{
  "params": {
    "accessPattern": "sequential",
    "accessType": "read",
    "blockSize": 32768,
    "granularity": "page",
    "nonTemporal": true,
    "nthreads": 48,
    "path": "/dev/dax0.0",
    "set-affinity": true,
    "source": "devdax",
    "stripeSize": 412316860416,
    "totalSize": 412316860416
  },
  "results": {
    "IOPS": 2531475.229778612,
    "MIOPS": 2.531475229778612,
    "MiB_per_sec": 79108.60093058163,
    "addr": 21248276955136,
    "byte_per_sec": 82951380329.38556,
    "success": true,
    "time": 4970.584682
  }
}
