{
  "params": {
    "accessPattern": "sequential",
    "accessType": "read",
    "blockSize": 512,
    "granularity": "page",
    "nonTemporal": true,
    "nthreads": 48,
    "path": "/dev/dax0.0",
    "set-affinity": true,
    "source": "devdax",
    "stripeSize": 412316860416,
    "totalSize": 412316860416
  },
  "results": {
    "IOPS": 161245975.15643418,
    "MIOPS": 161.24597515643418,
    "MiB_per_sec": 78733.38630685263,
    "addr": 20714627268608,
    "byte_per_sec": 82557939280.0943,
    "success": true,
    "time": 4994.272677
  }
}
