{
  "params": {
    "accessPattern": "sequential",
    "accessType": "read",
    "blockSize": 524288,
    "granularity": "page",
    "nonTemporal": true,
    "nthreads": 32,
    "path": "/dev/dax0.0",
    "set-affinity": true,
    "source": "devdax",
    "stripeSize": 274877906944,
    "totalSize": 274877906944
  },
  "results": {
    "IOPS": 154715.50312893314,
    "MIOPS": 0.15471550312893315,
    "MiB_per_sec": 77357.75156446657,
    "addr": 20984136466432,
    "byte_per_sec": 81115481704.4621,
    "success": true,
    "time": 3388.7231039999997
  }
}
