{
  "params": {
    "accessPattern": "sequential",
    "accessType": "read",
    "blockSize": 65536,
    "granularity": "page",
    "nonTemporal": true,
    "nthreads": 32,
    "path": "/dev/dax0.0",
    "set-affinity": true,
    "source": "devdax",
    "stripeSize": 274877906944,
    "totalSize": 274877906944
  },
  "results": {
    "IOPS": 1269253.4432067159,
    "MIOPS": 1.269253443206716,
    "MiB_per_sec": 79328.34020041974,
    "addr": 20989505175552,
    "byte_per_sec": 83181793653.99533,
    "success": true,
    "time": 3304.544118
  }
}
