{
  "params": {
    "accessPattern": "sequential",
    "accessType": "read",
    "blockSize": 32768,
    "granularity": "page",
    "nonTemporal": true,
    "nthreads": 1,
    "path": "/dev/dax0.0",
    "set-affinity": true,
    "source": "anon",
    "stripeSize": 8589934592,
    "totalSize": 8589934592
  },
  "results": {
    "IOPS": 67980.6183871225,
    "MIOPS": 0.0679806183871225,
    "MiB_per_sec": 2124.394324597578,
    "addr": 22780506537984,
    "byte_per_sec": 2227588903.30923,
    "success": true,
    "time": 3856.1579199999996
  }
}
