{
  "params": {
    "accessPattern": "sequential",
    "accessType": "read",
    "blockSize": 524288,
    "granularity": "page",
    "nonTemporal": true,
    "nthreads": 4,
    "path": "/dev/dax0.0",
    "set-affinity": true,
    "source": "devdax",
    "stripeSize": 34359738368,
    "totalSize": 34359738368
  },
  "results": {
    "IOPS": 33354.58074482693,
    "MIOPS": 0.03335458074482693,
    "MiB_per_sec": 16677.290372413467,
    "addr": 20681341272064,
    "byte_per_sec": 17487406429.543823,
    "success": true,
    "time": 1964.827575
  }
}
