{
  "params": {
    "accessPattern": "sequential",
    "accessType": "read",
    "blockSize": 65536,
    "granularity": "page",
    "nonTemporal": true,
    "nthreads": 16,
    "path": "/dev/dax0.0",
    "set-affinity": true,
    "source": "devdax",
    "stripeSize": 137438953472,
    "totalSize": 137438953472
  },
  "results": {
    "IOPS": 969847.4630368657,
    "MIOPS": 0.9698474630368656,
    "MiB_per_sec": 60615.466439804106,
    "addr": 21275120500736,
    "byte_per_sec": 63559923337.58403,
    "success": true,
    "time": 2162.3524110000003
  }
}
