{
  "params": {
    "accessPattern": "sequential",
    "accessType": "read",
    "blockSize": 524288,
    "granularity": "page",
    "nonTemporal": true,
    "nthreads": 8,
    "path": "/dev/dax0.0",
    "set-affinity": true,
    "source": "devdax",
    "stripeSize": 68719476736,
    "totalSize": 68719476736
  },
  "results": {
    "IOPS": 64135.87890563971,
    "MIOPS": 0.06413587890563971,
    "MiB_per_sec": 32067.939452819854,
    "addr": 21162377609216,
    "byte_per_sec": 33625671679.68003,
    "success": true,
    "time": 2043.6610869999997
  }
}
