{
  "params": {
    "accessPattern": "sequential",
    "accessType": "read",
    "blockSize": 1048576,
    "granularity": "page",
    "nonTemporal": true,
    "nthreads": 16,
    "path": "/dev/dax0.0",
    "set-affinity": true,
    "source": "anon",
    "stripeSize": 137438953472,
    "totalSize": 137438953472
  },
  "results": {
    "IOPS": 4374.6417451037605,
    "MIOPS": 0.00437464174510376,
    "MiB_per_sec": 4374.6417451037605,
    "addr": 22796612665344,
    "byte_per_sec": 4587144342.513921,
    "success": true,
    "time": 29961.767760000002
  }
}
