{
  "params": {
    "accessPattern": "sequential",
    "accessType": "read",
    "blockSize": 128,
    "granularity": "page",
    "nonTemporal": true,
    "nthreads": 48,
    "path": "/dev/dax0.0",
    "set-affinity": true,
    "source": "devdax",
    "stripeSize": 412316860416,
    "totalSize": 412316860416
  },
  "results": {
    "IOPS": 627357412.4121846,
    "MIOPS": 627.3574124121845,
    "MiB_per_sec": 76581.71538234675,
    "addr": 20594368184320,
    "byte_per_sec": 80301748788.75963,
    "success": true,
    "time": 5134.593787
  }
}
