{
  "params": {
    "accessPattern": "sequential",
    "accessType": "read",
    "blockSize": 1024,
    "granularity": "page",
    "nonTemporal": true,
    "nthreads": 1,
    "path": "/dev/dax0.0",
    "set-affinity": true,
    "source": "anon",
    "stripeSize": 8589934592,
    "totalSize": 8589934592
  },
  "results": {
    "IOPS": 2576014.7174730008,
    "MIOPS": 2.576014717473001,
    "MiB_per_sec": 2515.6393725322273,
    "addr": 22986664968192,
    "byte_per_sec": 2637839070.692353,
    "success": true,
    "time": 3256.4286
  }
}
