{
  "params": {
    "accessPattern": "sequential",
    "accessType": "read",
    "blockSize": 1048576,
    "granularity": "page",
    "nonTemporal": true,
    "nthreads": 16,
    "path": "/dev/dax0.0",
    "set-affinity": true,
    "source": "anon",
    "stripeSize": 137438953472,
    "totalSize": 137438953472
  },
  "results": {
    "IOPS": 5017.7583272415195,
    "MIOPS": 0.005017758327241519,
    "MiB_per_sec": 5017.7583272415195,
    "addr": 22779432796160,
    "byte_per_sec": 5261500955.745604,
    "success": true,
    "time": 26121.624728
  }
}
