{
  "params": {
    "accessPattern": "sequential",
    "accessType": "read",
    "blockSize": 131072,
    "granularity": "page",
    "nonTemporal": true,
    "nthreads": 16,
    "path": "/dev/dax0.0",
    "set-affinity": true,
    "source": "anon",
    "stripeSize": 137438953472,
    "totalSize": 137438953472
  },
  "results": {
    "IOPS": 38311.457523458914,
    "MIOPS": 0.038311457523458915,
    "MiB_per_sec": 4788.932190432364,
    "addr": 22314502586368,
    "byte_per_sec": 5021559360.514807,
    "success": true,
    "time": 27369.775722
  }
}
