{
  "params": {
    "accessPattern": "sequential",
    "accessType": "read",
    "blockSize": 64,
    "granularity": "page",
    "nonTemporal": true,
    "nthreads": 8,
    "path": "/dev/dax0.0",
    "set-affinity": true,
    "source": "devdax",
    "stripeSize": 68719476736,
    "totalSize": 68719476736
  },
  "results": {
    "IOPS": 424417925.869167,
    "MIOPS": 424.417925869167,
    "MiB_per_sec": 25904.414420725523,
    "addr": 20793010421760,
    "byte_per_sec": 27162747255.626686,
    "success": true,
    "time": 2529.916289
  }
}
