{
  "params": {
    "accessPattern": "sequential",
    "accessType": "read",
    "blockSize": 256,
    "granularity": "page",
    "nonTemporal": true,
    "nthreads": 4,
    "path": "/dev/dax0.0",
    "set-affinity": true,
    "source": "anon",
    "stripeSize": 34359738368,
    "totalSize": 34359738368
  },
  "results": {
    "IOPS": 24027948.05222221,
    "MIOPS": 24.02794805222221,
    "MiB_per_sec": 5866.198254937063,
    "addr": 22536767143936,
    "byte_per_sec": 6151154701.368886,
    "success": true,
    "time": 5585.90054
  }
}
