{
  "params": {
    "accessPattern": "sequential",
    "accessType": "read",
    "blockSize": 8192,
    "granularity": "page",
    "nonTemporal": true,
    "nthreads": 8,
    "path": "/dev/dax0.0",
    "set-affinity": true,
    "source": "anon",
    "stripeSize": 68719476736,
    "totalSize": 68719476736
  },
  "results": {
    "IOPS": 708144.8197085257,
    "MIOPS": 0.7081448197085257,
    "MiB_per_sec": 5532.381403972857,
    "addr": 23070416830464,
    "byte_per_sec": 5801122363.052242,
    "success": true,
    "time": 11845.893334999999
  }
}
