{
  "params": {
    "accessPattern": "sequential",
    "accessType": "read",
    "blockSize": 64,
    "granularity": "page",
    "nonTemporal": true,
    "nthreads": 2,
    "path": "/dev/dax0.0",
    "set-affinity": true,
    "source": "devdax",
    "stripeSize": 17179869184,
    "totalSize": 17179869184
  },
  "results": {
    "IOPS": 120874556.61220206,
    "MIOPS": 120.87455661220206,
    "MiB_per_sec": 7377.597449475224,
    "addr": 20221779771392,
    "byte_per_sec": 7735971623.180932,
    "success": true,
    "time": 2220.777172
  }
}
