{
  "params": {
    "accessPattern": "sequential",
    "accessType": "read",
    "blockSize": 131072,
    "granularity": "page",
    "nonTemporal": true,
    "nthreads": 48,
    "path": "/dev/dax0.0",
    "set-affinity": true,
    "source": "devdax",
    "stripeSize": 412316860416,
    "totalSize": 412316860416
  },
  "results": {
    "IOPS": 626849.9362474062,
    "MIOPS": 0.6268499362474061,
    "MiB_per_sec": 78356.24203092577,
    "addr": 21307332755456,
    "byte_per_sec": 82162474843.82002,
    "success": true,
    "time": 5018.311111
  }
}
