{
  "params": {
    "accessPattern": "sequential",
    "accessType": "read",
    "blockSize": 512,
    "granularity": "page",
    "nonTemporal": true,
    "nthreads": 32,
    "path": "/dev/dax0.0",
    "set-affinity": true,
    "source": "devdax",
    "stripeSize": 274877906944,
    "totalSize": 274877906944
  },
  "results": {
    "IOPS": 153827799.87752232,
    "MIOPS": 153.82779987752232,
    "MiB_per_sec": 75111.23040894645,
    "addr": 20841328803840,
    "byte_per_sec": 78759833537.29143,
    "success": true,
    "time": 3490.077297
  }
}
