{
  "params": {
    "accessPattern": "sequential",
    "accessType": "read",
    "blockSize": 262144,
    "granularity": "page",
    "nonTemporal": true,
    "nthreads": 1,
    "path": "/dev/dax0.0",
    "set-affinity": true,
    "source": "devdax",
    "stripeSize": 8589934592,
    "totalSize": 8589934592
  },
  "results": {
    "IOPS": 17216.81933652841,
    "MIOPS": 0.01721681933652841,
    "MiB_per_sec": 4304.204834132102,
    "addr": 20480551550976,
    "byte_per_sec": 4513285888.154903,
    "success": true,
    "time": 1903.255146
  }
}
