{
  "params": {
    "accessPattern": "sequential",
    "accessType": "read",
    "blockSize": 128,
    "granularity": "page",
    "nonTemporal": true,
    "nthreads": 8,
    "path": "/dev/dax0.0",
    "set-affinity": true,
    "source": "anon",
    "stripeSize": 68719476736,
    "totalSize": 68719476736
  },
  "results": {
    "IOPS": 72962125.45776626,
    "MIOPS": 72.96212545776626,
    "MiB_per_sec": 8906.509455293733,
    "addr": 22665616162816,
    "byte_per_sec": 9339152058.594082,
    "success": true,
    "time": 7358.213712000001
  }
}
