{
  "params": {
    "accessPattern": "sequential",
    "accessType": "read",
    "blockSize": 2048,
    "granularity": "page",
    "nonTemporal": true,
    "nthreads": 16,
    "path": "/dev/dax0.0",
    "set-affinity": true,
    "source": "devdax",
    "stripeSize": 137438953472,
    "totalSize": 137438953472
  },
  "results": {
    "IOPS": 25639746.732567962,
    "MIOPS": 25.63974673256796,
    "MiB_per_sec": 50077.6303370468,
    "addr": 20401094656000,
    "byte_per_sec": 52510201308.29919,
    "success": true,
    "time": 2617.376244
  }
}
