{
  "params": {
    "accessPattern": "sequential",
    "accessType": "read",
    "blockSize": 256,
    "granularity": "page",
    "nonTemporal": true,
    "nthreads": 16,
    "path": "/dev/dax0.0",
    "set-affinity": true,
    "source": "anon",
    "stripeSize": 137438953472,
    "totalSize": 137438953472
  },
  "results": {
    "IOPS": 21638017.05658077,
    "MIOPS": 21.63801705658077,
    "MiB_per_sec": 5282.71900795429,
    "addr": 22510997340160,
    "byte_per_sec": 5539332366.484677,
    "success": true,
    "time": 24811.465422
  }
}
