{
  "params": {
    "accessPattern": "sequential",
    "accessType": "read",
    "blockSize": 4096,
    "granularity": "page",
    "nonTemporal": true,
    "nthreads": 4,
    "path": "/dev/dax0.0",
    "set-affinity": true,
    "source": "devdax",
    "stripeSize": 34359738368,
    "totalSize": 34359738368
  },
  "results": {
    "IOPS": 3974889.5917138616,
    "MIOPS": 3.9748895917138616,
    "MiB_per_sec": 15526.912467632272,
    "addr": 20550344769536,
    "byte_per_sec": 16281147767.659977,
    "success": true,
    "time": 2110.400253
  }
}
