{
  "params": {
    "accessPattern": "sequential",
    "accessType": "read",
    "blockSize": 128,
    "granularity": "page",
    "nonTemporal": true,
    "nthreads": 2,
    "path": "/dev/dax0.0",
    "set-affinity": true,
    "source": "devdax",
    "stripeSize": 17179869184,
    "totalSize": 17179869184
  },
  "results": {
    "IOPS": 64405603.2009426,
    "MIOPS": 64.4056032009426,
    "MiB_per_sec": 7862.012109490063,
    "addr": 20584704507904,
    "byte_per_sec": 8243917209.720653,
    "success": true,
    "time": 2083.944895
  }
}
