{
  "params": {
    "accessPattern": "sequential",
    "accessType": "read",
    "blockSize": 4096,
    "granularity": "page",
    "nonTemporal": true,
    "nthreads": 1,
    "path": "/dev/dax0.0",
    "set-affinity": true,
    "source": "devdax",
    "stripeSize": 8589934592,
    "totalSize": 8589934592
  },
  "results": {
    "IOPS": 1088267.5102887533,
    "MIOPS": 1.0882675102887533,
    "MiB_per_sec": 4251.044962065443,
    "addr": 21123722903552,
    "byte_per_sec": 4457543722.142734,
    "success": true,
    "time": 1927.0556000000001
  }
}
