{
  "params": {
    "accessPattern": "sequential",
    "accessType": "read",
    "blockSize": 256,
    "granularity": "page",
    "nonTemporal": true,
    "nthreads": 2,
    "path": "/dev/dax0.0",
    "set-affinity": true,
    "source": "anon",
    "stripeSize": 17179869184,
    "totalSize": 17179869184
  },
  "results": {
    "IOPS": 14911307.27504274,
    "MIOPS": 14.911307275042741,
    "MiB_per_sec": 3640.4558776959816,
    "addr": 22711787061248,
    "byte_per_sec": 3817294662.4109416,
    "success": true,
    "time": 4500.5352490000005
  }
}
