{
  "params": {
    "accessPattern": "sequential",
    "accessType": "read",
    "blockSize": 2048,
    "granularity": "page",
    "nonTemporal": true,
    "nthreads": 8,
    "path": "/dev/dax0.0",
    "set-affinity": true,
    "source": "anon",
    "stripeSize": 68719476736,
    "totalSize": 68719476736
  },
  "results": {
    "IOPS": 3025027.1648409124,
    "MIOPS": 3.0250271648409126,
    "MiB_per_sec": 5908.256181329907,
    "addr": 23267985326080,
    "byte_per_sec": 6195255633.594189,
    "success": true,
    "time": 11092.274605
  }
}
