{
  "params": {
    "accessPattern": "sequential",
    "accessType": "read",
    "blockSize": 262144,
    "granularity": "page",
    "nonTemporal": true,
    "nthreads": 16,
    "path": "/dev/dax0.0",
    "set-affinity": true,
    "source": "anon",
    "stripeSize": 137438953472,
    "totalSize": 137438953472
  },
  "results": {
    "IOPS": 22051.263889473168,
    "MIOPS": 0.022051263889473167,
    "MiB_per_sec": 5512.815972368292,
    "addr": 22757957959680,
    "byte_per_sec": 5780606521.042054,
    "success": true,
    "time": 23775.870745
  }
}
