{
  "params": {
    "accessPattern": "sequential",
    "accessType": "read",
    "blockSize": 2048,
    "granularity": "page",
    "nonTemporal": true,
    "nthreads": 48,
    "path": "/dev/dax0.0",
    "set-affinity": true,
    "source": "devdax",
    "stripeSize": 412316860416,
    "totalSize": 412316860416
  },
  "results": {
    "IOPS": 40152324.58699279,
    "MIOPS": 40.15232458699279,
    "MiB_per_sec": 78422.5089589703,
    "addr": 20907900796928,
    "byte_per_sec": 82231960754.16124,
    "success": true,
    "time": 5014.070644
  }
}
