{
  "params": {
    "accessPattern": "sequential",
    "accessType": "read",
    "blockSize": 8192,
    "granularity": "page",
    "nonTemporal": true,
    "nthreads": 4,
    "path": "/dev/dax0.0",
    "set-affinity": true,
    "source": "devdax",
    "stripeSize": 34359738368,
    "totalSize": 34359738368
  },
  "results": {
    "IOPS": 2252279.1849628063,
    "MIOPS": 2.252279184962806,
    "MiB_per_sec": 17595.931132521924,
    "addr": 20692078690304,
    "byte_per_sec": 18450671083.21531,
    "success": true,
    "time": 1862.248707
  }
}
