{
  "params": {
    "accessPattern": "sequential",
    "accessType": "read",
    "blockSize": 1024,
    "granularity": "page",
    "nonTemporal": true,
    "nthreads": 2,
    "path": "/dev/dax0.0",
    "set-affinity": true,
    "source": "devdax",
    "stripeSize": 17179869184,
    "totalSize": 17179869184
  },
  "results": {
    "IOPS": 8483007.411210895,
    "MIOPS": 8.483007411210895,
    "MiB_per_sec": 8284.18692501064,
    "addr": 20795157905408,
    "byte_per_sec": 8686599589.079956,
    "success": true,
    "time": 1977.743881
  }
}
