{
  "params": {
    "accessPattern": "sequential",
    "accessType": "read",
    "blockSize": 1024,
    "granularity": "page",
    "nonTemporal": true,
    "nthreads": 32,
    "path": "/dev/dax0.0",
    "set-affinity": true,
    "source": "devdax",
    "stripeSize": 274877906944,
    "totalSize": 274877906944
  },
  "results": {
    "IOPS": 77709875.40693653,
    "MIOPS": 77.70987540693653,
    "MiB_per_sec": 75888.55020208645,
    "addr": 20956219179008,
    "byte_per_sec": 79574912416.703,
    "success": true,
    "time": 3454.32874
  }
}
