{
  "params": {
    "accessPattern": "sequential",
    "accessType": "read",
    "blockSize": 32768,
    "granularity": "page",
    "nonTemporal": true,
    "nthreads": 4,
    "path": "/dev/dax0.0",
    "set-affinity": true,
    "source": "anon",
    "stripeSize": 34359738368,
    "totalSize": 34359738368
  },
  "results": {
    "IOPS": 172257.11634148116,
    "MIOPS": 0.17225711634148116,
    "MiB_per_sec": 5383.034885671286,
    "addr": 22471268892672,
    "byte_per_sec": 5644521188.277655,
    "success": true,
    "time": 6087.272458
  }
}
