{
  "params": {
    "accessPattern": "sequential",
    "accessType": "read",
    "blockSize": 256,
    "granularity": "page",
    "nonTemporal": true,
    "nthreads": 8,
    "path": "/dev/dax0.0",
    "set-affinity": true,
    "source": "anon",
    "stripeSize": 68719476736,
    "totalSize": 68719476736
  },
  "results": {
    "IOPS": 26283051.198829427,
    "MIOPS": 26.283051198829426,
    "MiB_per_sec": 6416.760546589216,
    "addr": 22474490118144,
    "byte_per_sec": 6728461106.900333,
    "success": true,
    "time": 10213.253171
  }
}
