{
  "params": {
    "accessPattern": "sequential",
    "accessType": "read",
    "blockSize": 256,
    "granularity": "page",
    "nonTemporal": true,
    "nthreads": 8,
    "path": "/dev/dax0.0",
    "set-affinity": true,
    "source": "anon",
    "stripeSize": 68719476736,
    "totalSize": 68719476736
  },
  "results": {
    "IOPS": 29327665.013300996,
    "MIOPS": 29.327665013300997,
    "MiB_per_sec": 7160.0744661379385,
    "addr": 22466973925376,
    "byte_per_sec": 7507882243.405055,
    "success": true,
    "time": 9152.977432
  }
}
