{
  "params": {
    "accessPattern": "sequential",
    "accessType": "read",
    "blockSize": 8192,
    "granularity": "page",
    "nonTemporal": true,
    "nthreads": 1,
    "path": "/dev/dax0.0",
    "set-affinity": true,
    "source": "devdax",
    "stripeSize": 8589934592,
    "totalSize": 8589934592
  },
  "results": {
    "IOPS": 584410.9893467831,
    "MIOPS": 0.5844109893467831,
    "MiB_per_sec": 4565.710854271743,
    "addr": 20229295964160,
    "byte_per_sec": 4787494824.7288475,
    "success": true,
    "time": 1794.244152
  }
}
