{
  "params": {
    "accessPattern": "sequential",
    "accessType": "read",
    "blockSize": 1048576,
    "granularity": "page",
    "nonTemporal": true,
    "nthreads": 8,
    "path": "/dev/dax0.0",
    "set-affinity": true,
    "source": "devdax",
    "stripeSize": 68719476736,
    "totalSize": 68719476736
  },
  "results": {
    "IOPS": 30973.002359996648,
    "MIOPS": 0.030973002359996647,
    "MiB_per_sec": 30973.002359996648,
    "addr": 21007758786560,
    "byte_per_sec": 32477546922.635845,
    "success": true,
    "time": 2115.907242
  }
}
