{
  "params": {
    "accessPattern": "random",
    "accessType": "write",
    "blockSize": 4096,
    "granularity": "page",
    "nonTemporal": false,
    "nthreads": 16,
    "path": "/dev/dax0.0",
    "set-affinity": true,
    "source": "devdax",
    "stripeSize": 137438953472,
    "totalSize": 137438953472
  },
  "results": {
    "IOPS": 4244133.370408558,
    "MIOPS": 4.244133370408559,
    "MiB_per_sec": 16578.64597815843,
    "addr": 21045339750400,
    "byte_per_sec": 17383970285.193455,
    "success": true,
    "time": 7906.073884
  }
}
