{
  "params": {
    "accessPattern": "random",
    "accessType": "write",
    "blockSize": 512,
    "granularity": "page",
    "nonTemporal": true,
    "nthreads": 4,
    "path": "/dev/dax0.0",
    "set-affinity": true,
    "source": "anon",
    "stripeSize": 34359738368,
    "totalSize": 34359738368
  },
  "results": {
    "IOPS": 8310563.316027968,
    "MIOPS": 8.310563316027968,
    "MiB_per_sec": 4057.8922441542813,
    "addr": 23320598675456,
    "byte_per_sec": 4255008417.8063197,
    "success": true,
    "time": 8075.128177
  }
}
