{
  "params": {
    "accessPattern": "random",
    "accessType": "write",
    "blockSize": 1024,
    "granularity": "page",
    "nonTemporal": true,
    "nthreads": 48,
    "path": "/dev/dax0.0",
    "set-affinity": true,
    "source": "devdax",
    "stripeSize": 412316860416,
    "totalSize": 412316860416
  },
  "results": {
    "IOPS": 25621739.625728797,
    "MIOPS": 25.621739625728797,
    "MiB_per_sec": 25021.23010325078,
    "addr": 20265803186176,
    "byte_per_sec": 26236661376.74629,
    "success": true,
    "time": 15715.294506999999
  }
}
