{
  "params": {
    "accessPattern": "random",
    "accessType": "write",
    "blockSize": 524288,
    "granularity": "page",
    "nonTemporal": false,
    "nthreads": 1,
    "path": "/dev/dax0.0",
    "set-affinity": true,
    "source": "anon",
    "stripeSize": 8589934592,
    "totalSize": 8589934592
  },
  "results": {
    "IOPS": 5683.140597399141,
    "MIOPS": 0.005683140597399141,
    "MiB_per_sec": 2841.5702986995707,
    "addr": 22703197126656,
    "byte_per_sec": 2979602417.529201,
    "success": true,
    "time": 2882.913016
  }
}
