{
  "params": {
    "accessPattern": "random",
    "accessType": "write",
    "blockSize": 2048,
    "granularity": "page",
    "nonTemporal": false,
    "nthreads": 8,
    "path": "/dev/dax0.0",
    "set-affinity": true,
    "source": "devdax",
    "stripeSize": 68719476736,
    "totalSize": 68719476736
  },
  "results": {
    "IOPS": 4859721.701332326,
    "MIOPS": 4.859721701332326,
    "MiB_per_sec": 9491.6439479147,
    "addr": 20418274525184,
    "byte_per_sec": 9952710044.328604,
    "success": true,
    "time": 6904.599494
  }
}
