{
  "params": {
    "accessPattern": "random",
    "accessType": "write",
    "blockSize": 1048576,
    "granularity": "page",
    "nonTemporal": false,
    "nthreads": 32,
    "path": "/dev/dax0.0",
    "set-affinity": true,
    "source": "devdax",
    "stripeSize": 274877906944,
    "totalSize": 274877906944
  },
  "results": {
    "IOPS": 23334.414151938214,
    "MIOPS": 0.023334414151938213,
    "MiB_per_sec": 23334.414151938214,
    "addr": 20812337774592,
    "byte_per_sec": 24467906653.782764,
    "success": true,
    "time": 11234.222479
  }
}
