{
  "params": {
    "accessPattern": "random",
    "accessType": "write",
    "blockSize": 32768,
    "granularity": "page",
    "nonTemporal": false,
    "nthreads": 32,
    "path": "/dev/dax0.0",
    "set-affinity": true,
    "source": "devdax",
    "stripeSize": 274877906944,
    "totalSize": 274877906944
  },
  "results": {
    "IOPS": 738631.8657813433,
    "MIOPS": 0.7386318657813433,
    "MiB_per_sec": 23082.24580566698,
    "addr": 21188147412992,
    "byte_per_sec": 24203488977.923058,
    "success": true,
    "time": 11356.953834
  }
}
