{
  "params": {
    "accessPattern": "random",
    "accessType": "write",
    "blockSize": 64,
    "granularity": "page",
    "nonTemporal": false,
    "nthreads": 8,
    "path": "/dev/dax0.0",
    "set-affinity": true,
    "source": "anon",
    "stripeSize": 68719476736,
    "totalSize": 68719476736
  },
  "results": {
    "IOPS": 87523983.23755233,
    "MIOPS": 87.52398323755233,
    "MiB_per_sec": 5342.039992526387,
    "addr": 23044647026688,
    "byte_per_sec": 5601534927.203349,
    "success": true,
    "time": 12267.972552
  }
}
