{
  "params": {
    "accessPattern": "random",
    "accessType": "write",
    "blockSize": 8192,
    "granularity": "page",
    "nonTemporal": false,
    "nthreads": 48,
    "path": "/dev/dax0.0",
    "set-affinity": true,
    "source": "devdax",
    "stripeSize": 412316860416,
    "totalSize": 412316860416
  },
  "results": {
    "IOPS": 3083448.4171380554,
    "MIOPS": 3.0834484171380554,
    "MiB_per_sec": 24089.440758891058,
    "addr": 21101174325248,
    "byte_per_sec": 25259609433.19495,
    "success": true,
    "time": 16323.168475999999
  }
}
