{
  "params": {
    "accessPattern": "random",
    "accessType": "write",
    "blockSize": 65536,
    "granularity": "page",
    "nonTemporal": true,
    "nthreads": 48,
    "path": "/dev/dax0.0",
    "set-affinity": true,
    "source": "devdax",
    "stripeSize": 412316860416,
    "totalSize": 412316860416
  },
  "results": {
    "IOPS": 382820.8113358529,
    "MIOPS": 0.3828208113358529,
    "MiB_per_sec": 23926.300708490806,
    "addr": 20452634263552,
    "byte_per_sec": 25088544691.706455,
    "success": true,
    "time": 16434.467024
  }
}
