{
  "params": {
    "accessPattern": "random",
    "accessType": "write",
    "blockSize": 16384,
    "granularity": "page",
    "nonTemporal": false,
    "nthreads": 16,
    "path": "/dev/dax0.0",
    "set-affinity": true,
    "source": "anon",
    "stripeSize": 137438953472,
    "totalSize": 137438953472
  },
  "results": {
    "IOPS": 329464.6268741349,
    "MIOPS": 0.32946462687413486,
    "MiB_per_sec": 5147.884794908357,
    "addr": 22383222063104,
    "byte_per_sec": 5397948446.705826,
    "success": true,
    "time": 25461.33125
  }
}
