{
  "params": {
    "accessPattern": "random",
    "accessType": "write",
    "blockSize": 524288,
    "granularity": "page",
    "nonTemporal": false,
    "nthreads": 4,
    "path": "/dev/dax0.0",
    "set-affinity": true,
    "source": "anon",
    "stripeSize": 34359738368,
    "totalSize": 34359738368
  },
  "results": {
    "IOPS": 11042.9628977164,
    "MIOPS": 0.0110429628977164,
    "MiB_per_sec": 5521.4814488582,
    "addr": 22439056637952,
    "byte_per_sec": 5789692931.717936,
    "success": true,
    "time": 5934.639155
  }
}
