{
  "params": {
    "accessPattern": "random",
    "accessType": "write",
    "blockSize": 512,
    "granularity": "page",
    "nonTemporal": false,
    "nthreads": 16,
    "path": "/dev/dax0.0",
    "set-affinity": true,
    "source": "anon",
    "stripeSize": 137438953472,
    "totalSize": 137438953472
  },
  "results": {
    "IOPS": 215597.69752315432,
    "MIOPS": 0.21559769752315433,
    "MiB_per_sec": 105.2723132437277,
    "addr": 23188528431104,
    "byte_per_sec": 110386021.13185501,
    "success": true,
    "time": 1245075.708525
  }
}
