{
  "params": {
    "accessPattern": "random",
    "accessType": "write",
    "blockSize": 262144,
    "granularity": "page",
    "nonTemporal": true,
    "nthreads": 32,
    "path": "/dev/dax0.0",
    "set-affinity": true,
    "source": "devdax",
    "stripeSize": 274877906944,
    "totalSize": 274877906944
  },
  "results": {
    "IOPS": 96197.43724600144,
    "MIOPS": 0.09619743724600144,
    "MiB_per_sec": 24049.35931150036,
    "addr": 21110838001664,
    "byte_per_sec": 25217580989.415802,
    "success": true,
    "time": 10900.248801
  }
}
