{
  "params": {
    "accessPattern": "random",
    "accessType": "write",
    "blockSize": 1024,
    "granularity": "page",
    "nonTemporal": true,
    "nthreads": 32,
    "path": "/dev/dax0.0",
    "set-affinity": true,
    "source": "devdax",
    "stripeSize": 274877906944,
    "totalSize": 274877906944
  },
  "results": {
    "IOPS": 25700756.290280223,
    "MIOPS": 25.70075629028022,
    "MiB_per_sec": 25098.39481472678,
    "addr": 21211769733120,
    "byte_per_sec": 26317574441.24695,
    "success": true,
    "time": 10444.652016
  }
}
