{
  "params": {
    "accessPattern": "random",
    "accessType": "write",
    "blockSize": 4096,
    "granularity": "page",
    "nonTemporal": false,
    "nthreads": 2,
    "path": "/dev/dax0.0",
    "set-affinity": true,
    "source": "anon",
    "stripeSize": 17179869184,
    "totalSize": 17179869184
  },
  "results": {
    "IOPS": 861921.4600513022,
    "MIOPS": 0.8619214600513022,
    "MiB_per_sec": 3366.8807033253993,
    "addr": 22615150297088,
    "byte_per_sec": 3530430300.370134,
    "success": true,
    "time": 4866.225282
  }
}
