{
  "params": {
    "accessPattern": "random",
    "accessType": "write",
    "blockSize": 262144,
    "granularity": "page",
    "nonTemporal": true,
    "nthreads": 16,
    "path": "/dev/dax0.0",
    "set-affinity": true,
    "source": "devdax",
    "stripeSize": 137438953472,
    "totalSize": 137438953472
  },
  "results": {
    "IOPS": 95298.9850863123,
    "MIOPS": 0.0952989850863123,
    "MiB_per_sec": 23824.746271578075,
    "addr": 20348481306624,
    "byte_per_sec": 24982057146.46625,
    "success": true,
    "time": 5501.5066480000005
  }
}
