{
  "params": {
    "accessPattern": "random",
    "accessType": "write",
    "blockSize": 2048,
    "granularity": "page",
    "nonTemporal": true,
    "nthreads": 4,
    "path": "/dev/dax0.0",
    "set-affinity": true,
    "source": "anon",
    "stripeSize": 34359738368,
    "totalSize": 34359738368
  },
  "results": {
    "IOPS": 2358578.132177561,
    "MIOPS": 2.358578132177561,
    "MiB_per_sec": 4606.597914409299,
    "addr": 22770842861568,
    "byte_per_sec": 4830368014.699645,
    "success": true,
    "time": 7113.275482
  }
}
