{
  "params": {
    "accessPattern": "random",
    "accessType": "write",
    "blockSize": 524288,
    "granularity": "page",
    "nonTemporal": true,
    "nthreads": 16,
    "path": "/dev/dax0.0",
    "set-affinity": true,
    "source": "anon",
    "stripeSize": 137438953472,
    "totalSize": 137438953472
  },
  "results": {
    "IOPS": 7493.834346408727,
    "MIOPS": 0.007493834346408727,
    "MiB_per_sec": 3746.9171732043633,
    "addr": 22737556865024,
    "byte_per_sec": 3928927421.8099384,
    "success": true,
    "time": 34981.291003000006
  }
}
