{
  "params": {
    "accessPattern": "random",
    "accessType": "write",
    "blockSize": 131072,
    "granularity": "page",
    "nonTemporal": false,
    "nthreads": 1,
    "path": "/dev/dax0.0",
    "set-affinity": true,
    "source": "devdax",
    "stripeSize": 8589934592,
    "totalSize": 8589934592
  },
  "results": {
    "IOPS": 21779.11629689659,
    "MIOPS": 0.021779116296896592,
    "MiB_per_sec": 2722.389537112074,
    "addr": 20250770800640,
    "byte_per_sec": 2854632331.26683,
    "success": true,
    "time": 3009.1211740000003
  }
}
