{
  "params": {
    "accessPattern": "random",
    "accessType": "write",
    "blockSize": 65536,
    "granularity": "page",
    "nonTemporal": true,
    "nthreads": 1,
    "path": "/dev/dax0.0",
    "set-affinity": true,
    "source": "anon",
    "stripeSize": 8589934592,
    "totalSize": 8589934592
  },
  "results": {
    "IOPS": 30272.65531753537,
    "MIOPS": 0.03027265531753537,
    "MiB_per_sec": 1892.0409573459606,
    "addr": 23095112892416,
    "byte_per_sec": 1983948738.889998,
    "success": true,
    "time": 4329.715997
  }
}
