{
  "params": {
    "accessPattern": "random",
    "accessType": "write",
    "blockSize": 64,
    "granularity": "page",
    "nonTemporal": true,
    "nthreads": 4,
    "path": "/dev/dax0.0",
    "set-affinity": true,
    "source": "anon",
    "stripeSize": 34359738368,
    "totalSize": 34359738368
  },
  "results": {
    "IOPS": 24205413.88315962,
    "MIOPS": 24.20541388315962,
    "MiB_per_sec": 1477.3812184545666,
    "addr": 22965190131712,
    "byte_per_sec": 1549146488.5222156,
    "success": true,
    "time": 22179.786496999997
  }
}
