{
  "params": {
    "accessPattern": "random",
    "accessType": "write",
    "blockSize": 512,
    "granularity": "page",
    "nonTemporal": true,
    "nthreads": 1,
    "path": "/dev/dax0.0",
    "set-affinity": true,
    "source": "devdax",
    "stripeSize": 8589934592,
    "totalSize": 8589934592
  },
  "results": {
    "IOPS": 3825812.848186175,
    "MIOPS": 3.825812848186175,
    "MiB_per_sec": 1868.0726797784057,
    "addr": 20260434477056,
    "byte_per_sec": 1958816178.2713215,
    "success": true,
    "time": 4385.268351
  }
}
