{
  "params": {
    "accessPattern": "random",
    "accessType": "write",
    "blockSize": 1024,
    "granularity": "page",
    "nonTemporal": true,
    "nthreads": 4,
    "path": "/dev/dax0.0",
    "set-affinity": true,
    "source": "devdax",
    "stripeSize": 34359738368,
    "totalSize": 34359738368
  },
  "results": {
    "IOPS": 12759929.366056582,
    "MIOPS": 12.759929366056582,
    "MiB_per_sec": 12460.86852153963,
    "addr": 20895015895040,
    "byte_per_sec": 13066167670.84194,
    "success": true,
    "time": 2629.6722369999998
  }
}
