{
  "params": {
    "accessPattern": "random",
    "accessType": "write",
    "blockSize": 32768,
    "granularity": "page",
    "nonTemporal": false,
    "nthreads": 8,
    "path": "/dev/dax0.0",
    "set-affinity": true,
    "source": "devdax",
    "stripeSize": 68719476736,
    "totalSize": 68719476736
  },
  "results": {
    "IOPS": 447581.0581878321,
    "MIOPS": 0.4475810581878321,
    "MiB_per_sec": 13986.908068369754,
    "addr": 20776904294400,
    "byte_per_sec": 14666336114.698883,
    "success": true,
    "time": 4685.524469
  }
}
