{
  "params": {
    "accessPattern": "random",
    "accessType": "write",
    "blockSize": 256,
    "granularity": "page",
    "nonTemporal": false,
    "nthreads": 4,
    "path": "/dev/dax0.0",
    "set-affinity": true,
    "source": "devdax",
    "stripeSize": 34359738368,
    "totalSize": 34359738368
  },
  "results": {
    "IOPS": 4692342.432932618,
    "MIOPS": 4.692342432932618,
    "MiB_per_sec": 1145.59141429019,
    "addr": 20687783723008,
    "byte_per_sec": 1201239662.8307502,
    "success": true,
    "time": 28603.566325
  }
}
