{
  "params": {
    "accessPattern": "random",
    "accessType": "write",
    "blockSize": 524288,
    "granularity": "page",
    "nonTemporal": true,
    "nthreads": 32,
    "path": "/dev/dax0.0",
    "set-affinity": true,
    "source": "devdax",
    "stripeSize": 274877906944,
    "totalSize": 274877906944
  },
  "results": {
    "IOPS": 47828.194728564864,
    "MIOPS": 0.047828194728564866,
    "MiB_per_sec": 23914.097364282432,
    "addr": 20975546531840,
    "byte_per_sec": 25075748557.849815,
    "success": true,
    "time": 10961.902346
  }
}
