{
  "params": {
    "accessPattern": "random",
    "accessType": "write",
    "blockSize": 1048576,
    "granularity": "page",
    "nonTemporal": false,
    "nthreads": 8,
    "path": "/dev/dax0.0",
    "set-affinity": true,
    "source": "anon",
    "stripeSize": 68719476736,
    "totalSize": 68719476736
  },
  "results": {
    "IOPS": 6180.741666646491,
    "MIOPS": 0.006180741666646491,
    "MiB_per_sec": 6180.741666646491,
    "addr": 23290533904384,
    "byte_per_sec": 6480977373.8455105,
    "success": true,
    "time": 10603.258239
  }
}
