{
  "params": {
    "accessPattern": "random",
    "accessType": "write",
    "blockSize": 262144,
    "granularity": "page",
    "nonTemporal": false,
    "nthreads": 1,
    "path": "/dev/dax0.0",
    "set-affinity": true,
    "source": "anon",
    "stripeSize": 8589934592,
    "totalSize": 8589934592
  },
  "results": {
    "IOPS": 11336.427520721896,
    "MIOPS": 0.011336427520721896,
    "MiB_per_sec": 2834.106880180474,
    "addr": 23117661470720,
    "byte_per_sec": 2971776455.9921207,
    "success": true,
    "time": 2890.504962
  }
}
