{
  "params": {
    "accessPattern": "random",
    "accessType": "write",
    "blockSize": 262144,
    "granularity": "page",
    "nonTemporal": true,
    "nthreads": 8,
    "path": "/dev/dax0.0",
    "set-affinity": true,
    "source": "anon",
    "stripeSize": 68719476736,
    "totalSize": 68719476736
  },
  "results": {
    "IOPS": 27505.208796030336,
    "MIOPS": 0.027505208796030335,
    "MiB_per_sec": 6876.302199007584,
    "addr": 23063974379520,
    "byte_per_sec": 7210325454.626576,
    "success": true,
    "time": 9530.703873
  }
}
