{
  "params": {
    "accessPattern": "random",
    "accessType": "write",
    "blockSize": 128,
    "granularity": "page",
    "nonTemporal": false,
    "nthreads": 1,
    "path": "/dev/dax0.0",
    "set-affinity": true,
    "source": "anon",
    "stripeSize": 8589934592,
    "totalSize": 8589934592
  },
  "results": {
    "IOPS": 13322512.974774016,
    "MIOPS": 13.322512974774016,
    "MiB_per_sec": 1626.2833221159688,
    "addr": 23168127336448,
    "byte_per_sec": 1705281660.771074,
    "success": true,
    "time": 5037.252665999999
  }
}
