{
  "params": {
    "accessPattern": "random",
    "accessType": "write",
    "blockSize": 8192,
    "granularity": "page",
    "nonTemporal": false,
    "nthreads": 32,
    "path": "/dev/dax0.0",
    "set-affinity": true,
    "source": "devdax",
    "stripeSize": 274877906944,
    "totalSize": 274877906944
  },
  "results": {
    "IOPS": 2461195.019675288,
    "MIOPS": 2.461195019675288,
    "MiB_per_sec": 19228.086091213187,
    "addr": 21129091612672,
    "byte_per_sec": 20162109601.17996,
    "success": true,
    "time": 13633.390175
  }
}
