{
  "params": {
    "accessPattern": "random",
    "accessType": "write",
    "blockSize": 1024,
    "granularity": "page",
    "nonTemporal": true,
    "nthreads": 8,
    "path": "/dev/dax0.0",
    "set-affinity": true,
    "source": "devdax",
    "stripeSize": 68719476736,
    "totalSize": 68719476736
  },
  "results": {
    "IOPS": 19876402.93357216,
    "MIOPS": 19.87640293357216,
    "MiB_per_sec": 19410.54973981656,
    "addr": 21158082641920,
    "byte_per_sec": 20353436603.97789,
    "success": true,
    "time": 3376.30829
  }
}
