{
  "params": {
    "accessPattern": "random",
    "accessType": "write",
    "blockSize": 4096,
    "granularity": "page",
    "nonTemporal": false,
    "nthreads": 32,
    "path": "/dev/dax0.0",
    "set-affinity": true,
    "source": "devdax",
    "stripeSize": 274877906944,
    "totalSize": 274877906944
  },
  "results": {
    "IOPS": 4883999.7766224025,
    "MIOPS": 4.883999776622402,
    "MiB_per_sec": 19078.12412743126,
    "addr": 20623359213568,
    "byte_per_sec": 20004863085.04536,
    "success": true,
    "time": 13740.554273000002
  }
}
