{
  "params": {
    "accessPattern": "random",
    "accessType": "write",
    "blockSize": 524288,
    "granularity": "page",
    "nonTemporal": true,
    "nthreads": 16,
    "path": "/dev/dax0.0",
    "set-affinity": true,
    "source": "devdax",
    "stripeSize": 137438953472,
    "totalSize": 137438953472
  },
  "results": {
    "IOPS": 47846.552359809226,
    "MIOPS": 0.047846552359809225,
    "MiB_per_sec": 23923.276179904613,
    "addr": 20921859440640,
    "byte_per_sec": 25085373243.61966,
    "success": true,
    "time": 5478.848257000001
  }
}
