{
  "params": {
    "accessPattern": "random",
    "accessType": "write",
    "blockSize": 64,
    "granularity": "page",
    "nonTemporal": false,
    "nthreads": 16,
    "path": "/dev/dax0.0",
    "set-affinity": true,
    "source": "devdax",
    "stripeSize": 137438953472,
    "totalSize": 137438953472
  },
  "results": {
    "IOPS": 20766675.743072104,
    "MIOPS": 20.766675743072103,
    "MiB_per_sec": 1267.4972987714907,
    "addr": 20818780225536,
    "byte_per_sec": 1329067247.5566146,
    "success": true,
    "time": 103410.08231499999
  }
}
