{
  "params": {
    "accessPattern": "random",
    "accessType": "write",
    "blockSize": 8192,
    "granularity": "page",
    "nonTemporal": true,
    "nthreads": 2,
    "path": "/dev/dax0.0",
    "set-affinity": true,
    "source": "anon",
    "stripeSize": 17179869184,
    "totalSize": 17179869184
  },
  "results": {
    "IOPS": 353828.2426613629,
    "MIOPS": 0.3538282426613629,
    "MiB_per_sec": 2764.283145791898,
    "addr": 23307713773568,
    "byte_per_sec": 2898560963.881885,
    "success": true,
    "time": 5927.033931000001
  }
}
