{
  "params": {
    "accessPattern": "random",
    "accessType": "write",
    "blockSize": 1024,
    "granularity": "page",
    "nonTemporal": false,
    "nthreads": 16,
    "path": "/dev/dax0.0",
    "set-affinity": true,
    "source": "anon",
    "stripeSize": 137438953472,
    "totalSize": 137438953472
  },
  "results": {
    "IOPS": 385512.7890455369,
    "MIOPS": 0.3855127890455369,
    "MiB_per_sec": 376.4773330522821,
    "addr": 22444425347072,
    "byte_per_sec": 394765095.9826298,
    "success": true,
    "time": 348153.762505
  }
}
