{
  "params": {
    "accessPattern": "random",
    "accessType": "write",
    "blockSize": 65536,
    "granularity": "page",
    "nonTemporal": false,
    "nthreads": 32,
    "path": "/dev/dax0.0",
    "set-affinity": true,
    "source": "devdax",
    "stripeSize": 274877906944,
    "totalSize": 274877906944
  },
  "results": {
    "IOPS": 373603.47029280226,
    "MIOPS": 0.3736034702928023,
    "MiB_per_sec": 23350.21689330014,
    "addr": 20640539082752,
    "byte_per_sec": 24484477029.10909,
    "success": true,
    "time": 11226.619487
  }
}
