{
  "params": {
    "accessPattern": "random",
    "accessType": "write",
    "blockSize": 512,
    "granularity": "page",
    "nonTemporal": true,
    "nthreads": 8,
    "path": "/dev/dax0.0",
    "set-affinity": true,
    "source": "anon",
    "stripeSize": 68719476736,
    "totalSize": 68719476736
  },
  "results": {
    "IOPS": 10523058.720201515,
    "MIOPS": 10.523058720201515,
    "MiB_per_sec": 5138.212265723396,
    "addr": 22616224038912,
    "byte_per_sec": 5387806064.7431755,
    "success": true,
    "time": 12754.630718
  }
}
