{
  "params": {
    "accessPattern": "random",
    "accessType": "write",
    "blockSize": 131072,
    "granularity": "page",
    "nonTemporal": true,
    "nthreads": 48,
    "path": "/dev/dax0.0",
    "set-affinity": true,
    "source": "devdax",
    "stripeSize": 412316860416,
    "totalSize": 412316860416
  },
  "results": {
    "IOPS": 186496.63509826377,
    "MIOPS": 0.18649663509826378,
    "MiB_per_sec": 23312.07938728297,
    "addr": 20262581960704,
    "byte_per_sec": 24444486955.59963,
    "success": true,
    "time": 16867.478592
  }
}
