{
  "params": {
    "accessPattern": "random",
    "accessType": "write",
    "blockSize": 256,
    "granularity": "page",
    "nonTemporal": true,
    "nthreads": 1,
    "path": "/dev/dax0.0",
    "set-affinity": true,
    "source": "anon",
    "stripeSize": 8589934592,
    "totalSize": 8589934592
  },
  "results": {
    "IOPS": 4406598.366683549,
    "MIOPS": 4.406598366683549,
    "MiB_per_sec": 1075.829679366101,
    "addr": 22900765622272,
    "byte_per_sec": 1128089181.8709886,
    "success": true,
    "time": 7614.5882169999995
  }
}
