{
  "params": {
    "accessPattern": "random",
    "accessType": "write",
    "blockSize": 1048576,
    "granularity": "page",
    "nonTemporal": false,
    "nthreads": 8,
    "path": "/dev/dax0.0",
    "set-affinity": true,
    "source": "anon",
    "stripeSize": 68719476736,
    "totalSize": 68719476736
  },
  "results": {
    "IOPS": 7649.906691274001,
    "MIOPS": 0.007649906691274001,
    "MiB_per_sec": 7649.906691274001,
    "addr": 23318451191808,
    "byte_per_sec": 8021508558.709327,
    "success": true,
    "time": 8566.901877999999
  }
}
