{
  "params": {
    "accessPattern": "random",
    "accessType": "write",
    "blockSize": 8192,
    "granularity": "page",
    "nonTemporal": true,
    "nthreads": 8,
    "path": "/dev/dax0.0",
    "set-affinity": true,
    "source": "anon",
    "stripeSize": 68719476736,
    "totalSize": 68719476736
  },
  "results": {
    "IOPS": 805465.72530843,
    "MIOPS": 0.8054657253084301,
    "MiB_per_sec": 6292.70097897211,
    "addr": 23289460162560,
    "byte_per_sec": 6598375221.726659,
    "success": true,
    "time": 10414.605782
  }
}
