{
  "params": {
    "accessPattern": "random",
    "accessType": "write",
    "blockSize": 128,
    "granularity": "page",
    "nonTemporal": true,
    "nthreads": 4,
    "path": "/dev/dax0.0",
    "set-affinity": true,
    "source": "anon",
    "stripeSize": 34359738368,
    "totalSize": 34359738368
  },
  "results": {
    "IOPS": 19107656.657089524,
    "MIOPS": 19.107656657089525,
    "MiB_per_sec": 2332.4776192736235,
    "addr": 22730040672256,
    "byte_per_sec": 2445780052.107459,
    "success": true,
    "time": 14048.580672
  }
}
