{
  "params": {
    "accessPattern": "random",
    "accessType": "write",
    "blockSize": 1024,
    "granularity": "page",
    "nonTemporal": true,
    "nthreads": 4,
    "path": "/dev/dax0.0",
    "set-affinity": true,
    "source": "anon",
    "stripeSize": 34359738368,
    "totalSize": 34359738368
  },
  "results": {
    "IOPS": 4380594.701856575,
    "MIOPS": 4.380594701856575,
    "MiB_per_sec": 4277.9245135318115,
    "addr": 22505628631040,
    "byte_per_sec": 4485728974.701133,
    "success": true,
    "time": 7659.789203
  }
}
