{
  "params": {
    "accessPattern": "random",
    "accessType": "write",
    "blockSize": 131072,
    "granularity": "page",
    "nonTemporal": true,
    "nthreads": 48,
    "path": "/dev/dax0.0",
    "set-affinity": true,
    "source": "devdax",
    "stripeSize": 412316860416,
    "totalSize": 412316860416
  },
  "results": {
    "IOPS": 188486.04181465285,
    "MIOPS": 0.18848604181465287,
    "MiB_per_sec": 23560.755226831607,
    "addr": 20497731420160,
    "byte_per_sec": 24705242472.73018,
    "success": true,
    "time": 16689.448034
  }
}
