{
  "params": {
    "accessPattern": "random",
    "accessType": "write",
    "blockSize": 8192,
    "granularity": "page",
    "nonTemporal": false,
    "nthreads": 1,
    "path": "/dev/dax0.0",
    "set-affinity": true,
    "source": "anon",
    "stripeSize": 8589934592,
    "totalSize": 8589934592
  },
  "results": {
    "IOPS": 323226.96871754073,
    "MIOPS": 0.32322696871754075,
    "MiB_per_sec": 2525.210693105787,
    "addr": 23128398888960,
    "byte_per_sec": 2647875327.7340937,
    "success": true,
    "time": 3244.08574
  }
}
