{
  "params": {
    "accessPattern": "random",
    "accessType": "write",
    "blockSize": 16384,
    "granularity": "page",
    "nonTemporal": false,
    "nthreads": 32,
    "path": "/dev/dax0.0",
    "set-affinity": true,
    "source": "devdax",
    "stripeSize": 274877906944,
    "totalSize": 274877906944
  },
  "results": {
    "IOPS": 1432257.7210554078,
    "MIOPS": 1.4322577210554077,
    "MiB_per_sec": 22379.026891490746,
    "addr": 20477330325504,
    "byte_per_sec": 23466110501.7718,
    "success": true,
    "time": 11713.824791000001
  }
}
