{
  "params": {
    "accessPattern": "random",
    "accessType": "write",
    "blockSize": 131072,
    "granularity": "page",
    "nonTemporal": false,
    "nthreads": 32,
    "path": "/dev/dax0.0",
    "set-affinity": true,
    "source": "devdax",
    "stripeSize": 274877906944,
    "totalSize": 274877906944
  },
  "results": {
    "IOPS": 187617.26278538143,
    "MIOPS": 0.18761726278538143,
    "MiB_per_sec": 23452.15784817268,
    "addr": 20979841499136,
    "byte_per_sec": 24591369867.805515,
    "success": true,
    "time": 11177.820041
  }
}
