{
  "params": {
    "accessPattern": "random",
    "accessType": "write",
    "blockSize": 64,
    "granularity": "page",
    "nonTemporal": true,
    "nthreads": 8,
    "path": "/dev/dax0.0",
    "set-affinity": true,
    "source": "anon",
    "stripeSize": 68719476736,
    "totalSize": 68719476736
  },
  "results": {
    "IOPS": 42054804.51005617,
    "MIOPS": 42.054804510056165,
    "MiB_per_sec": 2566.821564334483,
    "addr": 23154168692736,
    "byte_per_sec": 2691507488.6435947,
    "success": true,
    "time": 25531.965646
  }
}
