{
  "params": {
    "accessPattern": "random",
    "accessType": "write",
    "blockSize": 4096,
    "granularity": "page",
    "nonTemporal": true,
    "nthreads": 2,
    "path": "/dev/dax0.0",
    "set-affinity": true,
    "source": "devdax",
    "stripeSize": 17179869184,
    "totalSize": 17179869184
  },
  "results": {
    "IOPS": 4058842.6511190315,
    "MIOPS": 4.058842651119032,
    "MiB_per_sec": 15854.854105933717,
    "addr": 20274393120768,
    "byte_per_sec": 16625019498.983553,
    "success": true,
    "time": 1033.374378
  }
}
