{
  "params": {
    "accessPattern": "random",
    "accessType": "write",
    "blockSize": 256,
    "granularity": "page",
    "nonTemporal": true,
    "nthreads": 16,
    "path": "/dev/dax0.0",
    "set-affinity": true,
    "source": "devdax",
    "stripeSize": 137438953472,
    "totalSize": 137438953472
  },
  "results": {
    "IOPS": 56714599.54240436,
    "MIOPS": 56.71459954240436,
    "MiB_per_sec": 13846.337778907315,
    "addr": 20248623316992,
    "byte_per_sec": 14518937482.855516,
    "success": true,
    "time": 9466.185361999998
  }
}
