{
  "params": {
    "accessPattern": "random",
    "accessType": "write",
    "blockSize": 524288,
    "granularity": "page",
    "nonTemporal": false,
    "nthreads": 4,
    "path": "/dev/dax0.0",
    "set-affinity": true,
    "source": "anon",
    "stripeSize": 34359738368,
    "totalSize": 34359738368
  },
  "results": {
    "IOPS": 10428.88846458018,
    "MIOPS": 0.01042888846458018,
    "MiB_per_sec": 5214.44423229009,
    "addr": 22546430820352,
    "byte_per_sec": 5467741075.317814,
    "success": true,
    "time": 6284.082931999999
  }
}
