{
  "params": {
    "accessPattern": "random",
    "accessType": "write",
    "blockSize": 256,
    "granularity": "page",
    "nonTemporal": true,
    "nthreads": 2,
    "path": "/dev/dax0.0",
    "set-affinity": true,
    "source": "devdax",
    "stripeSize": 17179869184,
    "totalSize": 17179869184
  },
  "results": {
    "IOPS": 8083321.0490108365,
    "MIOPS": 8.083321049010836,
    "MiB_per_sec": 1973.4670529811613,
    "addr": 20906827055104,
    "byte_per_sec": 2069330188.5467741,
    "success": true,
    "time": 8302.140122
  }
}
