{
  "params": {
    "accessPattern": "random",
    "accessType": "write",
    "blockSize": 1024,
    "granularity": "page",
    "nonTemporal": false,
    "nthreads": 1,
    "path": "/dev/dax0.0",
    "set-affinity": true,
    "source": "devdax",
    "stripeSize": 8589934592,
    "totalSize": 8589934592
  },
  "results": {
    "IOPS": 1187513.3811010972,
    "MIOPS": 1.1875133811010972,
    "MiB_per_sec": 1159.6810362315402,
    "addr": 20991652659200,
    "byte_per_sec": 1216013702.2475235,
    "success": true,
    "time": 7064.011348
  }
}
