{
  "params": {
    "accessPattern": "random",
    "accessType": "write",
    "blockSize": 131072,
    "granularity": "page",
    "nonTemporal": true,
    "nthreads": 16,
    "path": "/dev/dax0.0",
    "set-affinity": true,
    "source": "anon",
    "stripeSize": 137438953472,
    "totalSize": 137438953472
  },
  "results": {
    "IOPS": 39575.187488130076,
    "MIOPS": 0.039575187488130076,
    "MiB_per_sec": 4946.898436016259,
    "addr": 23232551845888,
    "byte_per_sec": 5187198974.444185,
    "success": true,
    "time": 26495.793616
  }
}
