{
  "params": {
    "accessPattern": "random",
    "accessType": "write",
    "blockSize": 2048,
    "granularity": "page",
    "nonTemporal": true,
    "nthreads": 2,
    "path": "/dev/dax0.0",
    "set-affinity": true,
    "source": "devdax",
    "stripeSize": 17179869184,
    "totalSize": 17179869184
  },
  "results": {
    "IOPS": 5728955.972869186,
    "MIOPS": 5.728955972869186,
    "MiB_per_sec": 11189.367134510128,
    "addr": 21100100583424,
    "byte_per_sec": 11732901832.436092,
    "success": true,
    "time": 1464.247245
  }
}
