{
  "params": {
    "accessPattern": "random",
    "accessType": "write",
    "blockSize": 131072,
    "granularity": "page",
    "nonTemporal": false,
    "nthreads": 4,
    "path": "/dev/dax0.0",
    "set-affinity": true,
    "source": "anon",
    "stripeSize": 34359738368,
    "totalSize": 34359738368
  },
  "results": {
    "IOPS": 46989.367994058055,
    "MIOPS": 0.046989367994058055,
    "MiB_per_sec": 5873.670999257257,
    "addr": 23123030179840,
    "byte_per_sec": 6158990441.717177,
    "success": true,
    "time": 5578.79391
  }
}
