{
  "params": {
    "accessPattern": "random",
    "accessType": "write",
    "blockSize": 512,
    "granularity": "page",
    "nonTemporal": false,
    "nthreads": 8,
    "path": "/dev/dax0.0",
    "set-affinity": true,
    "source": "anon",
    "stripeSize": 68719476736,
    "totalSize": 68719476736
  },
  "results": {
    "IOPS": 10958950.363614967,
    "MIOPS": 10.958950363614967,
    "MiB_per_sec": 5351.049982233871,
    "addr": 22937272844288,
    "byte_per_sec": 5610982586.170863,
    "success": true,
    "time": 12247.315988
  }
}
