{
  "params": {
    "accessPattern": "random",
    "accessType": "write",
    "blockSize": 262144,
    "granularity": "page",
    "nonTemporal": false,
    "nthreads": 16,
    "path": "/dev/dax0.0",
    "set-affinity": true,
    "source": "devdax",
    "stripeSize": 137438953472,
    "totalSize": 137438953472
  },
  "results": {
    "IOPS": 81500.67197505196,
    "MIOPS": 0.08150067197505195,
    "MiB_per_sec": 20375.16799376299,
    "addr": 20485920260096,
    "byte_per_sec": 21364912154.22802,
    "success": true,
    "time": 6432.928555
  }
}
