{
  "params": {
    "accessPattern": "random",
    "accessType": "write",
    "blockSize": 65536,
    "granularity": "page",
    "nonTemporal": true,
    "nthreads": 1,
    "path": "/dev/dax0.0",
    "set-affinity": true,
    "source": "devdax",
    "stripeSize": 8589934592,
    "totalSize": 8589934592
  },
  "results": {
    "IOPS": 243824.93975018992,
    "MIOPS": 0.24382493975018993,
    "MiB_per_sec": 15239.05873438687,
    "addr": 20476256583680,
    "byte_per_sec": 15979311251.468447,
    "success": true,
    "time": 537.56601
  }
}
