{
  "params": {
    "accessPattern": "random",
    "accessType": "write",
    "blockSize": 512,
    "granularity": "page",
    "nonTemporal": false,
    "nthreads": 8,
    "path": "/dev/dax0.0",
    "set-affinity": true,
    "source": "devdax",
    "stripeSize": 68719476736,
    "totalSize": 68719476736
  },
  "results": {
    "IOPS": 7880272.882447894,
    "MIOPS": 7.880272882447894,
    "MiB_per_sec": 3847.7894933827606,
    "addr": 21078625746944,
    "byte_per_sec": 4034699715.8133216,
    "success": true,
    "time": 17032.116781
  }
}
