{
  "params": {
    "accessPattern": "random",
    "accessType": "write",
    "blockSize": 8192,
    "granularity": "page",
    "nonTemporal": false,
    "nthreads": 1,
    "path": "/dev/dax0.0",
    "set-affinity": true,
    "source": "anon",
    "stripeSize": 8589934592,
    "totalSize": 8589934592
  },
  "results": {
    "IOPS": 325533.6860114668,
    "MIOPS": 0.32553368601146676,
    "MiB_per_sec": 2543.231921964584,
    "addr": 22417581801472,
    "byte_per_sec": 2666771955.805936,
    "success": true,
    "time": 3221.098292
  }
}
