{
  "params": {
    "accessPattern": "random",
    "accessType": "write",
    "blockSize": 2048,
    "granularity": "page",
    "nonTemporal": false,
    "nthreads": 4,
    "path": "/dev/dax0.0",
    "set-affinity": true,
    "source": "anon",
    "stripeSize": 34359738368,
    "totalSize": 34359738368
  },
  "results": {
    "IOPS": 2413032.724213156,
    "MIOPS": 2.413032724213156,
    "MiB_per_sec": 4712.95453947882,
    "addr": 22599044169728,
    "byte_per_sec": 4941891019.188543,
    "success": true,
    "time": 6952.751130000001
  }
}
