{
  "params": {
    "accessPattern": "random",
    "accessType": "write",
    "blockSize": 4096,
    "granularity": "page",
    "nonTemporal": false,
    "nthreads": 2,
    "path": "/dev/dax0.0",
    "set-affinity": true,
    "source": "devdax",
    "stripeSize": 17179869184,
    "totalSize": 17179869184
  },
  "results": {
    "IOPS": 1059845.3097422014,
    "MIOPS": 1.0598453097422014,
    "MiB_per_sec": 4140.020741180474,
    "addr": 20985210208256,
    "byte_per_sec": 4341126388.704057,
    "success": true,
    "time": 3957.468096
  }
}
