{
  "params": {
    "accessPattern": "random",
    "accessType": "write",
    "blockSize": 8192,
    "granularity": "page",
    "nonTemporal": false,
    "nthreads": 2,
    "path": "/dev/dax0.0",
    "set-affinity": true,
    "source": "anon",
    "stripeSize": 17179869184,
    "totalSize": 17179869184
  },
  "results": {
    "IOPS": 433577.03665403306,
    "MIOPS": 0.4335770366540331,
    "MiB_per_sec": 3387.3205988596333,
    "addr": 22827751178240,
    "byte_per_sec": 3551863084.269839,
    "success": true,
    "time": 4836.861325
  }
}
