{
  "params": {
    "accessPattern": "random",
    "accessType": "write",
    "blockSize": 8192,
    "granularity": "page",
    "nonTemporal": true,
    "nthreads": 48,
    "path": "/dev/dax0.0",
    "set-affinity": true,
    "source": "devdax",
    "stripeSize": 412316860416,
    "totalSize": 412316860416
  },
  "results": {
    "IOPS": 3063710.828917923,
    "MIOPS": 3.063710828917923,
    "MiB_per_sec": 23935.240850921273,
    "addr": 21047487234048,
    "byte_per_sec": 25097919110.495625,
    "success": true,
    "time": 16428.328524
  }
}
