{
  "params": {
    "accessPattern": "random",
    "accessType": "write",
    "blockSize": 1048576,
    "granularity": "page",
    "nonTemporal": true,
    "nthreads": 1,
    "path": "/dev/dax0.0",
    "set-affinity": true,
    "source": "devdax",
    "stripeSize": 8589934592,
    "totalSize": 8589934592
  },
  "results": {
    "IOPS": 16192.718397036,
    "MIOPS": 0.016192718397036,
    "MiB_per_sec": 16192.718397036,
    "addr": 21131239096320,
    "byte_per_sec": 16979295885.89042,
    "success": true,
    "time": 505.906408
  }
}
