{
  "params": {
    "accessPattern": "random",
    "accessType": "write",
    "blockSize": 128,
    "granularity": "page",
    "nonTemporal": false,
    "nthreads": 16,
    "path": "/dev/dax0.0",
    "set-affinity": true,
    "source": "devdax",
    "stripeSize": 137438953472,
    "totalSize": 137438953472
  },
  "results": {
    "IOPS": 19825905.440935146,
    "MIOPS": 19.825905440935145,
    "MiB_per_sec": 2420.1544727704036,
    "addr": 20296941699072,
    "byte_per_sec": 2537715896.4396987,
    "success": true,
    "time": 54158.526439
  }
}
