{
  "params": {
    "accessPattern": "random",
    "accessType": "write",
    "blockSize": 32768,
    "granularity": "page",
    "nonTemporal": true,
    "nthreads": 2,
    "path": "/dev/dax0.0",
    "set-affinity": true,
    "source": "anon",
    "stripeSize": 17179869184,
    "totalSize": 17179869184
  },
  "results": {
    "IOPS": 93402.15791778729,
    "MIOPS": 0.09340215791778729,
    "MiB_per_sec": 2918.817434930853,
    "addr": 22989886193664,
    "byte_per_sec": 3060601910.650054,
    "success": true,
    "time": 5613.232196
  }
}
