{
  "params": {
    "accessPattern": "random",
    "accessType": "write",
    "blockSize": 32768,
    "granularity": "page",
    "nonTemporal": true,
    "nthreads": 32,
    "path": "/dev/dax0.0",
    "set-affinity": true,
    "source": "devdax",
    "stripeSize": 274877906944,
    "totalSize": 274877906944
  },
  "results": {
    "IOPS": 762611.702017731,
    "MIOPS": 0.762611702017731,
    "MiB_per_sec": 23831.615688054095,
    "addr": 21246129471488,
    "byte_per_sec": 24989260251.71701,
    "success": true,
    "time": 10999.841698999999
  }
}
