{
  "params": {
    "accessPattern": "random",
    "accessType": "write",
    "blockSize": 131072,
    "granularity": "page",
    "nonTemporal": true,
    "nthreads": 2,
    "path": "/dev/dax0.0",
    "set-affinity": true,
    "source": "anon",
    "stripeSize": 17179869184,
    "totalSize": 17179869184
  },
  "results": {
    "IOPS": 23861.052570331984,
    "MIOPS": 0.023861052570331984,
    "MiB_per_sec": 2982.631571291498,
    "addr": 23270132809728,
    "byte_per_sec": 3127515882.4985538,
    "success": true,
    "time": 5493.135712
  }
}
