{
  "params": {
    "accessPattern": "random",
    "accessType": "write",
    "blockSize": 131072,
    "granularity": "page",
    "nonTemporal": false,
    "nthreads": 1,
    "path": "/dev/dax0.0",
    "set-affinity": true,
    "source": "devdax",
    "stripeSize": 8589934592,
    "totalSize": 8589934592
  },
  "results": {
    "IOPS": 21694.764328829326,
    "MIOPS": 0.021694764328829327,
    "MiB_per_sec": 2711.8455411036657,
    "addr": 20693152432128,
    "byte_per_sec": 2843576150.1083174,
    "success": true,
    "time": 3020.821015
  }
}
