{
  "params": {
    "accessPattern": "random",
    "accessType": "write",
    "blockSize": 65536,
    "granularity": "page",
    "nonTemporal": false,
    "nthreads": 4,
    "path": "/dev/dax0.0",
    "set-affinity": true,
    "source": "anon",
    "stripeSize": 34359738368,
    "totalSize": 34359738368
  },
  "results": {
    "IOPS": 88473.31922770961,
    "MIOPS": 0.08847331922770961,
    "MiB_per_sec": 5529.582451731851,
    "addr": 22915798007808,
    "byte_per_sec": 5798187448.907177,
    "success": true,
    "time": 5925.944732
  }
}
