{
  "params": {
    "accessPattern": "random",
    "accessType": "write",
    "blockSize": 1024,
    "granularity": "page",
    "nonTemporal": false,
    "nthreads": 1,
    "path": "/dev/dax0.0",
    "set-affinity": true,
    "source": "anon",
    "stripeSize": 8589934592,
    "totalSize": 8589934592
  },
  "results": {
    "IOPS": 1959002.7014515467,
    "MIOPS": 1.9590027014515468,
    "MiB_per_sec": 1913.0885756362761,
    "addr": 23183159721984,
    "byte_per_sec": 2006018766.2863839,
    "success": true,
    "time": 4282.080874
  }
}
