{
  "params": {
    "accessPattern": "random",
    "accessType": "write",
    "blockSize": 524288,
    "granularity": "page",
    "nonTemporal": true,
    "nthreads": 1,
    "path": "/dev/dax0.0",
    "set-affinity": true,
    "source": "anon",
    "stripeSize": 8589934592,
    "totalSize": 8589934592
  },
  "results": {
    "IOPS": 3814.5743670075644,
    "MIOPS": 0.0038145743670075644,
    "MiB_per_sec": 1907.2871835037822,
    "addr": 23424751632384,
    "byte_per_sec": 1999935565.729662,
    "success": true,
    "time": 4295.105672
  }
}
