{
  "params": {
    "accessPattern": "random",
    "accessType": "write",
    "blockSize": 32768,
    "granularity": "page",
    "nonTemporal": true,
    "nthreads": 1,
    "path": "/dev/dax0.0",
    "set-affinity": true,
    "source": "devdax",
    "stripeSize": 8589934592,
    "totalSize": 8589934592
  },
  "results": {
    "IOPS": 495467.5915858737,
    "MIOPS": 0.49546759158587367,
    "MiB_per_sec": 15483.362237058553,
    "addr": 20902532087808,
    "byte_per_sec": 16235482041.085909,
    "success": true,
    "time": 529.08405
  }
}
