{
  "params": {
    "accessPattern": "random",
    "accessType": "write",
    "blockSize": 2048,
    "granularity": "page",
    "nonTemporal": true,
    "nthreads": 32,
    "path": "/dev/dax0.0",
    "set-affinity": true,
    "source": "devdax",
    "stripeSize": 274877906944,
    "totalSize": 274877906944
  },
  "results": {
    "IOPS": 12871502.4570597,
    "MIOPS": 12.8715024570597,
    "MiB_per_sec": 25139.653236444727,
    "addr": 21047487234048,
    "byte_per_sec": 26360837032.058266,
    "success": true,
    "time": 10427.510575999999
  }
}
