{
  "params": {
    "accessPattern": "random",
    "accessType": "write",
    "blockSize": 131072,
    "granularity": "page",
    "nonTemporal": true,
    "nthreads": 2,
    "path": "/dev/dax0.0",
    "set-affinity": true,
    "source": "devdax",
    "stripeSize": 17179869184,
    "totalSize": 17179869184
  },
  "results": {
    "IOPS": 198461.2229615662,
    "MIOPS": 0.1984612229615662,
    "MiB_per_sec": 24807.652870195776,
    "addr": 21293374111744,
    "byte_per_sec": 26012709416.018406,
    "success": true,
    "time": 660.44136
  }
}
