{
  "params": {
    "accessPattern": "random",
    "accessType": "write",
    "blockSize": 512,
    "granularity": "page",
    "nonTemporal": false,
    "nthreads": 4,
    "path": "/dev/dax0.0",
    "set-affinity": true,
    "source": "anon",
    "stripeSize": 34359738368,
    "totalSize": 34359738368
  },
  "results": {
    "IOPS": 8720143.068454359,
    "MIOPS": 8.720143068454359,
    "MiB_per_sec": 4257.88235764373,
    "addr": 23226109394944,
    "byte_per_sec": 4464713251.048632,
    "success": true,
    "time": 7695.844377
  }
}
