{
  "params": {
    "accessPattern": "random",
    "accessType": "write",
    "blockSize": 4096,
    "granularity": "page",
    "nonTemporal": true,
    "nthreads": 16,
    "path": "/dev/dax0.0",
    "set-affinity": true,
    "source": "devdax",
    "stripeSize": 137438953472,
    "totalSize": 137438953472
  },
  "results": {
    "IOPS": 6438115.547893003,
    "MIOPS": 6.438115547893003,
    "MiB_per_sec": 25148.88885895704,
    "addr": 20585778249728,
    "byte_per_sec": 26370521284.16974,
    "success": true,
    "time": 5211.8406
  }
}
