{
  "params": {
    "accessPattern": "random",
    "accessType": "write",
    "blockSize": 16384,
    "granularity": "page",
    "nonTemporal": false,
    "nthreads": 4,
    "path": "/dev/dax0.0",
    "set-affinity": true,
    "source": "devdax",
    "stripeSize": 34359738368,
    "totalSize": 34359738368
  },
  "results": {
    "IOPS": 560873.0007169876,
    "MIOPS": 0.5608730007169876,
    "MiB_per_sec": 8763.640636202932,
    "addr": 21004537561088,
    "byte_per_sec": 9189343243.747126,
    "success": true,
    "time": 3739.085314
  }
}
