{
  "params": {
    "accessPattern": "random",
    "accessType": "write",
    "blockSize": 512,
    "granularity": "page",
    "nonTemporal": true,
    "nthreads": 1,
    "path": "/dev/dax0.0",
    "set-affinity": true,
    "source": "devdax",
    "stripeSize": 8589934592,
    "totalSize": 8589934592
  },
  "results": {
    "IOPS": 3824753.0805044575,
    "MIOPS": 3.8247530805044576,
    "MiB_per_sec": 1867.5552150900671,
    "addr": 20577188315136,
    "byte_per_sec": 1958273577.2182822,
    "success": true,
    "time": 4386.483427
  }
}
