{
  "params": {
    "accessPattern": "random",
    "accessType": "write",
    "blockSize": 65536,
    "granularity": "page",
    "nonTemporal": false,
    "nthreads": 48,
    "path": "/dev/dax0.0",
    "set-affinity": true,
    "source": "devdax",
    "stripeSize": 412316860416,
    "totalSize": 412316860416
  },
  "results": {
    "IOPS": 382107.9769363444,
    "MIOPS": 0.3821079769363444,
    "MiB_per_sec": 23881.748558521525,
    "addr": 20572893347840,
    "byte_per_sec": 25041828376.500267,
    "success": true,
    "time": 16465.126037
  }
}
