{
  "params": {
    "accessPattern": "random",
    "accessType": "write",
    "blockSize": 64,
    "granularity": "page",
    "nonTemporal": true,
    "nthreads": 8,
    "path": "/dev/dax0.0",
    "set-affinity": true,
    "source": "devdax",
    "stripeSize": 68719476736,
    "totalSize": 68719476736
  },
  "results": {
    "IOPS": 32884284.347968813,
    "MIOPS": 32.884284347968816,
    "MiB_per_sec": 2007.0974333477059,
    "addr": 20859582414848,
    "byte_per_sec": 2104594198.270004,
    "success": true,
    "time": 32652.126852999998
  }
}
