{
  "params": {
    "accessPattern": "random",
    "accessType": "write",
    "blockSize": 256,
    "granularity": "page",
    "nonTemporal": false,
    "nthreads": 8,
    "path": "/dev/dax0.0",
    "set-affinity": true,
    "source": "devdax",
    "stripeSize": 68719476736,
    "totalSize": 68719476736
  },
  "results": {
    "IOPS": 9164702.032008363,
    "MIOPS": 9.164702032008362,
    "MiB_per_sec": 2237.4760820332917,
    "addr": 20937965568000,
    "byte_per_sec": 2346163720.194141,
    "success": true,
    "time": 29290.145502000003
  }
}
