{
  "params": {
    "accessPattern": "random",
    "accessType": "write",
    "blockSize": 524288,
    "granularity": "page",
    "nonTemporal": true,
    "nthreads": 32,
    "path": "/dev/dax0.0",
    "set-affinity": true,
    "source": "devdax",
    "stripeSize": 274877906944,
    "totalSize": 274877906944
  },
  "results": {
    "IOPS": 47052.88559185021,
    "MIOPS": 0.04705288559185021,
    "MiB_per_sec": 23526.442795925104,
    "addr": 20989505175552,
    "byte_per_sec": 24669263281.179962,
    "success": true,
    "time": 11142.525977
  }
}
