{
  "params": {
    "accessPattern": "random",
    "accessType": "write",
    "blockSize": 512,
    "granularity": "page",
    "nonTemporal": true,
    "nthreads": 32,
    "path": "/dev/dax0.0",
    "set-affinity": true,
    "source": "devdax",
    "stripeSize": 274877906944,
    "totalSize": 274877906944
  },
  "results": {
    "IOPS": 48596350.57916604,
    "MIOPS": 48.59635057916604,
    "MiB_per_sec": 23728.686806233418,
    "addr": 20744692039680,
    "byte_per_sec": 24881331496.533012,
    "success": true,
    "time": 11047.556156
  }
}
