{
  "params": {
    "accessPattern": "random",
    "accessType": "write",
    "blockSize": 1024,
    "granularity": "page",
    "nonTemporal": false,
    "nthreads": 1,
    "path": "/dev/dax0.0",
    "set-affinity": true,
    "source": "anon",
    "stripeSize": 8589934592,
    "totalSize": 8589934592
  },
  "results": {
    "IOPS": 1960131.5286677885,
    "MIOPS": 1.9601315286677885,
    "MiB_per_sec": 1914.1909459646372,
    "addr": 23031762124800,
    "byte_per_sec": 2007174685.3558154,
    "success": true,
    "time": 4279.614851
  }
}
