{
  "params": {
    "accessPattern": "random",
    "accessType": "write",
    "blockSize": 131072,
    "granularity": "page",
    "nonTemporal": false,
    "nthreads": 8,
    "path": "/dev/dax0.0",
    "set-affinity": true,
    "source": "anon",
    "stripeSize": 68719476736,
    "totalSize": 68719476736
  },
  "results": {
    "IOPS": 52456.6684549147,
    "MIOPS": 0.0524566684549147,
    "MiB_per_sec": 6557.083556864338,
    "addr": 22541062111232,
    "byte_per_sec": 6875600447.72258,
    "success": true,
    "time": 9994.687338
  }
}
