{
  "params": {
    "accessPattern": "random",
    "accessType": "write",
    "blockSize": 262144,
    "granularity": "page",
    "nonTemporal": true,
    "nthreads": 8,
    "path": "/dev/dax0.0",
    "set-affinity": true,
    "source": "devdax",
    "stripeSize": 68719476736,
    "totalSize": 68719476736
  },
  "results": {
    "IOPS": 98517.3394093229,
    "MIOPS": 0.0985173394093229,
    "MiB_per_sec": 24629.334852330725,
    "addr": 21296595337216,
    "byte_per_sec": 25825729422.117542,
    "success": true,
    "time": 2660.8919969999997
  }
}
