{
  "params": {
    "accessPattern": "random",
    "accessType": "write",
    "blockSize": 131072,
    "granularity": "page",
    "nonTemporal": true,
    "nthreads": 4,
    "path": "/dev/dax0.0",
    "set-affinity": true,
    "source": "devdax",
    "stripeSize": 34359738368,
    "totalSize": 34359738368
  },
  "results": {
    "IOPS": 200709.85215360887,
    "MIOPS": 0.20070985215360887,
    "MiB_per_sec": 25088.73151920111,
    "addr": 20993800142848,
    "byte_per_sec": 26307441741.47782,
    "success": true,
    "time": 1306.084366
  }
}
