{
  "params": {
    "accessPattern": "sequential",
    "accessType": "write",
    "blockSize": 2048,
    "granularity": "page",
    "nonTemporal": true,
    "nthreads": 16,
    "path": "/dev/dax0.0",
    "set-affinity": true,
    "source": "anon",
    "stripeSize": 137438953472,
    "totalSize": 137438953472
  },
  "results": {
    "IOPS": 2219027.6911674025,
    "MIOPS": 2.2190276911674025,
    "MiB_per_sec": 4334.038459311333,
    "addr": 22574348107776,
    "byte_per_sec": 4544568711.51084,
    "success": true,
    "time": 30242.46352
  }
}
