{
  "params": {
    "accessPattern": "sequential",
    "accessType": "write",
    "blockSize": 64,
    "granularity": "page",
    "nonTemporal": true,
    "nthreads": 4,
    "path": "/dev/dax0.0",
    "set-affinity": true,
    "source": "anon",
    "stripeSize": 34359738368,
    "totalSize": 34359738368
  },
  "results": {
    "IOPS": 17275776.234573845,
    "MIOPS": 17.275776234573843,
    "MiB_per_sec": 1054.4297018172513,
    "addr": 23024245932032,
    "byte_per_sec": 1105649679.012726,
    "success": true,
    "time": 31076.514578000002
  }
}
