{
  "params": {
    "accessPattern": "sequential",
    "accessType": "write",
    "blockSize": 32768,
    "granularity": "page",
    "nonTemporal": false,
    "nthreads": 48,
    "path": "/dev/dax0.0",
    "set-affinity": true,
    "source": "devdax",
    "stripeSize": 412316860416,
    "totalSize": 412316860416
  },
  "results": {
    "IOPS": 773924.4560472914,
    "MIOPS": 0.7739244560472914,
    "MiB_per_sec": 24185.139251477856,
    "addr": 20640539082752,
    "byte_per_sec": 25359956575.757645,
    "success": true,
    "time": 16258.579118
  }
}
