{
  "params": {
    "accessPattern": "sequential",
    "accessType": "write",
    "blockSize": 131072,
    "granularity": "page",
    "nonTemporal": true,
    "nthreads": 4,
    "path": "/dev/dax0.0",
    "set-affinity": true,
    "source": "devdax",
    "stripeSize": 34359738368,
    "totalSize": 34359738368
  },
  "results": {
    "IOPS": 201346.13730419113,
    "MIOPS": 0.20134613730419113,
    "MiB_per_sec": 25168.26716302389,
    "addr": 21303037788160,
    "byte_per_sec": 26390840908.73494,
    "success": true,
    "time": 1301.956936
  }
}
