{
  "params": {
    "accessPattern": "sequential",
    "accessType": "write",
    "blockSize": 8192,
    "granularity": "page",
    "nonTemporal": true,
    "nthreads": 2,
    "path": "/dev/dax0.0",
    "set-affinity": true,
    "source": "devdax",
    "stripeSize": 17179869184,
    "totalSize": 17179869184
  },
  "results": {
    "IOPS": 2582866.283574032,
    "MIOPS": 2.582866283574032,
    "MiB_per_sec": 20178.642840422126,
    "addr": 21154861416448,
    "byte_per_sec": 21158840595.03847,
    "success": true,
    "time": 811.9475689999999
  }
}
