{
  "params": {
    "accessPattern": "sequential",
    "accessType": "write",
    "blockSize": 1024,
    "granularity": "page",
    "nonTemporal": false,
    "nthreads": 1,
    "path": "/dev/dax0.0",
    "set-affinity": true,
    "source": "anon",
    "stripeSize": 8589934592,
    "totalSize": 8589934592
  },
  "results": {
    "IOPS": 2857191.547912158,
    "MIOPS": 2.857191547912158,
    "MiB_per_sec": 2790.226121007967,
    "addr": 22468047667200,
    "byte_per_sec": 2925764145.06205,
    "success": true,
    "time": 2935.9627659999996
  }
}
