{
  "params": {
    "accessPattern": "sequential",
    "accessType": "write",
    "blockSize": 8192,
    "granularity": "page",
    "nonTemporal": true,
    "nthreads": 16,
    "path": "/dev/dax0.0",
    "set-affinity": true,
    "source": "anon",
    "stripeSize": 137438953472,
    "totalSize": 137438953472
  },
  "results": {
    "IOPS": 684761.4614510321,
    "MIOPS": 0.6847614614510321,
    "MiB_per_sec": 5349.698917586188,
    "addr": 22619445264384,
    "byte_per_sec": 5609565892.206855,
    "success": true,
    "time": 24500.818087
  }
}
