{
  "params": {
    "accessPattern": "sequential",
    "accessType": "write",
    "blockSize": 8192,
    "granularity": "page",
    "nonTemporal": true,
    "nthreads": 8,
    "path": "/dev/dax0.0",
    "set-affinity": true,
    "source": "devdax",
    "stripeSize": 68719476736,
    "totalSize": 68719476736
  },
  "results": {
    "IOPS": 3284965.246919024,
    "MIOPS": 3.2849652469190236,
    "MiB_per_sec": 25663.790991554873,
    "addr": 20412905816064,
    "byte_per_sec": 26910435302.760643,
    "success": true,
    "time": 2553.636757
  }
}
