{
  "params": {
    "accessPattern": "sequential",
    "accessType": "write",
    "blockSize": 262144,
    "granularity": "page",
    "nonTemporal": true,
    "nthreads": 1,
    "path": "/dev/dax0.0",
    "set-affinity": true,
    "source": "devdax",
    "stripeSize": 8589934592,
    "totalSize": 8589934592
  },
  "results": {
    "IOPS": 65185.63075471745,
    "MIOPS": 0.06518563075471745,
    "MiB_per_sec": 16296.407688679363,
    "addr": 20945481760768,
    "byte_per_sec": 17088021988.564651,
    "success": true,
    "time": 502.68747300000007
  }
}
