{
  "params": {
    "accessPattern": "sequential",
    "accessType": "write",
    "blockSize": 8192,
    "granularity": "page",
    "nonTemporal": false,
    "nthreads": 48,
    "path": "/dev/dax0.0",
    "set-affinity": true,
    "source": "devdax",
    "stripeSize": 412316860416,
    "totalSize": 412316860416
  },
  "results": {
    "IOPS": 3084717.5312516456,
    "MIOPS": 3.0847175312516457,
    "MiB_per_sec": 24099.35571290348,
    "addr": 20543902318592,
    "byte_per_sec": 25270006016.01348,
    "success": true,
    "time": 16316.452800000001
  }
}
