{
  "params": {
    "accessPattern": "sequential",
    "accessType": "write",
    "blockSize": 262144,
    "granularity": "page",
    "nonTemporal": true,
    "nthreads": 1,
    "path": "/dev/dax0.0",
    "set-affinity": true,
    "source": "anon",
    "stripeSize": 8589934592,
    "totalSize": 8589934592
  },
  "results": {
    "IOPS": 7624.64629853818,
    "MIOPS": 0.007624646298538181,
    "MiB_per_sec": 1906.161574634545,
    "addr": 23110145277952,
    "byte_per_sec": 1998755279.2839928,
    "success": true,
    "time": 4297.641978
  }
}
