{
  "params": {
    "accessPattern": "sequential",
    "accessType": "write",
    "blockSize": 524288,
    "granularity": "page",
    "nonTemporal": false,
    "nthreads": 16,
    "path": "/dev/dax0.0",
    "set-affinity": true,
    "source": "anon",
    "stripeSize": 137438953472,
    "totalSize": 137438953472
  },
  "results": {
    "IOPS": 8479.158917454353,
    "MIOPS": 0.008479158917454353,
    "MiB_per_sec": 4239.579458727177,
    "addr": 23200339591168,
    "byte_per_sec": 4445521270.514308,
    "success": true,
    "time": 30916.273955
  }
}
