{
  "params": {
    "accessPattern": "sequential",
    "accessType": "write",
    "blockSize": 64,
    "granularity": "page",
    "nonTemporal": false,
    "nthreads": 32,
    "path": "/dev/dax0.0",
    "set-affinity": true,
    "source": "devdax",
    "stripeSize": 274877906944,
    "totalSize": 274877906944
  },
  "results": {
    "IOPS": 114905398.48213811,
    "MIOPS": 114.90539848213811,
    "MiB_per_sec": 7013.2689503258125,
    "addr": 20829517643776,
    "byte_per_sec": 7353945502.856839,
    "success": true,
    "time": 37378.289904
  }
}
