{
  "params": {
    "accessPattern": "sequential",
    "accessType": "write",
    "blockSize": 1048576,
    "granularity": "page",
    "nonTemporal": true,
    "nthreads": 16,
    "path": "/dev/dax0.0",
    "set-affinity": true,
    "source": "anon",
    "stripeSize": 137438953472,
    "totalSize": 137438953472
  },
  "results": {
    "IOPS": 4907.595568160506,
    "MIOPS": 0.004907595568160506,
    "MiB_per_sec": 4907.595568160506,
    "addr": 22453015281664,
    "byte_per_sec": 5145986930.479471,
    "success": true,
    "time": 26707.987278
  }
}
