{
  "params": {
    "accessPattern": "sequential",
    "accessType": "write",
    "blockSize": 8192,
    "granularity": "page",
    "nonTemporal": false,
    "nthreads": 1,
    "path": "/dev/dax0.0",
    "set-affinity": true,
    "source": "devdax",
    "stripeSize": 8589934592,
    "totalSize": 8589934592
  },
  "results": {
    "IOPS": 317658.13028835814,
    "MIOPS": 0.31765813028835815,
    "MiB_per_sec": 2481.704142877798,
    "addr": 20587925733376,
    "byte_per_sec": 2602255403.32223,
    "success": true,
    "time": 3300.957539
  }
}
