{
  "params": {
    "accessPattern": "sequential",
    "accessType": "write",
    "blockSize": 1048576,
    "granularity": "page",
    "nonTemporal": false,
    "nthreads": 1,
    "path": "/dev/dax0.0",
    "set-affinity": true,
    "source": "devdax",
    "stripeSize": 8589934592,
    "totalSize": 8589934592
  },
  "results": {
    "IOPS": 2689.2289164768913,
    "MIOPS": 0.0026892289164768914,
    "MiB_per_sec": 2689.2289164768913,
    "addr": 20518132514816,
    "byte_per_sec": 2819860900.323673,
    "success": true,
    "time": 3046.226355
  }
}
