{
  "params": {
    "accessPattern": "sequential",
    "accessType": "write",
    "blockSize": 524288,
    "granularity": "page",
    "nonTemporal": true,
    "nthreads": 8,
    "path": "/dev/dax0.0",
    "set-affinity": true,
    "source": "devdax",
    "stripeSize": 68719476736,
    "totalSize": 68719476736
  },
  "results": {
    "IOPS": 48313.19444077508,
    "MIOPS": 0.04831319444077508,
    "MiB_per_sec": 24156.59722038754,
    "addr": 20607253086208,
    "byte_per_sec": 25330028086.965084,
    "success": true,
    "time": 2712.964885
  }
}
