{
  "params": {
    "accessPattern": "sequential",
    "accessType": "write",
    "blockSize": 65536,
    "granularity": "page",
    "nonTemporal": false,
    "nthreads": 16,
    "path": "/dev/dax0.0",
    "set-affinity": true,
    "source": "devdax",
    "stripeSize": 137438953472,
    "totalSize": 137438953472
  },
  "results": {
    "IOPS": 282410.4464444404,
    "MIOPS": 0.2824104464444404,
    "MiB_per_sec": 17650.652902777525,
    "addr": 20272245637120,
    "byte_per_sec": 18508051018.182846,
    "success": true,
    "time": 7425.900941
  }
}
