{
  "params": {
    "accessPattern": "sequential",
    "accessType": "write",
    "blockSize": 1048576,
    "granularity": "page",
    "nonTemporal": false,
    "nthreads": 16,
    "path": "/dev/dax0.0",
    "set-affinity": true,
    "source": "anon",
    "stripeSize": 137438953472,
    "totalSize": 137438953472
  },
  "results": {
    "IOPS": 5101.364325744123,
    "MIOPS": 0.005101364325744122,
    "MiB_per_sec": 5101.364325744123,
    "addr": 22574348107776,
    "byte_per_sec": 5349168199.231469,
    "success": true,
    "time": 25693.518759
  }
}
