{
  "params": {
    "accessPattern": "sequential",
    "accessType": "write",
    "blockSize": 64,
    "granularity": "page",
    "nonTemporal": true,
    "nthreads": 1,
    "path": "/dev/dax0.0",
    "set-affinity": true,
    "source": "anon",
    "stripeSize": 8589934592,
    "totalSize": 8589934592
  },
  "results": {
    "IOPS": 4422739.846966516,
    "MIOPS": 4.4227398469665165,
    "MiB_per_sec": 269.9426176127024,
    "addr": 22951231488000,
    "byte_per_sec": 283055350.20585704,
    "success": true,
    "time": 30347.190349
  }
}
