{
  "params": {
    "accessPattern": "sequential",
    "accessType": "write",
    "blockSize": 1048576,
    "granularity": "page",
    "nonTemporal": true,
    "nthreads": 4,
    "path": "/dev/dax0.0",
    "set-affinity": true,
    "source": "anon",
    "stripeSize": 34359738368,
    "totalSize": 34359738368
  },
  "results": {
    "IOPS": 4866.065883899153,
    "MIOPS": 0.004866065883899153,
    "MiB_per_sec": 4866.065883899153,
    "addr": 22882512011264,
    "byte_per_sec": 5102439900.275438,
    "success": true,
    "time": 6733.981984999999
  }
}
