{
  "params": {
    "accessPattern": "sequential",
    "accessType": "write",
    "blockSize": 1024,
    "granularity": "page",
    "nonTemporal": true,
    "nthreads": 2,
    "path": "/dev/dax0.0",
    "set-affinity": true,
    "source": "devdax",
    "stripeSize": 17179869184,
    "totalSize": 17179869184
  },
  "results": {
    "IOPS": 6962231.194990683,
    "MIOPS": 6.962231194990683,
    "MiB_per_sec": 6799.053901358089,
    "addr": 21021717430272,
    "byte_per_sec": 7129324743.67046,
    "success": true,
    "time": 2409.747038
  }
}
