{
  "params": {
    "accessPattern": "sequential",
    "accessType": "write",
    "blockSize": 64,
    "granularity": "page",
    "nonTemporal": true,
    "nthreads": 4,
    "path": "/dev/dax0.0",
    "set-affinity": true,
    "source": "devdax",
    "stripeSize": 34359738368,
    "totalSize": 34359738368
  },
  "results": {
    "IOPS": 16517146.92868542,
    "MIOPS": 16.51714692868542,
    "MiB_per_sec": 1008.1266435965222,
    "addr": 20266876928000,
    "byte_per_sec": 1057097403.4358668,
    "success": true,
    "time": 32503.852773
  }
}
