{
  "params": {
    "accessPattern": "sequential",
    "accessType": "write",
    "blockSize": 16384,
    "granularity": "page",
    "nonTemporal": false,
    "nthreads": 2,
    "path": "/dev/dax0.0",
    "set-affinity": true,
    "source": "anon",
    "stripeSize": 17179869184,
    "totalSize": 17179869184
  },
  "results": {
    "IOPS": 263094.91249280743,
    "MIOPS": 0.2630949124928074,
    "MiB_per_sec": 4110.858007700116,
    "addr": 23095112892416,
    "byte_per_sec": 4310547046.282157,
    "success": true,
    "time": 3985.5426700000003
  }
}
