{
  "params": {
    "accessPattern": "sequential",
    "accessType": "write",
    "blockSize": 1024,
    "granularity": "page",
    "nonTemporal": true,
    "nthreads": 2,
    "path": "/dev/dax0.0",
    "set-affinity": true,
    "source": "anon",
    "stripeSize": 17179869184,
    "totalSize": 17179869184
  },
  "results": {
    "IOPS": 2489597.798341722,
    "MIOPS": 2.4895977983417223,
    "MiB_per_sec": 2431.247849943088,
    "addr": 22419729285120,
    "byte_per_sec": 2549348145.5019236,
    "success": true,
    "time": 6738.926268
  }
}
