{
  "params": {
    "accessPattern": "sequential",
    "accessType": "write",
    "blockSize": 16384,
    "granularity": "page",
    "nonTemporal": false,
    "nthreads": 32,
    "path": "/dev/dax0.0",
    "set-affinity": true,
    "source": "devdax",
    "stripeSize": 274877906944,
    "totalSize": 274877906944
  },
  "results": {
    "IOPS": 1448183.7884498613,
    "MIOPS": 1.4481837884498614,
    "MiB_per_sec": 22627.871694529083,
    "addr": 20615843020800,
    "byte_per_sec": 23727043189.96253,
    "success": true,
    "time": 11585.004702999999
  }
}
