{
  "params": {
    "accessPattern": "sequential",
    "accessType": "write",
    "blockSize": 512,
    "granularity": "page",
    "nonTemporal": false,
    "nthreads": 1,
    "path": "/dev/dax0.0",
    "set-affinity": true,
    "source": "anon",
    "stripeSize": 8589934592,
    "totalSize": 8589934592
  },
  "results": {
    "IOPS": 5785849.6623793095,
    "MIOPS": 5.785849662379309,
    "MiB_per_sec": 2825.1219054586472,
    "addr": 22560389464064,
    "byte_per_sec": 2962355027.1382065,
    "success": true,
    "time": 2899.69788
  }
}
