{
  "params": {
    "accessPattern": "sequential",
    "accessType": "write",
    "blockSize": 262144,
    "granularity": "page",
    "nonTemporal": false,
    "nthreads": 4,
    "path": "/dev/dax0.0",
    "set-affinity": true,
    "source": "devdax",
    "stripeSize": 34359738368,
    "totalSize": 34359738368
  },
  "results": {
    "IOPS": 33678.48776259777,
    "MIOPS": 0.03367848776259777,
    "MiB_per_sec": 8419.621940649442,
    "addr": 20987357691904,
    "byte_per_sec": 8828613496.03843,
    "success": true,
    "time": 3891.861206
  }
}
