{
  "params": {
    "accessPattern": "sequential",
    "accessType": "write",
    "blockSize": 512,
    "granularity": "page",
    "nonTemporal": false,
    "nthreads": 2,
    "path": "/dev/dax0.0",
    "set-affinity": true,
    "source": "devdax",
    "stripeSize": 17179869184,
    "totalSize": 17179869184
  },
  "results": {
    "IOPS": 4966258.310966576,
    "MIOPS": 4.966258310966577,
    "MiB_per_sec": 2424.9308159016487,
    "addr": 21178483736576,
    "byte_per_sec": 2542724255.214887,
    "success": true,
    "time": 6756.481419
  }
}
