{
  "params": {
    "accessPattern": "sequential",
    "accessType": "write",
    "blockSize": 256,
    "granularity": "page",
    "nonTemporal": true,
    "nthreads": 8,
    "path": "/dev/dax0.0",
    "set-affinity": true,
    "source": "anon",
    "stripeSize": 68719476736,
    "totalSize": 68719476736
  },
  "results": {
    "IOPS": 20425043.80262796,
    "MIOPS": 20.425043802627957,
    "MiB_per_sec": 4986.582959625966,
    "addr": 23071490572288,
    "byte_per_sec": 5228811213.472757,
    "success": true,
    "time": 13142.466601
  }
}
