{
  "params": {
    "accessPattern": "sequential",
    "accessType": "write",
    "blockSize": 128,
    "granularity": "page",
    "nonTemporal": false,
    "nthreads": 4,
    "path": "/dev/dax0.0",
    "set-affinity": true,
    "source": "devdax",
    "stripeSize": 34359738368,
    "totalSize": 34359738368
  },
  "results": {
    "IOPS": 14187418.791679945,
    "MIOPS": 14.187418791679946,
    "MiB_per_sec": 1731.8626454687433,
    "addr": 20986283950080,
    "byte_per_sec": 1815989605.335033,
    "success": true,
    "time": 18920.669076
  }
}
