{
  "params": {
    "accessPattern": "sequential",
    "accessType": "write",
    "blockSize": 128,
    "granularity": "page",
    "nonTemporal": true,
    "nthreads": 48,
    "path": "/dev/dax0.0",
    "set-affinity": true,
    "source": "devdax",
    "stripeSize": 412316860416,
    "totalSize": 412316860416
  },
  "results": {
    "IOPS": 169780671.5789126,
    "MIOPS": 169.78067157891257,
    "MiB_per_sec": 20725.179636097728,
    "addr": 20590073217024,
    "byte_per_sec": 21731925962.10081,
    "success": true,
    "time": 18972.863295
  }
}
