{
  "params": {
    "accessPattern": "sequential",
    "accessType": "write",
    "blockSize": 128,
    "granularity": "page",
    "nonTemporal": false,
    "nthreads": 1,
    "path": "/dev/dax0.0",
    "set-affinity": true,
    "source": "anon",
    "stripeSize": 8589934592,
    "totalSize": 8589934592
  },
  "results": {
    "IOPS": 19749206.185524415,
    "MIOPS": 19.749206185524415,
    "MiB_per_sec": 2410.7917706938983,
    "addr": 22886806978560,
    "byte_per_sec": 2527898391.747125,
    "success": true,
    "time": 3398.0537430000004
  }
}
