{
  "params": {
    "accessPattern": "sequential",
    "accessType": "write",
    "blockSize": 256,
    "granularity": "page",
    "nonTemporal": false,
    "nthreads": 16,
    "path": "/dev/dax0.0",
    "set-affinity": true,
    "source": "devdax",
    "stripeSize": 137438953472,
    "totalSize": 137438953472
  },
  "results": {
    "IOPS": 43462703.618973866,
    "MIOPS": 43.46270361897387,
    "MiB_per_sec": 10611.011625726042,
    "addr": 20640539082752,
    "byte_per_sec": 11126452126.45731,
    "success": true,
    "time": 12352.45089
  }
}
