{
  "params": {
    "accessPattern": "sequential",
    "accessType": "write",
    "blockSize": 128,
    "granularity": "page",
    "nonTemporal": true,
    "nthreads": 4,
    "path": "/dev/dax0.0",
    "set-affinity": true,
    "source": "anon",
    "stripeSize": 34359738368,
    "totalSize": 34359738368
  },
  "results": {
    "IOPS": 14806873.263224455,
    "MIOPS": 14.806873263224455,
    "MiB_per_sec": 1807.479646389704,
    "addr": 22559315722240,
    "byte_per_sec": 1895279777.6927302,
    "success": true,
    "time": 18129.111476
  }
}
