{
  "params": {
    "accessPattern": "sequential",
    "accessType": "write",
    "blockSize": 4096,
    "granularity": "page",
    "nonTemporal": true,
    "nthreads": 16,
    "path": "/dev/dax0.0",
    "set-affinity": true,
    "source": "devdax",
    "stripeSize": 137438953472,
    "totalSize": 137438953472
  },
  "results": {
    "IOPS": 6600007.488593016,
    "MIOPS": 6.600007488593016,
    "MiB_per_sec": 25781.279252316468,
    "addr": 20862803640320,
    "byte_per_sec": 27033630673.276993,
    "success": true,
    "time": 5083.99908
  }
}
