{
  "params": {
    "accessPattern": "sequential",
    "accessType": "write",
    "blockSize": 4096,
    "granularity": "page",
    "nonTemporal": false,
    "nthreads": 4,
    "path": "/dev/dax0.0",
    "set-affinity": true,
    "source": "anon",
    "stripeSize": 34359738368,
    "totalSize": 34359738368
  },
  "results": {
    "IOPS": 1385352.2794114908,
    "MIOPS": 1.3853522794114908,
    "MiB_per_sec": 5411.532341451136,
    "addr": 22373558386688,
    "byte_per_sec": 5674402936.469466,
    "success": true,
    "time": 6055.216514
  }
}
