{
  "params": {
    "accessPattern": "sequential",
    "accessType": "write",
    "blockSize": 131072,
    "granularity": "page",
    "nonTemporal": true,
    "nthreads": 8,
    "path": "/dev/dax0.0",
    "set-affinity": true,
    "source": "devdax",
    "stripeSize": 68719476736,
    "totalSize": 68719476736
  },
  "results": {
    "IOPS": 196293.84176631243,
    "MIOPS": 0.19629384176631243,
    "MiB_per_sec": 24536.730220789053,
    "addr": 20773683068928,
    "byte_per_sec": 25728626427.994102,
    "success": true,
    "time": 2670.93453
  }
}
