{
  "params": {
    "accessPattern": "sequential",
    "accessType": "write",
    "blockSize": 131072,
    "granularity": "page",
    "nonTemporal": true,
    "nthreads": 4,
    "path": "/dev/dax0.0",
    "set-affinity": true,
    "source": "anon",
    "stripeSize": 34359738368,
    "totalSize": 34359738368
  },
  "results": {
    "IOPS": 38086.75418285067,
    "MIOPS": 0.03808675418285067,
    "MiB_per_sec": 4760.844272856334,
    "addr": 22843857305600,
    "byte_per_sec": 4992107044.254603,
    "success": true,
    "time": 6882.8128209999995
  }
}
