{
  "params": {
    "accessPattern": "sequential",
    "accessType": "write",
    "blockSize": 64,
    "granularity": "page",
    "nonTemporal": false,
    "nthreads": 2,
    "path": "/dev/dax0.0",
    "set-affinity": true,
    "source": "anon",
    "stripeSize": 17179869184,
    "totalSize": 17179869184
  },
  "results": {
    "IOPS": 54751261.10805817,
    "MIOPS": 54.751261108058166,
    "MiB_per_sec": 3341.7517766148785,
    "addr": 22788022730752,
    "byte_per_sec": 3504080710.915723,
    "success": true,
    "time": 4902.817771999999
  }
}
