{
  "params": {
    "accessPattern": "sequential",
    "accessType": "write",
    "blockSize": 65536,
    "granularity": "page",
    "nonTemporal": false,
    "nthreads": 48,
    "path": "/dev/dax0.0",
    "set-affinity": true,
    "source": "devdax",
    "stripeSize": 412316860416,
    "totalSize": 412316860416
  },
  "results": {
    "IOPS": 381979.42828265147,
    "MIOPS": 0.38197942828265147,
    "MiB_per_sec": 23873.714267665717,
    "addr": 20519206256640,
    "byte_per_sec": 25033403811.931847,
    "success": true,
    "time": 16470.667094
  }
}
