{
  "params": {
    "accessPattern": "sequential",
    "accessType": "write",
    "blockSize": 8192,
    "granularity": "page",
    "nonTemporal": false,
    "nthreads": 8,
    "path": "/dev/dax0.0",
    "set-affinity": true,
    "source": "devdax",
    "stripeSize": 68719476736,
    "totalSize": 68719476736
  },
  "results": {
    "IOPS": 1702467.0529310273,
    "MIOPS": 1.7024670529310273,
    "MiB_per_sec": 13300.52385102365,
    "addr": 20270098153472,
    "byte_per_sec": 13946610097.610975,
    "success": true,
    "time": 4927.324723
  }
}
