{
  "params": {
    "accessPattern": "sequential",
    "accessType": "write",
    "blockSize": 131072,
    "granularity": "page",
    "nonTemporal": true,
    "nthreads": 16,
    "path": "/dev/dax0.0",
    "set-affinity": true,
    "source": "devdax",
    "stripeSize": 137438953472,
    "totalSize": 137438953472
  },
  "results": {
    "IOPS": 191212.09928271832,
    "MIOPS": 0.19121209928271832,
    "MiB_per_sec": 23901.51241033979,
    "addr": 20800526614528,
    "byte_per_sec": 25062552277.184456,
    "success": true,
    "time": 5483.837079
  }
}
