{
  "params": {
    "accessPattern": "sequential",
    "accessType": "write",
    "blockSize": 32768,
    "granularity": "page",
    "nonTemporal": true,
    "nthreads": 16,
    "path": "/dev/dax0.0",
    "set-affinity": true,
    "source": "devdax",
    "stripeSize": 137438953472,
    "totalSize": 137438953472
  },
  "results": {
    "IOPS": 759820.5524366116,
    "MIOPS": 0.7598205524366116,
    "MiB_per_sec": 23744.392263644113,
    "addr": 20694226173952,
    "byte_per_sec": 24897799862.24289,
    "success": true,
    "time": 5520.124438
  }
}
