{
  "params": {
    "accessPattern": "sequential",
    "accessType": "write",
    "blockSize": 1024,
    "granularity": "page",
    "nonTemporal": false,
    "nthreads": 4,
    "path": "/dev/dax0.0",
    "set-affinity": true,
    "source": "anon",
    "stripeSize": 34359738368,
    "totalSize": 34359738368
  },
  "results": {
    "IOPS": 5470869.946529442,
    "MIOPS": 5.470869946529443,
    "MiB_per_sec": 5342.646432157659,
    "addr": 22390738255872,
    "byte_per_sec": 5602170825.246149,
    "success": true,
    "time": 6133.2900119999995
  }
}
