{
  "params": {
    "accessPattern": "sequential",
    "accessType": "write",
    "blockSize": 1024,
    "granularity": "page",
    "nonTemporal": false,
    "nthreads": 1,
    "path": "/dev/dax0.0",
    "set-affinity": true,
    "source": "devdax",
    "stripeSize": 8589934592,
    "totalSize": 8589934592
  },
  "results": {
    "IOPS": 1842801.9357959693,
    "MIOPS": 1.8428019357959693,
    "MiB_per_sec": 1799.6112654257513,
    "addr": 20994873884672,
    "byte_per_sec": 1887029182.2550726,
    "success": true,
    "time": 4552.094198
  }
}
