{
  "params": {
    "accessPattern": "sequential",
    "accessType": "write",
    "blockSize": 2048,
    "granularity": "page",
    "nonTemporal": false,
    "nthreads": 16,
    "path": "/dev/dax0.0",
    "set-affinity": true,
    "source": "devdax",
    "stripeSize": 137438953472,
    "totalSize": 137438953472
  },
  "results": {
    "IOPS": 8367804.009602299,
    "MIOPS": 8.367804009602299,
    "MiB_per_sec": 16343.36720625449,
    "addr": 20419348267008,
    "byte_per_sec": 17137262611.665508,
    "success": true,
    "time": 8019.889557999999
  }
}
