{
  "params": {
    "accessPattern": "sequential",
    "accessType": "write",
    "blockSize": 262144,
    "granularity": "page",
    "nonTemporal": false,
    "nthreads": 2,
    "path": "/dev/dax0.0",
    "set-affinity": true,
    "source": "devdax",
    "stripeSize": 17179869184,
    "totalSize": 17179869184
  },
  "results": {
    "IOPS": 19310.30836959265,
    "MIOPS": 0.01931030836959265,
    "MiB_per_sec": 4827.577092398163,
    "addr": 21217138442240,
    "byte_per_sec": 5062081477.238496,
    "success": true,
    "time": 3393.834979
  }
}
