{
  "params": {
    "accessPattern": "sequential",
    "accessType": "write",
    "blockSize": 131072,
    "granularity": "page",
    "nonTemporal": true,
    "nthreads": 32,
    "path": "/dev/dax0.0",
    "set-affinity": true,
    "source": "devdax",
    "stripeSize": 274877906944,
    "totalSize": 274877906944
  },
  "results": {
    "IOPS": 190812.7101695102,
    "MIOPS": 0.19081271016951018,
    "MiB_per_sec": 23851.588771188774,
    "addr": 20246475833344,
    "byte_per_sec": 25010203547.33804,
    "success": true,
    "time": 10990.630541
  }
}
