{
  "params": {
    "accessPattern": "sequential",
    "accessType": "write",
    "blockSize": 262144,
    "granularity": "page",
    "nonTemporal": false,
    "nthreads": 16,
    "path": "/dev/dax0.0",
    "set-affinity": true,
    "source": "devdax",
    "stripeSize": 137438953472,
    "totalSize": 137438953472
  },
  "results": {
    "IOPS": 81615.53338024925,
    "MIOPS": 0.08161553338024925,
    "MiB_per_sec": 20403.883345062313,
    "addr": 20786567970816,
    "byte_per_sec": 21395022382.43206,
    "success": true,
    "time": 6423.875190000001
  }
}
