{
  "params": {
    "accessPattern": "sequential",
    "accessType": "write",
    "blockSize": 256,
    "granularity": "page",
    "nonTemporal": false,
    "nthreads": 8,
    "path": "/dev/dax0.0",
    "set-affinity": true,
    "source": "devdax",
    "stripeSize": 68719476736,
    "totalSize": 68719476736
  },
  "results": {
    "IOPS": 24433140.44932,
    "MIOPS": 24.43314044932,
    "MiB_per_sec": 5965.1221800097655,
    "addr": 20322711502848,
    "byte_per_sec": 6254883955.02592,
    "success": true,
    "time": 10986.531041999999
  }
}
