{
  "params": {
    "accessPattern": "sequential",
    "accessType": "write",
    "blockSize": 262144,
    "granularity": "page",
    "nonTemporal": true,
    "nthreads": 16,
    "path": "/dev/dax0.0",
    "set-affinity": true,
    "source": "devdax",
    "stripeSize": 137438953472,
    "totalSize": 137438953472
  },
  "results": {
    "IOPS": 95735.10916848035,
    "MIOPS": 0.09573510916848035,
    "MiB_per_sec": 23933.77729212009,
    "addr": 20573967089664,
    "byte_per_sec": 25096384457.862114,
    "success": true,
    "time": 5476.444374
  }
}
