{
  "params": {
    "accessPattern": "sequential",
    "accessType": "write",
    "blockSize": 2048,
    "granularity": "page",
    "nonTemporal": false,
    "nthreads": 48,
    "path": "/dev/dax0.0",
    "set-affinity": true,
    "source": "devdax",
    "stripeSize": 412316860416,
    "totalSize": 412316860416
  },
  "results": {
    "IOPS": 9934404.422256092,
    "MIOPS": 9.934404422256092,
    "MiB_per_sec": 19403.13363721893,
    "addr": 20868172349440,
    "byte_per_sec": 20345660256.780476,
    "success": true,
    "time": 20265.592525
  }
}
