{
  "params": {
    "accessPattern": "sequential",
    "accessType": "write",
    "blockSize": 1024,
    "granularity": "page",
    "nonTemporal": true,
    "nthreads": 32,
    "path": "/dev/dax0.0",
    "set-affinity": true,
    "source": "devdax",
    "stripeSize": 274877906944,
    "totalSize": 274877906944
  },
  "results": {
    "IOPS": 25607600.700820543,
    "MIOPS": 25.607600700820544,
    "MiB_per_sec": 25007.42255939506,
    "addr": 21208548507648,
    "byte_per_sec": 26222183117.640236,
    "success": true,
    "time": 10482.647676999999
  }
}
