{
  "params": {
    "accessPattern": "sequential",
    "accessType": "write",
    "blockSize": 512,
    "granularity": "page",
    "nonTemporal": true,
    "nthreads": 4,
    "path": "/dev/dax0.0",
    "set-affinity": true,
    "source": "anon",
    "stripeSize": 34359738368,
    "totalSize": 34359738368
  },
  "results": {
    "IOPS": 7671388.2214497,
    "MIOPS": 7.6713882214497,
    "MiB_per_sec": 3745.7950300047364,
    "addr": 23061826895872,
    "byte_per_sec": 3927750769.3822465,
    "success": true,
    "time": 8747.942623
  }
}
