{
  "params": {
    "accessPattern": "sequential",
    "accessType": "write",
    "blockSize": 4096,
    "granularity": "page",
    "nonTemporal": false,
    "nthreads": 16,
    "path": "/dev/dax0.0",
    "set-affinity": true,
    "source": "devdax",
    "stripeSize": 137438953472,
    "totalSize": 137438953472
  },
  "results": {
    "IOPS": 4355979.567891926,
    "MIOPS": 4.355979567891926,
    "MiB_per_sec": 17015.545187077834,
    "addr": 20491288969216,
    "byte_per_sec": 17842092310.085327,
    "success": true,
    "time": 7703.073781
  }
}
