{
  "params": {
    "accessPattern": "sequential",
    "accessType": "write",
    "blockSize": 65536,
    "granularity": "page",
    "nonTemporal": true,
    "nthreads": 16,
    "path": "/dev/dax0.0",
    "set-affinity": true,
    "source": "devdax",
    "stripeSize": 137438953472,
    "totalSize": 137438953472
  },
  "results": {
    "IOPS": 388284.15907737415,
    "MIOPS": 0.3882841590773741,
    "MiB_per_sec": 24267.759942335884,
    "addr": 20978767757312,
    "byte_per_sec": 25446590649.294792,
    "success": true,
    "time": 5401.075349
  }
}
