{
  "params": {
    "accessPattern": "sequential",
    "accessType": "write",
    "blockSize": 32768,
    "granularity": "page",
    "nonTemporal": true,
    "nthreads": 48,
    "path": "/dev/dax0.0",
    "set-affinity": true,
    "source": "devdax",
    "stripeSize": 412316860416,
    "totalSize": 412316860416
  },
  "results": {
    "IOPS": 748383.2016494565,
    "MIOPS": 0.7483832016494565,
    "MiB_per_sec": 23386.975051545516,
    "addr": 21093658132480,
    "byte_per_sec": 24523020751.64939,
    "success": true,
    "time": 16813.461302
  }
}
