{
  "params": {
    "accessPattern": "sequential",
    "accessType": "write",
    "blockSize": 1024,
    "granularity": "page",
    "nonTemporal": true,
    "nthreads": 32,
    "path": "/dev/dax0.0",
    "set-affinity": true,
    "source": "devdax",
    "stripeSize": 274877906944,
    "totalSize": 274877906944
  },
  "results": {
    "IOPS": 26045924.16514165,
    "MIOPS": 26.04592416514165,
    "MiB_per_sec": 25435.472817521142,
    "addr": 21286931660800,
    "byte_per_sec": 26671026345.10505,
    "success": true,
    "time": 10306.236565000001
  }
}
