{
  "params": {
    "accessPattern": "sequential",
    "accessType": "write",
    "blockSize": 4096,
    "granularity": "page",
    "nonTemporal": true,
    "nthreads": 1,
    "path": "/dev/dax0.0",
    "set-affinity": true,
    "source": "anon",
    "stripeSize": 8589934592,
    "totalSize": 8589934592
  },
  "results": {
    "IOPS": 484155.0234570524,
    "MIOPS": 0.4841550234570524,
    "MiB_per_sec": 1891.230560379111,
    "addr": 23066121863168,
    "byte_per_sec": 1983098976.0800867,
    "success": true,
    "time": 4331.571291
  }
}
