{
  "params": {
    "accessPattern": "sequential",
    "accessType": "write",
    "blockSize": 262144,
    "granularity": "page",
    "nonTemporal": false,
    "nthreads": 2,
    "path": "/dev/dax0.0",
    "set-affinity": true,
    "source": "anon",
    "stripeSize": 17179869184,
    "totalSize": 17179869184
  },
  "results": {
    "IOPS": 15589.980861866428,
    "MIOPS": 0.015589980861866429,
    "MiB_per_sec": 3897.495215466607,
    "addr": 23346368479232,
    "byte_per_sec": 4086819943.053113,
    "success": true,
    "time": 4203.725494
  }
}
