{
  "params": {
    "accessPattern": "sequential",
    "accessType": "write",
    "blockSize": 32768,
    "granularity": "page",
    "nonTemporal": true,
    "nthreads": 16,
    "path": "/dev/dax0.0",
    "set-affinity": true,
    "source": "anon",
    "stripeSize": 137438953472,
    "totalSize": 137438953472
  },
  "results": {
    "IOPS": 177623.45464799652,
    "MIOPS": 0.17762345464799653,
    "MiB_per_sec": 5550.732957749891,
    "addr": 23284091453440,
    "byte_per_sec": 5820365361.90555,
    "success": true,
    "time": 23613.458078
  }
}
