{
  "params": {
    "accessPattern": "sequential",
    "accessType": "write",
    "blockSize": 524288,
    "granularity": "page",
    "nonTemporal": true,
    "nthreads": 4,
    "path": "/dev/dax0.0",
    "set-affinity": true,
    "source": "anon",
    "stripeSize": 34359738368,
    "totalSize": 34359738368
  },
  "results": {
    "IOPS": 9793.937585631647,
    "MIOPS": 0.009793937585631648,
    "MiB_per_sec": 4896.968792815824,
    "addr": 22505628631040,
    "byte_per_sec": 5134843948.895645,
    "success": true,
    "time": 6691.486384
  }
}
