{
  "params": {
    "accessPattern": "sequential",
    "accessType": "write",
    "blockSize": 524288,
    "granularity": "page",
    "nonTemporal": false,
    "nthreads": 1,
    "path": "/dev/dax0.0",
    "set-affinity": true,
    "source": "devdax",
    "stripeSize": 8589934592,
    "totalSize": 8589934592
  },
  "results": {
    "IOPS": 5430.983509393362,
    "MIOPS": 0.005430983509393362,
    "MiB_per_sec": 2715.491754696681,
    "addr": 20962661629952,
    "byte_per_sec": 2847399482.172827,
    "success": true,
    "time": 3016.7648219999996
  }
}
