{
  "params": {
    "accessPattern": "sequential",
    "accessType": "write",
    "blockSize": 128,
    "granularity": "page",
    "nonTemporal": false,
    "nthreads": 4,
    "path": "/dev/dax0.0",
    "set-affinity": true,
    "source": "anon",
    "stripeSize": 34359738368,
    "totalSize": 34359738368
  },
  "results": {
    "IOPS": 44954040.640108615,
    "MIOPS": 44.954040640108616,
    "MiB_per_sec": 5487.553789075759,
    "addr": 22435835412480,
    "byte_per_sec": 5754117201.933903,
    "success": true,
    "time": 5971.33099
  }
}
