{
  "params": {
    "accessPattern": "sequential",
    "accessType": "write",
    "blockSize": 128,
    "granularity": "page",
    "nonTemporal": true,
    "nthreads": 1,
    "path": "/dev/dax0.0",
    "set-affinity": true,
    "source": "anon",
    "stripeSize": 8589934592,
    "totalSize": 8589934592
  },
  "results": {
    "IOPS": 4028343.1712134033,
    "MIOPS": 4.028343171213403,
    "MiB_per_sec": 491.74110976726115,
    "addr": 23169201078272,
    "byte_per_sec": 515627925.9153156,
    "success": true,
    "time": 16659.172555
  }
}
