{
  "params": {
    "accessPattern": "sequential",
    "accessType": "write",
    "blockSize": 128,
    "granularity": "page",
    "nonTemporal": false,
    "nthreads": 32,
    "path": "/dev/dax0.0",
    "set-affinity": true,
    "source": "devdax",
    "stripeSize": 274877906944,
    "totalSize": 274877906944
  },
  "results": {
    "IOPS": 98561497.04544516,
    "MIOPS": 98.56149704544517,
    "MiB_per_sec": 12031.432744805317,
    "addr": 21028159881216,
    "byte_per_sec": 12615871621.81698,
    "success": true,
    "time": 21788.261262
  }
}
