{
  "params": {
    "accessPattern": "sequential",
    "accessType": "write",
    "blockSize": 2048,
    "granularity": "page",
    "nonTemporal": true,
    "nthreads": 2,
    "path": "/dev/dax0.0",
    "set-affinity": true,
    "source": "devdax",
    "stripeSize": 17179869184,
    "totalSize": 17179869184
  },
  "results": {
    "IOPS": 5859215.937787504,
    "MIOPS": 5.8592159377875035,
    "MiB_per_sec": 11443.781128491219,
    "addr": 20475182841856,
    "byte_per_sec": 11999674240.588808,
    "success": true,
    "time": 1431.694631
  }
}
