{
  "params": {
    "accessPattern": "sequential",
    "accessType": "write",
    "blockSize": 262144,
    "granularity": "page",
    "nonTemporal": false,
    "nthreads": 8,
    "path": "/dev/dax0.0",
    "set-affinity": true,
    "source": "devdax",
    "stripeSize": 68719476736,
    "totalSize": 68719476736
  },
  "results": {
    "IOPS": 52248.133019964545,
    "MIOPS": 0.052248133019964546,
    "MiB_per_sec": 13062.033254991136,
    "addr": 20233590931456,
    "byte_per_sec": 13696534582.385586,
    "success": true,
    "time": 5017.289324
  }
}
