{
  "params": {
    "accessPattern": "sequential",
    "accessType": "write",
    "blockSize": 524288,
    "granularity": "page",
    "nonTemporal": true,
    "nthreads": 1,
    "path": "/dev/dax0.0",
    "set-affinity": true,
    "source": "devdax",
    "stripeSize": 8589934592,
    "totalSize": 8589934592
  },
  "results": {
    "IOPS": 32922.06380171382,
    "MIOPS": 0.03292206380171382,
    "MiB_per_sec": 16461.03190085691,
    "addr": 20911122022400,
    "byte_per_sec": 17260642986.472935,
    "success": true,
    "time": 497.660174
  }
}
