{
  "params": {
    "accessPattern": "sequential",
    "accessType": "write",
    "blockSize": 2048,
    "granularity": "page",
    "nonTemporal": false,
    "nthreads": 1,
    "path": "/dev/dax0.0",
    "set-affinity": true,
    "source": "devdax",
    "stripeSize": 8589934592,
    "totalSize": 8589934592
  },
  "results": {
    "IOPS": 1041196.4790875055,
    "MIOPS": 1.0411964790875055,
    "MiB_per_sec": 2033.5868732177842,
    "addr": 21004537561088,
    "byte_per_sec": 2132370389.1712112,
    "success": true,
    "time": 4028.3501570000003
  }
}
