{
  "params": {
    "accessPattern": "sequential",
    "accessType": "write",
    "blockSize": 64,
    "granularity": "page",
    "nonTemporal": false,
    "nthreads": 4,
    "path": "/dev/dax0.0",
    "set-affinity": true,
    "source": "devdax",
    "stripeSize": 34359738368,
    "totalSize": 34359738368
  },
  "results": {
    "IOPS": 14888383.97551537,
    "MIOPS": 14.888383975515369,
    "MiB_per_sec": 908.7148422555767,
    "addr": 20354923757568,
    "byte_per_sec": 952856574.4329836,
    "success": true,
    "time": 36059.71695
  }
}
