{
  "params": {
    "accessPattern": "sequential",
    "accessType": "write",
    "blockSize": 16384,
    "granularity": "page",
    "nonTemporal": false,
    "nthreads": 32,
    "path": "/dev/dax0.0",
    "set-affinity": true,
    "source": "devdax",
    "stripeSize": 274877906944,
    "totalSize": 274877906944
  },
  "results": {
    "IOPS": 1447334.7313938688,
    "MIOPS": 1.4473347313938687,
    "MiB_per_sec": 22614.6051780292,
    "addr": 21249350696960,
    "byte_per_sec": 23713132239.157146,
    "success": true,
    "time": 11591.800871
  }
}
