{
  "params": {
    "accessPattern": "sequential",
    "accessType": "write",
    "blockSize": 256,
    "granularity": "page",
    "nonTemporal": true,
    "nthreads": 16,
    "path": "/dev/dax0.0",
    "set-affinity": true,
    "source": "devdax",
    "stripeSize": 137438953472,
    "totalSize": 137438953472
  },
  "results": {
    "IOPS": 61821963.894713394,
    "MIOPS": 61.82196389471339,
    "MiB_per_sec": 15093.252903982762,
    "addr": 20609400569856,
    "byte_per_sec": 15826422757.046629,
    "success": true,
    "time": 8684.145215999999
  }
}
