{
  "params": {
    "accessPattern": "sequential",
    "accessType": "write",
    "blockSize": 131072,
    "granularity": "page",
    "nonTemporal": true,
    "nthreads": 8,
    "path": "/dev/dax0.0",
    "set-affinity": true,
    "source": "anon",
    "stripeSize": 68719476736,
    "totalSize": 68719476736
  },
  "results": {
    "IOPS": 51018.32556616544,
    "MIOPS": 0.05101832556616544,
    "MiB_per_sec": 6377.29069577068,
    "addr": 22480932569088,
    "byte_per_sec": 6687073968.608437,
    "success": true,
    "time": 10276.464274
  }
}
