{
  "params": {
    "accessPattern": "sequential",
    "accessType": "write",
    "blockSize": 32768,
    "granularity": "page",
    "nonTemporal": false,
    "nthreads": 16,
    "path": "/dev/dax0.0",
    "set-affinity": true,
    "source": "anon",
    "stripeSize": 137438953472,
    "totalSize": 137438953472
  },
  "results": {
    "IOPS": 166478.8954108746,
    "MIOPS": 0.1664788954108746,
    "MiB_per_sec": 5202.465481589831,
    "addr": 22872848334848,
    "byte_per_sec": 5455180444.823539,
    "success": true,
    "time": 25194.208489
  }
}
