{
  "params": {
    "accessPattern": "sequential",
    "accessType": "write",
    "blockSize": 128,
    "granularity": "page",
    "nonTemporal": true,
    "nthreads": 1,
    "path": "/dev/dax0.0",
    "set-affinity": true,
    "source": "devdax",
    "stripeSize": 8589934592,
    "totalSize": 8589934592
  },
  "results": {
    "IOPS": 4079052.6511026965,
    "MIOPS": 4.079052651102696,
    "MiB_per_sec": 497.93123182405964,
    "addr": 21256866889728,
    "byte_per_sec": 522118739.34114516,
    "success": true,
    "time": 16452.071042
  }
}
