{
  "params": {
    "accessPattern": "sequential",
    "accessType": "write",
    "blockSize": 131072,
    "granularity": "page",
    "nonTemporal": false,
    "nthreads": 4,
    "path": "/dev/dax0.0",
    "set-affinity": true,
    "source": "anon",
    "stripeSize": 34359738368,
    "totalSize": 34359738368
  },
  "results": {
    "IOPS": 48067.466024301735,
    "MIOPS": 0.04806746602430174,
    "MiB_per_sec": 6008.433253037717,
    "addr": 22354231033856,
    "byte_per_sec": 6300298906.737277,
    "success": true,
    "time": 5453.667973
  }
}
