{
  "params": {
    "accessPattern": "sequential",
    "accessType": "write",
    "blockSize": 64,
    "granularity": "page",
    "nonTemporal": false,
    "nthreads": 2,
    "path": "/dev/dax0.0",
    "set-affinity": true,
    "source": "devdax",
    "stripeSize": 17179869184,
    "totalSize": 17179869184
  },
  "results": {
    "IOPS": 7468793.396687627,
    "MIOPS": 7.4687933966876265,
    "MiB_per_sec": 455.85897196579754,
    "addr": 20441896845312,
    "byte_per_sec": 478002777.3880081,
    "success": true,
    "time": 35940.940087999996
  }
}
