{
  "params": {
    "accessPattern": "sequential",
    "accessType": "write",
    "blockSize": 2048,
    "granularity": "page",
    "nonTemporal": true,
    "nthreads": 8,
    "path": "/dev/dax0.0",
    "set-affinity": true,
    "source": "anon",
    "stripeSize": 68719476736,
    "totalSize": 68719476736
  },
  "results": {
    "IOPS": 3523976.459713927,
    "MIOPS": 3.523976459713927,
    "MiB_per_sec": 6882.766522878764,
    "addr": 23199265849344,
    "byte_per_sec": 7217103789.4941225,
    "success": true,
    "time": 9521.752595
  }
}
