{
  "params": {
    "accessPattern": "sequential",
    "accessType": "write",
    "blockSize": 16384,
    "granularity": "page",
    "nonTemporal": true,
    "nthreads": 16,
    "path": "/dev/dax0.0",
    "set-affinity": true,
    "source": "anon",
    "stripeSize": 137438953472,
    "totalSize": 137438953472
  },
  "results": {
    "IOPS": 245989.33902933114,
    "MIOPS": 0.24598933902933115,
    "MiB_per_sec": 3843.583422333299,
    "addr": 22398254448640,
    "byte_per_sec": 4030289330.6565614,
    "success": true,
    "time": 34101.510386999995
  }
}
