{
  "params": {
    "accessPattern": "sequential",
    "accessType": "write",
    "blockSize": 512,
    "granularity": "page",
    "nonTemporal": false,
    "nthreads": 2,
    "path": "/dev/dax0.0",
    "set-affinity": true,
    "source": "anon",
    "stripeSize": 17179869184,
    "totalSize": 17179869184
  },
  "results": {
    "IOPS": 8116480.975572255,
    "MIOPS": 8.116480975572255,
    "MiB_per_sec": 3963.1254763536404,
    "addr": 22526029725696,
    "byte_per_sec": 4155638259.492995,
    "success": true,
    "time": 4134.110842
  }
}
