{
  "params": {
    "accessPattern": "sequential",
    "accessType": "write",
    "blockSize": 128,
    "granularity": "page",
    "nonTemporal": false,
    "nthreads": 2,
    "path": "/dev/dax0.0",
    "set-affinity": true,
    "source": "devdax",
    "stripeSize": 17179869184,
    "totalSize": 17179869184
  },
  "results": {
    "IOPS": 7152715.499484024,
    "MIOPS": 7.152715499484024,
    "MiB_per_sec": 873.1342162456084,
    "addr": 20217484804096,
    "byte_per_sec": 915547583.9339551,
    "success": true,
    "time": 18764.583606
  }
}
