{
  "params": {
    "accessPattern": "sequential",
    "accessType": "write",
    "blockSize": 2048,
    "granularity": "page",
    "nonTemporal": false,
    "nthreads": 4,
    "path": "/dev/dax0.0",
    "set-affinity": true,
    "source": "devdax",
    "stripeSize": 34359738368,
    "totalSize": 34359738368
  },
  "results": {
    "IOPS": 3641735.786084429,
    "MIOPS": 3.641735786084429,
    "MiB_per_sec": 7112.76520719615,
    "addr": 20344186339328,
    "byte_per_sec": 7458274889.90091,
    "success": true,
    "time": 4606.928395
  }
}
