{
  "params": {
    "accessPattern": "sequential",
    "accessType": "write",
    "blockSize": 4096,
    "granularity": "page",
    "nonTemporal": true,
    "nthreads": 1,
    "path": "/dev/dax0.0",
    "set-affinity": true,
    "source": "anon",
    "stripeSize": 8589934592,
    "totalSize": 8589934592
  },
  "results": {
    "IOPS": 484737.77633016126,
    "MIOPS": 0.48473777633016124,
    "MiB_per_sec": 1893.5069387896924,
    "addr": 22738630606848,
    "byte_per_sec": 1985485931.8483405,
    "success": true,
    "time": 4326.363866000001
  }
}
