{
  "params": {
    "accessPattern": "sequential",
    "accessType": "write",
    "blockSize": 524288,
    "granularity": "page",
    "nonTemporal": false,
    "nthreads": 1,
    "path": "/dev/dax0.0",
    "set-affinity": true,
    "source": "anon",
    "stripeSize": 8589934592,
    "totalSize": 8589934592
  },
  "results": {
    "IOPS": 5686.968204236786,
    "MIOPS": 0.005686968204236786,
    "MiB_per_sec": 2843.484102118393,
    "addr": 22600117911552,
    "byte_per_sec": 2981609185.862896,
    "success": true,
    "time": 2880.972675
  }
}
