{
  "params": {
    "accessPattern": "random",
    "accessType": "read",
    "blockSize": 524288,
    "granularity": "page",
    "noflush": true,
    "nonTemporal": false,
    "nthreads": 16,
    "path": "/dev/dax0.1",
    "set-affinity": true,
    "source": "devdax",
    "stripeSize": 103079215104,
    "totalSize": 103079215104
  },
  "results": {
    "IOPS": 68625.30484495302,
    "MIOPS": 0.06862530484495302,
    "MiB_per_sec": 34312.65242247651,
    "addr": 139678778916864,
    "byte_per_sec": 35979423826.55073,
    "success": true,
    "time": 2864.949022
  }
}
