{
  "params": {
    "accessPattern": "random",
    "accessType": "read",
    "blockSize": 512,
    "granularity": "page",
    "noflush": true,
    "nonTemporal": false,
    "nthreads": 2,
    "path": "/dev/dax0.1",
    "set-affinity": true,
    "source": "devdax",
    "stripeSize": 12884901888,
    "totalSize": 12884901888
  },
  "results": {
    "IOPS": 5919805.01581257,
    "MIOPS": 5.91980501581257,
    "MiB_per_sec": 2890.5297928772316,
    "addr": 139969762951168,
    "byte_per_sec": 3030940168.096036,
    "success": true,
    "time": 4251.123801000001
  }
}
