{
  "params": {
    "accessPattern": "random",
    "accessType": "read",
    "blockSize": 65536,
    "granularity": "page",
    "noflush": true,
    "nonTemporal": false,
    "nthreads": 4,
    "path": "/dev/dax0.1",
    "set-affinity": true,
    "source": "devdax",
    "stripeSize": 25769803776,
    "totalSize": 25769803776
  },
  "results": {
    "IOPS": 210168.64046711195,
    "MIOPS": 0.21016864046711195,
    "MiB_per_sec": 13135.540029194497,
    "addr": 140272558145536,
    "byte_per_sec": 13773612021.652649,
    "success": true,
    "time": 1870.954673
  }
}
