{
  "params": {
    "accessPattern": "random",
    "accessType": "read",
    "blockSize": 4096,
    "granularity": "page",
    "noflush": true,
    "nonTemporal": false,
    "nthreads": 1,
    "path": "/dev/dax0.1",
    "set-affinity": true,
    "source": "devdax",
    "stripeSize": 6442450944,
    "totalSize": 6442450944
  },
  "results": {
    "IOPS": 886572.9908178342,
    "MIOPS": 0.8865729908178341,
    "MiB_per_sec": 3463.1757453821647,
    "addr": 139240692252672,
    "byte_per_sec": 3631402970.3898487,
    "success": true,
    "time": 1774.0941990000001
  }
}
