{
  "params": {
    "accessPattern": "random",
    "accessType": "read",
    "blockSize": 1048576,
    "granularity": "page",
    "noflush": true,
    "nonTemporal": false,
    "nthreads": 2,
    "path": "/dev/dax0.1",
    "set-affinity": true,
    "source": "devdax",
    "stripeSize": 12884901888,
    "totalSize": 12884901888
  },
  "results": {
    "IOPS": 6497.306532271009,
    "MIOPS": 0.006497306532271009,
    "MiB_per_sec": 6497.306532271009,
    "addr": 139750719619072,
    "byte_per_sec": 6812919694.382606,
    "success": true,
    "time": 1891.245232
  }
}
