{
  "params": {
    "accessPattern": "random",
    "accessType": "read",
    "blockSize": 4096,
    "granularity": "page",
    "noflush": true,
    "nonTemporal": false,
    "nthreads": 4,
    "path": "/dev/dax0.1",
    "set-affinity": true,
    "source": "devdax",
    "stripeSize": 25769803776,
    "totalSize": 25769803776
  },
  "results": {
    "IOPS": 3188564.2918832256,
    "MIOPS": 3.1885642918832255,
    "MiB_per_sec": 12455.32926516885,
    "addr": 139519865126912,
    "byte_per_sec": 13060359339.553692,
    "success": true,
    "time": 1973.131298
  }
}
