{
  "params": {
    "accessPattern": "random",
    "accessType": "read",
    "blockSize": 262144,
    "granularity": "page",
    "noflush": false,
    "nonTemporal": true,
    "nthreads": 1,
    "path": "/dev/dax0.1",
    "set-affinity": true,
    "source": "devdax",
    "stripeSize": 6442450944,
    "totalSize": 6442450944
  },
  "results": {
    "IOPS": 10726.035646401291,
    "MIOPS": 0.010726035646401292,
    "MiB_per_sec": 2681.508911600323,
    "addr": 139403901009920,
    "byte_per_sec": 2811765888.49022,
    "success": true,
    "time": 2291.24728
  }
}
