{
  "params": {
    "accessPattern": "random",
    "accessType": "read",
    "blockSize": 16384,
    "granularity": "page",
    "noflush": true,
    "nonTemporal": false,
    "nthreads": 2,
    "path": "/dev/dax0.1",
    "set-affinity": true,
    "source": "devdax",
    "stripeSize": 12884901888,
    "totalSize": 12884901888
  },
  "results": {
    "IOPS": 443918.7886151507,
    "MIOPS": 0.4439187886151507,
    "MiB_per_sec": 6936.23107211173,
    "addr": 139680926400512,
    "byte_per_sec": 7273165432.6706295,
    "success": true,
    "time": 1771.567278
  }
}
