{
  "params": {
    "accessPattern": "random",
    "accessType": "read",
    "blockSize": 64,
    "granularity": "page",
    "noflush": true,
    "nonTemporal": false,
    "nthreads": 8,
    "path": "/dev/dax0.1",
    "set-affinity": true,
    "source": "devdax",
    "stripeSize": 51539607552,
    "totalSize": 51539607552
  },
  "results": {
    "IOPS": 35357835.23254695,
    "MIOPS": 35.35783523254695,
    "MiB_per_sec": 2158.070998080258,
    "addr": 139814070386688,
    "byte_per_sec": 2262901454.8830047,
    "success": true,
    "time": 22775.895716
  }
}
