{
  "params": {
    "accessPattern": "random",
    "accessType": "read",
    "blockSize": 4096,
    "granularity": "page",
    "noflush": true,
    "nonTemporal": false,
    "nthreads": 2,
    "path": "/dev/dax0.1",
    "set-affinity": true,
    "source": "devdax",
    "stripeSize": 12884901888,
    "totalSize": 12884901888
  },
  "results": {
    "IOPS": 1711414.912690364,
    "MIOPS": 1.7114149126903642,
    "MiB_per_sec": 6685.214502696735,
    "addr": 140300475432960,
    "byte_per_sec": 7009955482.379731,
    "success": true,
    "time": 1838.086122
  }
}
