{
  "params": {
    "accessPattern": "random",
    "accessType": "read",
    "blockSize": 8192,
    "granularity": "page",
    "noflush": true,
    "nonTemporal": false,
    "nthreads": 8,
    "path": "/dev/dax0.1",
    "set-affinity": true,
    "source": "devdax",
    "stripeSize": 51539607552,
    "totalSize": 51539607552
  },
  "results": {
    "IOPS": 2737356.598673303,
    "MIOPS": 2.737356598673303,
    "MiB_per_sec": 21385.59842713518,
    "addr": 139966541725696,
    "byte_per_sec": 22424425256.3317,
    "success": true,
    "time": 2298.369165
  }
}
