{
  "params": {
    "accessPattern": "random",
    "accessType": "read",
    "blockSize": 128,
    "granularity": "page",
    "noflush": false,
    "nonTemporal": true,
    "nthreads": 8,
    "path": "/dev/dax0.1",
    "set-affinity": true,
    "source": "devdax",
    "stripeSize": 51539607552,
    "totalSize": 51539607552
  },
  "results": {
    "IOPS": 20900545.1276679,
    "MIOPS": 20.9005451276679,
    "MiB_per_sec": 2551.336075154773,
    "addr": 139657304080384,
    "byte_per_sec": 2675269776.341491,
    "success": true,
    "time": 19265.200096
  }
}
