{
  "params": {
    "accessPattern": "random",
    "accessType": "read",
    "blockSize": 1024,
    "granularity": "page",
    "noflush": true,
    "nonTemporal": false,
    "nthreads": 2,
    "path": "/dev/dax0.1",
    "set-affinity": true,
    "source": "devdax",
    "stripeSize": 12884901888,
    "totalSize": 12884901888
  },
  "results": {
    "IOPS": 3913496.917213693,
    "MIOPS": 3.913496917213693,
    "MiB_per_sec": 3821.774333216497,
    "addr": 139687368851456,
    "byte_per_sec": 4007420843.2268214,
    "success": true,
    "time": 3215.260486
  }
}
