{
  "params": {
    "accessPattern": "random",
    "accessType": "read",
    "blockSize": 128,
    "granularity": "page",
    "noflush": false,
    "nonTemporal": true,
    "nthreads": 1,
    "path": "/dev/dax0.1",
    "set-affinity": true,
    "source": "devdax",
    "stripeSize": 6442450944,
    "totalSize": 6442450944
  },
  "results": {
    "IOPS": 3062066.08199746,
    "MIOPS": 3.06206608199746,
    "MiB_per_sec": 373.7873635250806,
    "addr": 139766825746432,
    "byte_per_sec": 391944458.4956749,
    "success": true,
    "time": 16437.152776000003
  }
}
