{
  "params": {
    "accessPattern": "random",
    "accessType": "read",
    "blockSize": 65536,
    "granularity": "page",
    "noflush": true,
    "nonTemporal": false,
    "nthreads": 8,
    "path": "/dev/dax0.1",
    "set-affinity": true,
    "source": "devdax",
    "stripeSize": 51539607552,
    "totalSize": 51539607552
  },
  "results": {
    "IOPS": 372593.50203237485,
    "MIOPS": 0.37259350203237485,
    "MiB_per_sec": 23287.093877023428,
    "addr": 139522012610560,
    "byte_per_sec": 24418287749.193718,
    "success": true,
    "time": 2110.6970349999997
  }
}
