{
  "params": {
    "accessPattern": "random",
    "accessType": "read",
    "blockSize": 8192,
    "granularity": "page",
    "noflush": false,
    "nonTemporal": true,
    "nthreads": 1,
    "path": "/dev/dax0.1",
    "set-affinity": true,
    "source": "devdax",
    "stripeSize": 6442450944,
    "totalSize": 6442450944
  },
  "results": {
    "IOPS": 324853.7351460498,
    "MIOPS": 0.3248537351460498,
    "MiB_per_sec": 2537.919805828514,
    "addr": 139409269719040,
    "byte_per_sec": 2661201798.31644,
    "success": true,
    "time": 2420.8802760000003
  }
}
