{
  "params": {
    "accessPattern": "random",
    "accessType": "read",
    "blockSize": 524288,
    "granularity": "page",
    "noflush": true,
    "nonTemporal": false,
    "nthreads": 2,
    "path": "/dev/dax0.1",
    "set-affinity": true,
    "source": "devdax",
    "stripeSize": 12884901888,
    "totalSize": 12884901888
  },
  "results": {
    "IOPS": 13625.958502612439,
    "MIOPS": 0.013625958502612438,
    "MiB_per_sec": 6812.979251306219,
    "addr": 140315507818496,
    "byte_per_sec": 7143926531.41767,
    "success": true,
    "time": 1803.616237
  }
}
