{
  "params": {
    "accessPattern": "random",
    "accessType": "read",
    "blockSize": 32768,
    "granularity": "page",
    "noflush": true,
    "nonTemporal": false,
    "nthreads": 4,
    "path": "/dev/dax0.1",
    "set-affinity": true,
    "source": "devdax",
    "stripeSize": 25769803776,
    "totalSize": 25769803776
  },
  "results": {
    "IOPS": 412806.43225186644,
    "MIOPS": 0.4128064322518664,
    "MiB_per_sec": 12900.201007870826,
    "addr": 140028818751488,
    "byte_per_sec": 13526841172.02916,
    "success": true,
    "time": 1905.0865939999999
  }
}
