{
  "params": {
    "accessPattern": "random",
    "accessType": "read",
    "blockSize": 64,
    "granularity": "page",
    "noflush": true,
    "nonTemporal": false,
    "nthreads": 1,
    "path": "/dev/dax0.1",
    "set-affinity": true,
    "source": "devdax",
    "stripeSize": 6442450944,
    "totalSize": 6442450944
  },
  "results": {
    "IOPS": 4712121.933657482,
    "MIOPS": 4.712121933657483,
    "MiB_per_sec": 287.60509848983656,
    "addr": 139485505388544,
    "byte_per_sec": 301575803.75407887,
    "success": true,
    "time": 21362.625462
  }
}
