{
  "params": {
    "accessPattern": "random",
    "accessType": "read",
    "blockSize": 32768,
    "granularity": "page",
    "noflush": false,
    "nonTemporal": true,
    "nthreads": 4,
    "path": "/dev/dax0.1",
    "set-affinity": true,
    "source": "devdax",
    "stripeSize": 25769803776,
    "totalSize": 25769803776
  },
  "results": {
    "IOPS": 296017.7807845028,
    "MIOPS": 0.2960177807845028,
    "MiB_per_sec": 9250.555649515713,
    "addr": 139509127708672,
    "byte_per_sec": 9699910640.746588,
    "success": true,
    "time": 2656.7052759999997
  }
}
