{
  "params": {
    "accessPattern": "random",
    "accessType": "read",
    "blockSize": 1048576,
    "granularity": "page",
    "noflush": false,
    "nonTemporal": true,
    "nthreads": 1,
    "path": "/dev/dax0.1",
    "set-affinity": true,
    "source": "devdax",
    "stripeSize": 6442450944,
    "totalSize": 6442450944
  },
  "results": {
    "IOPS": 2682.358333690556,
    "MIOPS": 0.002682358333690556,
    "MiB_per_sec": 2682.358333690556,
    "addr": 139647640403968,
    "byte_per_sec": 2812656572.1079082,
    "success": true,
    "time": 2290.521711
  }
}
