{
  "params": {
    "accessPattern": "random",
    "accessType": "read",
    "blockSize": 128,
    "granularity": "page",
    "noflush": false,
    "nonTemporal": true,
    "nthreads": 16,
    "path": "/dev/dax0.1",
    "set-affinity": true,
    "source": "devdax",
    "stripeSize": 103079215104,
    "totalSize": 103079215104
  },
  "results": {
    "IOPS": 41705093.159265086,
    "MIOPS": 41.70509315926508,
    "MiB_per_sec": 5090.953754793101,
    "addr": 139485505388544,
    "byte_per_sec": 5338251924.385931,
    "success": true,
    "time": 19309.544878
  }
}
