{
  "params": {
    "accessPattern": "random",
    "accessType": "read",
    "blockSize": 32768,
    "granularity": "page",
    "noflush": true,
    "nonTemporal": false,
    "nthreads": 4,
    "path": "/dev/dax0.1",
    "set-affinity": true,
    "source": "devdax",
    "stripeSize": 25769803776,
    "totalSize": 25769803776
  },
  "results": {
    "IOPS": 413843.77282331645,
    "MIOPS": 0.41384377282331647,
    "MiB_per_sec": 12932.61790072864,
    "addr": 139694885044224,
    "byte_per_sec": 13560832747.874434,
    "success": true,
    "time": 1900.311305
  }
}
