{
  "params": {
    "accessPattern": "random",
    "accessType": "read",
    "blockSize": 262144,
    "granularity": "page",
    "noflush": true,
    "nonTemporal": false,
    "nthreads": 1,
    "path": "/dev/dax0.1",
    "set-affinity": true,
    "source": "devdax",
    "stripeSize": 6442450944,
    "totalSize": 6442450944
  },
  "results": {
    "IOPS": 14436.077344688978,
    "MIOPS": 0.014436077344688977,
    "MiB_per_sec": 3609.0193361722445,
    "addr": 139232102318080,
    "byte_per_sec": 3784331059.4461474,
    "success": true,
    "time": 1702.401519
  }
}
