{
  "params": {
    "accessPattern": "random",
    "accessType": "read",
    "blockSize": 524288,
    "granularity": "page",
    "noflush": false,
    "nonTemporal": true,
    "nthreads": 16,
    "path": "/dev/dax0.1",
    "set-affinity": true,
    "source": "devdax",
    "stripeSize": 103079215104,
    "totalSize": 103079215104
  },
  "results": {
    "IOPS": 47548.69972382975,
    "MIOPS": 0.047548699723829746,
    "MiB_per_sec": 23774.349861914874,
    "addr": 139588584603648,
    "byte_per_sec": 24929212680.80725,
    "success": true,
    "time": 4134.876477
  }
}
