{
  "params": {
    "accessPattern": "random",
    "accessType": "read",
    "blockSize": 4096,
    "granularity": "page",
    "noflush": false,
    "nonTemporal": true,
    "nthreads": 4,
    "path": "/dev/dax0.1",
    "set-affinity": true,
    "source": "devdax",
    "stripeSize": 25769803776,
    "totalSize": 25769803776
  },
  "results": {
    "IOPS": 2240707.3954777564,
    "MIOPS": 2.2407073954777563,
    "MiB_per_sec": 8752.763263584986,
    "addr": 139996606496768,
    "byte_per_sec": 9177937491.87689,
    "success": true,
    "time": 2807.7990069999996
  }
}
