{
  "params": {
    "accessPattern": "random",
    "accessType": "read",
    "blockSize": 2048,
    "granularity": "page",
    "noflush": false,
    "nonTemporal": true,
    "nthreads": 4,
    "path": "/dev/dax0.1",
    "set-affinity": true,
    "source": "devdax",
    "stripeSize": 25769803776,
    "totalSize": 25769803776
  },
  "results": {
    "IOPS": 3601481.677498115,
    "MIOPS": 3.601481677498115,
    "MiB_per_sec": 7034.143901363506,
    "addr": 139653009113088,
    "byte_per_sec": 7375834475.51614,
    "success": true,
    "time": 3493.815359
  }
}
