{
  "params": {
    "accessPattern": "random",
    "accessType": "read",
    "blockSize": 256,
    "granularity": "page",
    "noflush": true,
    "nonTemporal": false,
    "nthreads": 4,
    "path": "/dev/dax0.1",
    "set-affinity": true,
    "source": "devdax",
    "stripeSize": 25769803776,
    "totalSize": 25769803776
  },
  "results": {
    "IOPS": 15209189.93257564,
    "MIOPS": 15.20918993257564,
    "MiB_per_sec": 3713.1811358827244,
    "addr": 140257525760000,
    "byte_per_sec": 3893552622.7393637,
    "success": true,
    "time": 6618.583662
  }
}
