{
  "params": {
    "accessPattern": "random",
    "accessType": "read",
    "blockSize": 32768,
    "granularity": "page",
    "noflush": true,
    "nonTemporal": false,
    "nthreads": 1,
    "path": "/dev/dax0.1",
    "set-affinity": true,
    "source": "devdax",
    "stripeSize": 6442450944,
    "totalSize": 6442450944
  },
  "results": {
    "IOPS": 113580.06032994435,
    "MIOPS": 0.11358006032994435,
    "MiB_per_sec": 3549.376885310761,
    "addr": 140010565140480,
    "byte_per_sec": 3721791416.8916163,
    "success": true,
    "time": 1731.008061
  }
}
