{
  "params": {
    "accessPattern": "random",
    "accessType": "read",
    "blockSize": 131072,
    "granularity": "page",
    "noflush": false,
    "nonTemporal": true,
    "nthreads": 16,
    "path": "/dev/dax0.1",
    "set-affinity": true,
    "source": "devdax",
    "stripeSize": 103079215104,
    "totalSize": 103079215104
  },
  "results": {
    "IOPS": 176855.24094733925,
    "MIOPS": 0.17685524094733926,
    "MiB_per_sec": 22106.905118417406,
    "addr": 140165183963136,
    "byte_per_sec": 23180770141.44965,
    "success": true,
    "time": 4446.755413
  }
}
