{
  "params": {
    "accessPattern": "random",
    "accessType": "read",
    "blockSize": 1024,
    "granularity": "page",
    "noflush": false,
    "nonTemporal": true,
    "nthreads": 1,
    "path": "/dev/dax0.1",
    "set-affinity": true,
    "source": "devdax",
    "stripeSize": 6442450944,
    "totalSize": 6442450944
  },
  "results": {
    "IOPS": 1523362.1356545682,
    "MIOPS": 1.5233621356545681,
    "MiB_per_sec": 1487.6583356001643,
    "addr": 139328739082240,
    "byte_per_sec": 1559922826.9102778,
    "success": true,
    "time": 4129.9805559999995
  }
}
