{
  "params": {
    "accessPattern": "random",
    "accessType": "read",
    "blockSize": 2048,
    "granularity": "page",
    "noflush": true,
    "nonTemporal": false,
    "nthreads": 2,
    "path": "/dev/dax0.1",
    "set-affinity": true,
    "source": "devdax",
    "stripeSize": 12884901888,
    "totalSize": 12884901888
  },
  "results": {
    "IOPS": 2761115.1819113763,
    "MIOPS": 2.7611151819113764,
    "MiB_per_sec": 5392.803089670657,
    "addr": 140311212851200,
    "byte_per_sec": 5654763892.554499,
    "success": true,
    "time": 2278.592375
  }
}
