{
  "params": {
    "accessPattern": "random",
    "accessType": "read",
    "blockSize": 32768,
    "granularity": "page",
    "noflush": false,
    "nonTemporal": true,
    "nthreads": 1,
    "path": "/dev/dax0.1",
    "set-affinity": true,
    "source": "devdax",
    "stripeSize": 6442450944,
    "totalSize": 6442450944
  },
  "results": {
    "IOPS": 84923.05354882301,
    "MIOPS": 0.08492305354882301,
    "MiB_per_sec": 2653.845423400719,
    "addr": 139994459013120,
    "byte_per_sec": 2782758618.6878324,
    "success": true,
    "time": 2315.1310719999997
  }
}
