{
  "params": {
    "accessPattern": "random",
    "accessType": "read",
    "blockSize": 1048576,
    "granularity": "page",
    "noflush": true,
    "nonTemporal": false,
    "nthreads": 4,
    "path": "/dev/dax0.1",
    "set-affinity": true,
    "source": "devdax",
    "stripeSize": 25769803776,
    "totalSize": 25769803776
  },
  "results": {
    "IOPS": 12475.895323711113,
    "MIOPS": 0.012475895323711112,
    "MiB_per_sec": 12475.895323711113,
    "addr": 140166257704960,
    "byte_per_sec": 13081924414.955704,
    "success": true,
    "time": 1969.878663
  }
}
