{
  "params": {
    "accessPattern": "random",
    "accessType": "read",
    "blockSize": 32768,
    "granularity": "page",
    "noflush": false,
    "nonTemporal": true,
    "nthreads": 8,
    "path": "/dev/dax0.1",
    "set-affinity": true,
    "source": "devdax",
    "stripeSize": 51539607552,
    "totalSize": 51539607552
  },
  "results": {
    "IOPS": 499405.99521900446,
    "MIOPS": 0.4994059952190045,
    "MiB_per_sec": 15606.43735059389,
    "addr": 139343771467776,
    "byte_per_sec": 16364535651.336338,
    "success": true,
    "time": 3149.4696000000004
  }
}
