{
  "params": {
    "accessPattern": "sequential",
    "accessType": "read",
    "blockSize": 65536,
    "granularity": "page",
    "noflush": true,
    "nonTemporal": false,
    "nthreads": 8,
    "path": "/dev/dax0.1",
    "set-affinity": true,
    "source": "devdax",
    "stripeSize": 51539607552,
    "totalSize": 51539607552
  },
  "results": {
    "IOPS": 387654.16482083703,
    "MIOPS": 0.38765416482083703,
    "MiB_per_sec": 24228.385301302314,
    "addr": 139392089849856,
    "byte_per_sec": 25405303345.698376,
    "success": true,
    "time": 2028.6948300000001
  }
}
