{
  "params": {
    "accessPattern": "sequential",
    "accessType": "read",
    "blockSize": 64,
    "granularity": "page",
    "noflush": true,
    "nonTemporal": false,
    "nthreads": 1,
    "path": "/dev/dax0.1",
    "set-affinity": true,
    "source": "devdax",
    "stripeSize": 6442450944,
    "totalSize": 6442450944
  },
  "results": {
    "IOPS": 43173736.70492581,
    "MIOPS": 43.173736704925815,
    "MiB_per_sec": 2635.115765681507,
    "addr": 139779710648320,
    "byte_per_sec": 2763119149.115252,
    "success": true,
    "time": 2331.586369
  }
}
