{
  "params": {
    "accessPattern": "sequential",
    "accessType": "read",
    "blockSize": 32768,
    "granularity": "page",
    "noflush": false,
    "nonTemporal": true,
    "nthreads": 16,
    "path": "/dev/dax0.1",
    "set-affinity": true,
    "source": "devdax",
    "stripeSize": 103079215104,
    "totalSize": 103079215104
  },
  "results": {
    "IOPS": 753451.7390672765,
    "MIOPS": 0.7534517390672765,
    "MiB_per_sec": 23545.36684585239,
    "addr": 140291885498368,
    "byte_per_sec": 24689106585.756516,
    "success": true,
    "time": 4175.08891
  }
}
