{
  "params": {
    "accessPattern": "sequential",
    "accessType": "read",
    "blockSize": 16384,
    "granularity": "page",
    "noflush": true,
    "nonTemporal": false,
    "nthreads": 16,
    "path": "/dev/dax0.1",
    "set-affinity": true,
    "source": "devdax",
    "stripeSize": 103079215104,
    "totalSize": 103079215104
  },
  "results": {
    "IOPS": 2280966.4844129374,
    "MIOPS": 2.2809664844129376,
    "MiB_per_sec": 35640.10131895215,
    "addr": 139523086352384,
    "byte_per_sec": 37371354880.62157,
    "success": true,
    "time": 2758.241317
  }
}
