{
  "params": {
    "accessPattern": "sequential",
    "accessType": "read",
    "blockSize": 4096,
    "granularity": "page",
    "noflush": true,
    "nonTemporal": false,
    "nthreads": 4,
    "path": "/dev/dax0.1",
    "set-affinity": true,
    "source": "devdax",
    "stripeSize": 25769803776,
    "totalSize": 25769803776
  },
  "results": {
    "IOPS": 2864835.035780043,
    "MIOPS": 2.8648350357800427,
    "MiB_per_sec": 11190.761858515792,
    "addr": 140007343915008,
    "byte_per_sec": 11734364306.555056,
    "success": true,
    "time": 2196.09713
  }
}
