{
  "params": {
    "accessPattern": "sequential",
    "accessType": "read",
    "blockSize": 8192,
    "granularity": "page",
    "noflush": false,
    "nonTemporal": true,
    "nthreads": 1,
    "path": "/dev/dax0.1",
    "set-affinity": true,
    "source": "devdax",
    "stripeSize": 6442450944,
    "totalSize": 6442450944
  },
  "results": {
    "IOPS": 334221.0465070937,
    "MIOPS": 0.3342210465070937,
    "MiB_per_sec": 2611.1019258366696,
    "addr": 140115791839232,
    "byte_per_sec": 2737938812.9861116,
    "success": true,
    "time": 2353.0295539999997
  }
}
