{
  "params": {
    "accessPattern": "sequential",
    "accessType": "read",
    "blockSize": 1048576,
    "granularity": "page",
    "noflush": true,
    "nonTemporal": false,
    "nthreads": 2,
    "path": "/dev/dax0.1",
    "set-affinity": true,
    "source": "devdax",
    "stripeSize": 12884901888,
    "totalSize": 12884901888
  },
  "results": {
    "IOPS": 6525.289175056002,
    "MIOPS": 0.006525289175056002,
    "MiB_per_sec": 6525.289175056002,
    "addr": 139957951791104,
    "byte_per_sec": 6842261622.023522,
    "success": true,
    "time": 1883.1349340000002
  }
}
