{
  "params": {
    "accessPattern": "sequential",
    "accessType": "read",
    "blockSize": 65536,
    "granularity": "page",
    "noflush": true,
    "nonTemporal": false,
    "nthreads": 2,
    "path": "/dev/dax0.1",
    "set-affinity": true,
    "source": "devdax",
    "stripeSize": 12884901888,
    "totalSize": 12884901888
  },
  "results": {
    "IOPS": 112385.9714366636,
    "MIOPS": 0.11238597143666361,
    "MiB_per_sec": 7024.123214791475,
    "addr": 140307991625728,
    "byte_per_sec": 7365327024.073186,
    "success": true,
    "time": 1749.399836
  }
}
