{
  "params": {
    "accessPattern": "sequential",
    "accessType": "read",
    "blockSize": 262144,
    "granularity": "page",
    "noflush": false,
    "nonTemporal": true,
    "nthreads": 4,
    "path": "/dev/dax0.1",
    "set-affinity": true,
    "source": "devdax",
    "stripeSize": 25769803776,
    "totalSize": 25769803776
  },
  "results": {
    "IOPS": 37563.34983635201,
    "MIOPS": 0.03756334983635201,
    "MiB_per_sec": 9390.837459088003,
    "addr": 139531676286976,
    "byte_per_sec": 9847006779.500662,
    "success": true,
    "time": 2617.018994
  }
}
