{
  "params": {
    "accessPattern": "sequential",
    "accessType": "read",
    "blockSize": 1024,
    "granularity": "page",
    "noflush": true,
    "nonTemporal": false,
    "nthreads": 1,
    "path": "/dev/dax0.1",
    "set-affinity": true,
    "source": "devdax",
    "stripeSize": 6442450944,
    "totalSize": 6442450944
  },
  "results": {
    "IOPS": 3504090.37086815,
    "MIOPS": 3.50409037086815,
    "MiB_per_sec": 3421.963252800928,
    "addr": 140245714599936,
    "byte_per_sec": 3588188539.7689857,
    "success": true,
    "time": 1795.460543
  }
}
