{
  "params": {
    "accessPattern": "sequential",
    "accessType": "read",
    "blockSize": 65536,
    "granularity": "page",
    "noflush": true,
    "nonTemporal": false,
    "nthreads": 2,
    "path": "/dev/dax0.1",
    "set-affinity": true,
    "source": "devdax",
    "stripeSize": 12884901888,
    "totalSize": 12884901888
  },
  "results": {
    "IOPS": 111966.38323241542,
    "MIOPS": 0.11196638323241542,
    "MiB_per_sec": 6997.898952025964,
    "addr": 139915002118144,
    "byte_per_sec": 7337828891.519577,
    "success": true,
    "time": 1755.955621
  }
}
