{
  "params": {
    "accessPattern": "sequential",
    "accessType": "read",
    "blockSize": 262144,
    "granularity": "page",
    "noflush": true,
    "nonTemporal": false,
    "nthreads": 1,
    "path": "/dev/dax0.1",
    "set-affinity": true,
    "source": "devdax",
    "stripeSize": 6442450944,
    "totalSize": 6442450944
  },
  "results": {
    "IOPS": 14342.424806321795,
    "MIOPS": 0.014342424806321795,
    "MiB_per_sec": 3585.6062015804487,
    "addr": 139593953312768,
    "byte_per_sec": 3759780608.4284205,
    "success": true,
    "time": 1713.517786
  }
}
