{
  "params": {
    "accessPattern": "sequential",
    "accessType": "read",
    "blockSize": 262144,
    "granularity": "page",
    "noflush": false,
    "nonTemporal": true,
    "nthreads": 2,
    "path": "/dev/dax0.1",
    "set-affinity": true,
    "source": "devdax",
    "stripeSize": 12884901888,
    "totalSize": 12884901888
  },
  "results": {
    "IOPS": 20428.80317208241,
    "MIOPS": 0.02042880317208241,
    "MiB_per_sec": 5107.200793020603,
    "addr": 139273978249216,
    "byte_per_sec": 5355288178.742372,
    "success": true,
    "time": 2406.0146640000003
  }
}
