{
  "params": {
    "accessPattern": "sequential",
    "accessType": "read",
    "blockSize": 16384,
    "granularity": "page",
    "noflush": false,
    "nonTemporal": true,
    "nthreads": 4,
    "path": "/dev/dax0.1",
    "set-affinity": true,
    "source": "devdax",
    "stripeSize": 25769803776,
    "totalSize": 25769803776
  },
  "results": {
    "IOPS": 592821.3668547531,
    "MIOPS": 0.5928213668547531,
    "MiB_per_sec": 9262.833857105517,
    "addr": 140288664272896,
    "byte_per_sec": 9712785274.548275,
    "success": true,
    "time": 2653.183721
  }
}
