{
  "params": {
    "accessPattern": "sequential",
    "accessType": "read",
    "blockSize": 16384,
    "granularity": "page",
    "noflush": true,
    "nonTemporal": false,
    "nthreads": 1,
    "path": "/dev/dax0.1",
    "set-affinity": true,
    "source": "devdax",
    "stripeSize": 6442450944,
    "totalSize": 6442450944
  },
  "results": {
    "IOPS": 232121.96346375995,
    "MIOPS": 0.23212196346375996,
    "MiB_per_sec": 3626.9056791212492,
    "addr": 140036334944256,
    "byte_per_sec": 3803086249.390243,
    "success": true,
    "time": 1694.0060050000002
  }
}
