{
  "params": {
    "accessPattern": "sequential",
    "accessType": "read",
    "blockSize": 65536,
    "granularity": "page",
    "noflush": false,
    "nonTemporal": true,
    "nthreads": 16,
    "path": "/dev/dax0.1",
    "set-affinity": true,
    "source": "devdax",
    "stripeSize": 103079215104,
    "totalSize": 103079215104
  },
  "results": {
    "IOPS": 378708.0538509146,
    "MIOPS": 0.3787080538509146,
    "MiB_per_sec": 23669.25336568216,
    "addr": 139744277168128,
    "byte_per_sec": 24819011017.17354,
    "success": true,
    "time": 4153.236204
  }
}
