{
  "params": {
    "accessPattern": "sequential",
    "accessType": "read",
    "blockSize": 8192,
    "granularity": "page",
    "noflush": false,
    "nonTemporal": true,
    "nthreads": 16,
    "path": "/dev/dax0.1",
    "set-affinity": true,
    "source": "devdax",
    "stripeSize": 103079215104,
    "totalSize": 103079215104
  },
  "results": {
    "IOPS": 2946536.710723587,
    "MIOPS": 2.9465367107235867,
    "MiB_per_sec": 23019.818052528022,
    "addr": 140198469959680,
    "byte_per_sec": 24138028734.247623,
    "success": true,
    "time": 4270.407341
  }
}
