{
  "params": {
    "accessPattern": "sequential",
    "accessType": "read",
    "blockSize": 262144,
    "granularity": "page",
    "noflush": false,
    "nonTemporal": true,
    "nthreads": 16,
    "path": "/dev/dax0.1",
    "set-affinity": true,
    "source": "devdax",
    "stripeSize": 103079215104,
    "totalSize": 103079215104
  },
  "results": {
    "IOPS": 95103.8588601152,
    "MIOPS": 0.0951038588601152,
    "MiB_per_sec": 23775.9647150288,
    "addr": 139891379798016,
    "byte_per_sec": 24930905977.02604,
    "success": true,
    "time": 4134.595638000001
  }
}
