{
  "params": {
    "accessPattern": "sequential",
    "accessType": "read",
    "blockSize": 256,
    "granularity": "page",
    "noflush": true,
    "nonTemporal": false,
    "nthreads": 8,
    "path": "/dev/dax0.1",
    "set-affinity": true,
    "source": "devdax",
    "stripeSize": 51539607552,
    "totalSize": 51539607552
  },
  "results": {
    "IOPS": 90536674.11752082,
    "MIOPS": 90.53667411752082,
    "MiB_per_sec": 22103.680204472857,
    "addr": 139849503866880,
    "byte_per_sec": 23177388574.08533,
    "success": true,
    "time": 2223.702096
  }
}
