{
  "params": {
    "accessPattern": "sequential",
    "accessType": "read",
    "blockSize": 524288,
    "granularity": "page",
    "noflush": true,
    "nonTemporal": false,
    "nthreads": 16,
    "path": "/dev/dax0.1",
    "set-affinity": true,
    "source": "devdax",
    "stripeSize": 103079215104,
    "totalSize": 103079215104
  },
  "results": {
    "IOPS": 69417.29913427404,
    "MIOPS": 0.06941729913427404,
    "MiB_per_sec": 34708.64956713702,
    "addr": 139880642379776,
    "byte_per_sec": 36394656928.51027,
    "success": true,
    "time": 2832.26231
  }
}
