{
  "params": {
    "accessPattern": "sequential",
    "accessType": "read",
    "blockSize": 1048576,
    "granularity": "page",
    "noflush": false,
    "nonTemporal": true,
    "nthreads": 1,
    "path": "/dev/dax0.1",
    "set-affinity": true,
    "source": "devdax",
    "stripeSize": 6442450944,
    "totalSize": 6442450944
  },
  "results": {
    "IOPS": 2669.540696033864,
    "MIOPS": 0.002669540696033864,
    "MiB_per_sec": 2669.540696033864,
    "addr": 139808701677568,
    "byte_per_sec": 2799216304.884405,
    "success": true,
    "time": 2301.519512
  }
}
