{
  "params": {
    "accessPattern": "sequential",
    "accessType": "read",
    "blockSize": 8192,
    "granularity": "page",
    "noflush": true,
    "nonTemporal": false,
    "nthreads": 16,
    "path": "/dev/dax0.1",
    "set-affinity": true,
    "source": "devdax",
    "stripeSize": 103079215104,
    "totalSize": 103079215104
  },
  "results": {
    "IOPS": 4621292.80859797,
    "MIOPS": 4.621292808597969,
    "MiB_per_sec": 36103.85006717164,
    "addr": 139483357904896,
    "byte_per_sec": 37857630688.03457,
    "success": true,
    "time": 2722.812105
  }
}
