{
  "params": {
    "accessPattern": "sequential",
    "accessType": "read",
    "blockSize": 8192,
    "granularity": "page",
    "noflush": true,
    "nonTemporal": false,
    "nthreads": 8,
    "path": "/dev/dax0.1",
    "set-affinity": true,
    "source": "devdax",
    "stripeSize": 51539607552,
    "totalSize": 51539607552
  },
  "results": {
    "IOPS": 3171569.699356349,
    "MIOPS": 3.171569699356349,
    "MiB_per_sec": 24777.888276221478,
    "addr": 140120086806528,
    "byte_per_sec": 25981498977.127213,
    "success": true,
    "time": 1983.704158
  }
}
