{
  "params": {
    "accessPattern": "sequential",
    "accessType": "read",
    "blockSize": 8192,
    "granularity": "page",
    "noflush": false,
    "nonTemporal": true,
    "nthreads": 4,
    "path": "/dev/dax0.1",
    "set-affinity": true,
    "source": "devdax",
    "stripeSize": 25769803776,
    "totalSize": 25769803776
  },
  "results": {
    "IOPS": 1169001.5851798367,
    "MIOPS": 1.1690015851798368,
    "MiB_per_sec": 9132.824884217474,
    "addr": 139818365353984,
    "byte_per_sec": 9576460985.793222,
    "success": true,
    "time": 2690.952724
  }
}
