{
  "params": {
    "accessPattern": "sequential",
    "accessType": "read",
    "blockSize": 524288,
    "granularity": "page",
    "noflush": false,
    "nonTemporal": true,
    "nthreads": 8,
    "path": "/dev/dax0.1",
    "set-affinity": true,
    "source": "devdax",
    "stripeSize": 51539607552,
    "totalSize": 51539607552
  },
  "results": {
    "IOPS": 32446.80192617398,
    "MIOPS": 0.03244680192617398,
    "MiB_per_sec": 16223.40096308699,
    "addr": 139474767970304,
    "byte_per_sec": 17011468888.269903,
    "success": true,
    "time": 3029.697664
  }
}
