{
  "params": {
    "accessPattern": "sequential",
    "accessType": "read",
    "blockSize": 32768,
    "granularity": "page",
    "noflush": true,
    "nonTemporal": false,
    "nthreads": 1,
    "path": "/dev/dax0.1",
    "set-affinity": true,
    "source": "devdax",
    "stripeSize": 6442450944,
    "totalSize": 6442450944
  },
  "results": {
    "IOPS": 114088.12302338728,
    "MIOPS": 0.11408812302338728,
    "MiB_per_sec": 3565.2538444808524,
    "addr": 139237471027200,
    "byte_per_sec": 3738439615.2303543,
    "success": true,
    "time": 1723.299453
  }
}
