{
  "params": {
    "accessPattern": "sequential",
    "accessType": "read",
    "blockSize": 32768,
    "granularity": "page",
    "noflush": false,
    "nonTemporal": true,
    "nthreads": 1,
    "path": "/dev/dax0.1",
    "set-affinity": true,
    "source": "devdax",
    "stripeSize": 6442450944,
    "totalSize": 6442450944
  },
  "results": {
    "IOPS": 84527.43540997384,
    "MIOPS": 0.08452743540997384,
    "MiB_per_sec": 2641.4823565616825,
    "addr": 139821586579456,
    "byte_per_sec": 2769795003.514023,
    "success": true,
    "time": 2325.9667
  }
}
