{
  "params": {
    "accessPattern": "sequential",
    "accessType": "read",
    "blockSize": 262144,
    "granularity": "page",
    "noflush": true,
    "nonTemporal": false,
    "nthreads": 8,
    "path": "/dev/dax0.1",
    "set-affinity": true,
    "source": "devdax",
    "stripeSize": 51539607552,
    "totalSize": 51539607552
  },
  "results": {
    "IOPS": 97235.43767247269,
    "MIOPS": 0.0972354376724727,
    "MiB_per_sec": 24308.859418118172,
    "addr": 140150151577600,
    "byte_per_sec": 25489686573.21268,
    "success": true,
    "time": 2021.978866
  }
}
