{
  "params": {
    "accessPattern": "sequential",
    "accessType": "read",
    "blockSize": 1048576,
    "granularity": "page",
    "noflush": false,
    "nonTemporal": true,
    "nthreads": 4,
    "path": "/dev/dax0.1",
    "set-affinity": true,
    "source": "devdax",
    "stripeSize": 25769803776,
    "totalSize": 25769803776
  },
  "results": {
    "IOPS": 9400.639866548125,
    "MIOPS": 0.009400639866548125,
    "MiB_per_sec": 9400.639866548125,
    "addr": 139484431646720,
    "byte_per_sec": 9857285348.705566,
    "success": true,
    "time": 2614.290128
  }
}
