{
  "params": {
    "accessPattern": "sequential",
    "accessType": "read",
    "blockSize": 262144,
    "granularity": "page",
    "noflush": true,
    "nonTemporal": false,
    "nthreads": 16,
    "path": "/dev/dax0.1",
    "set-affinity": true,
    "source": "devdax",
    "stripeSize": 103079215104,
    "totalSize": 103079215104
  },
  "results": {
    "IOPS": 142480.89007347065,
    "MIOPS": 0.14248089007347065,
    "MiB_per_sec": 35620.222518367664,
    "addr": 139746424651776,
    "byte_per_sec": 37350510447.41989,
    "success": true,
    "time": 2759.7806259999998
  }
}
