{
  "params": {
    "accessPattern": "sequential",
    "accessType": "read",
    "blockSize": 65536,
    "granularity": "page",
    "noflush": true,
    "nonTemporal": false,
    "nthreads": 4,
    "path": "/dev/dax0.1",
    "set-affinity": true,
    "source": "devdax",
    "stripeSize": 25769803776,
    "totalSize": 25769803776
  },
  "results": {
    "IOPS": 214011.78622496693,
    "MIOPS": 0.21401178622496692,
    "MiB_per_sec": 13375.736639060433,
    "addr": 139497316548608,
    "byte_per_sec": 14025476422.039433,
    "success": true,
    "time": 1837.3567500000001
  }
}
