{
  "params": {
    "accessPattern": "sequential",
    "accessType": "read",
    "blockSize": 2048,
    "granularity": "page",
    "noflush": true,
    "nonTemporal": false,
    "nthreads": 16,
    "path": "/dev/dax0.1",
    "set-affinity": true,
    "source": "devdax",
    "stripeSize": 103079215104,
    "totalSize": 103079215104
  },
  "results": {
    "IOPS": 18530177.43796521,
    "MIOPS": 18.53017743796521,
    "MiB_per_sec": 36191.7528085258,
    "addr": 139408195977216,
    "byte_per_sec": 37949803392.95275,
    "success": true,
    "time": 2716.198923
  }
}
