{
  "params": {
    "accessPattern": "random",
    "accessType": "write",
    "blockSize": 1024,
    "granularity": "page",
    "noflush": false,
    "nonTemporal": true,
    "nthreads": 1,
    "path": "/dev/dax0.1",
    "set-affinity": true,
    "source": "devdax",
    "stripeSize": 6442450944,
    "totalSize": 6442450944
  },
  "results": {
    "IOPS": 4464010.937187808,
    "MIOPS": 4.464010937187807,
    "MiB_per_sec": 4359.385680847468,
    "addr": 140241419632640,
    "byte_per_sec": 4571147199.680315,
    "success": true,
    "time": 1409.372891
  }
}
