{
  "params": {
    "accessPattern": "random",
    "accessType": "write",
    "blockSize": 16384,
    "granularity": "page",
    "noflush": false,
    "nonTemporal": false,
    "nthreads": 16,
    "path": "/dev/dax0.1",
    "set-affinity": true,
    "source": "devdax",
    "stripeSize": 103079215104,
    "totalSize": 103079215104
  },
  "results": {
    "IOPS": 507134.03065171797,
    "MIOPS": 0.5071340306517179,
    "MiB_per_sec": 7923.969228933093,
    "addr": 139265388314624,
    "byte_per_sec": 8308883958.197747,
    "success": true,
    "time": 12405.903804
  }
}
