{
  "params": {
    "accessPattern": "random",
    "accessType": "write",
    "blockSize": 8192,
    "granularity": "page",
    "noflush": false,
    "nonTemporal": true,
    "nthreads": 4,
    "path": "/dev/dax0.1",
    "set-affinity": true,
    "source": "devdax",
    "stripeSize": 25769803776,
    "totalSize": 25769803776
  },
  "results": {
    "IOPS": 1219840.6733732957,
    "MIOPS": 1.2198406733732956,
    "MiB_per_sec": 9530.005260728873,
    "addr": 139265388314624,
    "byte_per_sec": 9992934796.274038,
    "success": true,
    "time": 2578.802354
  }
}
