{
  "params": {
    "accessPattern": "random",
    "accessType": "write",
    "blockSize": 8192,
    "granularity": "page",
    "noflush": false,
    "nonTemporal": true,
    "nthreads": 4,
    "path": "/dev/dax0.1",
    "set-affinity": true,
    "source": "devdax",
    "stripeSize": 25769803776,
    "totalSize": 25769803776
  },
  "results": {
    "IOPS": 1220981.8907916038,
    "MIOPS": 1.220981890791604,
    "MiB_per_sec": 9538.921021809405,
    "addr": 140037408686080,
    "byte_per_sec": 10002283649.364819,
    "success": true,
    "time": 2576.3920200000002
  }
}
