{
  "params": {
    "accessPattern": "random",
    "accessType": "write",
    "blockSize": 512,
    "granularity": "page",
    "noflush": false,
    "nonTemporal": false,
    "nthreads": 16,
    "path": "/dev/dax0.1",
    "set-affinity": true,
    "source": "devdax",
    "stripeSize": 103079215104,
    "totalSize": 103079215104
  },
  "results": {
    "IOPS": 16417616.325331008,
    "MIOPS": 16.417616325331007,
    "MiB_per_sec": 8016.414221353031,
    "addr": 140110423130112,
    "byte_per_sec": 8405819558.569476,
    "success": true,
    "time": 12262.839380000001
  }
}
