{
  "params": {
    "accessPattern": "random",
    "accessType": "write",
    "blockSize": 256,
    "granularity": "page",
    "noflush": false,
    "nonTemporal": false,
    "nthreads": 8,
    "path": "/dev/dax0.1",
    "set-affinity": true,
    "source": "devdax",
    "stripeSize": 51539607552,
    "totalSize": 51539607552
  },
  "results": {
    "IOPS": 21199464.19129391,
    "MIOPS": 21.19946419129391,
    "MiB_per_sec": 5175.650437327615,
    "addr": 139874199928832,
    "byte_per_sec": 5427062832.971241,
    "success": true,
    "time": 9496.77738
  }
}
