{
  "params": {
    "accessPattern": "random",
    "accessType": "write",
    "blockSize": 256,
    "granularity": "page",
    "noflush": false,
    "nonTemporal": false,
    "nthreads": 2,
    "path": "/dev/dax0.1",
    "set-affinity": true,
    "source": "devdax",
    "stripeSize": 12884901888,
    "totalSize": 12884901888
  },
  "results": {
    "IOPS": 7429698.828071082,
    "MIOPS": 7.429698828071082,
    "MiB_per_sec": 1813.8913154470415,
    "addr": 139765752004608,
    "byte_per_sec": 1902002899.986197,
    "success": true,
    "time": 6774.386037
  }
}
