{
  "params": {
    "accessPattern": "random",
    "accessType": "write",
    "blockSize": 1048576,
    "granularity": "page",
    "noflush": false,
    "nonTemporal": true,
    "nthreads": 4,
    "path": "/dev/dax0.1",
    "set-affinity": true,
    "source": "devdax",
    "stripeSize": 25769803776,
    "totalSize": 25769803776
  },
  "results": {
    "IOPS": 10412.697768361088,
    "MIOPS": 0.010412697768361087,
    "MiB_per_sec": 10412.697768361088,
    "addr": 140030966235136,
    "byte_per_sec": 10918504975.156996,
    "success": true,
    "time": 2360.195268
  }
}
