{
  "params": {
    "accessPattern": "random",
    "accessType": "write",
    "blockSize": 262144,
    "granularity": "page",
    "noflush": false,
    "nonTemporal": true,
    "nthreads": 8,
    "path": "/dev/dax0.1",
    "set-affinity": true,
    "source": "devdax",
    "stripeSize": 51539607552,
    "totalSize": 51539607552
  },
  "results": {
    "IOPS": 44217.035245020554,
    "MIOPS": 0.044217035245020554,
    "MiB_per_sec": 11054.258811255138,
    "addr": 140109349388288,
    "byte_per_sec": 11591230487.270668,
    "success": true,
    "time": 4446.431085
  }
}
