{
  "params": {
    "accessPattern": "random",
    "accessType": "write",
    "blockSize": 1024,
    "granularity": "page",
    "noflush": false,
    "nonTemporal": true,
    "nthreads": 8,
    "path": "/dev/dax0.1",
    "set-affinity": true,
    "source": "devdax",
    "stripeSize": 51539607552,
    "totalSize": 51539607552
  },
  "results": {
    "IOPS": 10265913.591192838,
    "MIOPS": 10.265913591192838,
    "MiB_per_sec": 10025.306241399256,
    "addr": 140117939322880,
    "byte_per_sec": 10512295517.381466,
    "success": true,
    "time": 4902.792874
  }
}
