{
  "params": {
    "accessPattern": "random",
    "accessType": "write",
    "blockSize": 16384,
    "granularity": "page",
    "noflush": false,
    "nonTemporal": true,
    "nthreads": 4,
    "path": "/dev/dax0.1",
    "set-affinity": true,
    "source": "devdax",
    "stripeSize": 25769803776,
    "totalSize": 25769803776
  },
  "results": {
    "IOPS": 650206.9078781655,
    "MIOPS": 0.6502069078781655,
    "MiB_per_sec": 10159.482935596336,
    "addr": 139350213918720,
    "byte_per_sec": 10652989978.675863,
    "success": true,
    "time": 2419.020747
  }
}
