{
  "params": {
    "accessPattern": "random",
    "accessType": "write",
    "blockSize": 131072,
    "granularity": "page",
    "noflush": false,
    "nonTemporal": false,
    "nthreads": 2,
    "path": "/dev/dax0.1",
    "set-affinity": true,
    "source": "devdax",
    "stripeSize": 12884901888,
    "totalSize": 12884901888
  },
  "results": {
    "IOPS": 24400.722891173722,
    "MIOPS": 0.02440072289117372,
    "MiB_per_sec": 3050.0903613967153,
    "addr": 140081432100864,
    "byte_per_sec": 3198251550.791922,
    "success": true,
    "time": 4028.7331010000003
  }
}
