{
  "params": {
    "accessPattern": "random",
    "accessType": "write",
    "blockSize": 16384,
    "granularity": "page",
    "noflush": false,
    "nonTemporal": false,
    "nthreads": 1,
    "path": "/dev/dax0.1",
    "set-affinity": true,
    "source": "devdax",
    "stripeSize": 6442450944,
    "totalSize": 6442450944
  },
  "results": {
    "IOPS": 111828.33451057017,
    "MIOPS": 0.11182833451057017,
    "MiB_per_sec": 1747.317726727659,
    "addr": 139643345436672,
    "byte_per_sec": 1832195432.6211817,
    "success": true,
    "time": 3516.2465909999996
  }
}
