{
  "params": {
    "accessPattern": "random",
    "accessType": "write",
    "blockSize": 32768,
    "granularity": "page",
    "noflush": false,
    "nonTemporal": false,
    "nthreads": 8,
    "path": "/dev/dax0.1",
    "set-affinity": true,
    "source": "devdax",
    "stripeSize": 51539607552,
    "totalSize": 51539607552
  },
  "results": {
    "IOPS": 257532.4170127634,
    "MIOPS": 0.2575324170127634,
    "MiB_per_sec": 8047.888031648857,
    "addr": 139305116762112,
    "byte_per_sec": 8438822240.674232,
    "success": true,
    "time": 6107.440835
  }
}
