{
  "params": {
    "accessPattern": "random",
    "accessType": "write",
    "blockSize": 262144,
    "granularity": "page",
    "noflush": false,
    "nonTemporal": true,
    "nthreads": 16,
    "path": "/dev/dax0.1",
    "set-affinity": true,
    "source": "devdax",
    "stripeSize": 103079215104,
    "totalSize": 103079215104
  },
  "results": {
    "IOPS": 33050.06232521642,
    "MIOPS": 0.03305006232521642,
    "MiB_per_sec": 8262.515581304106,
    "addr": 139489800355840,
    "byte_per_sec": 8663875538.181534,
    "success": true,
    "time": 11897.587246000001
  }
}
