{
  "params": {
    "accessPattern": "random",
    "accessType": "write",
    "blockSize": 131072,
    "granularity": "page",
    "noflush": false,
    "nonTemporal": true,
    "nthreads": 2,
    "path": "/dev/dax0.1",
    "set-affinity": true,
    "source": "devdax",
    "stripeSize": 12884901888,
    "totalSize": 12884901888
  },
  "results": {
    "IOPS": 85156.27001521338,
    "MIOPS": 0.08515627001521338,
    "MiB_per_sec": 10644.533751901672,
    "addr": 139328739082240,
    "byte_per_sec": 11161602623.434048,
    "success": true,
    "time": 1154.3953250000002
  }
}
