{
  "params": {
    "accessPattern": "random",
    "accessType": "write",
    "blockSize": 128,
    "granularity": "page",
    "noflush": false,
    "nonTemporal": false,
    "nthreads": 4,
    "path": "/dev/dax0.1",
    "set-affinity": true,
    "source": "devdax",
    "stripeSize": 25769803776,
    "totalSize": 25769803776
  },
  "results": {
    "IOPS": 14035895.572068304,
    "MIOPS": 14.035895572068304,
    "MiB_per_sec": 1713.3661586997441,
    "addr": 139578920927232,
    "byte_per_sec": 1796594633.224743,
    "success": true,
    "time": 14343.694064
  }
}
