{
  "params": {
    "accessPattern": "random",
    "accessType": "write",
    "blockSize": 1048576,
    "granularity": "page",
    "noflush": false,
    "nonTemporal": true,
    "nthreads": 16,
    "path": "/dev/dax0.1",
    "set-affinity": true,
    "source": "devdax",
    "stripeSize": 103079215104,
    "totalSize": 103079215104
  },
  "results": {
    "IOPS": 8707.717339362505,
    "MIOPS": 0.008707717339362505,
    "MiB_per_sec": 8707.717339362505,
    "addr": 140107201904640,
    "byte_per_sec": 9130703416.839378,
    "success": true,
    "time": 11289.296169
  }
}
