{
  "params": {
    "accessPattern": "random",
    "accessType": "write",
    "blockSize": 256,
    "granularity": "page",
    "noflush": false,
    "nonTemporal": false,
    "nthreads": 16,
    "path": "/dev/dax0.1",
    "set-affinity": true,
    "source": "devdax",
    "stripeSize": 103079215104,
    "totalSize": 103079215104
  },
  "results": {
    "IOPS": 29293372.89390987,
    "MIOPS": 29.293372893909872,
    "MiB_per_sec": 7151.702366677215,
    "addr": 139222438641664,
    "byte_per_sec": 7499103460.840927,
    "success": true,
    "time": 13745.538469
  }
}
