{
  "params": {
    "accessPattern": "random",
    "accessType": "write",
    "blockSize": 1024,
    "granularity": "page",
    "noflush": false,
    "nonTemporal": true,
    "nthreads": 16,
    "path": "/dev/dax0.1",
    "set-affinity": true,
    "source": "devdax",
    "stripeSize": 103079215104,
    "totalSize": 103079215104
  },
  "results": {
    "IOPS": 10280934.239754664,
    "MIOPS": 10.280934239754664,
    "MiB_per_sec": 10039.974843510414,
    "addr": 139959025532928,
    "byte_per_sec": 10527676661.508776,
    "success": true,
    "time": 9791.259592999999
  }
}
