{
  "params": {
    "accessPattern": "random",
    "accessType": "write",
    "blockSize": 2048,
    "granularity": "page",
    "noflush": false,
    "nonTemporal": true,
    "nthreads": 1,
    "path": "/dev/dax0.1",
    "set-affinity": true,
    "source": "devdax",
    "stripeSize": 6442450944,
    "totalSize": 6442450944
  },
  "results": {
    "IOPS": 2831205.6472715847,
    "MIOPS": 2.8312056472715845,
    "MiB_per_sec": 5529.698529827314,
    "addr": 139420007137280,
    "byte_per_sec": 5798309165.6122055,
    "success": true,
    "time": 1111.091313
  }
}
