{
  "params": {
    "accessPattern": "random",
    "accessType": "write",
    "blockSize": 1048576,
    "granularity": "page",
    "noflush": false,
    "nonTemporal": true,
    "nthreads": 8,
    "path": "/dev/dax0.1",
    "set-affinity": true,
    "source": "devdax",
    "stripeSize": 51539607552,
    "totalSize": 51539607552
  },
  "results": {
    "IOPS": 10783.407030851677,
    "MIOPS": 0.010783407030851677,
    "MiB_per_sec": 10783.407030851677,
    "addr": 139394237333504,
    "byte_per_sec": 11307221810.782328,
    "success": true,
    "time": 4558.114134
  }
}
