{
  "params": {
    "accessPattern": "random",
    "accessType": "write",
    "blockSize": 32768,
    "granularity": "page",
    "noflush": false,
    "nonTemporal": false,
    "nthreads": 4,
    "path": "/dev/dax0.1",
    "set-affinity": true,
    "source": "devdax",
    "stripeSize": 25769803776,
    "totalSize": 25769803776
  },
  "results": {
    "IOPS": 175214.73075659986,
    "MIOPS": 0.17521473075659985,
    "MiB_per_sec": 5475.460336143746,
    "addr": 139760383295488,
    "byte_per_sec": 5741436297.432264,
    "success": true,
    "time": 4488.389741
  }
}
