{
  "params": {
    "accessPattern": "random",
    "accessType": "write",
    "blockSize": 16384,
    "granularity": "page",
    "noflush": false,
    "nonTemporal": true,
    "nthreads": 8,
    "path": "/dev/dax0.1",
    "set-affinity": true,
    "source": "devdax",
    "stripeSize": 51539607552,
    "totalSize": 51539607552
  },
  "results": {
    "IOPS": 659785.8759579427,
    "MIOPS": 0.6597858759579427,
    "MiB_per_sec": 10309.154311842854,
    "addr": 140056736038912,
    "byte_per_sec": 10809931791.694933,
    "success": true,
    "time": 4767.801365
  }
}
