{
  "params": {
    "accessPattern": "random",
    "accessType": "write",
    "blockSize": 524288,
    "granularity": "page",
    "noflush": false,
    "nonTemporal": false,
    "nthreads": 4,
    "path": "/dev/dax0.1",
    "set-affinity": true,
    "source": "devdax",
    "stripeSize": 25769803776,
    "totalSize": 25769803776
  },
  "results": {
    "IOPS": 11188.291887397278,
    "MIOPS": 0.011188291887397278,
    "MiB_per_sec": 5594.145943698639,
    "addr": 140007343915008,
    "byte_per_sec": 5865887177.059744,
    "success": true,
    "time": 4393.163898
  }
}
