{
  "params": {
    "accessPattern": "random",
    "accessType": "write",
    "blockSize": 256,
    "granularity": "page",
    "noflush": false,
    "nonTemporal": true,
    "nthreads": 4,
    "path": "/dev/dax0.1",
    "set-affinity": true,
    "source": "devdax",
    "stripeSize": 25769803776,
    "totalSize": 25769803776
  },
  "results": {
    "IOPS": 32647982.212705873,
    "MIOPS": 32.64798221270587,
    "MiB_per_sec": 7970.698782398895,
    "addr": 140034187460608,
    "byte_per_sec": 8357883446.452703,
    "success": true,
    "time": 3083.2930300000003
  }
}
