{
  "params": {
    "accessPattern": "random",
    "accessType": "write",
    "blockSize": 64,
    "granularity": "page",
    "noflush": false,
    "nonTemporal": false,
    "nthreads": 16,
    "path": "/dev/dax0.1",
    "set-affinity": true,
    "source": "devdax",
    "stripeSize": 103079215104,
    "totalSize": 103079215104
  },
  "results": {
    "IOPS": 34579967.69576385,
    "MIOPS": 34.57996769576385,
    "MiB_per_sec": 2110.593731430899,
    "addr": 140134045450240,
    "byte_per_sec": 2213117932.5288863,
    "success": true,
    "time": 46576.46734
  }
}
