{
  "params": {
    "accessPattern": "random",
    "accessType": "write",
    "blockSize": 256,
    "granularity": "page",
    "noflush": false,
    "nonTemporal": true,
    "nthreads": 1,
    "path": "/dev/dax0.1",
    "set-affinity": true,
    "source": "devdax",
    "stripeSize": 6442450944,
    "totalSize": 6442450944
  },
  "results": {
    "IOPS": 8556263.633614577,
    "MIOPS": 8.556263633614577,
    "MiB_per_sec": 2088.931551175434,
    "addr": 140228534730752,
    "byte_per_sec": 2190403490.205332,
    "success": true,
    "time": 2941.2165259999997
  }
}
