{
  "params": {
    "accessPattern": "random",
    "accessType": "write",
    "blockSize": 512,
    "granularity": "page",
    "noflush": false,
    "nonTemporal": false,
    "nthreads": 4,
    "path": "/dev/dax0.1",
    "set-affinity": true,
    "source": "devdax",
    "stripeSize": 25769803776,
    "totalSize": 25769803776
  },
  "results": {
    "IOPS": 8338307.688352551,
    "MIOPS": 8.33830768835255,
    "MiB_per_sec": 4071.439300953394,
    "addr": 140256452018176,
    "byte_per_sec": 4269213536.4365063,
    "success": true,
    "time": 6036.194619
  }
}
