{
  "params": {
    "accessPattern": "random",
    "accessType": "write",
    "blockSize": 16384,
    "granularity": "page",
    "noflush": false,
    "nonTemporal": false,
    "nthreads": 8,
    "path": "/dev/dax0.1",
    "set-affinity": true,
    "source": "devdax",
    "stripeSize": 51539607552,
    "totalSize": 51539607552
  },
  "results": {
    "IOPS": 497547.75466458185,
    "MIOPS": 0.49754775466458184,
    "MiB_per_sec": 7774.183666634091,
    "addr": 140179142606848,
    "byte_per_sec": 8151822412.424509,
    "success": true,
    "time": 6322.464468
  }
}
