{
  "params": {
    "accessPattern": "random",
    "accessType": "write",
    "blockSize": 8192,
    "granularity": "page",
    "noflush": false,
    "nonTemporal": false,
    "nthreads": 8,
    "path": "/dev/dax0.1",
    "set-affinity": true,
    "source": "devdax",
    "stripeSize": 51539607552,
    "totalSize": 51539607552
  },
  "results": {
    "IOPS": 954701.2817311021,
    "MIOPS": 0.9547012817311021,
    "MiB_per_sec": 7458.603763524236,
    "addr": 139577847185408,
    "byte_per_sec": 7820912899.941189,
    "success": true,
    "time": 6589.973346
  }
}
