{
  "params": {
    "accessPattern": "random",
    "accessType": "write",
    "blockSize": 524288,
    "granularity": "page",
    "noflush": false,
    "nonTemporal": false,
    "nthreads": 16,
    "path": "/dev/dax0.1",
    "set-affinity": true,
    "source": "devdax",
    "stripeSize": 103079215104,
    "totalSize": 103079215104
  },
  "results": {
    "IOPS": 17401.904569629252,
    "MIOPS": 0.017401904569629253,
    "MiB_per_sec": 8700.952284814626,
    "addr": 139276125732864,
    "byte_per_sec": 9123609743.001781,
    "success": true,
    "time": 11298.07368
  }
}
