{
  "params": {
    "accessPattern": "random",
    "accessType": "write",
    "blockSize": 131072,
    "granularity": "page",
    "noflush": false,
    "nonTemporal": true,
    "nthreads": 16,
    "path": "/dev/dax0.1",
    "set-affinity": true,
    "source": "devdax",
    "stripeSize": 103079215104,
    "totalSize": 103079215104
  },
  "results": {
    "IOPS": 65954.41856328634,
    "MIOPS": 0.06595441856328634,
    "MiB_per_sec": 8244.302320410792,
    "addr": 139283641925632,
    "byte_per_sec": 8644777549.927067,
    "success": true,
    "time": 11923.871321
  }
}
