{
  "params": {
    "accessPattern": "random",
    "accessType": "write",
    "blockSize": 2048,
    "granularity": "page",
    "noflush": false,
    "nonTemporal": false,
    "nthreads": 2,
    "path": "/dev/dax0.1",
    "set-affinity": true,
    "source": "devdax",
    "stripeSize": 12884901888,
    "totalSize": 12884901888
  },
  "results": {
    "IOPS": 1665443.8052615041,
    "MIOPS": 1.6654438052615042,
    "MiB_per_sec": 3252.8199321513753,
    "addr": 140275779371008,
    "byte_per_sec": 3410828913.1755605,
    "success": true,
    "time": 3777.6453220000003
  }
}
