{
  "params": {
    "accessPattern": "random",
    "accessType": "write",
    "blockSize": 2048,
    "granularity": "page",
    "noflush": false,
    "nonTemporal": false,
    "nthreads": 4,
    "path": "/dev/dax0.1",
    "set-affinity": true,
    "source": "devdax",
    "stripeSize": 25769803776,
    "totalSize": 25769803776
  },
  "results": {
    "IOPS": 2732774.571100894,
    "MIOPS": 2.7327745711008937,
    "MiB_per_sec": 5337.450334181433,
    "addr": 139343771467776,
    "byte_per_sec": 5596722321.614631,
    "success": true,
    "time": 4604.445655
  }
}
