{
  "params": {
    "accessPattern": "random",
    "accessType": "write",
    "blockSize": 128,
    "granularity": "page",
    "noflush": false,
    "nonTemporal": true,
    "nthreads": 8,
    "path": "/dev/dax0.1",
    "set-affinity": true,
    "source": "devdax",
    "stripeSize": 51539607552,
    "totalSize": 51539607552
  },
  "results": {
    "IOPS": 41232791.18279296,
    "MIOPS": 41.23279118279296,
    "MiB_per_sec": 5033.299704930781,
    "addr": 139509127708672,
    "byte_per_sec": 5277797271.397499,
    "success": true,
    "time": 9765.363257
  }
}
