{
  "params": {
    "accessPattern": "sequential",
    "accessType": "write",
    "blockSize": 1024,
    "granularity": "page",
    "noflush": false,
    "nonTemporal": false,
    "nthreads": 1,
    "path": "/dev/dax0.1",
    "set-affinity": true,
    "source": "devdax",
    "stripeSize": 6442450944,
    "totalSize": 6442450944
  },
  "results": {
    "IOPS": 2250813.209670958,
    "MIOPS": 2.2508132096709583,
    "MiB_per_sec": 2198.059775069295,
    "addr": 139350213918720,
    "byte_per_sec": 2304832726.703061,
    "success": true,
    "time": 2795.1924099999997
  }
}
