{
  "params": {
    "accessPattern": "sequential",
    "accessType": "write",
    "blockSize": 131072,
    "granularity": "page",
    "noflush": false,
    "nonTemporal": false,
    "nthreads": 2,
    "path": "/dev/dax0.1",
    "set-affinity": true,
    "source": "devdax",
    "stripeSize": 12884901888,
    "totalSize": 12884901888
  },
  "results": {
    "IOPS": 24753.072739545136,
    "MIOPS": 0.024753072739545134,
    "MiB_per_sec": 3094.134092443142,
    "addr": 140176995123200,
    "byte_per_sec": 3244434750.11766,
    "success": true,
    "time": 3971.385736
  }
}
