{
  "params": {
    "accessPattern": "sequential",
    "accessType": "write",
    "blockSize": 131072,
    "granularity": "page",
    "noflush": false,
    "nonTemporal": false,
    "nthreads": 8,
    "path": "/dev/dax0.1",
    "set-affinity": true,
    "source": "devdax",
    "stripeSize": 51539607552,
    "totalSize": 51539607552
  },
  "results": {
    "IOPS": 65738.30740593933,
    "MIOPS": 0.06573830740593932,
    "MiB_per_sec": 8217.288425742416,
    "addr": 139765752004608,
    "byte_per_sec": 8616451428.31128,
    "success": true,
    "time": 5981.535204
  }
}
