{
  "params": {
    "accessPattern": "sequential",
    "accessType": "write",
    "blockSize": 524288,
    "granularity": "page",
    "noflush": false,
    "nonTemporal": true,
    "nthreads": 16,
    "path": "/dev/dax0.1",
    "set-affinity": true,
    "source": "devdax",
    "stripeSize": 103079215104,
    "totalSize": 103079215104
  },
  "results": {
    "IOPS": 16605.251989145683,
    "MIOPS": 0.016605251989145683,
    "MiB_per_sec": 8302.625994572842,
    "addr": 139427523330048,
    "byte_per_sec": 8705934354.885212,
    "success": true,
    "time": 11840.10939
  }
}
