{
  "params": {
    "accessPattern": "sequential",
    "accessType": "write",
    "blockSize": 262144,
    "granularity": "page",
    "noflush": false,
    "nonTemporal": false,
    "nthreads": 8,
    "path": "/dev/dax0.1",
    "set-affinity": true,
    "source": "devdax",
    "stripeSize": 51539607552,
    "totalSize": 51539607552
  },
  "results": {
    "IOPS": 32346.374257228996,
    "MIOPS": 0.032346374257229,
    "MiB_per_sec": 8086.593564307249,
    "addr": 139802259226624,
    "byte_per_sec": 8479407933.287038,
    "success": true,
    "time": 6078.208285
  }
}
