{
  "params": {
    "accessPattern": "sequential",
    "accessType": "write",
    "blockSize": 262144,
    "granularity": "page",
    "noflush": false,
    "nonTemporal": true,
    "nthreads": 4,
    "path": "/dev/dax0.1",
    "set-affinity": true,
    "source": "devdax",
    "stripeSize": 25769803776,
    "totalSize": 25769803776
  },
  "results": {
    "IOPS": 43431.0832514567,
    "MIOPS": 0.0434310832514567,
    "MiB_per_sec": 10857.770812864175,
    "addr": 140099685711872,
    "byte_per_sec": 11385197887.869865,
    "success": true,
    "time": 2263.448034
  }
}
