{
  "params": {
    "accessPattern": "sequential",
    "accessType": "write",
    "blockSize": 16384,
    "granularity": "page",
    "noflush": false,
    "nonTemporal": false,
    "nthreads": 2,
    "path": "/dev/dax0.1",
    "set-affinity": true,
    "source": "devdax",
    "stripeSize": 12884901888,
    "totalSize": 12884901888
  },
  "results": {
    "IOPS": 218071.47509716116,
    "MIOPS": 0.21807147509716115,
    "MiB_per_sec": 3407.366798393143,
    "addr": 139592879570944,
    "byte_per_sec": 3572883047.9918885,
    "success": true,
    "time": 3606.303849
  }
}
