{
  "params": {
    "accessPattern": "sequential",
    "accessType": "write",
    "blockSize": 16384,
    "granularity": "page",
    "noflush": false,
    "nonTemporal": false,
    "nthreads": 1,
    "path": "/dev/dax0.1",
    "set-affinity": true,
    "source": "devdax",
    "stripeSize": 6442450944,
    "totalSize": 6442450944
  },
  "results": {
    "IOPS": 111472.63540820991,
    "MIOPS": 0.11147263540820991,
    "MiB_per_sec": 1741.75992825328,
    "addr": 139959025532928,
    "byte_per_sec": 1826367658.5281112,
    "success": true,
    "time": 3527.4666159999997
  }
}
