{
  "params": {
    "accessPattern": "sequential",
    "accessType": "write",
    "blockSize": 16384,
    "granularity": "page",
    "noflush": false,
    "nonTemporal": true,
    "nthreads": 4,
    "path": "/dev/dax0.1",
    "set-affinity": true,
    "source": "devdax",
    "stripeSize": 25769803776,
    "totalSize": 25769803776
  },
  "results": {
    "IOPS": 727783.1845171057,
    "MIOPS": 0.7277831845171057,
    "MiB_per_sec": 11371.612258079776,
    "addr": 140108275646464,
    "byte_per_sec": 11923999695.12826,
    "success": true,
    "time": 2161.17112
  }
}
