{
  "params": {
    "accessPattern": "sequential",
    "accessType": "write",
    "blockSize": 256,
    "granularity": "page",
    "noflush": false,
    "nonTemporal": false,
    "nthreads": 4,
    "path": "/dev/dax0.1",
    "set-affinity": true,
    "source": "devdax",
    "stripeSize": 25769803776,
    "totalSize": 25769803776
  },
  "results": {
    "IOPS": 23670698.932181302,
    "MIOPS": 23.670698932181303,
    "MiB_per_sec": 5778.979231489576,
    "addr": 140185585057792,
    "byte_per_sec": 6059698926.638413,
    "success": true,
    "time": 4252.6541480000005
  }
}
