{
  "params": {
    "accessPattern": "sequential",
    "accessType": "write",
    "blockSize": 1048576,
    "granularity": "page",
    "noflush": false,
    "nonTemporal": true,
    "nthreads": 8,
    "path": "/dev/dax0.1",
    "set-affinity": true,
    "source": "devdax",
    "stripeSize": 51539607552,
    "totalSize": 51539607552
  },
  "results": {
    "IOPS": 10910.003786514008,
    "MIOPS": 0.010910003786514008,
    "MiB_per_sec": 10910.003786514008,
    "addr": 139679852658688,
    "byte_per_sec": 11439968130.447712,
    "success": true,
    "time": 4505.223001
  }
}
