{
  "params": {
    "accessPattern": "sequential",
    "accessType": "write",
    "blockSize": 65536,
    "granularity": "page",
    "noflush": false,
    "nonTemporal": true,
    "nthreads": 2,
    "path": "/dev/dax0.1",
    "set-affinity": true,
    "source": "devdax",
    "stripeSize": 12884901888,
    "totalSize": 12884901888
  },
  "results": {
    "IOPS": 171949.15932272916,
    "MIOPS": 0.17194915932272917,
    "MiB_per_sec": 10746.822457670572,
    "addr": 139729244782592,
    "byte_per_sec": 11268860105.374378,
    "success": true,
    "time": 1143.4077419999999
  }
}
