{
  "params": {
    "accessPattern": "sequential",
    "accessType": "write",
    "blockSize": 64,
    "granularity": "page",
    "noflush": false,
    "nonTemporal": false,
    "nthreads": 8,
    "path": "/dev/dax0.1",
    "set-affinity": true,
    "source": "devdax",
    "stripeSize": 51539607552,
    "totalSize": 51539607552
  },
  "results": {
    "IOPS": 67227864.4911215,
    "MIOPS": 67.2278644911215,
    "MiB_per_sec": 4103.2632135694275,
    "addr": 139770046971904,
    "byte_per_sec": 4302583327.431776,
    "success": true,
    "time": 11978.75872
  }
}
