{
  "params": {
    "accessPattern": "sequential",
    "accessType": "write",
    "blockSize": 16384,
    "granularity": "page",
    "noflush": false,
    "nonTemporal": true,
    "nthreads": 2,
    "path": "/dev/dax0.1",
    "set-affinity": true,
    "source": "devdax",
    "stripeSize": 12884901888,
    "totalSize": 12884901888
  },
  "results": {
    "IOPS": 694059.709209305,
    "MIOPS": 0.694059709209305,
    "MiB_per_sec": 10844.68295639539,
    "addr": 140232829698048,
    "byte_per_sec": 11371474275.685253,
    "success": true,
    "time": 1133.089833
  }
}
