{
  "params": {
    "accessPattern": "sequential",
    "accessType": "write",
    "blockSize": 1024,
    "granularity": "page",
    "noflush": false,
    "nonTemporal": true,
    "nthreads": 16,
    "path": "/dev/dax0.1",
    "set-affinity": true,
    "source": "devdax",
    "stripeSize": 103079215104,
    "totalSize": 103079215104
  },
  "results": {
    "IOPS": 11431466.452999195,
    "MIOPS": 11.431466452999196,
    "MiB_per_sec": 11163.541458007026,
    "addr": 139826955288576,
    "byte_per_sec": 11705821647.871176,
    "success": true,
    "time": 8805.80776
  }
}
