{
  "params": {
    "accessPattern": "sequential",
    "accessType": "write",
    "blockSize": 65536,
    "granularity": "page",
    "noflush": false,
    "nonTemporal": false,
    "nthreads": 2,
    "path": "/dev/dax0.1",
    "set-affinity": true,
    "source": "devdax",
    "stripeSize": 12884901888,
    "totalSize": 12884901888
  },
  "results": {
    "IOPS": 49020.44015596531,
    "MIOPS": 0.049020440155965316,
    "MiB_per_sec": 3063.777509747832,
    "addr": 139375983722496,
    "byte_per_sec": 3212603566.0613427,
    "success": true,
    "time": 4010.7351009999998
  }
}
