{
  "params": {
    "accessPattern": "sequential",
    "accessType": "write",
    "blockSize": 32768,
    "granularity": "page",
    "noflush": false,
    "nonTemporal": true,
    "nthreads": 8,
    "path": "/dev/dax0.1",
    "set-affinity": true,
    "source": "devdax",
    "stripeSize": 51539607552,
    "totalSize": 51539607552
  },
  "results": {
    "IOPS": 365319.61176113866,
    "MIOPS": 0.36531961176113864,
    "MiB_per_sec": 11416.237867535583,
    "addr": 139994459013120,
    "byte_per_sec": 11970793038.188992,
    "success": true,
    "time": 4305.44638
  }
}
