{
  "params": {
    "accessPattern": "sequential",
    "accessType": "write",
    "blockSize": 256,
    "granularity": "page",
    "noflush": false,
    "nonTemporal": true,
    "nthreads": 16,
    "path": "/dev/dax0.1",
    "set-affinity": true,
    "source": "devdax",
    "stripeSize": 103079215104,
    "totalSize": 103079215104
  },
  "results": {
    "IOPS": 45905277.771584414,
    "MIOPS": 45.905277771584416,
    "MiB_per_sec": 11207.343205953226,
    "addr": 140314434076672,
    "byte_per_sec": 11751751109.52561,
    "success": true,
    "time": 8771.391952
  }
}
