{
  "params": {
    "accessPattern": "sequential",
    "accessType": "write",
    "blockSize": 65536,
    "granularity": "page",
    "noflush": false,
    "nonTemporal": false,
    "nthreads": 8,
    "path": "/dev/dax0.1",
    "set-affinity": true,
    "source": "devdax",
    "stripeSize": 51539607552,
    "totalSize": 51539607552
  },
  "results": {
    "IOPS": 131200.95704894737,
    "MIOPS": 0.13120095704894738,
    "MiB_per_sec": 8200.05981555921,
    "addr": 139467251777536,
    "byte_per_sec": 8598385921.159815,
    "success": true,
    "time": 5994.1026170000005
  }
}
