{
  "params": {
    "accessPattern": "sequential",
    "accessType": "write",
    "blockSize": 256,
    "granularity": "page",
    "noflush": false,
    "nonTemporal": true,
    "nthreads": 16,
    "path": "/dev/dax0.1",
    "set-affinity": true,
    "source": "devdax",
    "stripeSize": 103079215104,
    "totalSize": 103079215104
  },
  "results": {
    "IOPS": 45965059.317900606,
    "MIOPS": 45.965059317900604,
    "MiB_per_sec": 11221.938310034328,
    "addr": 139765752004608,
    "byte_per_sec": 11767055185.382555,
    "success": true,
    "time": 8759.983996
  }
}
