{
  "params": {
    "accessPattern": "sequential",
    "accessType": "write",
    "blockSize": 65536,
    "granularity": "page",
    "noflush": false,
    "nonTemporal": false,
    "nthreads": 2,
    "path": "/dev/dax0.1",
    "set-affinity": true,
    "source": "devdax",
    "stripeSize": 12884901888,
    "totalSize": 12884901888
  },
  "results": {
    "IOPS": 49025.497608782025,
    "MIOPS": 0.049025497608782026,
    "MiB_per_sec": 3064.0936005488766,
    "addr": 139825881546752,
    "byte_per_sec": 3212935011.289139,
    "success": true,
    "time": 4010.3213550000005
  }
}
