{
  "params": {
    "accessPattern": "sequential",
    "accessType": "write",
    "blockSize": 512,
    "granularity": "page",
    "noflush": false,
    "nonTemporal": true,
    "nthreads": 8,
    "path": "/dev/dax0.1",
    "set-affinity": true,
    "source": "devdax",
    "stripeSize": 51539607552,
    "totalSize": 51539607552
  },
  "results": {
    "IOPS": 23310625.62157047,
    "MIOPS": 23.310625621570473,
    "MiB_per_sec": 11382.141416782457,
    "addr": 139707769946112,
    "byte_per_sec": 11935040318.244081,
    "success": true,
    "time": 4318.343816
  }
}
