{
  "params": {
    "accessPattern": "sequential",
    "accessType": "write",
    "blockSize": 256,
    "granularity": "page",
    "noflush": false,
    "nonTemporal": true,
    "nthreads": 8,
    "path": "/dev/dax0.1",
    "set-affinity": true,
    "source": "devdax",
    "stripeSize": 51539607552,
    "totalSize": 51539607552
  },
  "results": {
    "IOPS": 46594597.921019845,
    "MIOPS": 46.59459792101985,
    "MiB_per_sec": 11375.634258061486,
    "addr": 139793669292032,
    "byte_per_sec": 11928217067.78108,
    "success": true,
    "time": 4320.814021
  }
}
