{
  "params": {
    "accessPattern": "sequential",
    "accessType": "write",
    "blockSize": 4096,
    "granularity": "page",
    "noflush": false,
    "nonTemporal": true,
    "nthreads": 1,
    "path": "/dev/dax0.1",
    "set-affinity": true,
    "source": "devdax",
    "stripeSize": 6442450944,
    "totalSize": 6442450944
  },
  "results": {
    "IOPS": 1539195.4584558676,
    "MIOPS": 1.5391954584558676,
    "MiB_per_sec": 6012.482259593233,
    "addr": 140231755956224,
    "byte_per_sec": 6304544597.835234,
    "success": true,
    "time": 1021.8741170000001
  }
}
