{
  "params": {
    "accessPattern": "sequential",
    "accessType": "write",
    "blockSize": 4096,
    "granularity": "page",
    "noflush": false,
    "nonTemporal": false,
    "nthreads": 1,
    "path": "/dev/dax0.1",
    "set-affinity": true,
    "source": "devdax",
    "stripeSize": 6442450944,
    "totalSize": 6442450944
  },
  "results": {
    "IOPS": 469147.50392303494,
    "MIOPS": 0.46914750392303495,
    "MiB_per_sec": 1832.6074371993552,
    "addr": 140070694682624,
    "byte_per_sec": 1921628176.068751,
    "success": true,
    "time": 3352.600167
  }
}
