{
  "params": {
    "accessPattern": "sequential",
    "accessType": "write",
    "blockSize": 256,
    "granularity": "page",
    "noflush": false,
    "nonTemporal": true,
    "nthreads": 4,
    "path": "/dev/dax0.1",
    "set-affinity": true,
    "source": "devdax",
    "stripeSize": 25769803776,
    "totalSize": 25769803776
  },
  "results": {
    "IOPS": 32901594.547003817,
    "MIOPS": 32.90159454700382,
    "MiB_per_sec": 8032.615856202104,
    "addr": 139286863151104,
    "byte_per_sec": 8422808204.032977,
    "success": true,
    "time": 3059.526366
  }
}
