{
  "params": {
    "accessPattern": "sequential",
    "accessType": "write",
    "blockSize": 524288,
    "granularity": "page",
    "noflush": false,
    "nonTemporal": true,
    "nthreads": 8,
    "path": "/dev/dax0.1",
    "set-affinity": true,
    "source": "devdax",
    "stripeSize": 51539607552,
    "totalSize": 51539607552
  },
  "results": {
    "IOPS": 21674.73958846815,
    "MIOPS": 0.02167473958846815,
    "MiB_per_sec": 10837.369794234075,
    "addr": 139401753526272,
    "byte_per_sec": 11363805869.35879,
    "success": true,
    "time": 4535.417812000001
  }
}
