{
  "params": {
    "accessPattern": "sequential",
    "accessType": "write",
    "blockSize": 65536,
    "granularity": "page",
    "noflush": false,
    "nonTemporal": false,
    "nthreads": 4,
    "path": "/dev/dax0.1",
    "set-affinity": true,
    "source": "devdax",
    "stripeSize": 25769803776,
    "totalSize": 25769803776
  },
  "results": {
    "IOPS": 91115.40867147788,
    "MIOPS": 0.09111540867147788,
    "MiB_per_sec": 5694.713041967368,
    "addr": 139817291612160,
    "byte_per_sec": 5971339422.6939745,
    "success": true,
    "time": 4315.5818070000005
  }
}
