{
  "params": {
    "accessPattern": "sequential",
    "accessType": "write",
    "blockSize": 32768,
    "granularity": "page",
    "noflush": false,
    "nonTemporal": true,
    "nthreads": 16,
    "path": "/dev/dax0.1",
    "set-affinity": true,
    "source": "devdax",
    "stripeSize": 103079215104,
    "totalSize": 103079215104
  },
  "results": {
    "IOPS": 273809.4411365098,
    "MIOPS": 0.27380944113650985,
    "MiB_per_sec": 8556.545035515932,
    "addr": 139803332968448,
    "byte_per_sec": 8972187767.161154,
    "success": true,
    "time": 11488.749208
  }
}
