{
  "params": {
    "accessPattern": "sequential",
    "accessType": "write",
    "blockSize": 131072,
    "granularity": "page",
    "noflush": false,
    "nonTemporal": true,
    "nthreads": 2,
    "path": "/dev/dax0.1",
    "set-affinity": true,
    "source": "devdax",
    "stripeSize": 12884901888,
    "totalSize": 12884901888
  },
  "results": {
    "IOPS": 87800.93321270411,
    "MIOPS": 0.08780093321270412,
    "MiB_per_sec": 10975.116651588014,
    "addr": 139708843687936,
    "byte_per_sec": 11508243918.055553,
    "success": true,
    "time": 1119.623635
  }
}
