{
  "params": {
    "accessPattern": "sequential",
    "accessType": "write",
    "blockSize": 16384,
    "granularity": "page",
    "noflush": false,
    "nonTemporal": false,
    "nthreads": 8,
    "path": "/dev/dax0.1",
    "set-affinity": true,
    "source": "devdax",
    "stripeSize": 51539607552,
    "totalSize": 51539607552
  },
  "results": {
    "IOPS": 542645.2475541714,
    "MIOPS": 0.5426452475541713,
    "MiB_per_sec": 8478.831993033928,
    "addr": 139611133181952,
    "byte_per_sec": 8890699735.927544,
    "success": true,
    "time": 5797.024878
  }
}
