{
  "params": {
    "accessPattern": "sequential",
    "accessType": "write",
    "blockSize": 524288,
    "granularity": "page",
    "noflush": false,
    "nonTemporal": true,
    "nthreads": 1,
    "path": "/dev/dax0.1",
    "set-affinity": true,
    "source": "devdax",
    "stripeSize": 6442450944,
    "totalSize": 6442450944
  },
  "results": {
    "IOPS": 12810.124628783038,
    "MIOPS": 0.012810124628783039,
    "MiB_per_sec": 6405.062314391519,
    "addr": 139587510861824,
    "byte_per_sec": 6716194621.3754015,
    "success": true,
    "time": 959.2412529999999
  }
}
