{
  "params": {
    "accessPattern": "sequential",
    "accessType": "write",
    "blockSize": 1048576,
    "granularity": "page",
    "noflush": false,
    "nonTemporal": false,
    "nthreads": 4,
    "path": "/dev/dax0.1",
    "set-affinity": true,
    "source": "devdax",
    "stripeSize": 25769803776,
    "totalSize": 25769803776
  },
  "results": {
    "IOPS": 5625.697061601779,
    "MIOPS": 0.005625697061601779,
    "MiB_per_sec": 5625.697061601779,
    "addr": 139346992693248,
    "byte_per_sec": 5898970922.066147,
    "success": true,
    "time": 4368.52531
  }
}
