{
  "params": {
    "accessPattern": "sequential",
    "accessType": "write",
    "blockSize": 512,
    "granularity": "page",
    "noflush": false,
    "nonTemporal": false,
    "nthreads": 8,
    "path": "/dev/dax0.1",
    "set-affinity": true,
    "source": "devdax",
    "stripeSize": 51539607552,
    "totalSize": 51539607552
  },
  "results": {
    "IOPS": 17723867.186562635,
    "MIOPS": 17.723867186562636,
    "MiB_per_sec": 8654.232024688787,
    "addr": 139925739536384,
    "byte_per_sec": 9074619999.52007,
    "success": true,
    "time": 5679.533419
  }
}
