{
  "params": {
    "accessPattern": "sequential",
    "accessType": "write",
    "blockSize": 512,
    "granularity": "page",
    "noflush": false,
    "nonTemporal": false,
    "nthreads": 1,
    "path": "/dev/dax0.1",
    "set-affinity": true,
    "source": "devdax",
    "stripeSize": 6442450944,
    "totalSize": 6442450944
  },
  "results": {
    "IOPS": 4535808.239399538,
    "MIOPS": 4.535808239399539,
    "MiB_per_sec": 2214.750116894306,
    "addr": 139654082854912,
    "byte_per_sec": 2322333818.5725636,
    "success": true,
    "time": 2774.127859
  }
}
