{
  "params": {
    "accessPattern": "sequential",
    "accessType": "write",
    "blockSize": 16384,
    "granularity": "page",
    "noflush": false,
    "nonTemporal": true,
    "nthreads": 1,
    "path": "/dev/dax0.1",
    "set-affinity": true,
    "source": "devdax",
    "stripeSize": 6442450944,
    "totalSize": 6442450944
  },
  "results": {
    "IOPS": 428958.12690972554,
    "MIOPS": 0.42895812690972557,
    "MiB_per_sec": 6702.470732964462,
    "addr": 139398532300800,
    "byte_per_sec": 7028049951.288943,
    "success": true,
    "time": 916.676886
  }
}
