{
  "params": {
    "version": "0.2.0",
    "source": "devdax",
    "path": "/dev/dax0.0",
    "nthreads": 16,
    "nsegments": 1,
    "stripeSize": 137438953472,
    "blockSize": 16384,
    "paddingSize": 4096,
    "totalSize": 137438953472,
    "extentSize": 137439019008,
    "accessType": "read",
    "accessPattern": "random",
    "granularity": "page",
    "nonTemporal": false,
    "noflush": true,
    "set-affinity": true
  },
  "results": {
    "success": true,
    "time": 3638.007522,
    "byte_per_sec": 37778633672.65462,
    "MiB_per_sec": 36028.51264253103,
    "IOPS": 2305824.809121986,
    "MIOPS": 2.3058248091219857,
    "addr": 139851651350528
  }
}
