{
  "params": {
    "version": "0.2.0",
    "source": "devdax",
    "path": "/dev/dax0.0",
    "nthreads": 8,
    "nsegments": 1,
    "stripeSize": 68719476736,
    "blockSize": 256,
    "paddingSize": 4096,
    "totalSize": 68719476736,
    "extentSize": 68719509504,
    "accessType": "read",
    "accessPattern": "random",
    "granularity": "page",
    "nonTemporal": true,
    "noflush": false,
    "set-affinity": true
  },
  "results": {
    "success": true,
    "time": 7873.062924,
    "byte_per_sec": 8728429760.991455,
    "MiB_per_sec": 8324.079285613494,
    "IOPS": 34095428.75387287,
    "MIOPS": 34.09542875387287,
    "addr": 139749645877248
  }
}
