{
  "params": {
    "version": "0.2.0",
    "source": "devdax",
    "path": "/dev/dax0.0",
    "nthreads": 1,
    "nsegments": 1,
    "stripeSize": 8589934592,
    "blockSize": 256,
    "paddingSize": 4096,
    "totalSize": 8589934592,
    "extentSize": 8589938688,
    "accessType": "read",
    "accessPattern": "random",
    "granularity": "page",
    "nonTemporal": true,
    "noflush": false,
    "set-affinity": true
  },
  "results": {
    "success": true,
    "time": 6953.441641,
    "byte_per_sec": 1235350066.267997,
    "MiB_per_sec": 1178.1216299705477,
    "IOPS": 4825586.196359363,
    "MIOPS": 4.825586196359364,
    "addr": 139142981746688
  }
}
