{
  "params": {
    "version": "0.2.0",
    "source": "devdax",
    "path": "/dev/dax0.0",
    "nthreads": 16,
    "nsegments": 1,
    "stripeSize": 137438953472,
    "blockSize": 524288,
    "paddingSize": 4096,
    "totalSize": 137438953472,
    "extentSize": 137439019008,
    "accessType": "read",
    "accessPattern": "random",
    "granularity": "page",
    "nonTemporal": false,
    "noflush": true,
    "set-affinity": true
  },
  "results": {
    "success": true,
    "time": 2876.815559,
    "byte_per_sec": 47774683726.952126,
    "MiB_per_sec": 45561.488844825864,
    "IOPS": 91122.97768965173,
    "MIOPS": 0.09112297768965173,
    "addr": 140057809780736
  }
}
