{
  "params": {
    "version": "0.2.0",
    "source": "devdax",
    "path": "/dev/dax0.0",
    "nthreads": 8,
    "nsegments": 1,
    "stripeSize": 68719476736,
    "blockSize": 32768,
    "paddingSize": 4096,
    "totalSize": 68719476736,
    "extentSize": 68719509504,
    "accessType": "read",
    "accessPattern": "random",
    "granularity": "page",
    "nonTemporal": true,
    "noflush": false,
    "set-affinity": true
  },
  "results": {
    "success": true,
    "time": 2933.43871,
    "byte_per_sec": 23426252780.307793,
    "MiB_per_sec": 22341.015606220048,
    "IOPS": 714912.4993990415,
    "MIOPS": 0.7149124993990416,
    "addr": 139369541271552
  }
}
