{
  "params": {
    "version": "0.2.0",
    "source": "devdax",
    "path": "/dev/dax0.0",
    "nthreads": 8,
    "nsegments": 1,
    "stripeSize": 68719476736,
    "blockSize": 16384,
    "paddingSize": 4096,
    "totalSize": 68719476736,
    "extentSize": 68719509504,
    "accessType": "read",
    "accessPattern": "random",
    "granularity": "page",
    "nonTemporal": false,
    "noflush": true,
    "set-affinity": true
  },
  "results": {
    "success": true,
    "time": 2310.235456,
    "byte_per_sec": 29745659282.271877,
    "MiB_per_sec": 28367.671282073858,
    "IOPS": 1815530.962052727,
    "MIOPS": 1.815530962052727,
    "addr": 139457588101120
  }
}
