{
  "params": {
    "version": "0.2.0",
    "source": "devdax",
    "path": "/dev/dax0.0",
    "nthreads": 1,
    "nsegments": 1,
    "stripeSize": 8589934592,
    "blockSize": 524288,
    "paddingSize": 4096,
    "totalSize": 8589934592,
    "extentSize": 8589938688,
    "accessType": "read",
    "accessPattern": "random",
    "granularity": "page",
    "nonTemporal": false,
    "noflush": true,
    "set-affinity": true
  },
  "results": {
    "success": true,
    "time": 1562.123881,
    "byte_per_sec": 5498881808.593259,
    "MiB_per_sec": 5244.14234980894,
    "IOPS": 10488.28469961788,
    "MIOPS": 0.01048828469961788,
    "addr": 139094663364608
  }
}
