{
  "params": {
    "version": "0.2.0",
    "source": "devdax",
    "path": "/dev/dax0.0",
    "nthreads": 16,
    "nsegments": 1,
    "stripeSize": 137438953472,
    "blockSize": 4096,
    "paddingSize": 4096,
    "totalSize": 137438953472,
    "extentSize": 137439019008,
    "accessType": "read",
    "accessPattern": "random",
    "granularity": "page",
    "nonTemporal": true,
    "noflush": false,
    "set-affinity": true
  },
  "results": {
    "success": true,
    "time": 5396.8709309999995,
    "byte_per_sec": 25466414748.320393,
    "MiB_per_sec": 24286.665676422494,
    "IOPS": 6217386.413164158,
    "MIOPS": 6.217386413164158,
    "addr": 139100032073728
  }
}
