{
  "params": {
    "version": "0.2.0",
    "source": "devdax",
    "path": "/dev/dax0.0",
    "nthreads": 16,
    "nsegments": 1,
    "stripeSize": 137438953472,
    "blockSize": 65536,
    "paddingSize": 4096,
    "totalSize": 137438953472,
    "extentSize": 137439019008,
    "accessType": "read",
    "accessPattern": "random",
    "granularity": "page",
    "nonTemporal": true,
    "noflush": false,
    "set-affinity": true
  },
  "results": {
    "success": true,
    "time": 6130.670671,
    "byte_per_sec": 22418257454.625553,
    "MiB_per_sec": 21379.716353059343,
    "IOPS": 342075.4616489495,
    "MIOPS": 0.3420754616489495,
    "addr": 139878494896128
  }
}
