{
  "params": {
    "version": "0.2.0",
    "source": "devdax",
    "path": "/dev/dax0.0",
    "nthreads": 1,
    "nsegments": 1,
    "stripeSize": 8589934592,
    "blockSize": 4096,
    "paddingSize": 4096,
    "totalSize": 8589934592,
    "extentSize": 8589938688,
    "accessType": "read",
    "accessPattern": "random",
    "granularity": "page",
    "nonTemporal": true,
    "noflush": false,
    "set-affinity": true
  },
  "results": {
    "success": true,
    "time": 3313.099416,
    "byte_per_sec": 2592718633.952396,
    "MiB_per_sec": 2472.6091708682975,
    "IOPS": 632987.9477422842,
    "MIOPS": 0.6329879477422842,
    "addr": 139445776941056
  }
}
