{
  "params": {
    "version": "0.2.0",
    "source": "devdax",
    "path": "/dev/dax0.0",
    "nthreads": 8,
    "nsegments": 1,
    "stripeSize": 68719476736,
    "blockSize": 512,
    "paddingSize": 4096,
    "totalSize": 68719476736,
    "extentSize": 68719509504,
    "accessType": "read",
    "accessPattern": "random",
    "granularity": "page",
    "nonTemporal": true,
    "noflush": false,
    "set-affinity": true
  },
  "results": {
    "success": true,
    "time": 8899.819903,
    "byte_per_sec": 7721445769.125695,
    "MiB_per_sec": 7363.744515538879,
    "IOPS": 15080948.767823623,
    "MIOPS": 15.080948767823623,
    "addr": 140083579584512
  }
}
