{
  "params": {
    "version": "0.2.0",
    "source": "devdax",
    "path": "/dev/dax0.0",
    "nthreads": 1,
    "nsegments": 1,
    "stripeSize": 8589934592,
    "blockSize": 128,
    "paddingSize": 4096,
    "totalSize": 8589934592,
    "extentSize": 8589938688,
    "accessType": "read",
    "accessPattern": "random",
    "granularity": "page",
    "nonTemporal": false,
    "noflush": true,
    "set-affinity": true
  },
  "results": {
    "success": true,
    "time": 11056.466483,
    "byte_per_sec": 776914994.0632077,
    "MiB_per_sec": 740.9238758689954,
    "IOPS": 6069648.3911188105,
    "MIOPS": 6.06964839111881,
    "addr": 139348066435072
  }
}
