{
  "params": {
    "version": "0.2.0",
    "source": "devdax",
    "path": "/dev/dax0.0",
    "nthreads": 2,
    "nsegments": 1,
    "stripeSize": 17179869184,
    "blockSize": 512,
    "paddingSize": 4096,
    "totalSize": 17179869184,
    "extentSize": 17179877376,
    "accessType": "read",
    "accessPattern": "random",
    "granularity": "page",
    "nonTemporal": false,
    "noflush": true,
    "set-affinity": true
  },
  "results": {
    "success": true,
    "time": 4038.051501,
    "byte_per_sec": 4254494817.548886,
    "MiB_per_sec": 4057.402436779867,
    "IOPS": 8309560.190525168,
    "MIOPS": 8.309560190525168,
    "addr": 139442555715584
  }
}
