{
  "params": {
    "version": "0.2.0",
    "source": "devdax",
    "path": "/dev/dax0.0",
    "nthreads": 2,
    "nsegments": 1,
    "stripeSize": 17179869184,
    "blockSize": 262144,
    "paddingSize": 4096,
    "totalSize": 17179869184,
    "extentSize": 17179877376,
    "accessType": "read",
    "accessPattern": "random",
    "granularity": "page",
    "nonTemporal": false,
    "noflush": true,
    "set-affinity": true
  },
  "results": {
    "success": true,
    "time": 1580.358524,
    "byte_per_sec": 10870868175.2268,
    "MiB_per_sec": 10367.267775751878,
    "IOPS": 41469.07110300751,
    "MIOPS": 0.04146907110300751,
    "addr": 139096810848256
  }
}
