{
  "params": {
    "version": "0.2.0",
    "source": "devdax",
    "path": "/dev/dax0.0",
    "nthreads": 8,
    "nsegments": 1,
    "stripeSize": 68719476736,
    "blockSize": 65536,
    "paddingSize": 4096,
    "totalSize": 68719476736,
    "extentSize": 68719509504,
    "accessType": "read",
    "accessPattern": "random",
    "granularity": "page",
    "nonTemporal": true,
    "noflush": false,
    "set-affinity": true
  },
  "results": {
    "success": true,
    "time": 2786.187579,
    "byte_per_sec": 24664339635.26043,
    "MiB_per_sec": 23521.747241268567,
    "IOPS": 376347.9558602971,
    "MIOPS": 0.37634795586029707,
    "addr": 139679852658688
  }
}
