{
  "params": {
    "version": "0.2.0",
    "source": "devdax",
    "path": "/dev/dax0.0",
    "nthreads": 1,
    "nsegments": 1,
    "stripeSize": 8589934592,
    "blockSize": 16384,
    "paddingSize": 4096,
    "totalSize": 8589934592,
    "extentSize": 8589938688,
    "accessType": "read",
    "accessPattern": "random",
    "granularity": "page",
    "nonTemporal": false,
    "noflush": true,
    "set-affinity": true
  },
  "results": {
    "success": true,
    "time": 1667.990803,
    "byte_per_sec": 5149869277.78642,
    "MiB_per_sec": 4911.298063074512,
    "IOPS": 314323.0760367688,
    "MIOPS": 0.3143230760367688,
    "addr": 139534897512448
  }
}
