{
  "params": {
    "version": "0.2.0",
    "source": "devdax",
    "path": "/dev/dax0.0",
    "nthreads": 8,
    "nsegments": 1,
    "stripeSize": 68719476736,
    "blockSize": 1024,
    "paddingSize": 4096,
    "totalSize": 68719476736,
    "extentSize": 68719509504,
    "accessType": "read",
    "accessPattern": "random",
    "granularity": "page",
    "nonTemporal": false,
    "noflush": true,
    "set-affinity": true
  },
  "results": {
    "success": true,
    "time": 3993.658214,
    "byte_per_sec": 17207150200.059658,
    "MiB_per_sec": 16410.017204341562,
    "IOPS": 16803857.61724576,
    "MIOPS": 16.80385761724576,
    "addr": 140023450042368
  }
}
