{
  "params": {
    "version": "0.2.0",
    "source": "devdax",
    "path": "/dev/dax0.0",
    "nthreads": 1,
    "nsegments": 1,
    "stripeSize": 8589934592,
    "blockSize": 512,
    "paddingSize": 4096,
    "totalSize": 8589934592,
    "extentSize": 8589938688,
    "accessType": "read",
    "accessPattern": "random",
    "granularity": "page",
    "nonTemporal": false,
    "noflush": true,
    "set-affinity": true
  },
  "results": {
    "success": true,
    "time": 3779.552368,
    "byte_per_sec": 2272738609.1346784,
    "MiB_per_sec": 2167.452439436606,
    "IOPS": 4438942.595966169,
    "MIOPS": 4.438942595966169,
    "addr": 139772194455552
  }
}
