{
  "params": {
    "version": "0.2.0",
    "source": "devdax",
    "path": "/dev/dax0.0",
    "nthreads": 1,
    "nsegments": 1,
    "stripeSize": 8589934592,
    "blockSize": 256,
    "paddingSize": 4096,
    "totalSize": 8589934592,
    "extentSize": 8589938688,
    "accessType": "read",
    "accessPattern": "random",
    "granularity": "page",
    "nonTemporal": false,
    "noflush": true,
    "set-affinity": true
  },
  "results": {
    "success": true,
    "time": 5820.192038,
    "byte_per_sec": 1475885080.0654628,
    "MiB_per_sec": 1407.5136948256138,
    "IOPS": 5765176.094005714,
    "MIOPS": 5.765176094005714,
    "addr": 139517717643264
  }
}
