{
  "params": {
    "version": "0.2.0",
    "source": "devdax",
    "path": "/dev/dax0.0",
    "nthreads": 1,
    "nsegments": 1,
    "stripeSize": 8589934592,
    "blockSize": 128,
    "paddingSize": 4096,
    "totalSize": 8589934592,
    "extentSize": 8589938688,
    "accessType": "read",
    "accessPattern": "random",
    "granularity": "page",
    "nonTemporal": true,
    "noflush": false,
    "set-affinity": true
  },
  "results": {
    "success": true,
    "time": 12580.794525,
    "byte_per_sec": 682781566.3732891,
    "MiB_per_sec": 651.1512435658351,
    "IOPS": 5334230.987291321,
    "MIOPS": 5.334230987291321,
    "addr": 140113644355584
  }
}
