{
  "params": {
    "version": "0.2.0",
    "source": "devdax",
    "path": "/dev/dax0.0",
    "nthreads": 4,
    "nsegments": 1,
    "stripeSize": 34359738368,
    "blockSize": 4096,
    "paddingSize": 4096,
    "totalSize": 34359738368,
    "extentSize": 34359754752,
    "accessType": "read",
    "accessPattern": "random",
    "granularity": "page",
    "nonTemporal": true,
    "noflush": false,
    "set-affinity": true
  },
  "results": {
    "success": true,
    "time": 3594.112499,
    "byte_per_sec": 9560006365.287678,
    "MiB_per_sec": 9117.132535255125,
    "IOPS": 2333985.929025312,
    "MIOPS": 2.333985929025312,
    "addr": 139622944342016
  }
}
