{
  "params": {
    "version": "0.2.0",
    "source": "devdax",
    "path": "/dev/dax0.0",
    "nthreads": 8,
    "nsegments": 1,
    "stripeSize": 68719476736,
    "blockSize": 16384,
    "paddingSize": 4096,
    "totalSize": 68719476736,
    "extentSize": 68719509504,
    "accessType": "read",
    "accessPattern": "random",
    "granularity": "page",
    "nonTemporal": true,
    "noflush": false,
    "set-affinity": true
  },
  "results": {
    "success": true,
    "time": 3097.116406,
    "byte_per_sec": 22188212429.752632,
    "MiB_per_sec": 21160.328321221,
    "IOPS": 1354261.012558144,
    "MIOPS": 1.354261012558144,
    "addr": 139462956810240
  }
}
