{
  "params": {
    "version": "0.2.0",
    "source": "devdax",
    "path": "/dev/dax0.0",
    "nthreads": 8,
    "nsegments": 1,
    "stripeSize": 68719476736,
    "blockSize": 256,
    "paddingSize": 4096,
    "totalSize": 68719476736,
    "extentSize": 68719509504,
    "accessType": "read",
    "accessPattern": "random",
    "granularity": "page",
    "nonTemporal": false,
    "noflush": true,
    "set-affinity": true
  },
  "results": {
    "success": true,
    "time": 6794.047985,
    "byte_per_sec": 10114658725.94952,
    "MiB_per_sec": 9646.09024615242,
    "IOPS": 39510385.64824031,
    "MIOPS": 39.510385648240316,
    "addr": 139902117216256
  }
}
