{
  "params": {
    "version": "0.2.0",
    "source": "devdax",
    "path": "/dev/dax0.0",
    "nthreads": 2,
    "nsegments": 1,
    "stripeSize": 17179869184,
    "blockSize": 1024,
    "paddingSize": 4096,
    "totalSize": 17179869184,
    "extentSize": 17179877376,
    "accessType": "read",
    "accessPattern": "random",
    "granularity": "page",
    "nonTemporal": true,
    "noflush": false,
    "set-affinity": true
  },
  "results": {
    "success": true,
    "time": 4309.170878,
    "byte_per_sec": 3986815485.01823,
    "MiB_per_sec": 3802.1235323126125,
    "IOPS": 3893374.497088115,
    "MIOPS": 3.8933744970881152,
    "addr": 139952583081984
  }
}
