{
  "params": {
    "version": "0.2.0",
    "source": "devdax",
    "path": "/dev/dax0.0",
    "nthreads": 2,
    "nsegments": 1,
    "stripeSize": 17179869184,
    "blockSize": 4096,
    "paddingSize": 4096,
    "totalSize": 17179869184,
    "extentSize": 17179877376,
    "accessType": "read",
    "accessPattern": "random",
    "granularity": "page",
    "nonTemporal": true,
    "noflush": false,
    "set-affinity": true
  },
  "results": {
    "success": true,
    "time": 3376.774297,
    "byte_per_sec": 5087656939.127667,
    "MiB_per_sec": 4851.9677535320925,
    "IOPS": 1242103.7449042157,
    "MIOPS": 1.2421037449042156,
    "addr": 139239618510848
  }
}
