{
  "params": {
    "version": "0.2.0",
    "source": "devdax",
    "path": "/dev/dax0.0",
    "nthreads": 8,
    "nsegments": 1,
    "stripeSize": 68719476736,
    "blockSize": 65536,
    "paddingSize": 4096,
    "totalSize": 68719476736,
    "extentSize": 68719509504,
    "accessType": "read",
    "accessPattern": "random",
    "granularity": "page",
    "nonTemporal": false,
    "noflush": true,
    "set-affinity": true
  },
  "results": {
    "success": true,
    "time": 2085.484496,
    "byte_per_sec": 32951324676.738335,
    "MiB_per_sec": 31424.832035768828,
    "IOPS": 502797.31257230125,
    "MIOPS": 0.5027973125723012,
    "addr": 139389942366208
  }
}
