{
  "params": {
    "version": "0.2.0",
    "source": "devdax",
    "path": "/dev/dax0.0",
    "nthreads": 1,
    "nsegments": 1,
    "stripeSize": 8589934592,
    "blockSize": 128,
    "paddingSize": 4096,
    "totalSize": 8589934592,
    "extentSize": 8589938688,
    "accessType": "read",
    "accessPattern": "random",
    "granularity": "page",
    "nonTemporal": true,
    "noflush": false,
    "set-affinity": true
  },
  "results": {
    "success": true,
    "time": 12605.703484,
    "byte_per_sec": 681432385.1820661,
    "MiB_per_sec": 649.8645641155873,
    "IOPS": 5323690.509234891,
    "MIOPS": 5.323690509234892,
    "addr": 139637976727552
  }
}
