{
  "params": {
    "version": "0.2.0",
    "source": "devdax",
    "path": "/dev/dax0.0",
    "nthreads": 2,
    "nsegments": 1,
    "stripeSize": 17179869184,
    "blockSize": 131072,
    "paddingSize": 4096,
    "totalSize": 17179869184,
    "extentSize": 17179877376,
    "accessType": "read",
    "accessPattern": "random",
    "granularity": "page",
    "nonTemporal": false,
    "noflush": true,
    "set-affinity": true
  },
  "results": {
    "success": true,
    "time": 1615.8948639999999,
    "byte_per_sec": 10631798866.835188,
    "MiB_per_sec": 10139.273516497791,
    "IOPS": 81114.18813198233,
    "MIOPS": 0.08111418813198233,
    "addr": 140164110221312
  }
}
