{
  "params": {
    "version": "0.2.0",
    "source": "devdax",
    "path": "/dev/dax0.0",
    "nthreads": 16,
    "nsegments": 1,
    "stripeSize": 137438953472,
    "blockSize": 262144,
    "paddingSize": 4096,
    "totalSize": 137438953472,
    "extentSize": 137439019008,
    "accessType": "read",
    "accessPattern": "random",
    "granularity": "page",
    "nonTemporal": true,
    "noflush": false,
    "set-affinity": true
  },
  "results": {
    "success": true,
    "time": 3695.439848,
    "byte_per_sec": 37191500640.00717,
    "MiB_per_sec": 35468.57894898145,
    "IOPS": 141874.3157959258,
    "MIOPS": 0.1418743157959258,
    "addr": 139953656823808
  }
}
