{
  "params": {
    "version": "0.2.0",
    "source": "devdax",
    "path": "/dev/dax0.0",
    "nthreads": 8,
    "nsegments": 1,
    "stripeSize": 68719476736,
    "blockSize": 262144,
    "paddingSize": 4096,
    "totalSize": 68719476736,
    "extentSize": 68719509504,
    "accessType": "read",
    "accessPattern": "random",
    "granularity": "page",
    "nonTemporal": true,
    "noflush": false,
    "set-affinity": true
  },
  "results": {
    "success": true,
    "time": 2323.727616,
    "byte_per_sec": 29572948336.471462,
    "MiB_per_sec": 28202.96128890177,
    "IOPS": 112811.84515560708,
    "MIOPS": 0.11281184515560708,
    "addr": 139490874097664
  }
}
