{
  "params": {
    "version": "0.2.0",
    "source": "devdax",
    "path": "/dev/dax0.0",
    "nthreads": 16,
    "nsegments": 1,
    "stripeSize": 137438953472,
    "blockSize": 131072,
    "paddingSize": 4096,
    "totalSize": 137438953472,
    "extentSize": 137439019008,
    "accessType": "read",
    "accessPattern": "random",
    "granularity": "page",
    "nonTemporal": false,
    "noflush": true,
    "set-affinity": true
  },
  "results": {
    "success": true,
    "time": 2949.310911,
    "byte_per_sec": 46600361107.87643,
    "MiB_per_sec": 44441.56752383845,
    "IOPS": 355532.5401907076,
    "MIOPS": 0.3555325401907076,
    "addr": 140180216348672
  }
}
