{
  "params": {
    "version": "0.2.0",
    "source": "devdax",
    "path": "/dev/dax0.0",
    "nthreads": 4,
    "nsegments": 1,
    "stripeSize": 34359738368,
    "blockSize": 4096,
    "paddingSize": 4096,
    "totalSize": 34359738368,
    "extentSize": 34359754752,
    "accessType": "read",
    "accessPattern": "random",
    "granularity": "page",
    "nonTemporal": false,
    "noflush": true,
    "set-affinity": true
  },
  "results": {
    "success": true,
    "time": 2276.286544,
    "byte_per_sec": 15094645469.204163,
    "MiB_per_sec": 14395.375699237979,
    "IOPS": 3685216.1790049225,
    "MIOPS": 3.6852161790049225,
    "addr": 139581068410880
  }
}
