{
  "params": {
    "version": "0.2.0",
    "source": "devdax",
    "path": "/dev/dax0.0",
    "nthreads": 1,
    "nsegments": 1,
    "stripeSize": 8589934592,
    "blockSize": 8192,
    "paddingSize": 4096,
    "totalSize": 8589934592,
    "extentSize": 8589938688,
    "accessType": "read",
    "accessPattern": "random",
    "granularity": "page",
    "nonTemporal": true,
    "noflush": false,
    "set-affinity": true
  },
  "results": {
    "success": true,
    "time": 2788.6075520000004,
    "byte_per_sec": 3080366968.754447,
    "MiB_per_sec": 2937.6668632072897,
    "IOPS": 376021.3584905331,
    "MIOPS": 0.3760213584905331,
    "addr": 139634755502080
  }
}
