{
  "params": {
    "version": "0.2.0",
    "source": "devdax",
    "path": "/dev/dax0.0",
    "nthreads": 8,
    "nsegments": 1,
    "stripeSize": 68719476736,
    "blockSize": 4096,
    "paddingSize": 4096,
    "totalSize": 68719476736,
    "extentSize": 68719509504,
    "accessType": "read",
    "accessPattern": "random",
    "granularity": "page",
    "nonTemporal": false,
    "noflush": true,
    "set-affinity": true
  },
  "results": {
    "success": true,
    "time": 2841.7087109999998,
    "byte_per_sec": 24182449267.228924,
    "MiB_per_sec": 23062.180773953365,
    "IOPS": 5903918.2781320615,
    "MIOPS": 5.903918278132061,
    "addr": 139522012610560
  }
}
