{
  "params": {
    "version": "0.2.0",
    "source": "devdax",
    "path": "/dev/dax0.0",
    "nthreads": 1,
    "nsegments": 1,
    "stripeSize": 8589934592,
    "blockSize": 32768,
    "paddingSize": 4096,
    "totalSize": 8589934592,
    "extentSize": 8589938688,
    "accessType": "read",
    "accessPattern": "random",
    "granularity": "page",
    "nonTemporal": false,
    "noflush": true,
    "set-affinity": true
  },
  "results": {
    "success": true,
    "time": 1610.377406,
    "byte_per_sec": 5334112711.712996,
    "MiB_per_sec": 5087.0062939767795,
    "IOPS": 162784.20140725694,
    "MIOPS": 0.16278420140725694,
    "addr": 139283641925632
  }
}
