{
  "params": {
    "version": "0.2.0",
    "source": "devdax",
    "path": "/dev/dax0.0",
    "nthreads": 16,
    "nsegments": 1,
    "stripeSize": 137438953472,
    "blockSize": 262144,
    "paddingSize": 4096,
    "totalSize": 137438953472,
    "extentSize": 137439019008,
    "accessType": "read",
    "accessPattern": "random",
    "granularity": "page",
    "nonTemporal": false,
    "noflush": true,
    "set-affinity": true
  },
  "results": {
    "success": true,
    "time": 2918.589331,
    "byte_per_sec": 47090884631.209526,
    "MiB_per_sec": 44909.36720963433,
    "IOPS": 179637.46883853732,
    "MIOPS": 0.17963746883853732,
    "addr": 139510201450496
  }
}
