{
  "params": {
    "version": "0.2.0",
    "source": "devdax",
    "path": "/dev/dax0.0",
    "nthreads": 1,
    "nsegments": 1,
    "stripeSize": 8589934592,
    "blockSize": 65536,
    "paddingSize": 4096,
    "totalSize": 8589934592,
    "extentSize": 8589938688,
    "accessType": "read",
    "accessPattern": "sequential",
    "granularity": "page",
    "nonTemporal": false,
    "noflush": true,
    "set-affinity": true
  },
  "results": {
    "success": true,
    "time": 1553.996163,
    "byte_per_sec": 5527642085.947673,
    "MiB_per_sec": 5271.570287654565,
    "IOPS": 84345.12460247304,
    "MIOPS": 0.08434512460247304,
    "addr": 139998753980416
  }
}
