{
  "params": {
    "version": "0.2.0",
    "source": "devdax",
    "path": "/dev/dax0.0",
    "nthreads": 8,
    "nsegments": 1,
    "stripeSize": 68719476736,
    "blockSize": 64,
    "paddingSize": 4096,
    "totalSize": 68719476736,
    "extentSize": 68719509504,
    "accessType": "read",
    "accessPattern": "sequential",
    "granularity": "page",
    "nonTemporal": false,
    "noflush": true,
    "set-affinity": true
  },
  "results": {
    "success": true,
    "time": 4089.333159,
    "byte_per_sec": 16804567899.966501,
    "MiB_per_sec": 16026.084804502965,
    "IOPS": 262571373.43697658,
    "MIOPS": 262.57137343697656,
    "addr": 140130824224768
  }
}
