{
  "params": {
    "version": "0.2.0",
    "source": "devdax",
    "path": "/dev/dax0.0",
    "nthreads": 16,
    "nsegments": 1,
    "stripeSize": 137438953472,
    "blockSize": 524288,
    "paddingSize": 4096,
    "totalSize": 137438953472,
    "extentSize": 137439019008,
    "accessType": "read",
    "accessPattern": "sequential",
    "granularity": "page",
    "nonTemporal": true,
    "noflush": false,
    "set-affinity": true
  },
  "results": {
    "success": true,
    "time": 3580.014728,
    "byte_per_sec": 38390611188.56939,
    "MiB_per_sec": 36612.139881677045,
    "IOPS": 73224.27976335409,
    "MIOPS": 0.07322427976335409,
    "addr": 139577847185408
  }
}
