{
  "params": {
    "version": "0.2.0",
    "source": "devdax",
    "path": "/dev/dax0.0",
    "nthreads": 16,
    "nsegments": 1,
    "stripeSize": 137438953472,
    "blockSize": 256,
    "paddingSize": 4096,
    "totalSize": 137438953472,
    "extentSize": 137439019008,
    "accessType": "read",
    "accessPattern": "sequential",
    "granularity": "page",
    "nonTemporal": false,
    "noflush": true,
    "set-affinity": true
  },
  "results": {
    "success": true,
    "time": 4824.616488000001,
    "byte_per_sec": 28487021468.720726,
    "MiB_per_sec": 27167.340725632406,
    "IOPS": 111277427.61219034,
    "MIOPS": 111.27742761219034,
    "addr": 140134045450240
  }
}
