{
  "params": {
    "version": "0.2.0",
    "source": "devdax",
    "path": "/dev/dax0.0",
    "nthreads": 2,
    "nsegments": 1,
    "stripeSize": 17179869184,
    "blockSize": 512,
    "paddingSize": 4096,
    "totalSize": 17179869184,
    "extentSize": 17179877376,
    "accessType": "read",
    "accessPattern": "sequential",
    "granularity": "page",
    "nonTemporal": false,
    "noflush": true,
    "set-affinity": true
  },
  "results": {
    "success": true,
    "time": 2138.32018,
    "byte_per_sec": 8034282865.908322,
    "MiB_per_sec": 7662.089219959566,
    "IOPS": 15691958.722477192,
    "MIOPS": 15.691958722477192,
    "addr": 139278273216512
  }
}
