{
  "params": {
    "version": "0.2.0",
    "source": "devdax",
    "path": "/dev/dax0.0",
    "nthreads": 4,
    "nsegments": 1,
    "stripeSize": 34359738368,
    "blockSize": 1024,
    "paddingSize": 4096,
    "totalSize": 34359738368,
    "extentSize": 34359754752,
    "accessType": "read",
    "accessPattern": "sequential",
    "granularity": "page",
    "nonTemporal": false,
    "noflush": true,
    "set-affinity": true
  },
  "results": {
    "success": true,
    "time": 1957.492581,
    "byte_per_sec": 17552934147.23803,
    "MiB_per_sec": 16739.78247379115,
    "IOPS": 17141537.25316214,
    "MIOPS": 17.141537253162138,
    "addr": 139248208445440
  }
}
