{
  "params": {
    "version": "0.2.0",
    "source": "devdax",
    "path": "/dev/dax0.0",
    "nthreads": 2,
    "nsegments": 1,
    "stripeSize": 17179869184,
    "blockSize": 262144,
    "paddingSize": 4096,
    "totalSize": 17179869184,
    "extentSize": 17179877376,
    "accessType": "read",
    "accessPattern": "sequential",
    "granularity": "page",
    "nonTemporal": false,
    "noflush": true,
    "set-affinity": true
  },
  "results": {
    "success": true,
    "time": 1566.326057,
    "byte_per_sec": 10968258560.995132,
    "MiB_per_sec": 10460.146485324032,
    "IOPS": 41840.58594129613,
    "MIOPS": 0.04184058594129613,
    "addr": 139529528803328
  }
}
