{
  "params": {
    "version": "0.2.0",
    "source": "devdax",
    "path": "/dev/dax0.0",
    "nthreads": 1,
    "nsegments": 1,
    "stripeSize": 8589934592,
    "blockSize": 262144,
    "paddingSize": 4096,
    "totalSize": 8589934592,
    "extentSize": 8589938688,
    "accessType": "read",
    "accessPattern": "sequential",
    "granularity": "page",
    "nonTemporal": false,
    "noflush": true,
    "set-affinity": true
  },
  "results": {
    "success": true,
    "time": 1546.881527,
    "byte_per_sec": 5553065598.151654,
    "MiB_per_sec": 5295.816038276343,
    "IOPS": 21183.26415310537,
    "MIOPS": 0.02118326415310537,
    "addr": 139234249801728
  }
}
