{
  "params": {
    "version": "0.2.0",
    "source": "devdax",
    "path": "/dev/dax0.0",
    "nthreads": 4,
    "nsegments": 1,
    "stripeSize": 34359738368,
    "blockSize": 512,
    "paddingSize": 4096,
    "totalSize": 34359738368,
    "extentSize": 34359754752,
    "accessType": "read",
    "accessPattern": "sequential",
    "granularity": "page",
    "nonTemporal": true,
    "noflush": false,
    "set-affinity": true
  },
  "results": {
    "success": true,
    "time": 3806.2099470000003,
    "byte_per_sec": 9027284055.910225,
    "MiB_per_sec": 8609.088951025224,
    "IOPS": 17631414.171699658,
    "MIOPS": 17.631414171699657,
    "addr": 139784005615616
  }
}
