{
  "params": {
    "version": "0.2.0",
    "source": "devdax",
    "path": "/dev/dax0.0",
    "nthreads": 1,
    "nsegments": 1,
    "stripeSize": 8589934592,
    "blockSize": 2048,
    "paddingSize": 4096,
    "totalSize": 8589934592,
    "extentSize": 8589938688,
    "accessType": "read",
    "accessPattern": "sequential",
    "granularity": "page",
    "nonTemporal": false,
    "noflush": true,
    "set-affinity": true
  },
  "results": {
    "success": true,
    "time": 1535.503753,
    "byte_per_sec": 5594212697.440408,
    "MiB_per_sec": 5335.056970062645,
    "IOPS": 2731549.168672074,
    "MIOPS": 2.7315491686720743,
    "addr": 139631534276608
  }
}
