{
  "params": {
    "version": "0.2.0",
    "source": "devdax",
    "path": "/dev/dax0.0",
    "nthreads": 1,
    "nsegments": 1,
    "stripeSize": 8589934592,
    "blockSize": 4096,
    "paddingSize": 4096,
    "totalSize": 8589934592,
    "extentSize": 8589938688,
    "accessType": "read",
    "accessPattern": "sequential",
    "granularity": "page",
    "nonTemporal": false,
    "noflush": true,
    "set-affinity": true
  },
  "results": {
    "success": true,
    "time": 1408.2949199999998,
    "byte_per_sec": 6099528209.6167755,
    "MiB_per_sec": 5816.963395706916,
    "IOPS": 1489142.6293009706,
    "MIOPS": 1.4891426293009706,
    "addr": 139388868624384
  }
}
