{
  "params": {
    "version": "0.2.0",
    "source": "devdax",
    "path": "/dev/dax0.0",
    "nthreads": 1,
    "nsegments": 1,
    "stripeSize": 8589934592,
    "blockSize": 65536,
    "paddingSize": 4096,
    "totalSize": 8589934592,
    "extentSize": 8589938688,
    "accessType": "read",
    "accessPattern": "sequential",
    "granularity": "page",
    "nonTemporal": true,
    "noflush": false,
    "set-affinity": true
  },
  "results": {
    "success": true,
    "time": 2056.1306560000003,
    "byte_per_sec": 4177718262.6666694,
    "MiB_per_sec": 3984.1826082865423,
    "IOPS": 63746.92173258468,
    "MIOPS": 0.06374692173258467,
    "addr": 139810849161216
  }
}
