{
  "params": {
    "version": "0.2.0",
    "source": "devdax",
    "path": "/dev/dax0.0",
    "nthreads": 8,
    "nsegments": 1,
    "stripeSize": 68719476736,
    "blockSize": 1048576,
    "paddingSize": 4096,
    "totalSize": 68719476736,
    "extentSize": 68719509504,
    "accessType": "read",
    "accessPattern": "sequential",
    "granularity": "page",
    "nonTemporal": false,
    "noflush": true,
    "set-affinity": true
  },
  "results": {
    "success": true,
    "time": 2027.748342,
    "byte_per_sec": 33889548970.47081,
    "MiB_per_sec": 32319.592447729883,
    "IOPS": 32319.592447729883,
    "MIOPS": 0.03231959244772988,
    "addr": 139989090304000
  }
}
