{
  "params": {
    "version": "0.2.0",
    "source": "devdax",
    "path": "/dev/dax0.0",
    "nthreads": 16,
    "nsegments": 1,
    "stripeSize": 137438953472,
    "blockSize": 524288,
    "paddingSize": 4096,
    "totalSize": 137438953472,
    "extentSize": 137439019008,
    "accessType": "read",
    "accessPattern": "sequential",
    "granularity": "page",
    "nonTemporal": false,
    "noflush": true,
    "set-affinity": true
  },
  "results": {
    "success": true,
    "time": 2980.9295420000003,
    "byte_per_sec": 46106072463.486626,
    "MiB_per_sec": 43970.177138792635,
    "IOPS": 87940.35427758527,
    "MIOPS": 0.08794035427758527,
    "addr": 139495169064960
  }
}
