{
  "params": {
    "version": "0.2.0",
    "source": "devdax",
    "path": "/dev/dax0.0",
    "nthreads": 4,
    "nsegments": 1,
    "stripeSize": 34359738368,
    "blockSize": 2048,
    "paddingSize": 4096,
    "totalSize": 34359738368,
    "extentSize": 34359754752,
    "accessType": "read",
    "accessPattern": "sequential",
    "granularity": "page",
    "nonTemporal": false,
    "noflush": true,
    "set-affinity": true
  },
  "results": {
    "success": true,
    "time": 1734.435447,
    "byte_per_sec": 19810329884.24619,
    "MiB_per_sec": 18892.60281014079,
    "IOPS": 9673012.638792085,
    "MIOPS": 9.673012638792084,
    "addr": 139611133181952
  }
}
