{
  "params": {
    "version": "0.2.0",
    "source": "devdax",
    "path": "/dev/dax0.0",
    "nthreads": 8,
    "nsegments": 1,
    "stripeSize": 68719476736,
    "blockSize": 524288,
    "paddingSize": 4096,
    "totalSize": 68719476736,
    "extentSize": 68719509504,
    "accessType": "read",
    "accessPattern": "sequential",
    "granularity": "page",
    "nonTemporal": true,
    "noflush": false,
    "set-affinity": true
  },
  "results": {
    "success": true,
    "time": 2268.3992810000004,
    "byte_per_sec": 30294259618.044727,
    "MiB_per_sec": 28890.85733227227,
    "IOPS": 57781.71466454454,
    "MIOPS": 0.05778171466454454,
    "addr": 139198816321536
  }
}
