{
  "params": {
    "version": "0.2.0",
    "source": "devdax",
    "path": "/dev/dax0.0",
    "nthreads": 4,
    "nsegments": 1,
    "stripeSize": 34359738368,
    "blockSize": 131072,
    "paddingSize": 4096,
    "totalSize": 34359738368,
    "extentSize": 34359754752,
    "accessType": "read",
    "accessPattern": "sequential",
    "granularity": "page",
    "nonTemporal": false,
    "noflush": true,
    "set-affinity": true
  },
  "results": {
    "success": true,
    "time": 1644.529207,
    "byte_per_sec": 20893358550.12273,
    "MiB_per_sec": 19925.459432718973,
    "IOPS": 159403.6754617518,
    "MIOPS": 0.1594036754617518,
    "addr": 139232102318080
  }
}
