{
  "params": {
    "version": "0.2.0",
    "source": "devdax",
    "path": "/dev/dax0.0",
    "nthreads": 16,
    "nsegments": 1,
    "stripeSize": 137438953472,
    "blockSize": 131072,
    "paddingSize": 4096,
    "totalSize": 137438953472,
    "extentSize": 137439019008,
    "accessType": "read",
    "accessPattern": "sequential",
    "granularity": "page",
    "nonTemporal": false,
    "noflush": true,
    "set-affinity": true
  },
  "results": {
    "success": true,
    "time": 2837.345897,
    "byte_per_sec": 48439266293.65768,
    "MiB_per_sec": 46195.28416982429,
    "IOPS": 369562.27335859434,
    "MIOPS": 0.3695622733585943,
    "addr": 139921444569088
  }
}
