{
  "params": {
    "version": "0.2.0",
    "source": "devdax",
    "path": "/dev/dax0.0",
    "nthreads": 16,
    "nsegments": 1,
    "stripeSize": 137438953472,
    "blockSize": 256,
    "paddingSize": 4096,
    "totalSize": 137438953472,
    "extentSize": 137439019008,
    "accessType": "read",
    "accessPattern": "sequential",
    "granularity": "page",
    "nonTemporal": true,
    "noflush": false,
    "set-affinity": true
  },
  "results": {
    "success": true,
    "time": 6309.621751,
    "byte_per_sec": 21782439406.960896,
    "MiB_per_sec": 20773.353011093994,
    "IOPS": 85087653.933441,
    "MIOPS": 85.087653933441,
    "addr": 139534897512448
  }
}
