{
  "params": {
    "version": "0.2.0",
    "source": "devdax",
    "path": "/dev/dax0.0",
    "nthreads": 4,
    "nsegments": 1,
    "stripeSize": 34359738368,
    "blockSize": 524288,
    "paddingSize": 4096,
    "totalSize": 34359738368,
    "extentSize": 34359754752,
    "accessType": "read",
    "accessPattern": "sequential",
    "granularity": "page",
    "nonTemporal": true,
    "noflush": false,
    "set-affinity": true
  },
  "results": {
    "success": true,
    "time": 1990.666076,
    "byte_per_sec": 17260422921.880344,
    "MiB_per_sec": 16460.822030907006,
    "IOPS": 32921.64406181401,
    "MIOPS": 0.03292164406181401,
    "addr": 140097538228224
  }
}
