{
  "params": {
    "version": "0.2.0",
    "source": "devdax",
    "path": "/dev/dax0.0",
    "nthreads": 8,
    "nsegments": 1,
    "stripeSize": 68719476736,
    "blockSize": 8192,
    "paddingSize": 4096,
    "totalSize": 68719476736,
    "extentSize": 68719509504,
    "accessType": "read",
    "accessPattern": "sequential",
    "granularity": "page",
    "nonTemporal": true,
    "noflush": false,
    "set-affinity": true
  },
  "results": {
    "success": true,
    "time": 3002.6140219999997,
    "byte_per_sec": 22886550263.36915,
    "MiB_per_sec": 21826.315177315853,
    "IOPS": 2793768.342696429,
    "MIOPS": 2.793768342696429,
    "addr": 139534897512448
  }
}
