{
  "params": {
    "version": "0.2.0",
    "source": "devdax",
    "path": "/dev/dax0.0",
    "nthreads": 1,
    "nsegments": 1,
    "stripeSize": 8589934592,
    "blockSize": 512,
    "paddingSize": 4096,
    "totalSize": 8589934592,
    "extentSize": 8589938688,
    "accessType": "read",
    "accessPattern": "sequential",
    "granularity": "page",
    "nonTemporal": true,
    "noflush": false,
    "set-affinity": true
  },
  "results": {
    "success": true,
    "time": 2870.984393,
    "byte_per_sec": 2991982336.4222655,
    "MiB_per_sec": 2853.376709387079,
    "IOPS": 5843715.500824737,
    "MIOPS": 5.843715500824738,
    "addr": 139417859653632
  }
}
