{
  "params": {
    "version": "0.2.0",
    "source": "devdax",
    "path": "/dev/dax0.0",
    "nthreads": 8,
    "nsegments": 1,
    "stripeSize": 68719476736,
    "blockSize": 256,
    "paddingSize": 4096,
    "totalSize": 68719476736,
    "extentSize": 68719509504,
    "accessType": "read",
    "accessPattern": "sequential",
    "granularity": "page",
    "nonTemporal": true,
    "noflush": false,
    "set-affinity": true
  },
  "results": {
    "success": true,
    "time": 5760.203439,
    "byte_per_sec": 11930043350.678955,
    "MiB_per_sec": 11377.37593715568,
    "IOPS": 46601731.83858967,
    "MIOPS": 46.60173183858967,
    "addr": 139329812824064
  }
}
