{
  "params": {
    "version": "0.2.0",
    "source": "devdax",
    "path": "/dev/dax0.0",
    "nthreads": 2,
    "nsegments": 1,
    "stripeSize": 17179869184,
    "blockSize": 524288,
    "paddingSize": 4096,
    "totalSize": 17179869184,
    "extentSize": 17179877376,
    "accessType": "read",
    "accessPattern": "sequential",
    "granularity": "page",
    "nonTemporal": true,
    "noflush": false,
    "set-affinity": true
  },
  "results": {
    "success": true,
    "time": 1866.718111,
    "byte_per_sec": 9203247711.994797,
    "MiB_per_sec": 8776.900970454022,
    "IOPS": 17553.801940908044,
    "MIOPS": 0.017553801940908043,
    "addr": 139577847185408
  }
}
