{
  "params": {
    "version": "0.2.0",
    "source": "devdax",
    "path": "/dev/dax0.0",
    "nthreads": 4,
    "nsegments": 1,
    "stripeSize": 34359738368,
    "blockSize": 32768,
    "paddingSize": 4096,
    "totalSize": 34359738368,
    "extentSize": 34359754752,
    "accessType": "read",
    "accessPattern": "sequential",
    "granularity": "page",
    "nonTemporal": true,
    "noflush": false,
    "set-affinity": true
  },
  "results": {
    "success": true,
    "time": 2253.089309,
    "byte_per_sec": 15250056103.302029,
    "MiB_per_sec": 14543.586829473523,
    "IOPS": 465394.77854315273,
    "MIOPS": 0.46539477854315275,
    "addr": 139833397739520
  }
}
