{
  "params": {
    "version": "0.2.0",
    "source": "devdax",
    "path": "/dev/dax0.0",
    "nthreads": 16,
    "nsegments": 1,
    "stripeSize": 137438953472,
    "blockSize": 64,
    "paddingSize": 4096,
    "totalSize": 137438953472,
    "extentSize": 137439019008,
    "accessType": "read",
    "accessPattern": "sequential",
    "granularity": "page",
    "nonTemporal": true,
    "noflush": false,
    "set-affinity": true
  },
  "results": {
    "success": true,
    "time": 22191.128088999998,
    "byte_per_sec": 6193418960.982322,
    "MiB_per_sec": 5906.504593832323,
    "IOPS": 96772171.26534878,
    "MIOPS": 96.77217126534877,
    "addr": 139527381319680
  }
}
