{
  "params": {
    "version": "0.2.0",
    "source": "devdax",
    "path": "/dev/dax0.0",
    "nthreads": 2,
    "nsegments": 1,
    "stripeSize": 17179869184,
    "blockSize": 1024,
    "paddingSize": 4096,
    "totalSize": 17179869184,
    "extentSize": 17179877376,
    "accessType": "read",
    "accessPattern": "sequential",
    "granularity": "page",
    "nonTemporal": true,
    "noflush": false,
    "set-affinity": true
  },
  "results": {
    "success": true,
    "time": 2625.449944,
    "byte_per_sec": 6543590451.32875,
    "MiB_per_sec": 6240.45415051341,
    "IOPS": 6390225.050125732,
    "MIOPS": 6.390225050125732,
    "addr": 140043851137024
  }
}
