{
  "params": {
    "version": "0.2.0",
    "source": "devdax",
    "path": "/dev/dax0.0",
    "nthreads": 16,
    "nsegments": 1,
    "stripeSize": 137438953472,
    "blockSize": 128,
    "paddingSize": 4096,
    "totalSize": 137438953472,
    "extentSize": 137439019008,
    "accessType": "read",
    "accessPattern": "sequential",
    "granularity": "page",
    "nonTemporal": false,
    "noflush": true,
    "set-affinity": true
  },
  "results": {
    "success": true,
    "time": 4542.552314,
    "byte_per_sec": 30255887873.523785,
    "MiB_per_sec": 28854.263185046944,
    "IOPS": 236374124.01190457,
    "MIOPS": 236.37412401190457,
    "addr": 139353435144192
  }
}
