{
  "params": {
    "version": "0.2.0",
    "source": "devdax",
    "path": "/dev/dax0.0",
    "nthreads": 16,
    "nsegments": 1,
    "stripeSize": 137438953472,
    "blockSize": 512,
    "paddingSize": 4096,
    "totalSize": 137438953472,
    "extentSize": 137439019008,
    "accessType": "read",
    "accessPattern": "sequential",
    "granularity": "page",
    "nonTemporal": false,
    "noflush": true,
    "set-affinity": true
  },
  "results": {
    "success": true,
    "time": 4653.732180999999,
    "byte_per_sec": 29533060375.310844,
    "MiB_per_sec": 28164.92116480908,
    "IOPS": 57681758.54552899,
    "MIOPS": 57.68175854552899,
    "addr": 139364172562432
  }
}
