{
  "params": {
    "version": "0.2.0",
    "source": "devdax",
    "path": "/dev/dax0.0",
    "nthreads": 4,
    "nsegments": 1,
    "stripeSize": 34359738368,
    "blockSize": 524288,
    "paddingSize": 4096,
    "totalSize": 34359738368,
    "extentSize": 34359754752,
    "accessType": "read",
    "accessPattern": "sequential",
    "granularity": "page",
    "nonTemporal": false,
    "noflush": true,
    "set-affinity": true
  },
  "results": {
    "success": true,
    "time": 1680.4140519999999,
    "byte_per_sec": 20447185815.36832,
    "MiB_per_sec": 19499.955954902955,
    "IOPS": 38999.91190980591,
    "MIOPS": 0.03899991190980591,
    "addr": 139241765994496
  }
}
