{
  "params": {
    "version": "0.2.0",
    "source": "devdax",
    "path": "/dev/dax0.0",
    "nthreads": 2,
    "nsegments": 1,
    "stripeSize": 17179869184,
    "blockSize": 256,
    "paddingSize": 4096,
    "totalSize": 17179869184,
    "extentSize": 17179877376,
    "accessType": "read",
    "accessPattern": "sequential",
    "granularity": "page",
    "nonTemporal": true,
    "noflush": false,
    "set-affinity": true
  },
  "results": {
    "success": true,
    "time": 5605.787319,
    "byte_per_sec": 3064666603.702808,
    "MiB_per_sec": 2922.693828299339,
    "IOPS": 11971353.920714093,
    "MIOPS": 11.971353920714094,
    "addr": 140051367329792
  }
}
