{
  "params": {
    "version": "0.2.0",
    "source": "devdax",
    "path": "/dev/dax0.0",
    "nthreads": 16,
    "nsegments": 1,
    "stripeSize": 137438953472,
    "blockSize": 131072,
    "paddingSize": 4096,
    "totalSize": 137438953472,
    "extentSize": 137439019008,
    "accessType": "read",
    "accessPattern": "sequential",
    "granularity": "page",
    "nonTemporal": false,
    "noflush": true,
    "set-affinity": true
  },
  "results": {
    "success": true,
    "time": 2840.779944,
    "byte_per_sec": 48380710995.33221,
    "MiB_per_sec": 46139.441485721785,
    "IOPS": 369115.5318857743,
    "MIOPS": 0.3691155318857743,
    "addr": 140030966235136
  }
}
