{
  "params": {
    "version": "0.2.0",
    "source": "devdax",
    "path": "/dev/dax0.0",
    "nthreads": 4,
    "nsegments": 1,
    "stripeSize": 34359738368,
    "blockSize": 256,
    "paddingSize": 4096,
    "totalSize": 34359738368,
    "extentSize": 34359754752,
    "accessType": "read",
    "accessPattern": "sequential",
    "granularity": "page",
    "nonTemporal": false,
    "noflush": true,
    "set-affinity": true
  },
  "results": {
    "success": true,
    "time": 2848.9942410000003,
    "byte_per_sec": 12060304606.28088,
    "MiB_per_sec": 11501.602751046066,
    "IOPS": 47110564.86828469,
    "MIOPS": 47.11056486828469,
    "addr": 139830176514048
  }
}
