{
  "params": {
    "version": "0.2.0",
    "source": "devdax",
    "path": "/dev/dax0.0",
    "nthreads": 16,
    "nsegments": 1,
    "stripeSize": 137438953472,
    "blockSize": 524288,
    "paddingSize": 4096,
    "totalSize": 137438953472,
    "extentSize": 137439019008,
    "accessType": "read",
    "accessPattern": "sequential",
    "granularity": "page",
    "nonTemporal": true,
    "noflush": false,
    "set-affinity": true
  },
  "results": {
    "success": true,
    "time": 3570.197878,
    "byte_per_sec": 38496172528.39564,
    "MiB_per_sec": 36712.81102027477,
    "IOPS": 73425.62204054954,
    "MIOPS": 0.07342562204054955,
    "addr": 139735687233536
  }
}
