{
  "params": {
    "version": "0.2.0",
    "source": "devdax",
    "path": "/dev/dax0.0",
    "nthreads": 1,
    "nsegments": 1,
    "stripeSize": 8589934592,
    "blockSize": 524288,
    "paddingSize": 4096,
    "totalSize": 8589934592,
    "extentSize": 8589938688,
    "accessType": "read",
    "accessPattern": "sequential",
    "granularity": "page",
    "nonTemporal": false,
    "noflush": true,
    "set-affinity": true
  },
  "results": {
    "success": true,
    "time": 1576.947099,
    "byte_per_sec": 5447192615.051699,
    "MiB_per_sec": 5194.847693492602,
    "IOPS": 10389.695386985204,
    "MIOPS": 0.010389695386985203,
    "addr": 139850577608704
  }
}
