{
  "params": {
    "version": "0.2.0",
    "source": "devdax",
    "path": "/dev/dax0.0",
    "nthreads": 16,
    "nsegments": 1,
    "stripeSize": 137438953472,
    "blockSize": 524288,
    "paddingSize": 4096,
    "totalSize": 137438953472,
    "extentSize": 137439019008,
    "accessType": "read",
    "accessPattern": "sequential",
    "granularity": "page",
    "nonTemporal": true,
    "noflush": false,
    "set-affinity": true
  },
  "results": {
    "success": true,
    "time": 3571.9584179999997,
    "byte_per_sec": 38477198608.8669,
    "MiB_per_sec": 36694.71608053865,
    "IOPS": 73389.4321610773,
    "MIOPS": 0.07338943216107731,
    "addr": 139363098820608
  }
}
