{
  "params": {
    "version": "0.2.0",
    "source": "devdax",
    "path": "/dev/dax0.0",
    "nthreads": 4,
    "nsegments": 1,
    "stripeSize": 34359738368,
    "blockSize": 2048,
    "paddingSize": 4096,
    "totalSize": 34359738368,
    "extentSize": 34359754752,
    "accessType": "read",
    "accessPattern": "sequential",
    "granularity": "page",
    "nonTemporal": true,
    "noflush": false,
    "set-affinity": true
  },
  "results": {
    "success": true,
    "time": 2807.843503,
    "byte_per_sec": 12237056065.015316,
    "MiB_per_sec": 11670.166077628437,
    "IOPS": 5975125.03174576,
    "MIOPS": 5.97512503174576,
    "addr": 139430744555520
  }
}
