{
  "params": {
    "version": "0.2.0",
    "source": "devdax",
    "path": "/dev/dax0.0",
    "nthreads": 2,
    "nsegments": 1,
    "stripeSize": 17179869184,
    "blockSize": 8192,
    "paddingSize": 4096,
    "totalSize": 17179869184,
    "extentSize": 17179877376,
    "accessType": "read",
    "accessPattern": "sequential",
    "granularity": "page",
    "nonTemporal": true,
    "noflush": false,
    "set-affinity": true
  },
  "results": {
    "success": true,
    "time": 2162.521461,
    "byte_per_sec": 7944369336.365167,
    "MiB_per_sec": 7576.340996136824,
    "IOPS": 969771.6475055135,
    "MIOPS": 0.9697716475055135,
    "addr": 139761457037312
  }
}
