{
  "params": {
    "version": "0.2.0",
    "source": "devdax",
    "path": "/dev/dax0.0",
    "nthreads": 2,
    "nsegments": 1,
    "stripeSize": 17179869184,
    "blockSize": 128,
    "paddingSize": 4096,
    "totalSize": 17179869184,
    "extentSize": 17179877376,
    "accessType": "read",
    "accessPattern": "sequential",
    "granularity": "page",
    "nonTemporal": false,
    "noflush": true,
    "set-affinity": true
  },
  "results": {
    "success": true,
    "time": 2896.539324,
    "byte_per_sec": 5931170704.865597,
    "MiB_per_sec": 5656.405167451474,
    "IOPS": 46337271.131762475,
    "MIOPS": 46.33727113176248,
    "addr": 139983721594880
  }
}
