{
  "params": {
    "version": "0.2.0",
    "source": "devdax",
    "path": "/dev/dax0.0",
    "nthreads": 4,
    "nsegments": 1,
    "stripeSize": 34359738368,
    "blockSize": 32768,
    "paddingSize": 4096,
    "totalSize": 34359738368,
    "extentSize": 34359754752,
    "accessType": "read",
    "accessPattern": "sequential",
    "granularity": "page",
    "nonTemporal": false,
    "noflush": true,
    "set-affinity": true
  },
  "results": {
    "success": true,
    "time": 1665.1447509999998,
    "byte_per_sec": 20634685571.54885,
    "MiB_per_sec": 19678.76965670476,
    "IOPS": 629720.6290145523,
    "MIOPS": 0.6297206290145524,
    "addr": 139957951791104
  }
}
