{
  "params": {
    "version": "0.2.0",
    "source": "devdax",
    "path": "/dev/dax0.0",
    "nthreads": 8,
    "nsegments": 1,
    "stripeSize": 68719476736,
    "blockSize": 131072,
    "paddingSize": 4096,
    "totalSize": 68719476736,
    "extentSize": 68719509504,
    "accessType": "read",
    "accessPattern": "sequential",
    "granularity": "page",
    "nonTemporal": true,
    "noflush": false,
    "set-affinity": true
  },
  "results": {
    "success": true,
    "time": 2288.4897309999997,
    "byte_per_sec": 30028308978.24116,
    "MiB_per_sec": 28637.2270376598,
    "IOPS": 229097.8163012784,
    "MIOPS": 0.2290978163012784,
    "addr": 139488726614016
  }
}
