{
  "params": {
    "version": "0.2.0",
    "source": "devdax",
    "path": "/dev/dax0.0",
    "nthreads": 4,
    "nsegments": 1,
    "stripeSize": 34359738368,
    "blockSize": 32768,
    "paddingSize": 4096,
    "totalSize": 34359738368,
    "extentSize": 34359754752,
    "accessType": "read",
    "accessPattern": "sequential",
    "granularity": "page",
    "nonTemporal": false,
    "noflush": true,
    "set-affinity": true
  },
  "results": {
    "success": true,
    "time": 1663.340369,
    "byte_per_sec": 20657069958.962803,
    "MiB_per_sec": 19700.117072069934,
    "IOPS": 630403.7463062379,
    "MIOPS": 0.6304037463062379,
    "addr": 139806554193920
  }
}
