{
  "params": {
    "version": "0.2.0",
    "source": "devdax",
    "path": "/dev/dax0.0",
    "nthreads": 8,
    "nsegments": 1,
    "stripeSize": 68719476736,
    "blockSize": 65536,
    "paddingSize": 4096,
    "totalSize": 68719476736,
    "extentSize": 68719509504,
    "accessType": "read",
    "accessPattern": "sequential",
    "granularity": "page",
    "nonTemporal": true,
    "noflush": false,
    "set-affinity": true
  },
  "results": {
    "success": true,
    "time": 2682.143153,
    "byte_per_sec": 25621107008.824894,
    "MiB_per_sec": 24434.19171221246,
    "IOPS": 390947.0673953994,
    "MIOPS": 0.39094706739539936,
    "addr": 139266462056448
  }
}
