{
  "params": {
    "version": "0.2.0",
    "source": "devdax",
    "path": "/dev/dax0.0",
    "nthreads": 4,
    "nsegments": 1,
    "stripeSize": 34359738368,
    "blockSize": 2048,
    "paddingSize": 4096,
    "totalSize": 34359738368,
    "extentSize": 34359754752,
    "accessType": "read",
    "accessPattern": "sequential",
    "granularity": "page",
    "nonTemporal": true,
    "noflush": false,
    "set-affinity": true
  },
  "results": {
    "success": true,
    "time": 2803.6958689999997,
    "byte_per_sec": 12255158895.053465,
    "MiB_per_sec": 11687.430281690087,
    "IOPS": 5983964.304225325,
    "MIOPS": 5.983964304225324,
    "addr": 139200963805184
  }
}
