{
  "params": {
    "version": "0.2.0",
    "source": "devdax",
    "path": "/dev/dax0.0",
    "nthreads": 16,
    "nsegments": 1,
    "stripeSize": 137438953472,
    "blockSize": 1024,
    "paddingSize": 4096,
    "totalSize": 137438953472,
    "extentSize": 137439019008,
    "accessType": "read",
    "accessPattern": "sequential",
    "granularity": "page",
    "nonTemporal": true,
    "noflush": false,
    "set-affinity": true
  },
  "results": {
    "success": true,
    "time": 5120.412466000001,
    "byte_per_sec": 26841383264.455162,
    "MiB_per_sec": 25597.937836127436,
    "IOPS": 26212288.344194494,
    "MIOPS": 26.212288344194494,
    "addr": 139516643901440
  }
}
