{
  "params": {
    "version": "0.2.0",
    "source": "devdax",
    "path": "/dev/dax0.0",
    "nthreads": 8,
    "nsegments": 1,
    "stripeSize": 68719476736,
    "blockSize": 64,
    "paddingSize": 4096,
    "totalSize": 68719476736,
    "extentSize": 68719509504,
    "accessType": "read",
    "accessPattern": "sequential",
    "granularity": "page",
    "nonTemporal": true,
    "noflush": false,
    "set-affinity": true
  },
  "results": {
    "success": true,
    "time": 22013.389933,
    "byte_per_sec": 3121712600.6105714,
    "MiB_per_sec": 2977.0971304040636,
    "IOPS": 48776759.38454018,
    "MIOPS": 48.77675938454018,
    "addr": 139719581106176
  }
}
