{
  "params": {
    "version": "0.2.0",
    "source": "devdax",
    "path": "/dev/dax0.0",
    "nthreads": 1,
    "nsegments": 1,
    "stripeSize": 8589934592,
    "blockSize": 1048576,
    "paddingSize": 4096,
    "totalSize": 8589934592,
    "extentSize": 8589938688,
    "accessType": "read",
    "accessPattern": "sequential",
    "granularity": "page",
    "nonTemporal": false,
    "noflush": true,
    "set-affinity": true
  },
  "results": {
    "success": true,
    "time": 1706.0111849999998,
    "byte_per_sec": 5035098636.824002,
    "MiB_per_sec": 4801.844250511172,
    "IOPS": 4801.844250511172,
    "MIOPS": 0.004801844250511171,
    "addr": 139298674311168
  }
}
