{
  "params": {
    "version": "0.2.0",
    "source": "devdax",
    "path": "/dev/dax0.0",
    "nthreads": 4,
    "nsegments": 1,
    "stripeSize": 34359738368,
    "blockSize": 256,
    "paddingSize": 4096,
    "totalSize": 34359738368,
    "extentSize": 34359754752,
    "accessType": "read",
    "accessPattern": "sequential",
    "granularity": "page",
    "nonTemporal": false,
    "noflush": true,
    "set-affinity": true
  },
  "results": {
    "success": true,
    "time": 2850.520838,
    "byte_per_sec": 12053845707.757637,
    "MiB_per_sec": 11495.443065412175,
    "IOPS": 47085334.79592827,
    "MIOPS": 47.08533479592827,
    "addr": 139822660321280
  }
}
