{
  "params": {
    "version": "0.2.0",
    "source": "devdax",
    "path": "/dev/dax0.0",
    "nthreads": 1,
    "nsegments": 1,
    "stripeSize": 8589934592,
    "blockSize": 8192,
    "paddingSize": 4096,
    "totalSize": 8589934592,
    "extentSize": 8589938688,
    "accessType": "read",
    "accessPattern": "sequential",
    "granularity": "page",
    "nonTemporal": true,
    "noflush": false,
    "set-affinity": true
  },
  "results": {
    "success": true,
    "time": 2118.005943,
    "byte_per_sec": 4055670674.763541,
    "MiB_per_sec": 3867.788958323995,
    "IOPS": 495076.98666547134,
    "MIOPS": 0.49507698666547134,
    "addr": 140092169519104
  }
}
