{
  "params": {
    "version": "0.2.0",
    "source": "devdax",
    "path": "/dev/dax0.0",
    "nthreads": 16,
    "nsegments": 1,
    "stripeSize": 137438953472,
    "blockSize": 8192,
    "paddingSize": 4096,
    "totalSize": 137438953472,
    "extentSize": 137439019008,
    "accessType": "read",
    "accessPattern": "sequential",
    "granularity": "page",
    "nonTemporal": false,
    "noflush": true,
    "set-affinity": true
  },
  "results": {
    "success": true,
    "time": 3567.342627,
    "byte_per_sec": 38526984324.90656,
    "MiB_per_sec": 36742.195439249575,
    "IOPS": 4703001.016223946,
    "MIOPS": 4.703001016223945,
    "addr": 140035261202432
  }
}
