{
  "params": {
    "version": "0.2.0",
    "source": "devdax",
    "path": "/dev/dax0.0",
    "nthreads": 1,
    "nsegments": 1,
    "stripeSize": 8589934592,
    "blockSize": 524288,
    "paddingSize": 4096,
    "totalSize": 8589934592,
    "extentSize": 8589938688,
    "accessType": "read",
    "accessPattern": "sequential",
    "granularity": "page",
    "nonTemporal": true,
    "noflush": false,
    "set-affinity": true
  },
  "results": {
    "success": true,
    "time": 1865.257784,
    "byte_per_sec": 4605226508.46635,
    "MiB_per_sec": 4391.886242357587,
    "IOPS": 8783.772484715175,
    "MIOPS": 0.008783772484715175,
    "addr": 139093589622784
  }
}
