{
  "params": {
    "version": "0.2.0",
    "source": "devdax",
    "path": "/dev/dax0.0",
    "nthreads": 16,
    "nsegments": 1,
    "stripeSize": 137438953472,
    "blockSize": 524288,
    "paddingSize": 4096,
    "totalSize": 137438953472,
    "extentSize": 137439019008,
    "accessType": "write",
    "accessPattern": "random",
    "granularity": "page",
    "nonTemporal": true,
    "noflush": false,
    "set-affinity": true
  },
  "results": {
    "success": true,
    "time": 13252.452621,
    "byte_per_sec": 10370831528.513638,
    "MiB_per_sec": 9890.395668519628,
    "IOPS": 19780.791337039256,
    "MIOPS": 0.019780791337039257,
    "addr": 139229954834432
  }
}
