{
  "params": {
    "version": "0.2.0",
    "source": "devdax",
    "path": "/dev/dax0.0",
    "nthreads": 16,
    "nsegments": 1,
    "stripeSize": 137438953472,
    "blockSize": 262144,
    "paddingSize": 4096,
    "totalSize": 137438953472,
    "extentSize": 137439019008,
    "accessType": "write",
    "accessPattern": "random",
    "granularity": "page",
    "nonTemporal": true,
    "noflush": false,
    "set-affinity": true
  },
  "results": {
    "success": true,
    "time": 12666.188543,
    "byte_per_sec": 10850853278.033348,
    "MiB_per_sec": 10348.18008235297,
    "IOPS": 41392.72032941188,
    "MIOPS": 0.04139272032941188,
    "addr": 139241765994496
  }
}
