{
  "params": {
    "version": "0.2.0",
    "source": "devdax",
    "path": "/dev/dax0.0",
    "nthreads": 2,
    "nsegments": 1,
    "stripeSize": 17179869184,
    "blockSize": 8192,
    "paddingSize": 4096,
    "totalSize": 17179869184,
    "extentSize": 17179877376,
    "accessType": "write",
    "accessPattern": "random",
    "granularity": "page",
    "nonTemporal": false,
    "noflush": false,
    "set-affinity": true
  },
  "results": {
    "success": true,
    "time": 3683.41687,
    "byte_per_sec": 4664112097.635042,
    "MiB_per_sec": 4448.04391635422,
    "IOPS": 569349.6212933401,
    "MIOPS": 0.5693496212933401,
    "addr": 139290084376576
  }
}
