{
  "params": {
    "version": "0.2.0",
    "source": "devdax",
    "path": "/dev/dax0.0",
    "nthreads": 4,
    "nsegments": 1,
    "stripeSize": 34359738368,
    "blockSize": 16384,
    "paddingSize": 4096,
    "totalSize": 34359738368,
    "extentSize": 34359754752,
    "accessType": "write",
    "accessPattern": "random",
    "granularity": "page",
    "nonTemporal": false,
    "noflush": false,
    "set-affinity": true
  },
  "results": {
    "success": true,
    "time": 4126.3683169999995,
    "byte_per_sec": 8326871410.49508,
    "MiB_per_sec": 7941.123400206642,
    "IOPS": 508231.8976132251,
    "MIOPS": 0.5082318976132251,
    "addr": 140070694682624
  }
}
