{
  "params": {
    "version": "0.2.0",
    "source": "devdax",
    "path": "/dev/dax0.0",
    "nthreads": 16,
    "nsegments": 1,
    "stripeSize": 137438953472,
    "blockSize": 524288,
    "paddingSize": 4096,
    "totalSize": 137438953472,
    "extentSize": 137439019008,
    "accessType": "write",
    "accessPattern": "random",
    "granularity": "page",
    "nonTemporal": false,
    "noflush": false,
    "set-affinity": true
  },
  "results": {
    "success": true,
    "time": 12285.14273,
    "byte_per_sec": 11187412022.196342,
    "MiB_per_sec": 10669.14751262316,
    "IOPS": 21338.29502524632,
    "MIOPS": 0.02133829502524632,
    "addr": 139945066889216
  }
}
