{
  "params": {
    "version": "0.2.0",
    "source": "devdax",
    "path": "/dev/dax0.0",
    "nthreads": 1,
    "nsegments": 1,
    "stripeSize": 8589934592,
    "blockSize": 1024,
    "paddingSize": 4096,
    "totalSize": 8589934592,
    "extentSize": 8589938688,
    "accessType": "write",
    "accessPattern": "random",
    "granularity": "page",
    "nonTemporal": false,
    "noflush": false,
    "set-affinity": true
  },
  "results": {
    "success": true,
    "time": 7417.420794,
    "byte_per_sec": 1158075674.8961112,
    "MiB_per_sec": 1104.4270276032555,
    "IOPS": 1130933.2762657336,
    "MIOPS": 1.1309332762657336,
    "addr": 139921444569088
  }
}
