{
  "params": {
    "version": "0.2.0",
    "source": "devdax",
    "path": "/dev/dax0.0",
    "nthreads": 2,
    "nsegments": 1,
    "stripeSize": 17179869184,
    "blockSize": 8192,
    "paddingSize": 4096,
    "totalSize": 17179869184,
    "extentSize": 17179877376,
    "accessType": "write",
    "accessPattern": "random",
    "granularity": "page",
    "nonTemporal": true,
    "noflush": false,
    "set-affinity": true
  },
  "results": {
    "success": true,
    "time": 2107.004801,
    "byte_per_sec": 8153692471.81891,
    "MiB_per_sec": 7775.9670942486855,
    "IOPS": 995323.7880638317,
    "MIOPS": 0.9953237880638317,
    "addr": 139537044996096
  }
}
