{
  "params": {
    "version": "0.2.0",
    "source": "devdax",
    "path": "/dev/dax0.0",
    "nthreads": 4,
    "nsegments": 1,
    "stripeSize": 34359738368,
    "blockSize": 4096,
    "paddingSize": 4096,
    "totalSize": 34359738368,
    "extentSize": 34359754752,
    "accessType": "write",
    "accessPattern": "random",
    "granularity": "page",
    "nonTemporal": false,
    "noflush": false,
    "set-affinity": true
  },
  "results": {
    "success": true,
    "time": 5636.7775360000005,
    "byte_per_sec": 6095634987.997511,
    "MiB_per_sec": 5813.250530240546,
    "IOPS": 1488192.1357415798,
    "MIOPS": 1.4881921357415797,
    "addr": 140022376300544
  }
}
