{
  "params": {
    "version": "0.2.0",
    "source": "devdax",
    "path": "/dev/dax0.0",
    "nthreads": 4,
    "nsegments": 1,
    "stripeSize": 34359738368,
    "blockSize": 32768,
    "paddingSize": 4096,
    "totalSize": 34359738368,
    "extentSize": 34359754752,
    "accessType": "write",
    "accessPattern": "random",
    "granularity": "page",
    "nonTemporal": true,
    "noflush": false,
    "set-affinity": true
  },
  "results": {
    "success": true,
    "time": 2366.178936,
    "byte_per_sec": 14521191886.732273,
    "MiB_per_sec": 13848.487745983384,
    "IOPS": 443151.6078714683,
    "MIOPS": 0.4431516078714683,
    "addr": 139423228362752
  }
}
