{
  "params": {
    "version": "0.2.0",
    "source": "devdax",
    "path": "/dev/dax0.0",
    "nthreads": 1,
    "nsegments": 1,
    "stripeSize": 8589934592,
    "blockSize": 4096,
    "paddingSize": 4096,
    "totalSize": 8589934592,
    "extentSize": 8589938688,
    "accessType": "write",
    "accessPattern": "random",
    "granularity": "page",
    "nonTemporal": true,
    "noflush": false,
    "set-affinity": true
  },
  "results": {
    "success": true,
    "time": 2236.8864780000004,
    "byte_per_sec": 3840129875.3793974,
    "MiB_per_sec": 3662.233233813665,
    "IOPS": 937531.7078562982,
    "MIOPS": 0.9375317078562982,
    "addr": 139863462510592
  }
}
