{
  "params": {
    "version": "0.2.0",
    "source": "devdax",
    "path": "/dev/dax0.0",
    "nthreads": 1,
    "nsegments": 1,
    "stripeSize": 8589934592,
    "blockSize": 2048,
    "paddingSize": 4096,
    "totalSize": 8589934592,
    "extentSize": 8589938688,
    "accessType": "write",
    "accessPattern": "random",
    "granularity": "page",
    "nonTemporal": true,
    "noflush": false,
    "set-affinity": true
  },
  "results": {
    "success": true,
    "time": 1511.508645,
    "byte_per_sec": 5683020484.477613,
    "MiB_per_sec": 5419.750675656904,
    "IOPS": 2774912.3459363347,
    "MIOPS": 2.7749123459363347,
    "addr": 140174847639552
  }
}
