{
  "params": {
    "version": "0.2.0",
    "source": "devdax",
    "path": "/dev/dax0.0",
    "nthreads": 16,
    "nsegments": 1,
    "stripeSize": 137438953472,
    "blockSize": 512,
    "paddingSize": 4096,
    "totalSize": 137438953472,
    "extentSize": 137439019008,
    "accessType": "write",
    "accessPattern": "random",
    "granularity": "page",
    "nonTemporal": true,
    "noflush": false,
    "set-affinity": true
  },
  "results": {
    "success": true,
    "time": 10010.178608,
    "byte_per_sec": 13729920199.641657,
    "MiB_per_sec": 13093.87226070562,
    "IOPS": 26816250.38992511,
    "MIOPS": 26.816250389925113,
    "addr": 139381352431616
  }
}
