{
  "params": {
    "version": "0.2.0",
    "source": "devdax",
    "path": "/dev/dax0.0",
    "nthreads": 16,
    "nsegments": 1,
    "stripeSize": 137438953472,
    "blockSize": 256,
    "paddingSize": 4096,
    "totalSize": 137438953472,
    "extentSize": 137439019008,
    "accessType": "write",
    "accessPattern": "random",
    "granularity": "page",
    "nonTemporal": true,
    "noflush": false,
    "set-affinity": true
  },
  "results": {
    "success": true,
    "time": 9609.674392,
    "byte_per_sec": 14302144678.951572,
    "MiB_per_sec": 13639.588049842427,
    "IOPS": 55867752.65215458,
    "MIOPS": 55.86775265215458,
    "addr": 140092169519104
  }
}
