{
  "params": {
    "version": "0.2.0",
    "source": "devdax",
    "path": "/dev/dax0.0",
    "nthreads": 16,
    "nsegments": 1,
    "stripeSize": 137438953472,
    "blockSize": 1048576,
    "paddingSize": 4096,
    "totalSize": 137438953472,
    "extentSize": 137439019008,
    "accessType": "write",
    "accessPattern": "random",
    "granularity": "page",
    "nonTemporal": true,
    "noflush": false,
    "set-affinity": true
  },
  "results": {
    "success": true,
    "time": 12255.298148,
    "byte_per_sec": 11214656046.081532,
    "MiB_per_sec": 10695.129438478023,
    "IOPS": 10695.129438478023,
    "MIOPS": 0.010695129438478022,
    "addr": 139173046517760
  }
}
