{
  "params": {
    "version": "0.2.0",
    "source": "devdax",
    "path": "/dev/dax0.0",
    "nthreads": 8,
    "nsegments": 1,
    "stripeSize": 68719476736,
    "blockSize": 262144,
    "paddingSize": 4096,
    "totalSize": 68719476736,
    "extentSize": 68719509504,
    "accessType": "write",
    "accessPattern": "random",
    "granularity": "page",
    "nonTemporal": false,
    "noflush": false,
    "set-affinity": true
  },
  "results": {
    "success": true,
    "time": 5597.317233,
    "byte_per_sec": 12277216722.834976,
    "MiB_per_sec": 11708.466265521027,
    "IOPS": 46833.86506208411,
    "MIOPS": 0.046833865062084104,
    "addr": 140183437574144
  }
}
