{
  "params": {
    "version": "0.2.0",
    "source": "devdax",
    "path": "/dev/dax0.0",
    "nthreads": 16,
    "nsegments": 1,
    "stripeSize": 137438953472,
    "blockSize": 2048,
    "paddingSize": 4096,
    "totalSize": 137438953472,
    "extentSize": 137439019008,
    "accessType": "write",
    "accessPattern": "random",
    "granularity": "page",
    "nonTemporal": true,
    "noflush": false,
    "set-affinity": true
  },
  "results": {
    "success": true,
    "time": 11600.539811999999,
    "byte_per_sec": 11847634308.347305,
    "MiB_per_sec": 11298.784550044351,
    "IOPS": 5784977.689622708,
    "MIOPS": 5.784977689622708,
    "addr": 139372762497024
  }
}
