{
  "params": {
    "version": "0.2.0",
    "source": "devdax",
    "path": "/dev/dax0.0",
    "nthreads": 16,
    "nsegments": 1,
    "stripeSize": 137438953472,
    "blockSize": 32768,
    "paddingSize": 4096,
    "totalSize": 137438953472,
    "extentSize": 137439019008,
    "accessType": "write",
    "accessPattern": "random",
    "granularity": "page",
    "nonTemporal": false,
    "noflush": false,
    "set-affinity": true
  },
  "results": {
    "success": true,
    "time": 10945.345191,
    "byte_per_sec": 12556840471.784441,
    "MiB_per_sec": 11975.13625315136,
    "IOPS": 383204.36010084354,
    "MIOPS": 0.3832043601008435,
    "addr": 139876347412480
  }
}
