{
  "params": {
    "version": "0.2.0",
    "source": "devdax",
    "path": "/dev/dax0.0",
    "nthreads": 8,
    "nsegments": 1,
    "stripeSize": 68719476736,
    "blockSize": 2048,
    "paddingSize": 4096,
    "totalSize": 68719476736,
    "extentSize": 68719509504,
    "accessType": "write",
    "accessPattern": "random",
    "granularity": "page",
    "nonTemporal": true,
    "noflush": false,
    "set-affinity": true
  },
  "results": {
    "success": true,
    "time": 6456.367085,
    "byte_per_sec": 10643675588.963202,
    "MiB_per_sec": 10150.600041354372,
    "IOPS": 5197107.221173438,
    "MIOPS": 5.197107221173439,
    "addr": 139589658345472
  }
}
