{
  "params": {
    "version": "0.2.0",
    "source": "devdax",
    "path": "/dev/dax0.0",
    "nthreads": 8,
    "nsegments": 1,
    "stripeSize": 68719476736,
    "blockSize": 65536,
    "paddingSize": 4096,
    "totalSize": 68719476736,
    "extentSize": 68719509504,
    "accessType": "write",
    "accessPattern": "random",
    "granularity": "page",
    "nonTemporal": true,
    "noflush": false,
    "set-affinity": true
  },
  "results": {
    "success": true,
    "time": 5939.350492,
    "byte_per_sec": 11570200618.495508,
    "MiB_per_sec": 11034.203165526875,
    "IOPS": 176547.25064843,
    "MIOPS": 0.17654725064843,
    "addr": 139295453085696
  }
}
