{
  "params": {
    "version": "0.2.0",
    "source": "devdax",
    "path": "/dev/dax0.0",
    "nthreads": 2,
    "nsegments": 1,
    "stripeSize": 17179869184,
    "blockSize": 32768,
    "paddingSize": 4096,
    "totalSize": 17179869184,
    "extentSize": 17179877376,
    "accessType": "write",
    "accessPattern": "random",
    "granularity": "page",
    "nonTemporal": true,
    "noflush": false,
    "set-affinity": true
  },
  "results": {
    "success": true,
    "time": 1104.838469,
    "byte_per_sec": 15549666006.425055,
    "MiB_per_sec": 14829.317099022917,
    "IOPS": 474538.14716873335,
    "MIOPS": 0.4745381471687334,
    "addr": 139812996644864
  }
}
