{
  "params": {
    "version": "0.2.0",
    "source": "devdax",
    "path": "/dev/dax0.0",
    "nthreads": 8,
    "nsegments": 1,
    "stripeSize": 68719476736,
    "blockSize": 131072,
    "paddingSize": 4096,
    "totalSize": 68719476736,
    "extentSize": 68719509504,
    "accessType": "write",
    "accessPattern": "random",
    "granularity": "page",
    "nonTemporal": false,
    "noflush": false,
    "set-affinity": true
  },
  "results": {
    "success": true,
    "time": 5594.2256800000005,
    "byte_per_sec": 12284001516.363565,
    "MiB_per_sec": 11714.936748851362,
    "IOPS": 93719.4939908109,
    "MIOPS": 0.09371949399081089,
    "addr": 139098958331904
  }
}
