{
  "params": {
    "version": "0.2.0",
    "source": "devdax",
    "path": "/dev/dax0.0",
    "nthreads": 1,
    "nsegments": 1,
    "stripeSize": 8589934592,
    "blockSize": 524288,
    "paddingSize": 4096,
    "totalSize": 8589934592,
    "extentSize": 8589938688,
    "accessType": "write",
    "accessPattern": "random",
    "granularity": "page",
    "nonTemporal": false,
    "noflush": false,
    "set-affinity": true
  },
  "results": {
    "success": true,
    "time": 2091.353771,
    "byte_per_sec": 4107356063.385031,
    "MiB_per_sec": 3917.0799859857857,
    "IOPS": 7834.159971971571,
    "MIOPS": 0.007834159971971571,
    "addr": 140082505842688
  }
}
