{
  "params": {
    "version": "0.2.0",
    "source": "devdax",
    "path": "/dev/dax0.0",
    "nthreads": 8,
    "nsegments": 1,
    "stripeSize": 68719476736,
    "blockSize": 64,
    "paddingSize": 4096,
    "totalSize": 68719476736,
    "extentSize": 68719509504,
    "accessType": "write",
    "accessPattern": "random",
    "granularity": "page",
    "nonTemporal": false,
    "noflush": false,
    "set-affinity": true
  },
  "results": {
    "success": true,
    "time": 85890.746814,
    "byte_per_sec": 800080093.433288,
    "MiB_per_sec": 763.0158361752395,
    "IOPS": 12501251.459895125,
    "MIOPS": 12.501251459895125,
    "addr": 140053514813440
  }
}
