{
  "params": {
    "version": "0.2.0",
    "source": "devdax",
    "path": "/dev/dax0.0",
    "nthreads": 16,
    "nsegments": 1,
    "stripeSize": 137438953472,
    "blockSize": 131072,
    "paddingSize": 4096,
    "totalSize": 137438953472,
    "extentSize": 137439019008,
    "accessType": "write",
    "accessPattern": "random",
    "granularity": "page",
    "nonTemporal": true,
    "noflush": false,
    "set-affinity": true
  },
  "results": {
    "success": true,
    "time": 12358.705651999999,
    "byte_per_sec": 11120821010.067375,
    "MiB_per_sec": 10605.641374652267,
    "IOPS": 84845.13099721813,
    "MIOPS": 0.08484513099721813,
    "addr": 139572478476288
  }
}
