{
  "params": {
    "version": "0.2.0",
    "source": "devdax",
    "path": "/dev/dax0.0",
    "nthreads": 16,
    "nsegments": 1,
    "stripeSize": 137438953472,
    "blockSize": 1024,
    "paddingSize": 4096,
    "totalSize": 137438953472,
    "extentSize": 137439019008,
    "accessType": "write",
    "accessPattern": "random",
    "granularity": "page",
    "nonTemporal": true,
    "noflush": false,
    "set-affinity": true
  },
  "results": {
    "success": true,
    "time": 10752.928888,
    "byte_per_sec": 12781536537.954645,
    "MiB_per_sec": 12189.423120455403,
    "IOPS": 12481969.275346333,
    "MIOPS": 12.481969275346334,
    "addr": 140049219846144
  }
}
