{
  "params": {
    "version": "0.2.0",
    "source": "devdax",
    "path": "/dev/dax0.0",
    "nthreads": 2,
    "nsegments": 1,
    "stripeSize": 17179869184,
    "blockSize": 65536,
    "paddingSize": 4096,
    "totalSize": 17179869184,
    "extentSize": 17179877376,
    "accessType": "write",
    "accessPattern": "random",
    "granularity": "page",
    "nonTemporal": false,
    "noflush": false,
    "set-affinity": true
  },
  "results": {
    "success": true,
    "time": 2367.42621,
    "byte_per_sec": 7256770712.1904335,
    "MiB_per_sec": 6920.595848265108,
    "IOPS": 110729.53357224172,
    "MIOPS": 0.11072953357224172,
    "addr": 139473694228480
  }
}
