{
  "params": {
    "version": "0.2.0",
    "source": "devdax",
    "path": "/dev/dax0.0",
    "nthreads": 8,
    "nsegments": 1,
    "stripeSize": 68719476736,
    "blockSize": 1024,
    "paddingSize": 4096,
    "totalSize": 68719476736,
    "extentSize": 68719509504,
    "accessType": "write",
    "accessPattern": "random",
    "granularity": "page",
    "nonTemporal": false,
    "noflush": false,
    "set-affinity": true
  },
  "results": {
    "success": true,
    "time": 9352.789848,
    "byte_per_sec": 7347484317.81507,
    "MiB_per_sec": 7007.107084097929,
    "IOPS": 7175277.654116279,
    "MIOPS": 7.17527765411628,
    "addr": 140143709126656
  }
}
