{
  "params": {
    "version": "0.2.0",
    "source": "devdax",
    "path": "/dev/dax0.0",
    "nthreads": 8,
    "nsegments": 1,
    "stripeSize": 68719476736,
    "blockSize": 524288,
    "paddingSize": 4096,
    "totalSize": 68719476736,
    "extentSize": 68719509504,
    "accessType": "write",
    "accessPattern": "random",
    "granularity": "page",
    "nonTemporal": false,
    "noflush": false,
    "set-affinity": true
  },
  "results": {
    "success": true,
    "time": 5619.29883,
    "byte_per_sec": 12229190654.379206,
    "MiB_per_sec": 11662.66503751679,
    "IOPS": 23325.33007503358,
    "MIOPS": 0.023325330075033582,
    "addr": 139686295109632
  }
}
