{
  "params": {
    "version": "0.2.0",
    "source": "devdax",
    "path": "/dev/dax0.0",
    "nthreads": 4,
    "nsegments": 1,
    "stripeSize": 34359738368,
    "blockSize": 131072,
    "paddingSize": 4096,
    "totalSize": 34359738368,
    "extentSize": 34359754752,
    "accessType": "write",
    "accessPattern": "random",
    "granularity": "page",
    "nonTemporal": false,
    "noflush": false,
    "set-affinity": true
  },
  "results": {
    "success": true,
    "time": 3289.404549,
    "byte_per_sec": 10445579999.713194,
    "MiB_per_sec": 9961.681365693277,
    "IOPS": 79693.45092554622,
    "MIOPS": 0.07969345092554622,
    "addr": 139123654393856
  }
}
