{
  "params": {
    "version": "0.2.0",
    "source": "devdax",
    "path": "/dev/dax0.0",
    "nthreads": 16,
    "nsegments": 1,
    "stripeSize": 137438953472,
    "blockSize": 262144,
    "paddingSize": 4096,
    "totalSize": 137438953472,
    "extentSize": 137439019008,
    "accessType": "write",
    "accessPattern": "random",
    "granularity": "page",
    "nonTemporal": true,
    "noflush": false,
    "set-affinity": true
  },
  "results": {
    "success": true,
    "time": 12669.365229000001,
    "byte_per_sec": 10848132561.322342,
    "MiB_per_sec": 10345.585404703466,
    "IOPS": 41382.341618813865,
    "MIOPS": 0.041382341618813864,
    "addr": 139458661842944
  }
}
