{
  "params": {
    "version": "0.2.0",
    "source": "devdax",
    "path": "/dev/dax0.0",
    "nthreads": 4,
    "nsegments": 1,
    "stripeSize": 34359738368,
    "blockSize": 131072,
    "paddingSize": 4096,
    "totalSize": 34359738368,
    "extentSize": 34359754752,
    "accessType": "write",
    "accessPattern": "random",
    "granularity": "page",
    "nonTemporal": false,
    "noflush": false,
    "set-affinity": true
  },
  "results": {
    "success": true,
    "time": 3290.569667,
    "byte_per_sec": 10441881450.674662,
    "MiB_per_sec": 9958.15415446726,
    "IOPS": 79665.23323573808,
    "MIOPS": 0.07966523323573808,
    "addr": 139708843687936
  }
}
