{
  "params": {
    "version": "0.2.0",
    "source": "devdax",
    "path": "/dev/dax0.0",
    "nthreads": 1,
    "nsegments": 1,
    "stripeSize": 8589934592,
    "blockSize": 32768,
    "paddingSize": 4096,
    "totalSize": 8589934592,
    "extentSize": 8589938688,
    "accessType": "write",
    "accessPattern": "random",
    "granularity": "page",
    "nonTemporal": false,
    "noflush": false,
    "set-affinity": true
  },
  "results": {
    "success": true,
    "time": 2381.924497,
    "byte_per_sec": 3606300116.9092054,
    "MiB_per_sec": 3439.235798749166,
    "IOPS": 110055.54555997331,
    "MIOPS": 0.11005554555997331,
    "addr": 139794743033856
  }
}
