{
  "params": {
    "version": "0.2.0",
    "source": "devdax",
    "path": "/dev/dax0.0",
    "nthreads": 16,
    "nsegments": 1,
    "stripeSize": 137438953472,
    "blockSize": 32768,
    "paddingSize": 4096,
    "totalSize": 137438953472,
    "extentSize": 137439019008,
    "accessType": "write",
    "accessPattern": "random",
    "granularity": "page",
    "nonTemporal": true,
    "noflush": false,
    "set-affinity": true
  },
  "results": {
    "success": true,
    "time": 12211.007298,
    "byte_per_sec": 11255333005.534332,
    "MiB_per_sec": 10733.922009977658,
    "IOPS": 343485.50431928504,
    "MIOPS": 0.34348550431928504,
    "addr": 139467251777536
  }
}
