{
  "params": {
    "version": "0.2.0",
    "source": "devdax",
    "path": "/dev/dax0.0",
    "nthreads": 4,
    "nsegments": 1,
    "stripeSize": 34359738368,
    "blockSize": 524288,
    "paddingSize": 4096,
    "totalSize": 34359738368,
    "extentSize": 34359754752,
    "accessType": "write",
    "accessPattern": "random",
    "granularity": "page",
    "nonTemporal": true,
    "noflush": false,
    "set-affinity": true
  },
  "results": {
    "success": true,
    "time": 2586.745582,
    "byte_per_sec": 13282998763.811169,
    "MiB_per_sec": 12667.65476590268,
    "IOPS": 25335.30953180536,
    "MIOPS": 0.02533530953180536,
    "addr": 139328739082240
  }
}
