{
  "params": {
    "version": "0.2.0",
    "source": "devdax",
    "path": "/dev/dax0.0",
    "nthreads": 2,
    "nsegments": 1,
    "stripeSize": 17179869184,
    "blockSize": 32768,
    "paddingSize": 4096,
    "totalSize": 17179869184,
    "extentSize": 17179877376,
    "accessType": "write",
    "accessPattern": "random",
    "granularity": "page",
    "nonTemporal": true,
    "noflush": false,
    "set-affinity": true
  },
  "results": {
    "success": true,
    "time": 1102.680151,
    "byte_per_sec": 15580101961.951431,
    "MiB_per_sec": 14858.343088103706,
    "IOPS": 475466.9788193186,
    "MIOPS": 0.4754669788193186,
    "addr": 139849503866880
  }
}
