{
  "params": {
    "version": "0.2.0",
    "source": "devdax",
    "path": "/dev/dax0.0",
    "nthreads": 16,
    "nsegments": 1,
    "stripeSize": 137438953472,
    "blockSize": 2048,
    "paddingSize": 4096,
    "totalSize": 137438953472,
    "extentSize": 137439019008,
    "accessType": "write",
    "accessPattern": "random",
    "granularity": "page",
    "nonTemporal": true,
    "noflush": false,
    "set-affinity": true
  },
  "results": {
    "success": true,
    "time": 11601.787945,
    "byte_per_sec": 11846359726.927418,
    "MiB_per_sec": 11297.569014480036,
    "IOPS": 5784355.335413778,
    "MIOPS": 5.784355335413778,
    "addr": 139743203426304
  }
}
