{
  "params": {
    "version": "0.2.0",
    "source": "devdax",
    "path": "/dev/dax0.0",
    "nthreads": 8,
    "nsegments": 1,
    "stripeSize": 68719476736,
    "blockSize": 64,
    "paddingSize": 4096,
    "totalSize": 68719476736,
    "extentSize": 68719509504,
    "accessType": "write",
    "accessPattern": "random",
    "granularity": "page",
    "nonTemporal": true,
    "noflush": false,
    "set-affinity": true
  },
  "results": {
    "success": true,
    "time": 18318.628360000002,
    "byte_per_sec": 3751344008.1602263,
    "MiB_per_sec": 3577.560432586886,
    "IOPS": 58614750.12750354,
    "MIOPS": 58.614750127503534,
    "addr": 139936476954624
  }
}
