{
  "params": {
    "version": "0.2.0",
    "source": "devdax",
    "path": "/dev/dax0.0",
    "nthreads": 16,
    "nsegments": 1,
    "stripeSize": 137438953472,
    "blockSize": 8192,
    "paddingSize": 4096,
    "totalSize": 137438953472,
    "extentSize": 137439019008,
    "accessType": "write",
    "accessPattern": "random",
    "granularity": "page",
    "nonTemporal": true,
    "noflush": false,
    "set-affinity": true
  },
  "results": {
    "success": true,
    "time": 13992.444581000002,
    "byte_per_sec": 9822368970.367409,
    "MiB_per_sec": 9367.3410133051,
    "IOPS": 1199019.6497030528,
    "MIOPS": 1.1990196497030527,
    "addr": 139989090304000
  }
}
