{
  "params": {
    "version": "0.2.0",
    "source": "devdax",
    "path": "/dev/dax0.0",
    "nthreads": 4,
    "nsegments": 1,
    "stripeSize": 34359738368,
    "blockSize": 128,
    "paddingSize": 4096,
    "totalSize": 34359738368,
    "extentSize": 34359754752,
    "accessType": "write",
    "accessPattern": "random",
    "granularity": "page",
    "nonTemporal": true,
    "noflush": false,
    "set-affinity": true
  },
  "results": {
    "success": true,
    "time": 6723.778073,
    "byte_per_sec": 5110183292.035611,
    "MiB_per_sec": 4873.450557742702,
    "IOPS": 39923306.96902821,
    "MIOPS": 39.92330696902821,
    "addr": 139922518310912
  }
}
