{
  "params": {
    "version": "0.2.0",
    "source": "devdax",
    "path": "/dev/dax0.0",
    "nthreads": 1,
    "nsegments": 1,
    "stripeSize": 8589934592,
    "blockSize": 262144,
    "paddingSize": 4096,
    "totalSize": 8589934592,
    "extentSize": 8589938688,
    "accessType": "write",
    "accessPattern": "random",
    "granularity": "page",
    "nonTemporal": true,
    "noflush": false,
    "set-affinity": true
  },
  "results": {
    "success": true,
    "time": 592.2612240000001,
    "byte_per_sec": 14503624826.196623,
    "MiB_per_sec": 13831.73449153578,
    "IOPS": 55326.93796614312,
    "MIOPS": 0.055326937966143123,
    "addr": 139346992693248
  }
}
