{
  "params": {
    "version": "0.2.0",
    "source": "devdax",
    "path": "/dev/dax0.0",
    "nthreads": 1,
    "nsegments": 1,
    "stripeSize": 8589934592,
    "blockSize": 16384,
    "paddingSize": 4096,
    "totalSize": 8589934592,
    "extentSize": 8589938688,
    "accessType": "write",
    "accessPattern": "random",
    "granularity": "page",
    "nonTemporal": true,
    "noflush": false,
    "set-affinity": true
  },
  "results": {
    "success": true,
    "time": 870.400252,
    "byte_per_sec": 9868947730.957228,
    "MiB_per_sec": 9411.761980969646,
    "IOPS": 602352.7667820574,
    "MIOPS": 0.6023527667820574,
    "addr": 139788300582912
  }
}
