{
  "params": {
    "version": "0.2.0",
    "source": "devdax",
    "path": "/dev/dax0.0",
    "nthreads": 8,
    "nsegments": 1,
    "stripeSize": 68719476736,
    "blockSize": 512,
    "paddingSize": 4096,
    "totalSize": 68719476736,
    "extentSize": 68719509504,
    "accessType": "write",
    "accessPattern": "random",
    "granularity": "page",
    "nonTemporal": true,
    "noflush": false,
    "set-affinity": true
  },
  "results": {
    "success": true,
    "time": 5364.490922,
    "byte_per_sec": 12810064875.714222,
    "MiB_per_sec": 12216.629863466474,
    "IOPS": 25019657.96037934,
    "MIOPS": 25.01965796037934,
    "addr": 140062104748032
  }
}
