{
  "params": {
    "version": "0.2.0",
    "source": "devdax",
    "path": "/dev/dax0.0",
    "nthreads": 4,
    "nsegments": 1,
    "stripeSize": 34359738368,
    "blockSize": 524288,
    "paddingSize": 4096,
    "totalSize": 34359738368,
    "extentSize": 34359754752,
    "accessType": "write",
    "accessPattern": "random",
    "granularity": "page",
    "nonTemporal": false,
    "noflush": false,
    "set-affinity": true
  },
  "results": {
    "success": true,
    "time": 3310.504647,
    "byte_per_sec": 10379003213.04095,
    "MiB_per_sec": 9898.188794175101,
    "IOPS": 19796.377588350202,
    "MIOPS": 0.019796377588350202,
    "addr": 139362025078784
  }
}
