{
  "params": {
    "version": "0.2.0",
    "source": "devdax",
    "path": "/dev/dax0.0",
    "nthreads": 1,
    "nsegments": 1,
    "stripeSize": 8589934592,
    "blockSize": 64,
    "paddingSize": 4096,
    "totalSize": 8589934592,
    "extentSize": 8589938688,
    "accessType": "write",
    "accessPattern": "random",
    "granularity": "page",
    "nonTemporal": true,
    "noflush": false,
    "set-affinity": true
  },
  "results": {
    "success": true,
    "time": 12934.589839999999,
    "byte_per_sec": 664105680.8338656,
    "MiB_per_sec": 633.3405311907441,
    "IOPS": 10376651.26302915,
    "MIOPS": 10.376651263029151,
    "addr": 139314780438528
  }
}
