{
  "params": {
    "version": "0.2.0",
    "source": "devdax",
    "path": "/dev/dax0.0",
    "nthreads": 8,
    "nsegments": 1,
    "stripeSize": 68719476736,
    "blockSize": 8192,
    "paddingSize": 4096,
    "totalSize": 68719476736,
    "extentSize": 68719509504,
    "accessType": "write",
    "accessPattern": "random",
    "granularity": "page",
    "nonTemporal": false,
    "noflush": false,
    "set-affinity": true
  },
  "results": {
    "success": true,
    "time": 7633.900466,
    "byte_per_sec": 9001882725.88358,
    "MiB_per_sec": 8584.864354976253,
    "IOPS": 1098862.6374369604,
    "MIOPS": 1.0988626374369603,
    "addr": 140087874551808
  }
}
