{
  "params": {
    "version": "0.2.0",
    "source": "devdax",
    "path": "/dev/dax0.0",
    "nthreads": 8,
    "nsegments": 1,
    "stripeSize": 68719476736,
    "blockSize": 256,
    "paddingSize": 4096,
    "totalSize": 68719476736,
    "extentSize": 68719509504,
    "accessType": "write",
    "accessPattern": "sequential",
    "granularity": "page",
    "nonTemporal": false,
    "noflush": false,
    "set-affinity": true
  },
  "results": {
    "success": true,
    "time": 8965.596568,
    "byte_per_sec": 7664796894.974451,
    "MiB_per_sec": 7309.719939207507,
    "IOPS": 29940612.87099395,
    "MIOPS": 29.94061287099395,
    "addr": 139639050469376
  }
}
