{
  "params": {
    "version": "0.2.0",
    "source": "devdax",
    "path": "/dev/dax0.0",
    "nthreads": 2,
    "nsegments": 1,
    "stripeSize": 17179869184,
    "blockSize": 524288,
    "paddingSize": 4096,
    "totalSize": 17179869184,
    "extentSize": 17179877376,
    "accessType": "write",
    "accessPattern": "sequential",
    "granularity": "page",
    "nonTemporal": false,
    "noflush": false,
    "set-affinity": true
  },
  "results": {
    "success": true,
    "time": 2341.589355,
    "byte_per_sec": 7336841170.428023,
    "MiB_per_sec": 6996.956987789176,
    "IOPS": 13993.913975578353,
    "MIOPS": 0.013993913975578353,
    "addr": 139968689209344
  }
}
