{
  "params": {
    "version": "0.2.0",
    "source": "devdax",
    "path": "/dev/dax0.0",
    "nthreads": 4,
    "nsegments": 1,
    "stripeSize": 34359738368,
    "blockSize": 262144,
    "paddingSize": 4096,
    "totalSize": 34359738368,
    "extentSize": 34359754752,
    "accessType": "write",
    "accessPattern": "sequential",
    "granularity": "page",
    "nonTemporal": false,
    "noflush": false,
    "set-affinity": true
  },
  "results": {
    "success": true,
    "time": 3286.260827,
    "byte_per_sec": 10455572511.378141,
    "MiB_per_sec": 9971.210967424528,
    "IOPS": 39884.84386969811,
    "MIOPS": 0.03988484386969811,
    "addr": 139430744555520
  }
}
