{
  "params": {
    "version": "0.2.0",
    "source": "devdax",
    "path": "/dev/dax0.0",
    "nthreads": 4,
    "nsegments": 1,
    "stripeSize": 34359738368,
    "blockSize": 1048576,
    "paddingSize": 4096,
    "totalSize": 34359738368,
    "extentSize": 34359754752,
    "accessType": "write",
    "accessPattern": "sequential",
    "granularity": "page",
    "nonTemporal": false,
    "noflush": false,
    "set-affinity": true
  },
  "results": {
    "success": true,
    "time": 3368.377138,
    "byte_per_sec": 10200680315.863134,
    "MiB_per_sec": 9728.126827109465,
    "IOPS": 9728.126827109465,
    "MIOPS": 0.009728126827109464,
    "addr": 139683073884160
  }
}
