{
  "params": {
    "version": "0.2.0",
    "source": "devdax",
    "path": "/dev/dax0.0",
    "nthreads": 16,
    "nsegments": 1,
    "stripeSize": 137438953472,
    "blockSize": 64,
    "paddingSize": 4096,
    "totalSize": 137438953472,
    "extentSize": 137439019008,
    "accessType": "write",
    "accessPattern": "sequential",
    "granularity": "page",
    "nonTemporal": true,
    "noflush": false,
    "set-affinity": true
  },
  "results": {
    "success": true,
    "time": 13260.290436,
    "byte_per_sec": 10364701598.003521,
    "MiB_per_sec": 9884.549711230775,
    "IOPS": 161948462.46880502,
    "MIOPS": 161.94846246880502,
    "addr": 139238544769024
  }
}
