{
  "params": {
    "version": "0.2.0",
    "source": "devdax",
    "path": "/dev/dax0.0",
    "nthreads": 16,
    "nsegments": 1,
    "stripeSize": 137438953472,
    "blockSize": 2048,
    "paddingSize": 4096,
    "totalSize": 137438953472,
    "extentSize": 137439019008,
    "accessType": "write",
    "accessPattern": "sequential",
    "granularity": "page",
    "nonTemporal": false,
    "noflush": false,
    "set-affinity": true
  },
  "results": {
    "success": true,
    "time": 13021.219874,
    "byte_per_sec": 10554998287.559061,
    "MiB_per_sec": 10066.030776557027,
    "IOPS": 5153807.757597198,
    "MIOPS": 5.153807757597198,
    "addr": 139624018083840
  }
}
