{
  "params": {
    "version": "0.2.0",
    "source": "devdax",
    "path": "/dev/dax0.0",
    "nthreads": 8,
    "nsegments": 1,
    "stripeSize": 68719476736,
    "blockSize": 524288,
    "paddingSize": 4096,
    "totalSize": 68719476736,
    "extentSize": 68719509504,
    "accessType": "write",
    "accessPattern": "sequential",
    "granularity": "page",
    "nonTemporal": false,
    "noflush": false,
    "set-affinity": true
  },
  "results": {
    "success": true,
    "time": 5616.392116,
    "byte_per_sec": 12235519763.698778,
    "MiB_per_sec": 11668.700946520594,
    "IOPS": 23337.401893041188,
    "MIOPS": 0.023337401893041187,
    "addr": 139709917429760
  }
}
