{
  "params": {
    "version": "0.2.0",
    "source": "devdax",
    "path": "/dev/dax0.0",
    "nthreads": 2,
    "nsegments": 1,
    "stripeSize": 17179869184,
    "blockSize": 128,
    "paddingSize": 4096,
    "totalSize": 17179869184,
    "extentSize": 17179877376,
    "accessType": "write",
    "accessPattern": "sequential",
    "granularity": "page",
    "nonTemporal": true,
    "noflush": false,
    "set-affinity": true
  },
  "results": {
    "success": true,
    "time": 6564.918295,
    "byte_per_sec": 2616920487.3554335,
    "MiB_per_sec": 2495.6898568682036,
    "IOPS": 20444691.307464324,
    "MIOPS": 20.444691307464325,
    "addr": 140097538228224
  }
}
