{
  "params": {
    "version": "0.2.0",
    "source": "devdax",
    "path": "/dev/dax0.0",
    "nthreads": 4,
    "nsegments": 1,
    "stripeSize": 34359738368,
    "blockSize": 512,
    "paddingSize": 4096,
    "totalSize": 34359738368,
    "extentSize": 34359754752,
    "accessType": "write",
    "accessPattern": "sequential",
    "granularity": "page",
    "nonTemporal": false,
    "noflush": false,
    "set-affinity": true
  },
  "results": {
    "success": true,
    "time": 6147.924369,
    "byte_per_sec": 5588835565.585989,
    "MiB_per_sec": 5329.928937517156,
    "IOPS": 10915694.464035135,
    "MIOPS": 10.915694464035134,
    "addr": 139554224865280
  }
}
