{
  "params": {
    "version": "0.2.0",
    "source": "devdax",
    "path": "/dev/dax0.0",
    "nthreads": 4,
    "nsegments": 1,
    "stripeSize": 34359738368,
    "blockSize": 512,
    "paddingSize": 4096,
    "totalSize": 34359738368,
    "extentSize": 34359754752,
    "accessType": "write",
    "accessPattern": "sequential",
    "granularity": "page",
    "nonTemporal": false,
    "noflush": false,
    "set-affinity": true
  },
  "results": {
    "success": true,
    "time": 6153.925133000001,
    "byte_per_sec": 5583385826.998165,
    "MiB_per_sec": 5324.73166179482,
    "IOPS": 10905050.443355791,
    "MIOPS": 10.90505044335579,
    "addr": 139453293133824
  }
}
