{
  "params": {
    "version": "0.2.0",
    "source": "devdax",
    "path": "/dev/dax0.0",
    "nthreads": 16,
    "nsegments": 1,
    "stripeSize": 137438953472,
    "blockSize": 256,
    "paddingSize": 4096,
    "totalSize": 137438953472,
    "extentSize": 137439019008,
    "accessType": "write",
    "accessPattern": "sequential",
    "granularity": "page",
    "nonTemporal": false,
    "noflush": false,
    "set-affinity": true
  },
  "results": {
    "success": true,
    "time": 12731.203939,
    "byte_per_sec": 10795440410.076052,
    "MiB_per_sec": 10295.334253383686,
    "IOPS": 42169689.10185958,
    "MIOPS": 42.169689101859575,
    "addr": 139519865126912
  }
}
