{
  "params": {
    "version": "0.2.0",
    "source": "devdax",
    "path": "/dev/dax0.0",
    "nthreads": 2,
    "nsegments": 1,
    "stripeSize": 17179869184,
    "blockSize": 256,
    "paddingSize": 4096,
    "totalSize": 17179869184,
    "extentSize": 17179877376,
    "accessType": "write",
    "accessPattern": "sequential",
    "granularity": "page",
    "nonTemporal": false,
    "noflush": false,
    "set-affinity": true
  },
  "results": {
    "success": true,
    "time": 6295.9356099999995,
    "byte_per_sec": 2728723774.860842,
    "MiB_per_sec": 2602.3137806518957,
    "IOPS": 10659077.245550165,
    "MIOPS": 10.659077245550165,
    "addr": 140093243260928
  }
}
