{
  "params": {
    "version": "0.2.0",
    "source": "devdax",
    "path": "/dev/dax0.0",
    "nthreads": 2,
    "nsegments": 1,
    "stripeSize": 17179869184,
    "blockSize": 65536,
    "paddingSize": 4096,
    "totalSize": 17179869184,
    "extentSize": 17179877376,
    "accessType": "write",
    "accessPattern": "sequential",
    "granularity": "page",
    "nonTemporal": false,
    "noflush": false,
    "set-affinity": true
  },
  "results": {
    "success": true,
    "time": 2366.93629,
    "byte_per_sec": 7258272753.932046,
    "MiB_per_sec": 6922.0283068962535,
    "IOPS": 110752.45291034006,
    "MIOPS": 0.11075245291034005,
    "addr": 139253577154560
  }
}
