{
  "params": {
    "version": "0.2.0",
    "source": "devdax",
    "path": "/dev/dax0.0",
    "nthreads": 2,
    "nsegments": 1,
    "stripeSize": 17179869184,
    "blockSize": 512,
    "paddingSize": 4096,
    "totalSize": 17179869184,
    "extentSize": 17179877376,
    "accessType": "write",
    "accessPattern": "sequential",
    "granularity": "page",
    "nonTemporal": false,
    "noflush": false,
    "set-affinity": true
  },
  "results": {
    "success": true,
    "time": 5172.280823,
    "byte_per_sec": 3321526763.899764,
    "MiB_per_sec": 3167.6547659871712,
    "IOPS": 6487356.960741727,
    "MIOPS": 6.487356960741726,
    "addr": 140040629911552
  }
}
