{
  "params": {
    "version": "0.2.0",
    "source": "devdax",
    "path": "/dev/dax0.0",
    "nthreads": 1,
    "nsegments": 1,
    "stripeSize": 8589934592,
    "blockSize": 4096,
    "paddingSize": 4096,
    "totalSize": 8589934592,
    "extentSize": 8589938688,
    "accessType": "write",
    "accessPattern": "sequential",
    "granularity": "page",
    "nonTemporal": true,
    "noflush": false,
    "set-affinity": true
  },
  "results": {
    "success": true,
    "time": 2045.97739,
    "byte_per_sec": 4198450400.27544,
    "MiB_per_sec": 4003.954315448227,
    "IOPS": 1025012.3047547461,
    "MIOPS": 1.0250123047547461,
    "addr": 139248208445440
  }
}
