{
  "params": {
    "version": "0.2.0",
    "source": "devdax",
    "path": "/dev/dax0.0",
    "nthreads": 4,
    "nsegments": 1,
    "stripeSize": 34359738368,
    "blockSize": 1048576,
    "paddingSize": 4096,
    "totalSize": 34359738368,
    "extentSize": 34359754752,
    "accessType": "write",
    "accessPattern": "sequential",
    "granularity": "page",
    "nonTemporal": true,
    "noflush": false,
    "set-affinity": true
  },
  "results": {
    "success": true,
    "time": 2607.314336,
    "byte_per_sec": 13178210963.51307,
    "MiB_per_sec": 12567.721332085675,
    "IOPS": 12567.721332085675,
    "MIOPS": 0.012567721332085675,
    "addr": 139189152645120
  }
}
