{
  "params": {
    "version": "0.2.0",
    "source": "devdax",
    "path": "/dev/dax0.0",
    "nthreads": 8,
    "nsegments": 1,
    "stripeSize": 68719476736,
    "blockSize": 1024,
    "paddingSize": 4096,
    "totalSize": 68719476736,
    "extentSize": 68719509504,
    "accessType": "write",
    "accessPattern": "sequential",
    "granularity": "page",
    "nonTemporal": true,
    "noflush": false,
    "set-affinity": true
  },
  "results": {
    "success": true,
    "time": 5367.64434,
    "byte_per_sec": 12802539136.93544,
    "MiB_per_sec": 12209.452759681168,
    "IOPS": 12502479.625913516,
    "MIOPS": 12.502479625913516,
    "addr": 139763604520960
  }
}
