{
  "params": {
    "version": "0.2.0",
    "source": "devdax",
    "path": "/dev/dax0.0",
    "nthreads": 4,
    "nsegments": 1,
    "stripeSize": 34359738368,
    "blockSize": 65536,
    "paddingSize": 4096,
    "totalSize": 34359738368,
    "extentSize": 34359754752,
    "accessType": "write",
    "accessPattern": "sequential",
    "granularity": "page",
    "nonTemporal": false,
    "noflush": false,
    "set-affinity": true
  },
  "results": {
    "success": true,
    "time": 3280.926654,
    "byte_per_sec": 10472571316.432726,
    "MiB_per_sec": 9987.422291214682,
    "IOPS": 159798.7566594349,
    "MIOPS": 0.1597987566594349,
    "addr": 140148004093952
  }
}
