{
  "params": {
    "version": "0.2.0",
    "source": "devdax",
    "path": "/dev/dax0.0",
    "nthreads": 1,
    "nsegments": 1,
    "stripeSize": 8589934592,
    "blockSize": 256,
    "paddingSize": 4096,
    "totalSize": 8589934592,
    "extentSize": 8589938688,
    "accessType": "write",
    "accessPattern": "sequential",
    "granularity": "page",
    "nonTemporal": false,
    "noflush": false,
    "set-affinity": true
  },
  "results": {
    "success": true,
    "time": 6224.3008150000005,
    "byte_per_sec": 1380064178.6622903,
    "MiB_per_sec": 1316.1317621825126,
    "IOPS": 5390875.697899572,
    "MIOPS": 5.390875697899571,
    "addr": 139270757023744
  }
}
