{
  "params": {
    "version": "0.2.0",
    "source": "devdax",
    "path": "/dev/dax0.0",
    "nthreads": 16,
    "nsegments": 1,
    "stripeSize": 137438953472,
    "blockSize": 65536,
    "paddingSize": 4096,
    "totalSize": 137438953472,
    "extentSize": 137439019008,
    "accessType": "write",
    "accessPattern": "sequential",
    "granularity": "page",
    "nonTemporal": true,
    "noflush": false,
    "set-affinity": true
  },
  "results": {
    "success": true,
    "time": 12232.852206,
    "byte_per_sec": 11235233709.812057,
    "MiB_per_sec": 10714.75382786947,
    "IOPS": 171436.06124591152,
    "MIOPS": 0.17143606124591151,
    "addr": 139808701677568
  }
}
