{
  "params": {
    "version": "0.2.0",
    "source": "devdax",
    "path": "/dev/dax0.0",
    "nthreads": 16,
    "nsegments": 1,
    "stripeSize": 137438953472,
    "blockSize": 524288,
    "paddingSize": 4096,
    "totalSize": 137438953472,
    "extentSize": 137439019008,
    "accessType": "write",
    "accessPattern": "sequential",
    "granularity": "page",
    "nonTemporal": true,
    "noflush": false,
    "set-affinity": true
  },
  "results": {
    "success": true,
    "time": 13146.285034,
    "byte_per_sec": 10454584935.329191,
    "MiB_per_sec": 9970.269141511146,
    "IOPS": 19940.53828302229,
    "MIOPS": 0.01994053828302229,
    "addr": 140014860107776
  }
}
