{
  "params": {
    "version": "0.2.0",
    "source": "devdax",
    "path": "/dev/dax0.0",
    "nthreads": 8,
    "nsegments": 1,
    "stripeSize": 68719476736,
    "blockSize": 4096,
    "paddingSize": 4096,
    "totalSize": 68719476736,
    "extentSize": 68719509504,
    "accessType": "write",
    "accessPattern": "sequential",
    "granularity": "page",
    "nonTemporal": true,
    "noflush": false,
    "set-affinity": true
  },
  "results": {
    "success": true,
    "time": 11103.482637000001,
    "byte_per_sec": 6189002044.007969,
    "MiB_per_sec": 5902.292293556184,
    "IOPS": 1510986.827150383,
    "MIOPS": 1.510986827150383,
    "addr": 139810849161216
  }
}
