{
  "params": {
    "version": "0.2.0",
    "source": "devdax",
    "path": "/dev/dax0.0",
    "nthreads": 8,
    "nsegments": 1,
    "stripeSize": 68719476736,
    "blockSize": 16384,
    "paddingSize": 4096,
    "totalSize": 68719476736,
    "extentSize": 68719509504,
    "accessType": "write",
    "accessPattern": "sequential",
    "granularity": "page",
    "nonTemporal": true,
    "noflush": false,
    "set-affinity": true
  },
  "results": {
    "success": true,
    "time": 5864.955979,
    "byte_per_sec": 11716963772.96884,
    "MiB_per_sec": 11174.167416542854,
    "IOPS": 715146.7146587427,
    "MIOPS": 0.7151467146587427,
    "addr": 139135465553920
  }
}
