{
  "params": {
    "version": "0.2.0",
    "source": "devdax",
    "path": "/dev/dax0.0",
    "nthreads": 8,
    "nsegments": 1,
    "stripeSize": 68719476736,
    "blockSize": 2048,
    "paddingSize": 4096,
    "totalSize": 68719476736,
    "extentSize": 68719509504,
    "accessType": "write",
    "accessPattern": "sequential",
    "granularity": "page",
    "nonTemporal": true,
    "noflush": false,
    "set-affinity": true
  },
  "results": {
    "success": true,
    "time": 6056.657719000001,
    "byte_per_sec": 11346105380.930475,
    "MiB_per_sec": 10820.489293032146,
    "IOPS": 5540090.518032459,
    "MIOPS": 5.540090518032459,
    "addr": 139632608018432
  }
}
