{
  "params": {
    "version": "0.2.0",
    "source": "devdax",
    "path": "/dev/dax0.0",
    "nthreads": 1,
    "nsegments": 1,
    "stripeSize": 8589934592,
    "blockSize": 65536,
    "paddingSize": 4096,
    "totalSize": 8589934592,
    "extentSize": 8589938688,
    "accessType": "write",
    "accessPattern": "sequential",
    "granularity": "page",
    "nonTemporal": false,
    "noflush": false,
    "set-affinity": true
  },
  "results": {
    "success": true,
    "time": 2118.0511389999997,
    "byte_per_sec": 4055584132.900391,
    "MiB_per_sec": 3867.7064255718146,
    "IOPS": 61883.302809149034,
    "MIOPS": 0.061883302809149034,
    "addr": 139927887020032
  }
}
