{
  "params": {
    "version": "0.2.0",
    "source": "devdax",
    "path": "/dev/dax0.0",
    "nthreads": 1,
    "nsegments": 1,
    "stripeSize": 8589934592,
    "blockSize": 524288,
    "paddingSize": 4096,
    "totalSize": 8589934592,
    "extentSize": 8589938688,
    "accessType": "write",
    "accessPattern": "sequential",
    "granularity": "page",
    "nonTemporal": true,
    "noflush": false,
    "set-affinity": true
  },
  "results": {
    "success": true,
    "time": 586.8083790000001,
    "byte_per_sec": 14638397983.747944,
    "MiB_per_sec": 13960.264190433449,
    "IOPS": 27920.528380866897,
    "MIOPS": 0.027920528380866897,
    "addr": 139739982200832
  }
}
