{
  "params": {
    "version": "0.2.0",
    "source": "devdax",
    "path": "/dev/dax0.0",
    "nthreads": 1,
    "nsegments": 1,
    "stripeSize": 8589934592,
    "blockSize": 64,
    "paddingSize": 4096,
    "totalSize": 8589934592,
    "extentSize": 8589938688,
    "accessType": "write",
    "accessPattern": "sequential",
    "granularity": "page",
    "nonTemporal": true,
    "noflush": false,
    "set-affinity": true
  },
  "results": {
    "success": true,
    "time": 12937.287306,
    "byte_per_sec": 663967212.6641415,
    "MiB_per_sec": 633.2084776536384,
    "IOPS": 10374487.697877211,
    "MIOPS": 10.374487697877212,
    "addr": 139494095323136
  }
}
