{
  "params": {
    "version": "0.2.0",
    "source": "devdax",
    "path": "/dev/dax0.0",
    "nthreads": 4,
    "nsegments": 1,
    "stripeSize": 34359738368,
    "blockSize": 131072,
    "paddingSize": 4096,
    "totalSize": 34359738368,
    "extentSize": 34359754752,
    "accessType": "write",
    "accessPattern": "sequential",
    "granularity": "page",
    "nonTemporal": false,
    "noflush": false,
    "set-affinity": true
  },
  "results": {
    "success": true,
    "time": 3287.1656319999997,
    "byte_per_sec": 10452694574.77706,
    "MiB_per_sec": 9968.46635320383,
    "IOPS": 79747.73082563064,
    "MIOPS": 0.07974773082563064,
    "addr": 140154446544896
  }
}
