{
  "params": {
    "version": "0.2.0",
    "source": "devdax",
    "path": "/dev/dax0.0",
    "nthreads": 2,
    "nsegments": 1,
    "stripeSize": 17179869184,
    "blockSize": 64,
    "paddingSize": 4096,
    "totalSize": 17179869184,
    "extentSize": 17179877376,
    "accessType": "write",
    "accessPattern": "sequential",
    "granularity": "page",
    "nonTemporal": false,
    "noflush": false,
    "set-affinity": true
  },
  "results": {
    "success": true,
    "time": 17421.739405,
    "byte_per_sec": 986116758.1848582,
    "MiB_per_sec": 940.434225258692,
    "IOPS": 15408074.34663841,
    "MIOPS": 15.40807434663841,
    "addr": 139860241285120
  }
}
