{
  "params": {
    "version": "0.2.0",
    "source": "devdax",
    "path": "/dev/dax0.0",
    "nthreads": 1,
    "nsegments": 1,
    "stripeSize": 8589934592,
    "blockSize": 4096,
    "paddingSize": 4096,
    "totalSize": 8589934592,
    "extentSize": 8589938688,
    "accessType": "write",
    "accessPattern": "sequential",
    "granularity": "page",
    "nonTemporal": false,
    "noflush": false,
    "set-affinity": true
  },
  "results": {
    "success": true,
    "time": 3559.811515,
    "byte_per_sec": 2413030733.7353506,
    "MiB_per_sec": 2301.2454354623324,
    "IOPS": 589118.8314783571,
    "MIOPS": 0.5891188314783571,
    "addr": 139939698180096
  }
}
