{
  "params": {
    "version": "0.2.0",
    "source": "devdax",
    "path": "/dev/dax0.0",
    "nthreads": 1,
    "nsegments": 1,
    "stripeSize": 8589934592,
    "blockSize": 262144,
    "paddingSize": 4096,
    "totalSize": 8589934592,
    "extentSize": 8589938688,
    "accessType": "write",
    "accessPattern": "sequential",
    "granularity": "page",
    "nonTemporal": false,
    "noflush": false,
    "set-affinity": true
  },
  "results": {
    "success": true,
    "time": 2082.805513,
    "byte_per_sec": 4124213489.1545205,
    "MiB_per_sec": 3933.1564799828725,
    "IOPS": 15732.62591993149,
    "MIOPS": 0.01573262591993149,
    "addr": 139928960761856
  }
}
