{
  "params": {
    "version": "0.2.0",
    "source": "devdax",
    "path": "/dev/dax0.0",
    "nthreads": 4,
    "nsegments": 1,
    "stripeSize": 34359738368,
    "blockSize": 131072,
    "paddingSize": 4096,
    "totalSize": 34359738368,
    "extentSize": 34359754752,
    "accessType": "write",
    "accessPattern": "sequential",
    "granularity": "page",
    "nonTemporal": true,
    "noflush": false,
    "set-affinity": true
  },
  "results": {
    "success": true,
    "time": 2457.873768,
    "byte_per_sec": 13979456071.073542,
    "MiB_per_sec": 13331.848212312261,
    "IOPS": 106654.78569849809,
    "MIOPS": 0.1066547856984981,
    "addr": 139571404734464
  }
}
