{
  "params": {
    "version": "0.2.0",
    "source": "devdax",
    "path": "/dev/dax0.0",
    "nthreads": 4,
    "nsegments": 1,
    "stripeSize": 34359738368,
    "blockSize": 262144,
    "paddingSize": 4096,
    "totalSize": 34359738368,
    "extentSize": 34359754752,
    "accessType": "write",
    "accessPattern": "sequential",
    "granularity": "page",
    "nonTemporal": true,
    "noflush": false,
    "set-affinity": true
  },
  "results": {
    "success": true,
    "time": 2497.733985,
    "byte_per_sec": 13756364198.247477,
    "MiB_per_sec": 13119.091222999074,
    "IOPS": 52476.364891996294,
    "MIOPS": 0.052476364891996294,
    "addr": 139154792906752
  }
}
