{
  "params": {
    "version": "0.2.0",
    "source": "devdax",
    "path": "/dev/dax0.0",
    "nthreads": 16,
    "nsegments": 1,
    "stripeSize": 137438953472,
    "blockSize": 1048576,
    "paddingSize": 4096,
    "totalSize": 137438953472,
    "extentSize": 137439019008,
    "accessType": "write",
    "accessPattern": "sequential",
    "granularity": "page",
    "nonTemporal": false,
    "noflush": false,
    "set-affinity": true
  },
  "results": {
    "success": true,
    "time": 11543.795487000001,
    "byte_per_sec": 11905872174.084887,
    "MiB_per_sec": 11354.324506840598,
    "IOPS": 11354.324506840598,
    "MIOPS": 0.011354324506840598,
    "addr": 140180216348672
  }
}
