{
  "params": {
    "version": "0.2.0",
    "source": "devdax",
    "path": "/dev/dax0.0",
    "nthreads": 4,
    "nsegments": 1,
    "stripeSize": 34359738368,
    "blockSize": 262144,
    "paddingSize": 4096,
    "totalSize": 34359738368,
    "extentSize": 34359754752,
    "accessType": "write",
    "accessPattern": "sequential",
    "granularity": "page",
    "nonTemporal": false,
    "noflush": false,
    "set-affinity": true
  },
  "results": {
    "success": true,
    "time": 3287.58567,
    "byte_per_sec": 10451359087.472845,
    "MiB_per_sec": 9967.192733261914,
    "IOPS": 39868.77093304766,
    "MIOPS": 0.03986877093304766,
    "addr": 140119013064704
  }
}
