{
  "params": {
    "version": "0.2.0",
    "source": "devdax",
    "path": "/dev/dax0.0",
    "nthreads": 16,
    "nsegments": 1,
    "stripeSize": 137438953472,
    "blockSize": 4096,
    "paddingSize": 4096,
    "totalSize": 137438953472,
    "extentSize": 137439019008,
    "accessType": "write",
    "accessPattern": "sequential",
    "granularity": "page",
    "nonTemporal": false,
    "noflush": false,
    "set-affinity": true
  },
  "results": {
    "success": true,
    "time": 17151.786095,
    "byte_per_sec": 8013098619.045016,
    "MiB_per_sec": 7641.886347813622,
    "IOPS": 1956322.9050402872,
    "MIOPS": 1.9563229050402873,
    "addr": 139762530779136
  }
}
