{
  "params": {
    "version": "0.2.0",
    "source": "devdax",
    "path": "/dev/dax0.0",
    "nthreads": 2,
    "nsegments": 1,
    "stripeSize": 17179869184,
    "blockSize": 131072,
    "paddingSize": 4096,
    "totalSize": 17179869184,
    "extentSize": 17179877376,
    "accessType": "write",
    "accessPattern": "sequential",
    "granularity": "page",
    "nonTemporal": false,
    "noflush": false,
    "set-affinity": true
  },
  "results": {
    "success": true,
    "time": 2356.905417,
    "byte_per_sec": 7289163604.141354,
    "MiB_per_sec": 6951.488117352823,
    "IOPS": 55611.90493882258,
    "MIOPS": 0.055611904938822586,
    "addr": 140142635384832
  }
}
