{
  "params": {
    "version": "0.2.0",
    "source": "devdax",
    "path": "/dev/dax0.0",
    "nthreads": 16,
    "nsegments": 1,
    "stripeSize": 137438953472,
    "blockSize": 64,
    "paddingSize": 4096,
    "totalSize": 137438953472,
    "extentSize": 137439019008,
    "accessType": "write",
    "accessPattern": "sequential",
    "granularity": "page",
    "nonTemporal": false,
    "noflush": false,
    "set-affinity": true
  },
  "results": {
    "success": true,
    "time": 18146.50989,
    "byte_per_sec": 7573850525.810392,
    "MiB_per_sec": 7222.986722765343,
    "IOPS": 118341414.46578738,
    "MIOPS": 118.34141446578738,
    "addr": 139933255729152
  }
}
