{
  "params": {
    "version": "0.2.0",
    "source": "devdax",
    "path": "/dev/dax0.0",
    "nthreads": 4,
    "nsegments": 1,
    "stripeSize": 34359738368,
    "blockSize": 524288,
    "paddingSize": 4096,
    "totalSize": 34359738368,
    "extentSize": 34359754752,
    "accessType": "write",
    "accessPattern": "sequential",
    "granularity": "page",
    "nonTemporal": true,
    "noflush": false,
    "set-affinity": true
  },
  "results": {
    "success": true,
    "time": 2566.037769,
    "byte_per_sec": 13390191985.128183,
    "MiB_per_sec": 12769.882187965568,
    "IOPS": 25539.764375931136,
    "MIOPS": 0.025539764375931136,
    "addr": 139993385271296
  }
}
