{
  "params": {
    "version": "0.2.0",
    "source": "devdax",
    "path": "/dev/dax0.0",
    "nthreads": 4,
    "nsegments": 1,
    "stripeSize": 34359738368,
    "blockSize": 8192,
    "paddingSize": 4096,
    "totalSize": 34359738368,
    "extentSize": 34359754752,
    "accessType": "write",
    "accessPattern": "sequential",
    "granularity": "page",
    "nonTemporal": true,
    "noflush": false,
    "set-affinity": true
  },
  "results": {
    "success": true,
    "time": 2757.237526,
    "byte_per_sec": 12461653391.844921,
    "MiB_per_sec": 11884.358779759332,
    "IOPS": 1521197.9238091945,
    "MIOPS": 1.5211979238091944,
    "addr": 139768973230080
  }
}
