{
  "params": {
    "version": "0.2.0",
    "source": "devdax",
    "path": "/dev/dax0.0",
    "nthreads": 4,
    "nsegments": 1,
    "stripeSize": 34359738368,
    "blockSize": 262144,
    "paddingSize": 4096,
    "totalSize": 34359738368,
    "extentSize": 34359754752,
    "accessType": "write",
    "accessPattern": "sequential",
    "granularity": "page",
    "nonTemporal": false,
    "noflush": false,
    "set-affinity": true
  },
  "results": {
    "success": true,
    "time": 3288.8491000000004,
    "byte_per_sec": 10447344138.714056,
    "MiB_per_sec": 9963.36377974897,
    "IOPS": 39853.45511899588,
    "MIOPS": 0.03985345511899588,
    "addr": 140008417656832
  }
}
