{
  "params": {
    "version": "0.2.0",
    "source": "devdax",
    "path": "/dev/dax0.0",
    "nthreads": 4,
    "nsegments": 1,
    "stripeSize": 34359738368,
    "blockSize": 256,
    "paddingSize": 4096,
    "totalSize": 34359738368,
    "extentSize": 34359754752,
    "accessType": "write",
    "accessPattern": "sequential",
    "granularity": "page",
    "nonTemporal": true,
    "noflush": false,
    "set-affinity": true
  },
  "results": {
    "success": true,
    "time": 3510.89283,
    "byte_per_sec": 9786609854.451183,
    "MiB_per_sec": 9333.238462878402,
    "IOPS": 38228944.743949935,
    "MIOPS": 38.22894474394994,
    "addr": 139576773443584
  }
}
