{
  "params": {
    "version": "0.2.0",
    "source": "devdax",
    "path": "/dev/dax0.0",
    "nthreads": 16,
    "nsegments": 1,
    "stripeSize": 137438953472,
    "blockSize": 512,
    "paddingSize": 4096,
    "totalSize": 137438953472,
    "extentSize": 137439019008,
    "accessType": "write",
    "accessPattern": "sequential",
    "granularity": "page",
    "nonTemporal": true,
    "noflush": false,
    "set-affinity": true
  },
  "results": {
    "success": true,
    "time": 9976.10412,
    "byte_per_sec": 13776816262.017921,
    "MiB_per_sec": 13138.59583093445,
    "IOPS": 26907844.261753753,
    "MIOPS": 26.907844261753752,
    "addr": 139144055488512
  }
}
