{
  "params": {
    "accessPattern": "random",
    "accessType": "read",
    "blockSize": 65536,
    "granularity": "page",
    "noflush": true,
    "nonTemporal": false,
    "nthreads": 2,
    "path": "/dev/dax0.0",
    "set-affinity": true,
    "source": "devdax",
    "stripeSize": 17179869184,
    "totalSize": 17179869184
  },
  "results": {
    "IOPS": 130824.92450546622,
    "MIOPS": 0.1308249245054662,
    "MiB_per_sec": 8176.557781591639,
    "addr": 20789789196288,
    "byte_per_sec": 8573742252.390234,
    "success": true,
    "time": 2003.777193
  }
}
