{
  "params": {
    "accessPattern": "random",
    "accessType": "read",
    "blockSize": 32768,
    "granularity": "page",
    "noflush": true,
    "nonTemporal": false,
    "nthreads": 48,
    "path": "/dev/dax0.0",
    "set-affinity": true,
    "source": "devdax",
    "stripeSize": 412316860416,
    "totalSize": 412316860416
  },
  "results": {
    "IOPS": 2529524.62725743,
    "MIOPS": 2.52952462725743,
    "MiB_per_sec": 79047.64460179469,
    "addr": 20930449375232,
    "byte_per_sec": 82887462985.97147,
    "success": true,
    "time": 4974.417669
  }
}
