{
  "params": {
    "accessPattern": "random",
    "accessType": "read",
    "blockSize": 64,
    "granularity": "page",
    "noflush": true,
    "nonTemporal": false,
    "nthreads": 8,
    "path": "/dev/dax0.0",
    "set-affinity": true,
    "source": "devdax",
    "stripeSize": 68719476736,
    "totalSize": 68719476736
  },
  "results": {
    "IOPS": 55823628.60256417,
    "MIOPS": 55.82362860256417,
    "MiB_per_sec": 3407.2038941994733,
    "addr": 20779051778048,
    "byte_per_sec": 3572712230.564107,
    "success": true,
    "time": 19234.540119999998
  }
}
