{
  "params": {
    "accessPattern": "random",
    "accessType": "read",
    "blockSize": 64,
    "granularity": "page",
    "noflush": true,
    "nonTemporal": false,
    "nthreads": 2,
    "path": "/dev/dax0.0",
    "set-affinity": true,
    "source": "devdax",
    "stripeSize": 17179869184,
    "totalSize": 17179869184
  },
  "results": {
    "IOPS": 14658980.438626157,
    "MIOPS": 14.658980438626157,
    "MiB_per_sec": 894.713161537241,
    "addr": 21252571922432,
    "byte_per_sec": 938174748.072074,
    "success": true,
    "time": 18312.014067
  }
}
