{
  "params": {
    "accessPattern": "random",
    "accessType": "read",
    "blockSize": 131072,
    "granularity": "page",
    "noflush": true,
    "nonTemporal": false,
    "nthreads": 4,
    "path": "/dev/dax0.0",
    "set-affinity": true,
    "source": "devdax",
    "stripeSize": 34359738368,
    "totalSize": 34359738368
  },
  "results": {
    "IOPS": 127761.81037553446,
    "MIOPS": 0.12776181037553447,
    "MiB_per_sec": 15970.226296941808,
    "addr": 20617990504448,
    "byte_per_sec": 16745996009.542053,
    "success": true,
    "time": 2051.818139
  }
}
