{
  "params": {
    "accessPattern": "random",
    "accessType": "read",
    "blockSize": 64,
    "granularity": "page",
    "noflush": true,
    "nonTemporal": false,
    "nthreads": 8,
    "path": "/dev/dax0.0",
    "set-affinity": true,
    "source": "devdax",
    "stripeSize": 68719476736,
    "totalSize": 68719476736
  },
  "results": {
    "IOPS": 55817463.88276467,
    "MIOPS": 55.81746388276467,
    "MiB_per_sec": 3406.827629563273,
    "addr": 20681341272064,
    "byte_per_sec": 3572317688.4969387,
    "success": true,
    "time": 19236.664465
  }
}
