{
  "params": {
    "accessPattern": "random",
    "accessType": "read",
    "blockSize": 2048,
    "granularity": "page",
    "noflush": true,
    "nonTemporal": false,
    "nthreads": 1,
    "path": "/dev/dax0.0",
    "set-affinity": true,
    "source": "devdax",
    "stripeSize": 8589934592,
    "totalSize": 8589934592
  },
  "results": {
    "IOPS": 1654844.1827656005,
    "MIOPS": 1.6548441827656004,
    "MiB_per_sec": 3232.1175444640635,
    "addr": 20917564473344,
    "byte_per_sec": 3389120886.30395,
    "success": true,
    "time": 2534.561286
  }
}
