{
  "params": {
    "accessPattern": "random",
    "accessType": "read",
    "blockSize": 32768,
    "granularity": "page",
    "noflush": true,
    "nonTemporal": false,
    "nthreads": 4,
    "path": "/dev/dax0.0",
    "set-affinity": true,
    "source": "devdax",
    "stripeSize": 34359738368,
    "totalSize": 34359738368
  },
  "results": {
    "IOPS": 512051.1443583674,
    "MIOPS": 0.5120511443583674,
    "MiB_per_sec": 16001.598261198982,
    "addr": 20352776273920,
    "byte_per_sec": 16778891898.334984,
    "success": true,
    "time": 2047.795443
  }
}
