{
  "params": {
    "accessPattern": "random",
    "accessType": "read",
    "blockSize": 4096,
    "granularity": "page",
    "noflush": true,
    "nonTemporal": false,
    "nthreads": 1,
    "path": "/dev/dax0.0",
    "set-affinity": true,
    "source": "devdax",
    "stripeSize": 8589934592,
    "totalSize": 8589934592
  },
  "results": {
    "IOPS": 998575.7451744816,
    "MIOPS": 0.9985757451744817,
    "MiB_per_sec": 3900.686504587819,
    "addr": 20863877382144,
    "byte_per_sec": 4090166252.234677,
    "success": true,
    "time": 2100.1431390000002
  }
}
