{
  "params": {
    "accessPattern": "random",
    "accessType": "read",
    "blockSize": 524288,
    "granularity": "page",
    "noflush": true,
    "nonTemporal": false,
    "nthreads": 16,
    "path": "/dev/dax0.0",
    "set-affinity": true,
    "source": "devdax",
    "stripeSize": 137438953472,
    "totalSize": 137438953472
  },
  "results": {
    "IOPS": 113311.8586446044,
    "MIOPS": 0.11331185864460441,
    "MiB_per_sec": 56655.9293223022,
    "addr": 20654497726464,
    "byte_per_sec": 59408047745.062355,
    "success": true,
    "time": 2313.473657
  }
}
