{
  "params": {
    "accessPattern": "random",
    "accessType": "read",
    "blockSize": 65536,
    "granularity": "page",
    "noflush": true,
    "nonTemporal": false,
    "nthreads": 8,
    "path": "/dev/dax0.0",
    "set-affinity": true,
    "source": "devdax",
    "stripeSize": 68719476736,
    "totalSize": 68719476736
  },
  "results": {
    "IOPS": 492671.917519011,
    "MIOPS": 0.492671917519011,
    "MiB_per_sec": 30791.994844938188,
    "addr": 20481625292800,
    "byte_per_sec": 32287746786.525906,
    "success": true,
    "time": 2128.345381
  }
}
