{
  "params": {
    "accessPattern": "random",
    "accessType": "read",
    "blockSize": 262144,
    "granularity": "page",
    "noflush": true,
    "nonTemporal": false,
    "nthreads": 4,
    "path": "/dev/dax0.0",
    "set-affinity": true,
    "source": "devdax",
    "stripeSize": 34359738368,
    "totalSize": 34359738368
  },
  "results": {
    "IOPS": 63746.74027054106,
    "MIOPS": 0.06374674027054106,
    "MiB_per_sec": 15936.685067635264,
    "addr": 20922933182464,
    "byte_per_sec": 16710825481.480715,
    "success": true,
    "time": 2056.136509
  }
}
