{
  "params": {
    "accessPattern": "random",
    "accessType": "read",
    "blockSize": 512,
    "granularity": "page",
    "noflush": true,
    "nonTemporal": false,
    "nthreads": 1,
    "path": "/dev/dax0.0",
    "set-affinity": true,
    "source": "devdax",
    "stripeSize": 8589934592,
    "totalSize": 8589934592
  },
  "results": {
    "IOPS": 4110024.0724222334,
    "MIOPS": 4.110024072422234,
    "MiB_per_sec": 2006.8476916124187,
    "addr": 20706037334016,
    "byte_per_sec": 2104332325.0801835,
    "success": true,
    "time": 4082.02378
  }
}
