{
  "params": {
    "accessPattern": "random",
    "accessType": "read",
    "blockSize": 131072,
    "granularity": "page",
    "noflush": true,
    "nonTemporal": false,
    "nthreads": 16,
    "path": "/dev/dax0.0",
    "set-affinity": true,
    "source": "devdax",
    "stripeSize": 137438953472,
    "totalSize": 137438953472
  },
  "results": {
    "IOPS": 447407.73674466234,
    "MIOPS": 0.44740773674466233,
    "MiB_per_sec": 55925.96709308279,
    "addr": 20917564473344,
    "byte_per_sec": 58642626870.59638,
    "success": true,
    "time": 2343.669798
  }
}
