{
  "params": {
    "accessPattern": "random",
    "accessType": "read",
    "blockSize": 131072,
    "granularity": "page",
    "noflush": true,
    "nonTemporal": false,
    "nthreads": 8,
    "path": "/dev/dax0.0",
    "set-affinity": true,
    "source": "devdax",
    "stripeSize": 68719476736,
    "totalSize": 68719476736
  },
  "results": {
    "IOPS": 245458.47627645146,
    "MIOPS": 0.24545847627645145,
    "MiB_per_sec": 30682.309534556432,
    "addr": 20682415013888,
    "byte_per_sec": 32172733402.507046,
    "success": true,
    "time": 2135.953942
  }
}
