{
  "params": {
    "accessPattern": "random",
    "accessType": "read",
    "blockSize": 256,
    "granularity": "page",
    "noflush": true,
    "nonTemporal": false,
    "nthreads": 48,
    "path": "/dev/dax0.0",
    "set-affinity": true,
    "source": "devdax",
    "stripeSize": 412316860416,
    "totalSize": 412316860416
  },
  "results": {
    "IOPS": 198877960.11703536,
    "MIOPS": 198.87796011703537,
    "MiB_per_sec": 48554.189481698086,
    "addr": 20684562497536,
    "byte_per_sec": 50912757789.96105,
    "success": true,
    "time": 8098.497868
  }
}
