{
  "params": {
    "accessPattern": "random",
    "accessType": "read",
    "blockSize": 1048576,
    "granularity": "page",
    "noflush": true,
    "nonTemporal": false,
    "nthreads": 4,
    "path": "/dev/dax0.0",
    "set-affinity": true,
    "source": "devdax",
    "stripeSize": 34359738368,
    "totalSize": 34359738368
  },
  "results": {
    "IOPS": 15293.919923417487,
    "MIOPS": 0.015293919923417486,
    "MiB_per_sec": 15293.919923417487,
    "addr": 20633022889984,
    "byte_per_sec": 16036837377.617414,
    "success": true,
    "time": 2142.550776
  }
}
