{
  "params": {
    "accessPattern": "random",
    "accessType": "read",
    "blockSize": 65536,
    "granularity": "page",
    "noflush": true,
    "nonTemporal": false,
    "nthreads": 48,
    "path": "/dev/dax0.0",
    "set-affinity": true,
    "source": "devdax",
    "stripeSize": 412316860416,
    "totalSize": 412316860416
  },
  "results": {
    "IOPS": 1255748.2525265135,
    "MIOPS": 1.2557482525265136,
    "MiB_per_sec": 78484.2657829071,
    "addr": 20296941699072,
    "byte_per_sec": 82296717477.57759,
    "success": true,
    "time": 5010.125228
  }
}
