{
  "params": {
    "accessPattern": "random",
    "accessType": "read",
    "blockSize": 524288,
    "granularity": "page",
    "noflush": true,
    "nonTemporal": false,
    "nthreads": 32,
    "path": "/dev/dax0.0",
    "set-affinity": true,
    "source": "devdax",
    "stripeSize": 274877906944,
    "totalSize": 274877906944
  },
  "results": {
    "IOPS": 154957.18214428777,
    "MIOPS": 0.15495718214428778,
    "MiB_per_sec": 77478.59107214388,
    "addr": 20362439950336,
    "byte_per_sec": 81242191112.06435,
    "success": true,
    "time": 3383.437881
  }
}
