{
  "params": {
    "accessPattern": "sequential",
    "accessType": "read",
    "blockSize": 16384,
    "granularity": "page",
    "noflush": true,
    "nonTemporal": false,
    "nthreads": 32,
    "path": "/dev/dax0.0",
    "set-affinity": true,
    "source": "devdax",
    "stripeSize": 274877906944,
    "totalSize": 274877906944
  },
  "results": {
    "IOPS": 4899033.188087206,
    "MIOPS": 4.8990331880872064,
    "MiB_per_sec": 76547.3935638626,
    "addr": 21138755289088,
    "byte_per_sec": 80265759753.62079,
    "success": true,
    "time": 3424.597335
  }
}
