{
  "params": {
    "accessPattern": "sequential",
    "accessType": "read",
    "blockSize": 512,
    "granularity": "page",
    "noflush": true,
    "nonTemporal": false,
    "nthreads": 4,
    "path": "/dev/dax0.0",
    "set-affinity": true,
    "source": "devdax",
    "stripeSize": 34359738368,
    "totalSize": 34359738368
  },
  "results": {
    "IOPS": 30979379.692274567,
    "MIOPS": 30.979379692274566,
    "MiB_per_sec": 15126.65024036844,
    "addr": 20637317857280,
    "byte_per_sec": 15861442402.444578,
    "success": true,
    "time": 2166.242987
  }
}
