{
  "params": {
    "accessPattern": "sequential",
    "accessType": "read",
    "blockSize": 131072,
    "granularity": "page",
    "noflush": true,
    "nonTemporal": false,
    "nthreads": 32,
    "path": "/dev/dax0.0",
    "set-affinity": true,
    "source": "devdax",
    "stripeSize": 274877906944,
    "totalSize": 274877906944
  },
  "results": {
    "IOPS": 609292.2473379453,
    "MIOPS": 0.6092922473379453,
    "MiB_per_sec": 76161.53091724316,
    "addr": 20838107578368,
    "byte_per_sec": 79861153443.07916,
    "success": true,
    "time": 3441.947619
  }
}
