{
  "params": {
    "accessPattern": "sequential",
    "accessType": "read",
    "blockSize": 256,
    "granularity": "page",
    "noflush": true,
    "nonTemporal": false,
    "nthreads": 16,
    "path": "/dev/dax0.0",
    "set-affinity": true,
    "source": "devdax",
    "stripeSize": 137438953472,
    "totalSize": 137438953472
  },
  "results": {
    "IOPS": 199652826.53697965,
    "MIOPS": 199.65282653697963,
    "MiB_per_sec": 48743.365853754796,
    "addr": 20513837547520,
    "byte_per_sec": 51111123593.46679,
    "success": true,
    "time": 2689.0223459999997
  }
}
