{
  "params": {
    "accessPattern": "sequential",
    "accessType": "read",
    "blockSize": 256,
    "granularity": "page",
    "noflush": true,
    "nonTemporal": false,
    "nthreads": 16,
    "path": "/dev/dax0.0",
    "set-affinity": true,
    "source": "devdax",
    "stripeSize": 137438953472,
    "totalSize": 137438953472
  },
  "results": {
    "IOPS": 199706476.504514,
    "MIOPS": 199.706476504514,
    "MiB_per_sec": 48756.463990359865,
    "addr": 21018496204800,
    "byte_per_sec": 51124857985.15559,
    "success": true,
    "time": 2688.299956
  }
}
