{
  "params": {
    "accessPattern": "sequential",
    "accessType": "read",
    "blockSize": 65536,
    "granularity": "page",
    "noflush": true,
    "nonTemporal": false,
    "nthreads": 32,
    "path": "/dev/dax0.0",
    "set-affinity": true,
    "source": "devdax",
    "stripeSize": 274877906944,
    "totalSize": 274877906944
  },
  "results": {
    "IOPS": 1221100.6253507321,
    "MIOPS": 1.2211006253507322,
    "MiB_per_sec": 76318.78908442076,
    "addr": 21015274979328,
    "byte_per_sec": 80026050582.98558,
    "success": true,
    "time": 3434.855337
  }
}
