{
  "params": {
    "accessPattern": "sequential",
    "accessType": "read",
    "blockSize": 262144,
    "granularity": "page",
    "noflush": true,
    "nonTemporal": false,
    "nthreads": 4,
    "path": "/dev/dax0.0",
    "set-affinity": true,
    "source": "devdax",
    "stripeSize": 34359738368,
    "totalSize": 34359738368
  },
  "results": {
    "IOPS": 63657.74129430606,
    "MIOPS": 0.06365774129430607,
    "MiB_per_sec": 15914.435323576516,
    "addr": 21193516122112,
    "byte_per_sec": 16687494933.854568,
    "success": true,
    "time": 2059.011164
  }
}
