{
  "params": {
    "accessPattern": "sequential",
    "accessType": "read",
    "blockSize": 8192,
    "granularity": "page",
    "noflush": true,
    "nonTemporal": false,
    "nthreads": 32,
    "path": "/dev/dax0.0",
    "set-affinity": true,
    "source": "devdax",
    "stripeSize": 274877906944,
    "totalSize": 274877906944
  },
  "results": {
    "IOPS": 9627009.274407744,
    "MIOPS": 9.627009274407744,
    "MiB_per_sec": 75211.0099563105,
    "addr": 20476256583680,
    "byte_per_sec": 78864459975.94824,
    "success": true,
    "time": 3485.447146
  }
}
