{
  "params": {
    "accessPattern": "sequential",
    "accessType": "read",
    "blockSize": 2048,
    "granularity": "page",
    "noflush": true,
    "nonTemporal": false,
    "nthreads": 8,
    "path": "/dev/dax0.0",
    "set-affinity": true,
    "source": "devdax",
    "stripeSize": 68719476736,
    "totalSize": 68719476736
  },
  "results": {
    "IOPS": 15928579.398760263,
    "MIOPS": 15.928579398760263,
    "MiB_per_sec": 31110.50663820364,
    "addr": 20517058772992,
    "byte_per_sec": 32621730608.66102,
    "success": true,
    "time": 2106.5552150000003
  }
}
