{
  "params": {
    "accessPattern": "sequential",
    "accessType": "read",
    "blockSize": 1048576,
    "granularity": "page",
    "noflush": true,
    "nonTemporal": false,
    "nthreads": 32,
    "path": "/dev/dax0.0",
    "set-affinity": true,
    "source": "devdax",
    "stripeSize": 274877906944,
    "totalSize": 274877906944
  },
  "results": {
    "IOPS": 76556.9759133108,
    "MIOPS": 0.0765569759133108,
    "MiB_per_sec": 76556.9759133108,
    "addr": 20832738869248,
    "byte_per_sec": 80275807575.27579,
    "success": true,
    "time": 3424.1686910000003
  }
}
