{
  "params": {
    "accessPattern": "sequential",
    "accessType": "read",
    "blockSize": 2048,
    "granularity": "page",
    "noflush": true,
    "nonTemporal": false,
    "nthreads": 8,
    "path": "/dev/dax0.0",
    "set-affinity": true,
    "source": "devdax",
    "stripeSize": 68719476736,
    "totalSize": 68719476736
  },
  "results": {
    "IOPS": 15925383.481467456,
    "MIOPS": 15.925383481467456,
    "MiB_per_sec": 31104.264612241124,
    "addr": 20527796191232,
    "byte_per_sec": 32615185370.04535,
    "success": true,
    "time": 2106.97796
  }
}
