{
  "params": {
    "accessPattern": "sequential",
    "accessType": "read",
    "blockSize": 131072,
    "granularity": "page",
    "noflush": true,
    "nonTemporal": false,
    "nthreads": 4,
    "path": "/dev/dax0.0",
    "set-affinity": true,
    "source": "devdax",
    "stripeSize": 34359738368,
    "totalSize": 34359738368
  },
  "results": {
    "IOPS": 127693.08685997574,
    "MIOPS": 0.12769308685997574,
    "MiB_per_sec": 15961.635857496967,
    "addr": 20802674098176,
    "byte_per_sec": 16736988280.91074,
    "success": true,
    "time": 2052.9224130000002
  }
}
