{
  "params": {
    "accessPattern": "sequential",
    "accessType": "read",
    "blockSize": 1048576,
    "granularity": "page",
    "noflush": true,
    "nonTemporal": false,
    "nthreads": 1,
    "path": "/dev/dax0.0",
    "set-affinity": true,
    "source": "devdax",
    "stripeSize": 8589934592,
    "totalSize": 8589934592
  },
  "results": {
    "IOPS": 3943.493694259232,
    "MIOPS": 0.003943493694259232,
    "MiB_per_sec": 3943.493694259232,
    "addr": 20855287447552,
    "byte_per_sec": 4135052843.9515686,
    "success": true,
    "time": 2077.3457839999996
  }
}
