{
  "params": {
    "accessPattern": "random",
    "accessType": "write",
    "blockSize": 65536,
    "granularity": "page",
    "noflush": true,
    "nonTemporal": false,
    "nthreads": 48,
    "path": "/dev/dax0.0",
    "set-affinity": true,
    "source": "devdax",
    "stripeSize": 412316860416,
    "totalSize": 412316860416
  },
  "results": {
    "IOPS": 253064.7686699072,
    "MIOPS": 0.2530647686699072,
    "MiB_per_sec": 15816.5480418692,
    "addr": 21161303867392,
    "byte_per_sec": 16584852679.551039,
    "success": true,
    "time": 24861.050525
  }
}
