{
  "params": {
    "accessPattern": "random",
    "accessType": "write",
    "blockSize": 4096,
    "granularity": "page",
    "noflush": true,
    "nonTemporal": false,
    "nthreads": 48,
    "path": "/dev/dax0.0",
    "set-affinity": true,
    "source": "devdax",
    "stripeSize": 412316860416,
    "totalSize": 412316860416
  },
  "results": {
    "IOPS": 3980150.82120275,
    "MIOPS": 3.98015082120275,
    "MiB_per_sec": 15547.464145323242,
    "addr": 20422569492480,
    "byte_per_sec": 16302697763.646463,
    "success": true,
    "time": 25291.327018
  }
}
