{
  "params": {
    "accessPattern": "random",
    "accessType": "write",
    "blockSize": 128,
    "granularity": "page",
    "noflush": true,
    "nonTemporal": false,
    "nthreads": 1,
    "path": "/dev/dax0.0",
    "set-affinity": true,
    "source": "devdax",
    "stripeSize": 8589934592,
    "totalSize": 8589934592
  },
  "results": {
    "IOPS": 14769482.072219249,
    "MIOPS": 14.76948207221925,
    "MiB_per_sec": 1802.9152920189513,
    "addr": 20719995977728,
    "byte_per_sec": 1890493705.2440639,
    "success": true,
    "time": 4543.75202
  }
}
