{
  "params": {
    "accessPattern": "random",
    "accessType": "write",
    "blockSize": 256,
    "granularity": "page",
    "noflush": true,
    "nonTemporal": false,
    "nthreads": 32,
    "path": "/dev/dax0.0",
    "set-affinity": true,
    "source": "devdax",
    "stripeSize": 274877906944,
    "totalSize": 274877906944
  },
  "results": {
    "IOPS": 64763404.733961225,
    "MIOPS": 64.76340473396122,
    "MiB_per_sec": 15811.378108877252,
    "addr": 20233590931456,
    "byte_per_sec": 16579431611.894073,
    "success": true,
    "time": 16579.452986
  }
}
