{
  "params": {
    "accessPattern": "random",
    "accessType": "write",
    "blockSize": 8192,
    "granularity": "page",
    "noflush": true,
    "nonTemporal": false,
    "nthreads": 48,
    "path": "/dev/dax0.0",
    "set-affinity": true,
    "source": "devdax",
    "stripeSize": 412316860416,
    "totalSize": 412316860416
  },
  "results": {
    "IOPS": 1990413.8475672328,
    "MIOPS": 1.9904138475672328,
    "MiB_per_sec": 15550.108184119006,
    "addr": 20937965568000,
    "byte_per_sec": 16305470239.270771,
    "success": true,
    "time": 25287.026646000002
  }
}
