{
  "params": {
    "accessPattern": "random",
    "accessType": "write",
    "blockSize": 2048,
    "granularity": "page",
    "noflush": true,
    "nonTemporal": false,
    "nthreads": 4,
    "path": "/dev/dax0.0",
    "set-affinity": true,
    "source": "devdax",
    "stripeSize": 34359738368,
    "totalSize": 34359738368
  },
  "results": {
    "IOPS": 4070374.979162281,
    "MIOPS": 4.070374979162281,
    "MiB_per_sec": 7949.95113117633,
    "addr": 20791936679936,
    "byte_per_sec": 8336127957.324351,
    "success": true,
    "time": 4121.786343
  }
}
