{
  "params": {
    "accessPattern": "random",
    "accessType": "write",
    "blockSize": 4096,
    "granularity": "page",
    "noflush": true,
    "nonTemporal": false,
    "nthreads": 48,
    "path": "/dev/dax0.0",
    "set-affinity": true,
    "source": "devdax",
    "stripeSize": 412316860416,
    "totalSize": 412316860416
  },
  "results": {
    "IOPS": 4004058.2785964417,
    "MIOPS": 4.004058278596442,
    "MiB_per_sec": 15640.85265076735,
    "addr": 20583630766080,
    "byte_per_sec": 16400622709.131025,
    "success": true,
    "time": 25140.317397
  }
}
