{
  "params": {
    "accessPattern": "random",
    "accessType": "write",
    "blockSize": 128,
    "granularity": "page",
    "noflush": true,
    "nonTemporal": false,
    "nthreads": 48,
    "path": "/dev/dax0.0",
    "set-affinity": true,
    "source": "devdax",
    "stripeSize": 412316860416,
    "totalSize": 412316860416
  },
  "results": {
    "IOPS": 122779200.22220775,
    "MIOPS": 122.77920022220775,
    "MiB_per_sec": 14987.69533962497,
    "addr": 20364587433984,
    "byte_per_sec": 15715737628.442593,
    "success": true,
    "time": 26235.921607
  }
}
