{
  "params": {
    "accessPattern": "random",
    "accessType": "write",
    "blockSize": 2048,
    "granularity": "page",
    "noflush": true,
    "nonTemporal": false,
    "nthreads": 8,
    "path": "/dev/dax0.0",
    "set-affinity": true,
    "source": "devdax",
    "stripeSize": 68719476736,
    "totalSize": 68719476736
  },
  "results": {
    "IOPS": 5593345.102939701,
    "MIOPS": 5.5933451029397006,
    "MiB_per_sec": 10924.502154179103,
    "addr": 20754355716096,
    "byte_per_sec": 11455170770.820507,
    "success": true,
    "time": 5998.991905999999
  }
}
