{
  "params": {
    "accessPattern": "random",
    "accessType": "write",
    "blockSize": 1024,
    "granularity": "page",
    "noflush": true,
    "nonTemporal": false,
    "nthreads": 32,
    "path": "/dev/dax0.0",
    "set-affinity": true,
    "source": "devdax",
    "stripeSize": 274877906944,
    "totalSize": 274877906944
  },
  "results": {
    "IOPS": 16940070.931444723,
    "MIOPS": 16.940070931444723,
    "MiB_per_sec": 16543.038018988987,
    "addr": 21092584390656,
    "byte_per_sec": 17346632633.799397,
    "success": true,
    "time": 15846.182526999999
  }
}
