{
  "params": {
    "accessPattern": "random",
    "accessType": "write",
    "blockSize": 1048576,
    "granularity": "page",
    "noflush": true,
    "nonTemporal": false,
    "nthreads": 32,
    "path": "/dev/dax0.0",
    "set-affinity": true,
    "source": "devdax",
    "stripeSize": 274877906944,
    "totalSize": 274877906944
  },
  "results": {
    "IOPS": 13986.31897219845,
    "MIOPS": 0.013986318972198451,
    "MiB_per_sec": 13986.31897219845,
    "addr": 20976620273664,
    "byte_per_sec": 14665718402.591963,
    "success": true,
    "time": 18742.887283
  }
}
