{
  "params": {
    "accessPattern": "random",
    "accessType": "write",
    "blockSize": 8192,
    "granularity": "page",
    "noflush": true,
    "nonTemporal": false,
    "nthreads": 4,
    "path": "/dev/dax0.0",
    "set-affinity": true,
    "source": "devdax",
    "stripeSize": 34359738368,
    "totalSize": 34359738368
  },
  "results": {
    "IOPS": 1269197.679142308,
    "MIOPS": 1.2691976791423079,
    "MiB_per_sec": 9915.60686829928,
    "addr": 20701742366720,
    "byte_per_sec": 10397267387.533787,
    "success": true,
    "time": 3304.689308
  }
}
