{
  "params": {
    "accessPattern": "random",
    "accessType": "write",
    "blockSize": 2048,
    "granularity": "page",
    "noflush": true,
    "nonTemporal": false,
    "nthreads": 32,
    "path": "/dev/dax0.0",
    "set-affinity": true,
    "source": "devdax",
    "stripeSize": 274877906944,
    "totalSize": 274877906944
  },
  "results": {
    "IOPS": 8423482.800830804,
    "MIOPS": 8.423482800830804,
    "MiB_per_sec": 16452.114845372664,
    "addr": 20929375633408,
    "byte_per_sec": 17251292776.101486,
    "success": true,
    "time": 15933.756995
  }
}
