{
  "params": {
    "accessPattern": "random",
    "accessType": "write",
    "blockSize": 32768,
    "granularity": "page",
    "noflush": true,
    "nonTemporal": false,
    "nthreads": 2,
    "path": "/dev/dax0.0",
    "set-affinity": true,
    "source": "devdax",
    "stripeSize": 17179869184,
    "totalSize": 17179869184
  },
  "results": {
    "IOPS": 217541.43787679,
    "MIOPS": 0.21754143787679,
    "MiB_per_sec": 6798.169933649688,
    "addr": 20316269051904,
    "byte_per_sec": 7128397836.346655,
    "success": true,
    "time": 2410.0603779999997
  }
}
