{
  "params": {
    "accessPattern": "random",
    "accessType": "write",
    "blockSize": 128,
    "granularity": "page",
    "noflush": true,
    "nonTemporal": false,
    "nthreads": 48,
    "path": "/dev/dax0.0",
    "set-affinity": true,
    "source": "devdax",
    "stripeSize": 412316860416,
    "totalSize": 412316860416
  },
  "results": {
    "IOPS": 123599039.0362439,
    "MIOPS": 123.5990390362439,
    "MiB_per_sec": 15087.773319853992,
    "addr": 20467666649088,
    "byte_per_sec": 15820676996.63922,
    "success": true,
    "time": 26061.897383000003
  }
}
