{
  "params": {
    "accessPattern": "random",
    "accessType": "write",
    "blockSize": 8192,
    "granularity": "page",
    "noflush": true,
    "nonTemporal": false,
    "nthreads": 1,
    "path": "/dev/dax0.0",
    "set-affinity": true,
    "source": "devdax",
    "stripeSize": 8589934592,
    "totalSize": 8589934592
  },
  "results": {
    "IOPS": 498769.91894272465,
    "MIOPS": 0.49876991894272465,
    "MiB_per_sec": 3896.6399917400363,
    "addr": 20538533609472,
    "byte_per_sec": 4085923175.9788003,
    "success": true,
    "time": 2102.324058
  }
}
