{
  "params": {
    "accessPattern": "random",
    "accessType": "write",
    "blockSize": 1024,
    "granularity": "page",
    "noflush": true,
    "nonTemporal": false,
    "nthreads": 48,
    "path": "/dev/dax0.0",
    "set-affinity": true,
    "source": "devdax",
    "stripeSize": 412316860416,
    "totalSize": 412316860416
  },
  "results": {
    "IOPS": 16403895.510993358,
    "MIOPS": 16.403895510993358,
    "MiB_per_sec": 16019.429209954451,
    "addr": 21165598834688,
    "byte_per_sec": 16797589003.257198,
    "success": true,
    "time": 24546.192929
  }
}
