{
  "params": {
    "accessPattern": "random",
    "accessType": "write",
    "blockSize": 131072,
    "granularity": "page",
    "noflush": true,
    "nonTemporal": false,
    "nthreads": 48,
    "path": "/dev/dax0.0",
    "set-affinity": true,
    "source": "devdax",
    "stripeSize": 412316860416,
    "totalSize": 412316860416
  },
  "results": {
    "IOPS": 124394.14649896532,
    "MIOPS": 0.12439414649896532,
    "MiB_per_sec": 15549.268312370665,
    "addr": 20916490731520,
    "byte_per_sec": 16304589569.912382,
    "success": true,
    "time": 25288.392488999998
  }
}
