{
  "params": {
    "accessPattern": "random",
    "accessType": "write",
    "blockSize": 1024,
    "granularity": "page",
    "noflush": true,
    "nonTemporal": false,
    "nthreads": 4,
    "path": "/dev/dax0.0",
    "set-affinity": true,
    "source": "devdax",
    "stripeSize": 34359738368,
    "totalSize": 34359738368
  },
  "results": {
    "IOPS": 6946251.878875976,
    "MIOPS": 6.946251878875977,
    "MiB_per_sec": 6783.449100464821,
    "addr": 20371029884928,
    "byte_per_sec": 7112961923.969,
    "success": true,
    "time": 4830.58095
  }
}
