{
  "params": {
    "accessPattern": "random",
    "accessType": "write",
    "blockSize": 8192,
    "granularity": "page",
    "noflush": true,
    "nonTemporal": false,
    "nthreads": 16,
    "path": "/dev/dax0.0",
    "set-affinity": true,
    "source": "devdax",
    "stripeSize": 137438953472,
    "totalSize": 137438953472
  },
  "results": {
    "IOPS": 2074075.541781194,
    "MIOPS": 2.0740755417811942,
    "MiB_per_sec": 16203.715170165578,
    "addr": 21108690518016,
    "byte_per_sec": 16990826838.271542,
    "success": true,
    "time": 8089.009133
  }
}
