{
  "params": {
    "accessPattern": "random",
    "accessType": "write",
    "blockSize": 1048576,
    "granularity": "page",
    "noflush": true,
    "nonTemporal": false,
    "nthreads": 48,
    "path": "/dev/dax0.0",
    "set-affinity": true,
    "source": "devdax",
    "stripeSize": 412316860416,
    "totalSize": 412316860416
  },
  "results": {
    "IOPS": 13815.069953999897,
    "MIOPS": 0.013815069953999897,
    "MiB_per_sec": 13815.069953999897,
    "addr": 21118354194432,
    "byte_per_sec": 14486150792.085396,
    "success": true,
    "time": 28462.830902
  }
}
