{
  "params": {
    "accessPattern": "sequential",
    "accessType": "write",
    "blockSize": 1048576,
    "granularity": "page",
    "noflush": true,
    "nonTemporal": false,
    "nthreads": 1,
    "path": "/dev/dax0.0",
    "set-affinity": true,
    "source": "devdax",
    "stripeSize": 8589934592,
    "totalSize": 8589934592
  },
  "results": {
    "IOPS": 3898.965442169948,
    "MIOPS": 0.0038989654421699477,
    "MiB_per_sec": 3898.965442169948,
    "addr": 21196737347584,
    "byte_per_sec": 4088361587.4887953,
    "success": true,
    "time": 2101.0701740000004
  }
}
