{
  "params": {
    "accessPattern": "sequential",
    "accessType": "write",
    "blockSize": 256,
    "granularity": "page",
    "noflush": true,
    "nonTemporal": false,
    "nthreads": 48,
    "path": "/dev/dax0.0",
    "set-affinity": true,
    "source": "devdax",
    "stripeSize": 412316860416,
    "totalSize": 412316860416
  },
  "results": {
    "IOPS": 62397583.67863787,
    "MIOPS": 62.39758367863787,
    "MiB_per_sec": 15233.785077792449,
    "addr": 21262235598848,
    "byte_per_sec": 15973781421.731295,
    "success": true,
    "time": 25812.101063000002
  }
}
