{
  "params": {
    "accessPattern": "sequential",
    "accessType": "write",
    "blockSize": 262144,
    "granularity": "page",
    "noflush": true,
    "nonTemporal": false,
    "nthreads": 48,
    "path": "/dev/dax0.0",
    "set-affinity": true,
    "source": "devdax",
    "stripeSize": 412316860416,
    "totalSize": 412316860416
  },
  "results": {
    "IOPS": 61537.389375304694,
    "MIOPS": 0.061537389375304695,
    "MiB_per_sec": 15384.347343826174,
    "addr": 20827370160128,
    "byte_per_sec": 16131657400.399874,
    "success": true,
    "time": 25559.485314
  }
}
