{
  "params": {
    "accessPattern": "sequential",
    "accessType": "write",
    "blockSize": 262144,
    "granularity": "page",
    "noflush": true,
    "nonTemporal": false,
    "nthreads": 2,
    "path": "/dev/dax0.0",
    "set-affinity": true,
    "source": "devdax",
    "stripeSize": 17179869184,
    "totalSize": 17179869184
  },
  "results": {
    "IOPS": 26917.879695686486,
    "MIOPS": 0.026917879695686486,
    "MiB_per_sec": 6729.469923921622,
    "addr": 21265456824320,
    "byte_per_sec": 7056360654.946038,
    "success": true,
    "time": 2434.6642730000003
  }
}
