{
  "params": {
    "accessPattern": "sequential",
    "accessType": "write",
    "blockSize": 262144,
    "granularity": "page",
    "noflush": true,
    "nonTemporal": false,
    "nthreads": 48,
    "path": "/dev/dax0.0",
    "set-affinity": true,
    "source": "devdax",
    "stripeSize": 412316860416,
    "totalSize": 412316860416
  },
  "results": {
    "IOPS": 61395.25783891729,
    "MIOPS": 0.06139525783891729,
    "MiB_per_sec": 15348.814459729323,
    "addr": 21000242593792,
    "byte_per_sec": 16094398470.925135,
    "success": true,
    "time": 25618.656153
  }
}
