{
  "params": {
    "accessPattern": "sequential",
    "accessType": "write",
    "blockSize": 1024,
    "granularity": "page",
    "noflush": true,
    "nonTemporal": false,
    "nthreads": 4,
    "path": "/dev/dax0.0",
    "set-affinity": true,
    "source": "devdax",
    "stripeSize": 34359738368,
    "totalSize": 34359738368
  },
  "results": {
    "IOPS": 10268301.517209446,
    "MIOPS": 10.268301517209446,
    "MiB_per_sec": 10027.63820039985,
    "addr": 20376398594048,
    "byte_per_sec": 10514740753.622473,
    "success": true,
    "time": 3267.768476
  }
}
