{
  "params": {
    "accessPattern": "sequential",
    "accessType": "write",
    "blockSize": 512,
    "granularity": "page",
    "noflush": true,
    "nonTemporal": false,
    "nthreads": 4,
    "path": "/dev/dax0.0",
    "set-affinity": true,
    "source": "devdax",
    "stripeSize": 34359738368,
    "totalSize": 34359738368
  },
  "results": {
    "IOPS": 20346189.689641755,
    "MIOPS": 20.346189689641754,
    "MiB_per_sec": 9934.662934395388,
    "addr": 20581483282432,
    "byte_per_sec": 10417249121.096579,
    "success": true,
    "time": 3298.350454
  }
}
