{
  "params": {
    "accessPattern": "sequential",
    "accessType": "write",
    "blockSize": 524288,
    "granularity": "page",
    "noflush": true,
    "nonTemporal": false,
    "nthreads": 4,
    "path": "/dev/dax0.0",
    "set-affinity": true,
    "source": "devdax",
    "stripeSize": 34359738368,
    "totalSize": 34359738368
  },
  "results": {
    "IOPS": 19802.722125163353,
    "MIOPS": 0.019802722125163354,
    "MiB_per_sec": 9901.361062581676,
    "addr": 20812337774592,
    "byte_per_sec": 10382329577.557644,
    "success": true,
    "time": 3309.444004
  }
}
