{
  "params": {
    "accessPattern": "sequential",
    "accessType": "write",
    "blockSize": 4096,
    "granularity": "page",
    "noflush": true,
    "nonTemporal": false,
    "nthreads": 16,
    "path": "/dev/dax0.0",
    "set-affinity": true,
    "source": "devdax",
    "stripeSize": 137438953472,
    "totalSize": 137438953472
  },
  "results": {
    "IOPS": 4205579.820299953,
    "MIOPS": 4.2055798202999535,
    "MiB_per_sec": 16428.046173046692,
    "addr": 20760798167040,
    "byte_per_sec": 17226054943.94861,
    "success": true,
    "time": 7978.550743
  }
}
