{
  "params": {
    "accessPattern": "sequential",
    "accessType": "write",
    "blockSize": 65536,
    "granularity": "page",
    "noflush": true,
    "nonTemporal": false,
    "nthreads": 8,
    "path": "/dev/dax0.0",
    "set-affinity": true,
    "source": "devdax",
    "stripeSize": 68719476736,
    "totalSize": 68719476736
  },
  "results": {
    "IOPS": 193631.68812062853,
    "MIOPS": 0.19363168812062853,
    "MiB_per_sec": 12101.980507539283,
    "addr": 20480551550976,
    "byte_per_sec": 12689846312.673512,
    "success": true,
    "time": 5415.311978
  }
}
