{
  "params": {
    "accessPattern": "sequential",
    "accessType": "write",
    "blockSize": 1048576,
    "granularity": "page",
    "noflush": true,
    "nonTemporal": false,
    "nthreads": 16,
    "path": "/dev/dax0.0",
    "set-affinity": true,
    "source": "devdax",
    "stripeSize": 137438953472,
    "totalSize": 137438953472
  },
  "results": {
    "IOPS": 14248.023441611007,
    "MIOPS": 0.014248023441611007,
    "MiB_per_sec": 14248.023441611007,
    "addr": 20333448921088,
    "byte_per_sec": 14940135428.310703,
    "success": true,
    "time": 9199.311086
  }
}
