{
  "params": {
    "accessPattern": "sequential",
    "accessType": "write",
    "blockSize": 2048,
    "granularity": "page",
    "noflush": true,
    "nonTemporal": false,
    "nthreads": 2,
    "path": "/dev/dax0.0",
    "set-affinity": true,
    "source": "devdax",
    "stripeSize": 17179869184,
    "totalSize": 17179869184
  },
  "results": {
    "IOPS": 3448528.5716796513,
    "MIOPS": 3.448528571679651,
    "MiB_per_sec": 6735.407366561819,
    "addr": 20533164900352,
    "byte_per_sec": 7062586514.799926,
    "success": true,
    "time": 2432.518051
  }
}
