{
  "params": {
    "accessPattern": "sequential",
    "accessType": "write",
    "blockSize": 512,
    "granularity": "page",
    "noflush": true,
    "nonTemporal": false,
    "nthreads": 16,
    "path": "/dev/dax0.0",
    "set-affinity": true,
    "source": "devdax",
    "stripeSize": 137438953472,
    "totalSize": 137438953472
  },
  "results": {
    "IOPS": 32598977.354591202,
    "MIOPS": 32.5989773545912,
    "MiB_per_sec": 15917.469411421485,
    "addr": 21017422462976,
    "byte_per_sec": 16690676405.550695,
    "success": true,
    "time": 8234.474753
  }
}
