{
  "params": {
    "accessPattern": "sequential",
    "accessType": "write",
    "blockSize": 1048576,
    "granularity": "page",
    "noflush": true,
    "nonTemporal": false,
    "nthreads": 32,
    "path": "/dev/dax0.0",
    "set-affinity": true,
    "source": "devdax",
    "stripeSize": 274877906944,
    "totalSize": 274877906944
  },
  "results": {
    "IOPS": 13882.588911344768,
    "MIOPS": 0.013882588911344768,
    "MiB_per_sec": 13882.588911344768,
    "addr": 21088289423360,
    "byte_per_sec": 14556949550.302252,
    "success": true,
    "time": 18882.933267999997
  }
}
