{
  "params": {
    "accessPattern": "sequential",
    "accessType": "write",
    "blockSize": 524288,
    "granularity": "page",
    "noflush": true,
    "nonTemporal": false,
    "nthreads": 48,
    "path": "/dev/dax0.0",
    "set-affinity": true,
    "source": "devdax",
    "stripeSize": 412316860416,
    "totalSize": 412316860416
  },
  "results": {
    "IOPS": 30224.198973232218,
    "MIOPS": 0.030224198973232218,
    "MiB_per_sec": 15112.099486616109,
    "addr": 20420422008832,
    "byte_per_sec": 15846184831.277973,
    "success": true,
    "time": 26019.945166999998
  }
}
