{
  "params": {
    "accessPattern": "sequential",
    "accessType": "write",
    "blockSize": 2048,
    "granularity": "page",
    "noflush": true,
    "nonTemporal": false,
    "nthreads": 1,
    "path": "/dev/dax0.0",
    "set-affinity": true,
    "source": "devdax",
    "stripeSize": 8589934592,
    "totalSize": 8589934592
  },
  "results": {
    "IOPS": 2025580.028668283,
    "MIOPS": 2.025580028668283,
    "MiB_per_sec": 3956.2109934927403,
    "addr": 20265803186176,
    "byte_per_sec": 4148387898.7126436,
    "success": true,
    "time": 2070.668125
  }
}
