{
  "params": {
    "accessPattern": "sequential",
    "accessType": "write",
    "blockSize": 8192,
    "granularity": "page",
    "noflush": true,
    "nonTemporal": false,
    "nthreads": 48,
    "path": "/dev/dax0.0",
    "set-affinity": true,
    "source": "devdax",
    "stripeSize": 412316860416,
    "totalSize": 412316860416
  },
  "results": {
    "IOPS": 1986766.3041994271,
    "MIOPS": 1.9867663041994272,
    "MiB_per_sec": 15521.611751558024,
    "addr": 21223580893184,
    "byte_per_sec": 16275589564.001707,
    "success": true,
    "time": 25333.451596
  }
}
