{
  "params": {
    "accessPattern": "sequential",
    "accessType": "write",
    "blockSize": 131072,
    "granularity": "page",
    "noflush": true,
    "nonTemporal": false,
    "nthreads": 32,
    "path": "/dev/dax0.0",
    "set-affinity": true,
    "source": "devdax",
    "stripeSize": 274877906944,
    "totalSize": 274877906944
  },
  "results": {
    "IOPS": 125536.1844043932,
    "MIOPS": 0.1255361844043932,
    "MiB_per_sec": 15692.02305054915,
    "addr": 20351702532096,
    "byte_per_sec": 16454278762.252626,
    "success": true,
    "time": 16705.557923
  }
}
