{
  "params": {
    "accessPattern": "sequential",
    "accessType": "write",
    "blockSize": 8192,
    "granularity": "page",
    "noflush": true,
    "nonTemporal": false,
    "nthreads": 48,
    "path": "/dev/dax0.0",
    "set-affinity": true,
    "source": "devdax",
    "stripeSize": 412316860416,
    "totalSize": 412316860416
  },
  "results": {
    "IOPS": 1999634.0893523672,
    "MIOPS": 1.9996340893523672,
    "MiB_per_sec": 15622.141323065369,
    "addr": 21100100583424,
    "byte_per_sec": 16381002459.974592,
    "success": true,
    "time": 25170.429064
  }
}
