{
  "params": {
    "accessPattern": "sequential",
    "accessType": "write",
    "blockSize": 512,
    "granularity": "page",
    "noflush": true,
    "nonTemporal": false,
    "nthreads": 16,
    "path": "/dev/dax0.0",
    "set-affinity": true,
    "source": "devdax",
    "stripeSize": 137438953472,
    "totalSize": 137438953472
  },
  "results": {
    "IOPS": 32301998.643141713,
    "MIOPS": 32.301998643141715,
    "MiB_per_sec": 15772.46027497154,
    "addr": 20959440404480,
    "byte_per_sec": 16538623305.288557,
    "success": true,
    "time": 8310.181019
  }
}
