{
  "params": {
    "accessPattern": "sequential",
    "accessType": "write",
    "blockSize": 32768,
    "granularity": "page",
    "noflush": true,
    "nonTemporal": false,
    "nthreads": 48,
    "path": "/dev/dax0.0",
    "set-affinity": true,
    "source": "devdax",
    "stripeSize": 412316860416,
    "totalSize": 412316860416
  },
  "results": {
    "IOPS": 511020.52756199153,
    "MIOPS": 0.5110205275619916,
    "MiB_per_sec": 15969.391486312235,
    "addr": 21289079144448,
    "byte_per_sec": 16745120647.151339,
    "success": true,
    "time": 24623.104789999998
  }
}
