{
  "params": {
    "accessPattern": "sequential",
    "accessType": "write",
    "blockSize": 1048576,
    "granularity": "page",
    "noflush": true,
    "nonTemporal": false,
    "nthreads": 2,
    "path": "/dev/dax0.0",
    "set-affinity": true,
    "source": "devdax",
    "stripeSize": 17179869184,
    "totalSize": 17179869184
  },
  "results": {
    "IOPS": 6610.665277607081,
    "MIOPS": 0.006610665277607081,
    "MiB_per_sec": 6610.665277607081,
    "addr": 20398947172352,
    "byte_per_sec": 6931784954.132123,
    "success": true,
    "time": 2478.419238
  }
}
