{
  "params": {
    "version": "0.2.0",
    "source": "devdax",
    "path": "/dev/dax0.1",
    "nthreads": 16,
    "nsegments": 1,
    "stripeSize": 137438953472,
    "blockSize": 1024,
    "paddingSize": 4096,
    "totalSize": 137438953472,
    "extentSize": 137439019008,
    "accessType": "read",
    "accessPattern": "random",
    "granularity": "page",
    "nonTemporal": true,
    "noflush": false,
    "set-affinity": true
  },
  "results": {
    "success": true,
    "time": 11357.284294,
    "byte_per_sec": 12101392367.593401,
    "MiB_per_sec": 11540.787093728448,
    "IOPS": 11817765.98397793,
    "MIOPS": 11.81776598397793,
    "addr": 139656230338560
  }
}
