{
  "params": {
    "version": "0.2.0",
    "source": "devdax",
    "path": "/dev/dax0.1",
    "nthreads": 8,
    "nsegments": 1,
    "stripeSize": 68719476736,
    "blockSize": 512,
    "paddingSize": 4096,
    "totalSize": 68719476736,
    "extentSize": 68719509504,
    "accessType": "read",
    "accessPattern": "random",
    "granularity": "page",
    "nonTemporal": true,
    "noflush": false,
    "set-affinity": true
  },
  "results": {
    "success": true,
    "time": 8935.318141,
    "byte_per_sec": 7690770004.111934,
    "MiB_per_sec": 7334.489826309141,
    "IOPS": 15021035.16428112,
    "MIOPS": 15.02103516428112,
    "addr": 140309065367552
  }
}
