{
  "params": {
    "version": "0.2.0",
    "source": "devdax",
    "path": "/dev/dax0.1",
    "nthreads": 1,
    "nsegments": 1,
    "stripeSize": 8589934592,
    "blockSize": 64,
    "paddingSize": 4096,
    "totalSize": 8589934592,
    "extentSize": 8589938688,
    "accessType": "read",
    "accessPattern": "random",
    "granularity": "page",
    "nonTemporal": false,
    "noflush": true,
    "set-affinity": true
  },
  "results": {
    "success": true,
    "time": 28827.929963,
    "byte_per_sec": 297972646.77085686,
    "MiB_per_sec": 284.1688602169579,
    "IOPS": 4655822.605794638,
    "MIOPS": 4.655822605794638,
    "addr": 140200617443328
  }
}
