{
  "params": {
    "version": "0.2.0",
    "source": "devdax",
    "path": "/dev/dax0.1",
    "nthreads": 4,
    "nsegments": 1,
    "stripeSize": 34359738368,
    "blockSize": 1024,
    "paddingSize": 4096,
    "totalSize": 34359738368,
    "extentSize": 34359754752,
    "accessType": "read",
    "accessPattern": "random",
    "granularity": "page",
    "nonTemporal": false,
    "noflush": true,
    "set-affinity": true
  },
  "results": {
    "success": true,
    "time": 4641.87754,
    "byte_per_sec": 7402120816.827925,
    "MiB_per_sec": 7059.212509944844,
    "IOPS": 7228633.61018352,
    "MIOPS": 7.22863361018352,
    "addr": 139741055942656
  }
}
