{
  "params": {
    "version": "0.2.0",
    "source": "devdax",
    "path": "/dev/dax0.1",
    "nthreads": 2,
    "nsegments": 1,
    "stripeSize": 17179869184,
    "blockSize": 512,
    "paddingSize": 4096,
    "totalSize": 17179869184,
    "extentSize": 17179877376,
    "accessType": "read",
    "accessPattern": "random",
    "granularity": "page",
    "nonTemporal": true,
    "noflush": false,
    "set-affinity": true
  },
  "results": {
    "success": true,
    "time": 8014.994385,
    "byte_per_sec": 2143466153.4076672,
    "MiB_per_sec": 2044.1686185909912,
    "IOPS": 4186457.33087435,
    "MIOPS": 4.18645733087435,
    "addr": 139568183508992
  }
}
