{
  "params": {
    "version": "0.2.0",
    "source": "devdax",
    "path": "/dev/dax0.1",
    "nthreads": 8,
    "nsegments": 1,
    "stripeSize": 68719476736,
    "blockSize": 2048,
    "paddingSize": 4096,
    "totalSize": 68719476736,
    "extentSize": 68719509504,
    "accessType": "read",
    "accessPattern": "random",
    "granularity": "page",
    "nonTemporal": false,
    "noflush": true,
    "set-affinity": true
  },
  "results": {
    "success": true,
    "time": 4007.0005240000005,
    "byte_per_sec": 17149854691.65863,
    "MiB_per_sec": 16355.375949534064,
    "IOPS": 8373952.486161441,
    "MIOPS": 8.373952486161441,
    "addr": 139458661842944
  }
}
