{
  "params": {
    "version": "0.2.0",
    "source": "devdax",
    "path": "/dev/dax0.1",
    "nthreads": 8,
    "nsegments": 1,
    "stripeSize": 68719476736,
    "blockSize": 256,
    "paddingSize": 4096,
    "totalSize": 68719476736,
    "extentSize": 68719509504,
    "accessType": "read",
    "accessPattern": "random",
    "granularity": "page",
    "nonTemporal": true,
    "noflush": false,
    "set-affinity": true
  },
  "results": {
    "success": true,
    "time": 14002.726468,
    "byte_per_sec": 4907578312.912311,
    "MiB_per_sec": 4680.2313927767855,
    "IOPS": 19170227.784813713,
    "MIOPS": 19.170227784813715,
    "addr": 140161962737664
  }
}
