{
  "params": {
    "version": "0.2.0",
    "source": "devdax",
    "path": "/dev/dax0.1",
    "nthreads": 2,
    "nsegments": 1,
    "stripeSize": 17179869184,
    "blockSize": 524288,
    "paddingSize": 4096,
    "totalSize": 17179869184,
    "extentSize": 17179877376,
    "accessType": "read",
    "accessPattern": "random",
    "granularity": "page",
    "nonTemporal": false,
    "noflush": true,
    "set-affinity": true
  },
  "results": {
    "success": true,
    "time": 2384.987538,
    "byte_per_sec": 7203337086.786908,
    "MiB_per_sec": 6869.637572085293,
    "IOPS": 13739.275144170586,
    "MIOPS": 0.013739275144170586,
    "addr": 139614354407424
  }
}
