{
  "params": {
    "version": "0.2.0",
    "source": "devdax",
    "path": "/dev/dax0.1",
    "nthreads": 2,
    "nsegments": 1,
    "stripeSize": 17179869184,
    "blockSize": 16384,
    "paddingSize": 4096,
    "totalSize": 17179869184,
    "extentSize": 17179877376,
    "accessType": "read",
    "accessPattern": "random",
    "granularity": "page",
    "nonTemporal": true,
    "noflush": false,
    "set-affinity": true
  },
  "results": {
    "success": true,
    "time": 3272.427729,
    "byte_per_sec": 5249884980.423964,
    "MiB_per_sec": 5006.680469917263,
    "IOPS": 320427.5500747048,
    "MIOPS": 0.3204275500747048,
    "addr": 139437187006464
  }
}
