{
  "params": {
    "version": "0.2.0",
    "source": "devdax",
    "path": "/dev/dax0.1",
    "nthreads": 16,
    "nsegments": 1,
    "stripeSize": 137438953472,
    "blockSize": 1048576,
    "paddingSize": 4096,
    "totalSize": 137438953472,
    "extentSize": 137439019008,
    "accessType": "read",
    "accessPattern": "random",
    "granularity": "page",
    "nonTemporal": true,
    "noflush": false,
    "set-affinity": true
  },
  "results": {
    "success": true,
    "time": 5489.523239,
    "byte_per_sec": 25036591974.977516,
    "MiB_per_sec": 23876.754736878887,
    "IOPS": 23876.754736878887,
    "MIOPS": 0.023876754736878888,
    "addr": 139768973230080
  }
}
