{
  "params": {
    "version": "0.2.0",
    "source": "devdax",
    "path": "/dev/dax0.1",
    "nthreads": 16,
    "nsegments": 1,
    "stripeSize": 137438953472,
    "blockSize": 1024,
    "paddingSize": 4096,
    "totalSize": 137438953472,
    "extentSize": 137439019008,
    "accessType": "read",
    "accessPattern": "random",
    "granularity": "page",
    "nonTemporal": true,
    "noflush": false,
    "set-affinity": true
  },
  "results": {
    "success": true,
    "time": 10830.525709,
    "byte_per_sec": 12689961426.137455,
    "MiB_per_sec": 12102.090288293319,
    "IOPS": 12392540.455212358,
    "MIOPS": 12.392540455212359,
    "addr": 139722802331648
  }
}
