{
  "params": {
    "version": "0.2.0",
    "source": "devdax",
    "path": "/dev/dax0.1",
    "nthreads": 2,
    "nsegments": 1,
    "stripeSize": 17179869184,
    "blockSize": 32768,
    "paddingSize": 4096,
    "totalSize": 17179869184,
    "extentSize": 17179877376,
    "accessType": "read",
    "accessPattern": "random",
    "granularity": "page",
    "nonTemporal": false,
    "noflush": true,
    "set-affinity": true
  },
  "results": {
    "success": true,
    "time": 2374.580983,
    "byte_per_sec": 7234905571.548578,
    "MiB_per_sec": 6899.74362521036,
    "IOPS": 220791.7960067315,
    "MIOPS": 0.22079179600673152,
    "addr": 139572478476288
  }
}
