{
  "params": {
    "version": "0.2.0",
    "source": "devdax",
    "path": "/dev/dax0.1",
    "nthreads": 8,
    "nsegments": 1,
    "stripeSize": 68719476736,
    "blockSize": 16384,
    "paddingSize": 4096,
    "totalSize": 68719476736,
    "extentSize": 68719509504,
    "accessType": "read",
    "accessPattern": "random",
    "granularity": "page",
    "nonTemporal": true,
    "noflush": false,
    "set-affinity": true
  },
  "results": {
    "success": true,
    "time": 4268.984083,
    "byte_per_sec": 16097384155.086342,
    "MiB_per_sec": 15351.661830030767,
    "IOPS": 982506.3571219691,
    "MIOPS": 0.9825063571219691,
    "addr": 139464030552064
  }
}
