{
  "params": {
    "version": "0.2.0",
    "source": "devdax",
    "path": "/dev/dax0.1",
    "nthreads": 4,
    "nsegments": 1,
    "stripeSize": 34359738368,
    "blockSize": 262144,
    "paddingSize": 4096,
    "totalSize": 34359738368,
    "extentSize": 34359754752,
    "accessType": "read",
    "accessPattern": "random",
    "granularity": "page",
    "nonTemporal": true,
    "noflush": false,
    "set-affinity": true
  },
  "results": {
    "success": true,
    "time": 3483.6928199999998,
    "byte_per_sec": 9863021840.140314,
    "MiB_per_sec": 9406.110611095728,
    "IOPS": 37624.44244438291,
    "MIOPS": 0.03762444244438291,
    "addr": 140111496871936
  }
}
