{
  "params": {
    "version": "0.2.0",
    "source": "devdax",
    "path": "/dev/dax0.1",
    "nthreads": 16,
    "nsegments": 1,
    "stripeSize": 137438953472,
    "blockSize": 64,
    "paddingSize": 4096,
    "totalSize": 137438953472,
    "extentSize": 137439019008,
    "accessType": "read",
    "accessPattern": "random",
    "granularity": "page",
    "nonTemporal": false,
    "noflush": true,
    "set-affinity": true
  },
  "results": {
    "success": true,
    "time": 33250.316632999995,
    "byte_per_sec": 4133462997.9311457,
    "MiB_per_sec": 3941.977498942514,
    "IOPS": 64585359.34267415,
    "MIOPS": 64.58535934267415,
    "addr": 140045998620672
  }
}
