{
  "params": {
    "version": "0.2.0",
    "source": "devdax",
    "path": "/dev/dax0.1",
    "nthreads": 16,
    "nsegments": 1,
    "stripeSize": 137438953472,
    "blockSize": 512,
    "paddingSize": 4096,
    "totalSize": 137438953472,
    "extentSize": 137439019008,
    "accessType": "read",
    "accessPattern": "random",
    "granularity": "page",
    "nonTemporal": true,
    "noflush": false,
    "set-affinity": true
  },
  "results": {
    "success": true,
    "time": 12718.604404,
    "byte_per_sec": 10806134785.41525,
    "MiB_per_sec": 10305.533204474688,
    "IOPS": 21105732.00276416,
    "MIOPS": 21.10573200276416,
    "addr": 139836618964992
  }
}
