{
  "params": {
    "version": "0.2.0",
    "source": "devdax",
    "path": "/dev/dax0.1",
    "nthreads": 8,
    "nsegments": 1,
    "stripeSize": 68719476736,
    "blockSize": 32768,
    "paddingSize": 4096,
    "totalSize": 68719476736,
    "extentSize": 68719509504,
    "accessType": "read",
    "accessPattern": "random",
    "granularity": "page",
    "nonTemporal": false,
    "noflush": true,
    "set-affinity": true
  },
  "results": {
    "success": true,
    "time": 2926.812205,
    "byte_per_sec": 23479291434.757427,
    "MiB_per_sec": 22391.59720874541,
    "IOPS": 716531.1106798531,
    "MIOPS": 0.7165311106798531,
    "addr": 140176995123200
  }
}
