{
  "params": {
    "version": "0.2.0",
    "source": "devdax",
    "path": "/dev/dax0.1",
    "nthreads": 1,
    "nsegments": 1,
    "stripeSize": 8589934592,
    "blockSize": 1024,
    "paddingSize": 4096,
    "totalSize": 8589934592,
    "extentSize": 8589938688,
    "accessType": "read",
    "accessPattern": "random",
    "granularity": "page",
    "nonTemporal": true,
    "noflush": false,
    "set-affinity": true
  },
  "results": {
    "success": true,
    "time": 5584.683765000001,
    "byte_per_sec": 1538123724.360962,
    "MiB_per_sec": 1466.8690913781757,
    "IOPS": 1502073.9495712519,
    "MIOPS": 1.5020739495712518,
    "addr": 139499464032256
  }
}
