{
  "params": {
    "version": "0.2.0",
    "source": "devdax",
    "path": "/dev/dax0.1",
    "nthreads": 8,
    "nsegments": 1,
    "stripeSize": 68719476736,
    "blockSize": 524288,
    "paddingSize": 4096,
    "totalSize": 68719476736,
    "extentSize": 68719509504,
    "accessType": "read",
    "accessPattern": "random",
    "granularity": "page",
    "nonTemporal": false,
    "noflush": true,
    "set-affinity": true
  },
  "results": {
    "success": true,
    "time": 2769.039863,
    "byte_per_sec": 24817077447.757927,
    "MiB_per_sec": 23667.409370191504,
    "IOPS": 47334.81874038301,
    "MIOPS": 0.047334818740383006,
    "addr": 139420007137280
  }
}
