{
  "params": {
    "version": "0.2.0",
    "source": "devdax",
    "path": "/dev/dax0.1",
    "nthreads": 8,
    "nsegments": 1,
    "stripeSize": 68719476736,
    "blockSize": 524288,
    "paddingSize": 4096,
    "totalSize": 68719476736,
    "extentSize": 68719509504,
    "accessType": "read",
    "accessPattern": "random",
    "granularity": "page",
    "nonTemporal": false,
    "noflush": true,
    "set-affinity": true
  },
  "results": {
    "success": true,
    "time": 2777.755674,
    "byte_per_sec": 24739208483.748024,
    "MiB_per_sec": 23593.147739170097,
    "IOPS": 47186.295478340195,
    "MIOPS": 0.0471862954783402,
    "addr": 139226733608960
  }
}
