{
  "params": {
    "version": "0.2.0",
    "source": "devdax",
    "path": "/dev/dax0.1",
    "nthreads": 8,
    "nsegments": 1,
    "stripeSize": 68719476736,
    "blockSize": 256,
    "paddingSize": 4096,
    "totalSize": 68719476736,
    "extentSize": 68719509504,
    "accessType": "read",
    "accessPattern": "random",
    "granularity": "page",
    "nonTemporal": false,
    "noflush": true,
    "set-affinity": true
  },
  "results": {
    "success": true,
    "time": 9157.993387999999,
    "byte_per_sec": 7503770075.445266,
    "MiB_per_sec": 7156.152797169939,
    "IOPS": 29311601.85720807,
    "MIOPS": 29.311601857208068,
    "addr": 140184511315968
  }
}
