{
  "params": {
    "version": "0.2.0",
    "source": "devdax",
    "path": "/dev/dax0.1",
    "nthreads": 2,
    "nsegments": 1,
    "stripeSize": 17179869184,
    "blockSize": 262144,
    "paddingSize": 4096,
    "totalSize": 17179869184,
    "extentSize": 17179877376,
    "accessType": "read",
    "accessPattern": "random",
    "granularity": "page",
    "nonTemporal": true,
    "noflush": false,
    "set-affinity": true
  },
  "results": {
    "success": true,
    "time": 3200.1517320000003,
    "byte_per_sec": 5368454568.016089,
    "MiB_per_sec": 5119.757240310754,
    "IOPS": 20479.028961243017,
    "MIOPS": 0.020479028961243016,
    "addr": 139626165567488
  }
}
