{
  "params": {
    "version": "0.2.0",
    "source": "devdax",
    "path": "/dev/dax0.1",
    "nthreads": 1,
    "nsegments": 1,
    "stripeSize": 8589934592,
    "blockSize": 524288,
    "paddingSize": 4096,
    "totalSize": 8589934592,
    "extentSize": 8589938688,
    "accessType": "read",
    "accessPattern": "random",
    "granularity": "page",
    "nonTemporal": true,
    "noflush": false,
    "set-affinity": true
  },
  "results": {
    "success": true,
    "time": 3049.948911,
    "byte_per_sec": 2816419173.7833343,
    "MiB_per_sec": 2685.9466302712767,
    "IOPS": 5371.893260542553,
    "MIOPS": 0.005371893260542554,
    "addr": 139558519832576
  }
}
