{
  "params": {
    "version": "0.2.0",
    "source": "devdax",
    "path": "/dev/dax0.1",
    "nthreads": 8,
    "nsegments": 1,
    "stripeSize": 68719476736,
    "blockSize": 131072,
    "paddingSize": 4096,
    "totalSize": 68719476736,
    "extentSize": 68719509504,
    "accessType": "read",
    "accessPattern": "random",
    "granularity": "page",
    "nonTemporal": false,
    "noflush": true,
    "set-affinity": true
  },
  "results": {
    "success": true,
    "time": 3046.703506,
    "byte_per_sec": 22555354205.182053,
    "MiB_per_sec": 21510.46200292783,
    "IOPS": 172083.69602342264,
    "MIOPS": 0.17208369602342263,
    "addr": 139969762951168
  }
}
