{
  "params": {
    "version": "0.2.0",
    "source": "devdax",
    "path": "/dev/dax0.1",
    "nthreads": 2,
    "nsegments": 1,
    "stripeSize": 17179869184,
    "blockSize": 512,
    "paddingSize": 4096,
    "totalSize": 17179869184,
    "extentSize": 17179877376,
    "accessType": "read",
    "accessPattern": "random",
    "granularity": "page",
    "nonTemporal": false,
    "noflush": true,
    "set-affinity": true
  },
  "results": {
    "success": true,
    "time": 5636.780221,
    "byte_per_sec": 3047816042.2142878,
    "MiB_per_sec": 2906.6238805907133,
    "IOPS": 5952765.707449781,
    "MIOPS": 5.952765707449781,
    "addr": 140154446544896
  }
}
