{
  "params": {
    "version": "0.2.0",
    "source": "devdax",
    "path": "/dev/dax0.1",
    "nthreads": 2,
    "nsegments": 1,
    "stripeSize": 17179869184,
    "blockSize": 65536,
    "paddingSize": 4096,
    "totalSize": 17179869184,
    "extentSize": 17179877376,
    "accessType": "read",
    "accessPattern": "random",
    "granularity": "page",
    "nonTemporal": false,
    "noflush": true,
    "set-affinity": true
  },
  "results": {
    "success": true,
    "time": 2348.261979,
    "byte_per_sec": 7315993418.807552,
    "MiB_per_sec": 6977.075022513916,
    "IOPS": 111633.20036022266,
    "MIOPS": 0.11163320036022266,
    "addr": 140001975205888
  }
}
