{
  "params": {
    "version": "0.2.0",
    "source": "devdax",
    "path": "/dev/dax0.1",
    "nthreads": 16,
    "nsegments": 1,
    "stripeSize": 137438953472,
    "blockSize": 16384,
    "paddingSize": 4096,
    "totalSize": 137438953472,
    "extentSize": 137439019008,
    "accessType": "read",
    "accessPattern": "random",
    "granularity": "page",
    "nonTemporal": true,
    "noflush": false,
    "set-affinity": true
  },
  "results": {
    "success": true,
    "time": 6242.041201,
    "byte_per_sec": 22018270794.172543,
    "MiB_per_sec": 20998.2593480802,
    "IOPS": 1343888.5982771327,
    "MIOPS": 1.3438885982771327,
    "addr": 140289738014720
  }
}
