{
  "params": {
    "version": "0.2.0",
    "source": "devdax",
    "path": "/dev/dax0.1",
    "nthreads": 2,
    "nsegments": 1,
    "stripeSize": 17179869184,
    "blockSize": 256,
    "paddingSize": 4096,
    "totalSize": 17179869184,
    "extentSize": 17179877376,
    "accessType": "read",
    "accessPattern": "random",
    "granularity": "page",
    "nonTemporal": false,
    "noflush": true,
    "set-affinity": true
  },
  "results": {
    "success": true,
    "time": 8836.205248,
    "byte_per_sec": 1944258728.9253514,
    "MiB_per_sec": 1854.189614224769,
    "IOPS": 7594760.659864654,
    "MIOPS": 7.5947606598646535,
    "addr": 140281148080128
  }
}
