{
  "params": {
    "version": "0.2.0",
    "source": "devdax",
    "path": "/dev/dax0.1",
    "nthreads": 16,
    "nsegments": 1,
    "stripeSize": 137438953472,
    "blockSize": 262144,
    "paddingSize": 4096,
    "totalSize": 137438953472,
    "extentSize": 137439019008,
    "accessType": "read",
    "accessPattern": "random",
    "granularity": "page",
    "nonTemporal": false,
    "noflush": true,
    "set-affinity": true
  },
  "results": {
    "success": true,
    "time": 3835.224001,
    "byte_per_sec": 35835965105.60114,
    "MiB_per_sec": 34175.8395248424,
    "IOPS": 136703.3580993696,
    "MIOPS": 0.1367033580993696,
    "addr": 139356656369664
  }
}
