{
  "params": {
    "version": "0.2.0",
    "source": "devdax",
    "path": "/dev/dax0.1",
    "nthreads": 2,
    "nsegments": 1,
    "stripeSize": 17179869184,
    "blockSize": 32768,
    "paddingSize": 4096,
    "totalSize": 17179869184,
    "extentSize": 17179877376,
    "accessType": "read",
    "accessPattern": "random",
    "granularity": "page",
    "nonTemporal": true,
    "noflush": false,
    "set-affinity": true
  },
  "results": {
    "success": true,
    "time": 3250.13347,
    "byte_per_sec": 5285896515.505254,
    "MiB_per_sec": 5041.023746018652,
    "IOPS": 161312.75987259686,
    "MIOPS": 0.16131275987259686,
    "addr": 139801185484800
  }
}
