{
  "params": {
    "version": "0.2.0",
    "source": "devdax",
    "path": "/dev/dax0.1",
    "nthreads": 4,
    "nsegments": 1,
    "stripeSize": 34359738368,
    "blockSize": 256,
    "paddingSize": 4096,
    "totalSize": 34359738368,
    "extentSize": 34359754752,
    "accessType": "read",
    "accessPattern": "random",
    "granularity": "page",
    "nonTemporal": false,
    "noflush": true,
    "set-affinity": true
  },
  "results": {
    "success": true,
    "time": 8951.901842,
    "byte_per_sec": 3838261296.252493,
    "MiB_per_sec": 3660.451217892163,
    "IOPS": 14993208.1884863,
    "MIOPS": 14.9932081884863,
    "addr": 139843061415936
  }
}
