{
  "params": {
    "version": "0.2.0",
    "source": "devdax",
    "path": "/dev/dax0.1",
    "nthreads": 2,
    "nsegments": 1,
    "stripeSize": 17179869184,
    "blockSize": 64,
    "paddingSize": 4096,
    "totalSize": 17179869184,
    "extentSize": 17179877376,
    "accessType": "read",
    "accessPattern": "random",
    "granularity": "page",
    "nonTemporal": false,
    "noflush": true,
    "set-affinity": true
  },
  "results": {
    "success": true,
    "time": 29194.287682,
    "byte_per_sec": 588466804.5726084,
    "MiB_per_sec": 561.2056775785526,
    "IOPS": 9194793.821447005,
    "MIOPS": 9.194793821447005,
    "addr": 139277199474688
  }
}
