{
  "params": {
    "version": "0.2.0",
    "source": "devdax",
    "path": "/dev/dax0.1",
    "nthreads": 1,
    "nsegments": 1,
    "stripeSize": 8589934592,
    "blockSize": 131072,
    "paddingSize": 4096,
    "totalSize": 8589934592,
    "extentSize": 8589938688,
    "accessType": "read",
    "accessPattern": "random",
    "granularity": "page",
    "nonTemporal": false,
    "noflush": true,
    "set-affinity": true
  },
  "results": {
    "success": true,
    "time": 2310.148685,
    "byte_per_sec": 3718347069.0762053,
    "MiB_per_sec": 3546.0920992624333,
    "IOPS": 28368.736794099466,
    "MIOPS": 0.028368736794099465,
    "addr": 139767899488256
  }
}
