{
  "params": {
    "version": "0.2.0",
    "source": "devdax",
    "path": "/dev/dax0.1",
    "nthreads": 1,
    "nsegments": 1,
    "stripeSize": 8589934592,
    "blockSize": 131072,
    "paddingSize": 4096,
    "totalSize": 8589934592,
    "extentSize": 8589938688,
    "accessType": "read",
    "accessPattern": "random",
    "granularity": "page",
    "nonTemporal": false,
    "noflush": true,
    "set-affinity": true
  },
  "results": {
    "success": true,
    "time": 2330.975278,
    "byte_per_sec": 3685124708.559865,
    "MiB_per_sec": 3514.4087873076105,
    "IOPS": 28115.270298460884,
    "MIOPS": 0.028115270298460886,
    "addr": 139784005615616
  }
}
