{
  "params": {
    "version": "0.2.0",
    "source": "devdax",
    "path": "/dev/dax0.1",
    "nthreads": 8,
    "nsegments": 1,
    "stripeSize": 68719476736,
    "blockSize": 512,
    "paddingSize": 4096,
    "totalSize": 68719476736,
    "extentSize": 68719509504,
    "accessType": "read",
    "accessPattern": "random",
    "granularity": "page",
    "nonTemporal": false,
    "noflush": true,
    "set-affinity": true
  },
  "results": {
    "success": true,
    "time": 5966.626808,
    "byte_per_sec": 11517307676.06607,
    "MiB_per_sec": 10983.760524812766,
    "IOPS": 22494741.554816544,
    "MIOPS": 22.494741554816542,
    "addr": 139873126187008
  }
}
