{
  "params": {
    "version": "0.2.0",
    "source": "devdax",
    "path": "/dev/dax0.1",
    "nthreads": 8,
    "nsegments": 1,
    "stripeSize": 68719476736,
    "blockSize": 262144,
    "paddingSize": 4096,
    "totalSize": 68719476736,
    "extentSize": 68719509504,
    "accessType": "read",
    "accessPattern": "random",
    "granularity": "page",
    "nonTemporal": false,
    "noflush": true,
    "set-affinity": true
  },
  "results": {
    "success": true,
    "time": 2718.3851790000003,
    "byte_per_sec": 25279521558.191956,
    "MiB_per_sec": 24108.430441085773,
    "IOPS": 96433.72176434309,
    "MIOPS": 0.09643372176434309,
    "addr": 139721728589824
  }
}
