{
  "params": {
    "version": "0.2.0",
    "source": "devdax",
    "path": "/dev/dax0.1",
    "nthreads": 16,
    "nsegments": 1,
    "stripeSize": 137438953472,
    "blockSize": 65536,
    "paddingSize": 4096,
    "totalSize": 137438953472,
    "extentSize": 137439019008,
    "accessType": "read",
    "accessPattern": "random",
    "granularity": "page",
    "nonTemporal": true,
    "noflush": false,
    "set-affinity": true
  },
  "results": {
    "success": true,
    "time": 5795.068253,
    "byte_per_sec": 23716537488.725933,
    "MiB_per_sec": 22617.852677083905,
    "IOPS": 361885.6428333425,
    "MIOPS": 0.36188564283334246,
    "addr": 140218871054336
  }
}
