{
  "params": {
    "version": "0.2.0",
    "source": "devdax",
    "path": "/dev/dax0.1",
    "nthreads": 2,
    "nsegments": 1,
    "stripeSize": 17179869184,
    "blockSize": 8192,
    "paddingSize": 4096,
    "totalSize": 17179869184,
    "extentSize": 17179877376,
    "accessType": "read",
    "accessPattern": "sequential",
    "granularity": "page",
    "nonTemporal": true,
    "noflush": false,
    "set-affinity": true
  },
  "results": {
    "success": true,
    "time": 3283.187981,
    "byte_per_sec": 5232679116.584521,
    "MiB_per_sec": 4990.2716794820035,
    "IOPS": 638754.7749736964,
    "MIOPS": 0.6387547749736965,
    "addr": 139585363378176
  }
}
