{
  "params": {
    "version": "0.2.0",
    "source": "devdax",
    "path": "/dev/dax0.1",
    "nthreads": 8,
    "nsegments": 1,
    "stripeSize": 68719476736,
    "blockSize": 1048576,
    "paddingSize": 4096,
    "totalSize": 68719476736,
    "extentSize": 68719509504,
    "accessType": "read",
    "accessPattern": "sequential",
    "granularity": "page",
    "nonTemporal": false,
    "noflush": true,
    "set-affinity": true
  },
  "results": {
    "success": true,
    "time": 2871.345191,
    "byte_per_sec": 23932851038.38983,
    "MiB_per_sec": 22824.145353689033,
    "IOPS": 22824.145353689033,
    "MIOPS": 0.022824145353689033,
    "addr": 139767899488256
  }
}
