{
  "params": {
    "version": "0.2.0",
    "source": "devdax",
    "path": "/dev/dax0.1",
    "nthreads": 4,
    "nsegments": 1,
    "stripeSize": 34359738368,
    "blockSize": 2048,
    "paddingSize": 4096,
    "totalSize": 34359738368,
    "extentSize": 34359754752,
    "accessType": "read",
    "accessPattern": "sequential",
    "granularity": "page",
    "nonTemporal": true,
    "noflush": false,
    "set-affinity": true
  },
  "results": {
    "success": true,
    "time": 3894.059643,
    "byte_per_sec": 8823629198.840189,
    "MiB_per_sec": 8414.868544426145,
    "IOPS": 4308412.694746186,
    "MIOPS": 4.308412694746186,
    "addr": 140072842166272
  }
}
