{
  "params": {
    "version": "0.2.0",
    "source": "devdax",
    "path": "/dev/dax0.1",
    "nthreads": 2,
    "nsegments": 1,
    "stripeSize": 17179869184,
    "blockSize": 16384,
    "paddingSize": 4096,
    "totalSize": 17179869184,
    "extentSize": 17179877376,
    "accessType": "read",
    "accessPattern": "sequential",
    "granularity": "page",
    "nonTemporal": false,
    "noflush": true,
    "set-affinity": true
  },
  "results": {
    "success": true,
    "time": 2315.494787,
    "byte_per_sec": 7419524017.265689,
    "MiB_per_sec": 7075.80949522561,
    "IOPS": 452851.807694439,
    "MIOPS": 0.452851807694439,
    "addr": 140032039976960
  }
}
