{
  "params": {
    "version": "0.2.0",
    "source": "devdax",
    "path": "/dev/dax0.1",
    "nthreads": 8,
    "nsegments": 1,
    "stripeSize": 68719476736,
    "blockSize": 1048576,
    "paddingSize": 4096,
    "totalSize": 68719476736,
    "extentSize": 68719509504,
    "accessType": "read",
    "accessPattern": "sequential",
    "granularity": "page",
    "nonTemporal": true,
    "noflush": false,
    "set-affinity": true
  },
  "results": {
    "success": true,
    "time": 4033.809788,
    "byte_per_sec": 17035874358.882883,
    "MiB_per_sec": 16246.675833590396,
    "IOPS": 16246.675833590396,
    "MIOPS": 0.016246675833590397,
    "addr": 140146930352128
  }
}
