{
  "params": {
    "version": "0.2.0",
    "source": "devdax",
    "path": "/dev/dax0.1",
    "nthreads": 2,
    "nsegments": 1,
    "stripeSize": 17179869184,
    "blockSize": 32768,
    "paddingSize": 4096,
    "totalSize": 17179869184,
    "extentSize": 17179877376,
    "accessType": "read",
    "accessPattern": "sequential",
    "granularity": "page",
    "nonTemporal": true,
    "noflush": false,
    "set-affinity": true
  },
  "results": {
    "success": true,
    "time": 3258.54878,
    "byte_per_sec": 5272245512.9243145,
    "MiB_per_sec": 5028.0051354640145,
    "IOPS": 160896.16433484846,
    "MIOPS": 0.16089616433484846,
    "addr": 140057809780736
  }
}
