{
  "params": {
    "version": "0.2.0",
    "source": "devdax",
    "path": "/dev/dax0.1",
    "nthreads": 8,
    "nsegments": 1,
    "stripeSize": 68719476736,
    "blockSize": 1024,
    "paddingSize": 4096,
    "totalSize": 68719476736,
    "extentSize": 68719509504,
    "accessType": "read",
    "accessPattern": "sequential",
    "granularity": "page",
    "nonTemporal": false,
    "noflush": true,
    "set-affinity": true
  },
  "results": {
    "success": true,
    "time": 2892.881714,
    "byte_per_sec": 23754679081.220116,
    "MiB_per_sec": 22654.22733423244,
    "IOPS": 23197928.79025402,
    "MIOPS": 23.197928790254018,
    "addr": 139894601023488
  }
}
