{
  "params": {
    "version": "0.2.0",
    "source": "devdax",
    "path": "/dev/dax0.1",
    "nthreads": 2,
    "nsegments": 1,
    "stripeSize": 17179869184,
    "blockSize": 131072,
    "paddingSize": 4096,
    "totalSize": 17179869184,
    "extentSize": 17179877376,
    "accessType": "read",
    "accessPattern": "sequential",
    "granularity": "page",
    "nonTemporal": false,
    "noflush": true,
    "set-affinity": true
  },
  "results": {
    "success": true,
    "time": 2389.243733,
    "byte_per_sec": 7190505073.514826,
    "MiB_per_sec": 6857.400010599924,
    "IOPS": 54859.20008479939,
    "MIOPS": 0.054859200084799394,
    "addr": 139821586579456
  }
}
