{
  "params": {
    "version": "0.2.0",
    "source": "devdax",
    "path": "/dev/dax0.1",
    "nthreads": 16,
    "nsegments": 1,
    "stripeSize": 137438953472,
    "blockSize": 1024,
    "paddingSize": 4096,
    "totalSize": 137438953472,
    "extentSize": 137439019008,
    "accessType": "read",
    "accessPattern": "sequential",
    "granularity": "page",
    "nonTemporal": false,
    "noflush": true,
    "set-affinity": true
  },
  "results": {
    "success": true,
    "time": 3834.25101,
    "byte_per_sec": 35845058947.24926,
    "MiB_per_sec": 34184.51208805967,
    "IOPS": 35004940.378173105,
    "MIOPS": 35.0049403781731,
    "addr": 140020228816896
  }
}
