{
  "params": {
    "version": "0.2.0",
    "source": "devdax",
    "path": "/dev/dax0.1",
    "nthreads": 2,
    "nsegments": 1,
    "stripeSize": 17179869184,
    "blockSize": 131072,
    "paddingSize": 4096,
    "totalSize": 17179869184,
    "extentSize": 17179877376,
    "accessType": "read",
    "accessPattern": "sequential",
    "granularity": "page",
    "nonTemporal": false,
    "noflush": true,
    "set-affinity": true
  },
  "results": {
    "success": true,
    "time": 2382.463293,
    "byte_per_sec": 7210969098.443945,
    "MiB_per_sec": 6876.916025585122,
    "IOPS": 55015.328204680976,
    "MIOPS": 0.055015328204680976,
    "addr": 140184511315968
  }
}
