{
  "params": {
    "version": "0.2.0",
    "source": "devdax",
    "path": "/dev/dax0.1",
    "nthreads": 2,
    "nsegments": 1,
    "stripeSize": 17179869184,
    "blockSize": 32768,
    "paddingSize": 4096,
    "totalSize": 17179869184,
    "extentSize": 17179877376,
    "accessType": "read",
    "accessPattern": "sequential",
    "granularity": "page",
    "nonTemporal": true,
    "noflush": false,
    "set-affinity": true
  },
  "results": {
    "success": true,
    "time": 3248.464054,
    "byte_per_sec": 5288612987.065548,
    "MiB_per_sec": 5043.614375176952,
    "IOPS": 161395.66000566247,
    "MIOPS": 0.16139566000566247,
    "addr": 139790448066560
  }
}
