{
  "params": {
    "version": "0.2.0",
    "source": "devdax",
    "path": "/dev/dax0.1",
    "nthreads": 16,
    "nsegments": 1,
    "stripeSize": 137438953472,
    "blockSize": 2048,
    "paddingSize": 4096,
    "totalSize": 137438953472,
    "extentSize": 137439019008,
    "accessType": "read",
    "accessPattern": "sequential",
    "granularity": "page",
    "nonTemporal": false,
    "noflush": true,
    "set-affinity": true
  },
  "results": {
    "success": true,
    "time": 3610.780152,
    "byte_per_sec": 38063506413.11491,
    "MiB_per_sec": 36300.18845855227,
    "IOPS": 18585696.490778763,
    "MIOPS": 18.585696490778762,
    "addr": 139610059440128
  }
}
