{
  "params": {
    "version": "0.2.0",
    "source": "devdax",
    "path": "/dev/dax0.1",
    "nthreads": 8,
    "nsegments": 1,
    "stripeSize": 68719476736,
    "blockSize": 128,
    "paddingSize": 4096,
    "totalSize": 68719476736,
    "extentSize": 68719509504,
    "accessType": "read",
    "accessPattern": "sequential",
    "granularity": "page",
    "nonTemporal": true,
    "noflush": false,
    "set-affinity": true
  },
  "results": {
    "success": true,
    "time": 22879.215108,
    "byte_per_sec": 3003576670.423951,
    "MiB_per_sec": 2864.433927940322,
    "IOPS": 23465442.73768712,
    "MIOPS": 23.46544273768712,
    "addr": 140131897966592
  }
}
