{
  "params": {
    "version": "0.2.0",
    "source": "devdax",
    "path": "/dev/dax0.1",
    "nthreads": 4,
    "nsegments": 1,
    "stripeSize": 34359738368,
    "blockSize": 128,
    "paddingSize": 4096,
    "totalSize": 34359738368,
    "extentSize": 34359754752,
    "accessType": "read",
    "accessPattern": "sequential",
    "granularity": "page",
    "nonTemporal": false,
    "noflush": true,
    "set-affinity": true
  },
  "results": {
    "success": true,
    "time": 2922.639057,
    "byte_per_sec": 11756408402.777327,
    "MiB_per_sec": 11211.78474691136,
    "IOPS": 91846940.64669786,
    "MIOPS": 91.84694064669786,
    "addr": 139532750028800
  }
}
