{
  "params": {
    "version": "0.2.0",
    "source": "devdax",
    "path": "/dev/dax0.1",
    "nthreads": 8,
    "nsegments": 1,
    "stripeSize": 68719476736,
    "blockSize": 1024,
    "paddingSize": 4096,
    "totalSize": 68719476736,
    "extentSize": 68719509504,
    "accessType": "read",
    "accessPattern": "sequential",
    "granularity": "page",
    "nonTemporal": false,
    "noflush": true,
    "set-affinity": true
  },
  "results": {
    "success": true,
    "time": 2891.3329980000003,
    "byte_per_sec": 23767403057.183243,
    "MiB_per_sec": 22666.361863311045,
    "IOPS": 23210354.54803051,
    "MIOPS": 23.210354548030512,
    "addr": 139750719619072
  }
}
