{
  "params": {
    "version": "0.2.0",
    "source": "devdax",
    "path": "/dev/dax0.1",
    "nthreads": 8,
    "nsegments": 1,
    "stripeSize": 68719476736,
    "blockSize": 512,
    "paddingSize": 4096,
    "totalSize": 68719476736,
    "extentSize": 68719509504,
    "accessType": "read",
    "accessPattern": "sequential",
    "granularity": "page",
    "nonTemporal": true,
    "noflush": false,
    "set-affinity": true
  },
  "results": {
    "success": true,
    "time": 7684.631492,
    "byte_per_sec": 8942455706.241692,
    "MiB_per_sec": 8528.190332643215,
    "IOPS": 17465733.801253304,
    "MIOPS": 17.465733801253304,
    "addr": 140261820727296
  }
}
