{
  "params": {
    "version": "0.2.0",
    "source": "devdax",
    "path": "/dev/dax0.1",
    "nthreads": 16,
    "nsegments": 1,
    "stripeSize": 137438953472,
    "blockSize": 1024,
    "paddingSize": 4096,
    "totalSize": 137438953472,
    "extentSize": 137439019008,
    "accessType": "read",
    "accessPattern": "sequential",
    "granularity": "page",
    "nonTemporal": true,
    "noflush": false,
    "set-affinity": true
  },
  "results": {
    "success": true,
    "time": 6124.170916,
    "byte_per_sec": 22442050582.377968,
    "MiB_per_sec": 21402.407247903793,
    "IOPS": 21916065.021853484,
    "MIOPS": 21.916065021853484,
    "addr": 140072842166272
  }
}
