{
  "params": {
    "version": "0.2.0",
    "source": "devdax",
    "path": "/dev/dax0.1",
    "nthreads": 8,
    "nsegments": 1,
    "stripeSize": 68719476736,
    "blockSize": 64,
    "paddingSize": 4096,
    "totalSize": 68719476736,
    "extentSize": 68719509504,
    "accessType": "read",
    "accessPattern": "sequential",
    "granularity": "page",
    "nonTemporal": true,
    "noflush": false,
    "set-affinity": true
  },
  "results": {
    "success": true,
    "time": 27693.672172,
    "byte_per_sec": 2481414393.482985,
    "MiB_per_sec": 2366.461175425515,
    "IOPS": 38772099.89817164,
    "MIOPS": 38.77209989817164,
    "addr": 139739982200832
  }
}
