{
  "params": {
    "version": "0.2.0",
    "source": "devdax",
    "path": "/dev/dax0.1",
    "nthreads": 1,
    "nsegments": 1,
    "stripeSize": 8589934592,
    "blockSize": 64,
    "paddingSize": 4096,
    "totalSize": 8589934592,
    "extentSize": 8589938688,
    "accessType": "read",
    "accessPattern": "sequential",
    "granularity": "page",
    "nonTemporal": false,
    "noflush": true,
    "set-affinity": true
  },
  "results": {
    "success": true,
    "time": 3099.532064,
    "byte_per_sec": 2771364972.077282,
    "MiB_per_sec": 2642.979595258028,
    "IOPS": 43302577.68870753,
    "MIOPS": 43.30257768870753,
    "addr": 139581068410880
  }
}
