{
  "params": {
    "version": "0.2.0",
    "source": "devdax",
    "path": "/dev/dax0.1",
    "nthreads": 1,
    "nsegments": 1,
    "stripeSize": 8589934592,
    "blockSize": 256,
    "paddingSize": 4096,
    "totalSize": 8589934592,
    "extentSize": 8589938688,
    "accessType": "read",
    "accessPattern": "sequential",
    "granularity": "page",
    "nonTemporal": false,
    "noflush": true,
    "set-affinity": true
  },
  "results": {
    "success": true,
    "time": 2428.021525,
    "byte_per_sec": 3537832965.463516,
    "MiB_per_sec": 3373.940434897915,
    "IOPS": 13819660.02134186,
    "MIOPS": 13.81966002134186,
    "addr": 139266462056448
  }
}
