{
  "params": {
    "version": "0.2.0",
    "source": "devdax",
    "path": "/dev/dax0.1",
    "nthreads": 16,
    "nsegments": 1,
    "stripeSize": 137438953472,
    "blockSize": 128,
    "paddingSize": 4096,
    "totalSize": 137438953472,
    "extentSize": 137439019008,
    "accessType": "read",
    "accessPattern": "sequential",
    "granularity": "page",
    "nonTemporal": false,
    "noflush": true,
    "set-affinity": true
  },
  "results": {
    "success": true,
    "time": 4071.314695,
    "byte_per_sec": 33757880136.55378,
    "MiB_per_sec": 32194.02326255205,
    "IOPS": 263733438.5668264,
    "MIOPS": 263.7334385668264,
    "addr": 139950435598336
  }
}
