{
  "params": {
    "version": "0.2.0",
    "source": "devdax",
    "path": "/dev/dax0.1",
    "nthreads": 1,
    "nsegments": 1,
    "stripeSize": 8589934592,
    "blockSize": 524288,
    "paddingSize": 4096,
    "totalSize": 8589934592,
    "extentSize": 8589938688,
    "accessType": "read",
    "accessPattern": "sequential",
    "granularity": "page",
    "nonTemporal": true,
    "noflush": false,
    "set-affinity": true
  },
  "results": {
    "success": true,
    "time": 3064.6279640000002,
    "byte_per_sec": 2802928999.1821012,
    "MiB_per_sec": 2673.081397230245,
    "IOPS": 5346.16279446049,
    "MIOPS": 0.005346162794460489,
    "addr": 139950435598336
  }
}
