{
  "params": {
    "version": "0.2.0",
    "source": "devdax",
    "path": "/dev/dax0.1",
    "nthreads": 2,
    "nsegments": 1,
    "stripeSize": 17179869184,
    "blockSize": 8192,
    "paddingSize": 4096,
    "totalSize": 17179869184,
    "extentSize": 17179877376,
    "accessType": "read",
    "accessPattern": "sequential",
    "granularity": "page",
    "nonTemporal": true,
    "noflush": false,
    "set-affinity": true
  },
  "results": {
    "success": true,
    "time": 3292.6790709999996,
    "byte_per_sec": 5217596010.28545,
    "MiB_per_sec": 4975.887308392954,
    "IOPS": 636913.5754742981,
    "MIOPS": 0.636913575474298,
    "addr": 139873126187008
  }
}
