{
  "params": {
    "version": "0.2.0",
    "source": "devdax",
    "path": "/dev/dax0.1",
    "nthreads": 1,
    "nsegments": 1,
    "stripeSize": 8589934592,
    "blockSize": 512,
    "paddingSize": 4096,
    "totalSize": 8589934592,
    "extentSize": 8589938688,
    "accessType": "read",
    "accessPattern": "sequential",
    "granularity": "page",
    "nonTemporal": false,
    "noflush": true,
    "set-affinity": true
  },
  "results": {
    "success": true,
    "time": 2494.151957,
    "byte_per_sec": 3444030171.414291,
    "MiB_per_sec": 3284.483119406024,
    "IOPS": 6726621.428543537,
    "MIOPS": 6.726621428543537,
    "addr": 139368467529728
  }
}
