{
  "params": {
    "version": "0.2.0",
    "source": "devdax",
    "path": "/dev/dax0.1",
    "nthreads": 8,
    "nsegments": 1,
    "stripeSize": 68719476736,
    "blockSize": 512,
    "paddingSize": 4096,
    "totalSize": 68719476736,
    "extentSize": 68719509504,
    "accessType": "read",
    "accessPattern": "sequential",
    "granularity": "page",
    "nonTemporal": true,
    "noflush": false,
    "set-affinity": true
  },
  "results": {
    "success": true,
    "time": 7559.009215,
    "byte_per_sec": 9091069316.284727,
    "MiB_per_sec": 8669.919315609672,
    "IOPS": 17755994.758368608,
    "MIOPS": 17.755994758368608,
    "addr": 140298327949312
  }
}
