{
  "params": {
    "version": "0.2.0",
    "source": "devdax",
    "path": "/dev/dax0.1",
    "nthreads": 8,
    "nsegments": 1,
    "stripeSize": 68719476736,
    "blockSize": 1024,
    "paddingSize": 4096,
    "totalSize": 68719476736,
    "extentSize": 68719509504,
    "accessType": "read",
    "accessPattern": "sequential",
    "granularity": "page",
    "nonTemporal": true,
    "noflush": false,
    "set-affinity": true
  },
  "results": {
    "success": true,
    "time": 4900.746072,
    "byte_per_sec": 14022247985.59202,
    "MiB_per_sec": 13372.657762138386,
    "IOPS": 13693601.548429707,
    "MIOPS": 13.693601548429706,
    "addr": 140125455515648
  }
}
