{
  "params": {
    "version": "0.2.0",
    "source": "devdax",
    "path": "/dev/dax0.1",
    "nthreads": 8,
    "nsegments": 1,
    "stripeSize": 68719476736,
    "blockSize": 512,
    "paddingSize": 4096,
    "totalSize": 68719476736,
    "extentSize": 68719509504,
    "accessType": "read",
    "accessPattern": "sequential",
    "granularity": "page",
    "nonTemporal": false,
    "noflush": true,
    "set-affinity": true
  },
  "results": {
    "success": true,
    "time": 3083.6799090000004,
    "byte_per_sec": 22284892973.306328,
    "MiB_per_sec": 21252.530072504356,
    "IOPS": 43525181.58848892,
    "MIOPS": 43.52518158848892,
    "addr": 139819439095808
  }
}
