{
  "params": {
    "version": "0.2.0",
    "source": "devdax",
    "path": "/dev/dax0.1",
    "nthreads": 4,
    "nsegments": 1,
    "stripeSize": 34359738368,
    "blockSize": 64,
    "paddingSize": 4096,
    "totalSize": 34359738368,
    "extentSize": 34359754752,
    "accessType": "read",
    "accessPattern": "sequential",
    "granularity": "page",
    "nonTemporal": false,
    "noflush": true,
    "set-affinity": true
  },
  "results": {
    "success": true,
    "time": 3261.557748,
    "byte_per_sec": 10534763147.78407,
    "MiB_per_sec": 10046.733043464727,
    "IOPS": 164605674.18412608,
    "MIOPS": 164.6056741841261,
    "addr": 139924665794560
  }
}
