{
  "params": {
    "version": "0.2.0",
    "source": "devdax",
    "path": "/dev/dax0.1",
    "nthreads": 2,
    "nsegments": 1,
    "stripeSize": 17179869184,
    "blockSize": 1024,
    "paddingSize": 4096,
    "totalSize": 17179869184,
    "extentSize": 17179877376,
    "accessType": "read",
    "accessPattern": "sequential",
    "granularity": "page",
    "nonTemporal": false,
    "noflush": true,
    "set-affinity": true
  },
  "results": {
    "success": true,
    "time": 2485.813603,
    "byte_per_sec": 6911165488.541258,
    "MiB_per_sec": 6591.001022855051,
    "IOPS": 6749185.047403572,
    "MIOPS": 6.749185047403572,
    "addr": 139715286138880
  }
}
