{
  "params": {
    "version": "0.2.0",
    "source": "devdax",
    "path": "/dev/dax0.1",
    "nthreads": 4,
    "nsegments": 1,
    "stripeSize": 34359738368,
    "blockSize": 4096,
    "paddingSize": 4096,
    "totalSize": 34359738368,
    "extentSize": 34359754752,
    "accessType": "read",
    "accessPattern": "sequential",
    "granularity": "page",
    "nonTemporal": true,
    "noflush": false,
    "set-affinity": true
  },
  "results": {
    "success": true,
    "time": 3607.881569,
    "byte_per_sec": 9523521687.41601,
    "MiB_per_sec": 9082.33803502656,
    "IOPS": 2325078.5369667993,
    "MIOPS": 2.3250785369667994,
    "addr": 139951509340160
  }
}
