{
  "params": {
    "version": "0.2.0",
    "source": "devdax",
    "path": "/dev/dax0.1",
    "nthreads": 4,
    "nsegments": 1,
    "stripeSize": 34359738368,
    "blockSize": 512,
    "paddingSize": 4096,
    "totalSize": 34359738368,
    "extentSize": 34359754752,
    "accessType": "read",
    "accessPattern": "sequential",
    "granularity": "page",
    "nonTemporal": true,
    "noflush": false,
    "set-affinity": true
  },
  "results": {
    "success": true,
    "time": 6879.177609,
    "byte_per_sec": 4994745058.340592,
    "MiB_per_sec": 4763.36007913646,
    "IOPS": 9755361.44207147,
    "MIOPS": 9.75536144207147,
    "addr": 139894601023488
  }
}
