{
  "params": {
    "version": "0.2.0",
    "source": "devdax",
    "path": "/dev/dax0.1",
    "nthreads": 16,
    "nsegments": 1,
    "stripeSize": 137438953472,
    "blockSize": 2048,
    "paddingSize": 4096,
    "totalSize": 137438953472,
    "extentSize": 137439019008,
    "accessType": "read",
    "accessPattern": "sequential",
    "granularity": "page",
    "nonTemporal": false,
    "noflush": true,
    "set-affinity": true
  },
  "results": {
    "success": true,
    "time": 3614.0136549999997,
    "byte_per_sec": 38029450520.15859,
    "MiB_per_sec": 36267.710228117554,
    "IOPS": 18569067.636796188,
    "MIOPS": 18.569067636796188,
    "addr": 139489800355840
  }
}
