{
  "params": {
    "version": "0.2.0",
    "source": "devdax",
    "path": "/dev/dax0.1",
    "nthreads": 8,
    "nsegments": 1,
    "stripeSize": 68719476736,
    "blockSize": 256,
    "paddingSize": 4096,
    "totalSize": 68719476736,
    "extentSize": 68719509504,
    "accessType": "read",
    "accessPattern": "sequential",
    "granularity": "page",
    "nonTemporal": true,
    "noflush": false,
    "set-affinity": true
  },
  "results": {
    "success": true,
    "time": 11565.429496,
    "byte_per_sec": 5941800670.676969,
    "MiB_per_sec": 5666.542692830056,
    "IOPS": 23210158.86983191,
    "MIOPS": 23.210158869831908,
    "addr": 140245714599936
  }
}
