{
  "params": {
    "version": "0.2.0",
    "source": "devdax",
    "path": "/dev/dax0.1",
    "nthreads": 16,
    "nsegments": 1,
    "stripeSize": 137438953472,
    "blockSize": 8192,
    "paddingSize": 4096,
    "totalSize": 137438953472,
    "extentSize": 137439019008,
    "accessType": "read",
    "accessPattern": "sequential",
    "granularity": "page",
    "nonTemporal": false,
    "noflush": true,
    "set-affinity": true
  },
  "results": {
    "success": true,
    "time": 3658.51685,
    "byte_per_sec": 37566849930.45747,
    "MiB_per_sec": 35826.53992696521,
    "IOPS": 4585797.110651547,
    "MIOPS": 4.585797110651547,
    "addr": 139800111742976
  }
}
