{
  "params": {
    "version": "0.2.0",
    "source": "devdax",
    "path": "/dev/dax0.1",
    "nthreads": 16,
    "nsegments": 1,
    "stripeSize": 137438953472,
    "blockSize": 256,
    "paddingSize": 4096,
    "totalSize": 137438953472,
    "extentSize": 137439019008,
    "accessType": "read",
    "accessPattern": "sequential",
    "granularity": "page",
    "nonTemporal": false,
    "noflush": true,
    "set-affinity": true
  },
  "results": {
    "success": true,
    "time": 3850.066659,
    "byte_per_sec": 35697811400.41295,
    "MiB_per_sec": 34044.08588448806,
    "IOPS": 139444575.78286308,
    "MIOPS": 139.44457578286307,
    "addr": 140024523784192
  }
}
