{
  "params": {
    "version": "0.2.0",
    "source": "devdax",
    "path": "/dev/dax0.1",
    "nthreads": 16,
    "nsegments": 1,
    "stripeSize": 137438953472,
    "blockSize": 262144,
    "paddingSize": 4096,
    "totalSize": 137438953472,
    "extentSize": 137439019008,
    "accessType": "read",
    "accessPattern": "sequential",
    "granularity": "page",
    "nonTemporal": true,
    "noflush": false,
    "set-affinity": true
  },
  "results": {
    "success": true,
    "time": 5478.995968,
    "byte_per_sec": 25084696954.462147,
    "MiB_per_sec": 23922.63122030463,
    "IOPS": 95690.52488121852,
    "MIOPS": 0.09569052488121851,
    "addr": 139864536252416
  }
}
