{
  "params": {
    "version": "0.2.0",
    "source": "devdax",
    "path": "/dev/dax0.1",
    "nthreads": 1,
    "nsegments": 1,
    "stripeSize": 8589934592,
    "blockSize": 1024,
    "paddingSize": 4096,
    "totalSize": 8589934592,
    "extentSize": 8589938688,
    "accessType": "write",
    "accessPattern": "random",
    "granularity": "page",
    "nonTemporal": true,
    "noflush": false,
    "set-affinity": true
  },
  "results": {
    "success": true,
    "time": 1884.835906,
    "byte_per_sec": 4557391210.903641,
    "MiB_per_sec": 4346.2669476543815,
    "IOPS": 4450577.354398087,
    "MIOPS": 4.450577354398087,
    "addr": 140021302558720
  }
}
