{
  "params": {
    "version": "0.2.0",
    "source": "devdax",
    "path": "/dev/dax0.1",
    "nthreads": 1,
    "nsegments": 1,
    "stripeSize": 8589934592,
    "blockSize": 131072,
    "paddingSize": 4096,
    "totalSize": 8589934592,
    "extentSize": 8589938688,
    "accessType": "write",
    "accessPattern": "random",
    "granularity": "page",
    "nonTemporal": true,
    "noflush": false,
    "set-affinity": true
  },
  "results": {
    "success": true,
    "time": 1233.6572139999998,
    "byte_per_sec": 6962983310.532483,
    "MiB_per_sec": 6640.418348820193,
    "IOPS": 53123.34679056155,
    "MIOPS": 0.05312334679056155,
    "addr": 139707769946112
  }
}
