{
  "params": {
    "version": "0.2.0",
    "source": "devdax",
    "path": "/dev/dax0.1",
    "nthreads": 8,
    "nsegments": 1,
    "stripeSize": 68719476736,
    "blockSize": 512,
    "paddingSize": 4096,
    "totalSize": 68719476736,
    "extentSize": 68719509504,
    "accessType": "write",
    "accessPattern": "random",
    "granularity": "page",
    "nonTemporal": false,
    "noflush": false,
    "set-affinity": true
  },
  "results": {
    "success": true,
    "time": 10855.392532,
    "byte_per_sec": 6330446046.370569,
    "MiB_per_sec": 6037.183805819101,
    "IOPS": 12364152.434317518,
    "MIOPS": 12.364152434317518,
    "addr": 139877421154304
  }
}
