{
  "params": {
    "version": "0.2.0",
    "source": "devdax",
    "path": "/dev/dax0.1",
    "nthreads": 16,
    "nsegments": 1,
    "stripeSize": 137438953472,
    "blockSize": 64,
    "paddingSize": 4096,
    "totalSize": 137438953472,
    "extentSize": 137439019008,
    "accessType": "write",
    "accessPattern": "random",
    "granularity": "page",
    "nonTemporal": true,
    "noflush": false,
    "set-affinity": true
  },
  "results": {
    "success": true,
    "time": 50104.331983000004,
    "byte_per_sec": 2743055301.4584036,
    "MiB_per_sec": 2615.981389482883,
    "IOPS": 42860239.085287556,
    "MIOPS": 42.86023908528755,
    "addr": 139458661842944
  }
}
