{
  "params": {
    "version": "0.2.0",
    "source": "devdax",
    "path": "/dev/dax0.1",
    "nthreads": 1,
    "nsegments": 1,
    "stripeSize": 8589934592,
    "blockSize": 1048576,
    "paddingSize": 4096,
    "totalSize": 8589934592,
    "extentSize": 8589938688,
    "accessType": "write",
    "accessPattern": "random",
    "granularity": "page",
    "nonTemporal": true,
    "noflush": false,
    "set-affinity": true
  },
  "results": {
    "success": true,
    "time": 1344.160983,
    "byte_per_sec": 6390554926.559715,
    "MiB_per_sec": 6094.50810104343,
    "IOPS": 6094.50810104343,
    "MIOPS": 0.00609450810104343,
    "addr": 139459735584768
  }
}
