{
  "params": {
    "version": "0.2.0",
    "source": "devdax",
    "path": "/dev/dax0.1",
    "nthreads": 4,
    "nsegments": 1,
    "stripeSize": 34359738368,
    "blockSize": 8192,
    "paddingSize": 4096,
    "totalSize": 34359738368,
    "extentSize": 34359754752,
    "accessType": "write",
    "accessPattern": "random",
    "granularity": "page",
    "nonTemporal": true,
    "noflush": false,
    "set-affinity": true
  },
  "results": {
    "success": true,
    "time": 3663.0860909999997,
    "byte_per_sec": 9379997497.852966,
    "MiB_per_sec": 8945.462701657263,
    "IOPS": 1145019.2258121297,
    "MIOPS": 1.1450192258121297,
    "addr": 140317655302144
  }
}
