{
  "params": {
    "version": "0.2.0",
    "source": "devdax",
    "path": "/dev/dax0.1",
    "nthreads": 8,
    "nsegments": 1,
    "stripeSize": 68719476736,
    "blockSize": 1024,
    "paddingSize": 4096,
    "totalSize": 68719476736,
    "extentSize": 68719509504,
    "accessType": "write",
    "accessPattern": "random",
    "granularity": "page",
    "nonTemporal": false,
    "noflush": false,
    "set-affinity": true
  },
  "results": {
    "success": true,
    "time": 11034.685293,
    "byte_per_sec": 6227588273.821738,
    "MiB_per_sec": 5939.090989896525,
    "IOPS": 6081629.173654041,
    "MIOPS": 6.081629173654041,
    "addr": 139573552218112
  }
}
