{
  "params": {
    "version": "0.2.0",
    "source": "devdax",
    "path": "/dev/dax0.1",
    "nthreads": 16,
    "nsegments": 1,
    "stripeSize": 137438953472,
    "blockSize": 128,
    "paddingSize": 4096,
    "totalSize": 137438953472,
    "extentSize": 137439019008,
    "accessType": "write",
    "accessPattern": "random",
    "granularity": "page",
    "nonTemporal": false,
    "noflush": false,
    "set-affinity": true
  },
  "results": {
    "success": true,
    "time": 33540.20714499999,
    "byte_per_sec": 4097737168.939599,
    "MiB_per_sec": 3907.9066934009543,
    "IOPS": 32013571.632340617,
    "MIOPS": 32.013571632340614,
    "addr": 139511275192320
  }
}
