{
  "params": {
    "version": "0.2.0",
    "source": "devdax",
    "path": "/dev/dax0.1",
    "nthreads": 1,
    "nsegments": 1,
    "stripeSize": 8589934592,
    "blockSize": 128,
    "paddingSize": 4096,
    "totalSize": 8589934592,
    "extentSize": 8589938688,
    "accessType": "write",
    "accessPattern": "random",
    "granularity": "page",
    "nonTemporal": false,
    "noflush": false,
    "set-affinity": true
  },
  "results": {
    "success": true,
    "time": 14895.546163,
    "byte_per_sec": 576678055.1717591,
    "MiB_per_sec": 549.9630500524131,
    "IOPS": 4505297.306029368,
    "MIOPS": 4.505297306029369,
    "addr": 139687368851456
  }
}
