{
  "params": {
    "version": "0.2.0",
    "source": "devdax",
    "path": "/dev/dax0.1",
    "nthreads": 2,
    "nsegments": 1,
    "stripeSize": 17179869184,
    "blockSize": 524288,
    "paddingSize": 4096,
    "totalSize": 17179869184,
    "extentSize": 17179877376,
    "accessType": "write",
    "accessPattern": "random",
    "granularity": "page",
    "nonTemporal": true,
    "noflush": false,
    "set-affinity": true
  },
  "results": {
    "success": true,
    "time": 1481.804879,
    "byte_per_sec": 11593880832.40344,
    "MiB_per_sec": 11056.786377337876,
    "IOPS": 22113.57275467575,
    "MIOPS": 0.02211357275467575,
    "addr": 139309411729408
  }
}
