{
  "params": {
    "version": "0.2.0",
    "source": "devdax",
    "path": "/dev/dax0.1",
    "nthreads": 8,
    "nsegments": 1,
    "stripeSize": 68719476736,
    "blockSize": 1048576,
    "paddingSize": 4096,
    "totalSize": 68719476736,
    "extentSize": 68719509504,
    "accessType": "write",
    "accessPattern": "random",
    "granularity": "page",
    "nonTemporal": false,
    "noflush": false,
    "set-affinity": true
  },
  "results": {
    "success": true,
    "time": 8011.377223,
    "byte_per_sec": 8577735740.45572,
    "MiB_per_sec": 8180.366268592567,
    "IOPS": 8180.366268592567,
    "MIOPS": 0.008180366268592568,
    "addr": 139441481973760
  }
}
