{
  "params": {
    "version": "0.2.0",
    "source": "devdax",
    "path": "/dev/dax0.1",
    "nthreads": 2,
    "nsegments": 1,
    "stripeSize": 17179869184,
    "blockSize": 1048576,
    "paddingSize": 4096,
    "totalSize": 17179869184,
    "extentSize": 17179877376,
    "accessType": "write",
    "accessPattern": "random",
    "granularity": "page",
    "nonTemporal": true,
    "noflush": false,
    "set-affinity": true
  },
  "results": {
    "success": true,
    "time": 1487.811521,
    "byte_per_sec": 11547073632.319319,
    "MiB_per_sec": 11012.14755279476,
    "IOPS": 11012.14755279476,
    "MIOPS": 0.011012147552794761,
    "addr": 139920370827264
  }
}
