{
  "params": {
    "version": "0.2.0",
    "source": "devdax",
    "path": "/dev/dax0.1",
    "nthreads": 4,
    "nsegments": 1,
    "stripeSize": 34359738368,
    "blockSize": 4096,
    "paddingSize": 4096,
    "totalSize": 34359738368,
    "extentSize": 34359754752,
    "accessType": "write",
    "accessPattern": "random",
    "granularity": "page",
    "nonTemporal": false,
    "noflush": false,
    "set-affinity": true
  },
  "results": {
    "success": true,
    "time": 6397.658144,
    "byte_per_sec": 5370674330.29757,
    "MiB_per_sec": 5121.87417058713,
    "IOPS": 1311199.7876703052,
    "MIOPS": 1.3111997876703052,
    "addr": 139537044996096
  }
}
