{
  "params": {
    "version": "0.2.0",
    "source": "devdax",
    "path": "/dev/dax0.1",
    "nthreads": 2,
    "nsegments": 1,
    "stripeSize": 17179869184,
    "blockSize": 8192,
    "paddingSize": 4096,
    "totalSize": 17179869184,
    "extentSize": 17179877376,
    "accessType": "write",
    "accessPattern": "random",
    "granularity": "page",
    "nonTemporal": false,
    "noflush": false,
    "set-affinity": true
  },
  "results": {
    "success": true,
    "time": 5051.155006,
    "byte_per_sec": 3401176397.000872,
    "MiB_per_sec": 3243.614575386879,
    "IOPS": 415182.6656495205,
    "MIOPS": 0.4151826656495205,
    "addr": 139592879570944
  }
}
