{
  "params": {
    "version": "0.2.0",
    "source": "devdax",
    "path": "/dev/dax0.1",
    "nthreads": 2,
    "nsegments": 1,
    "stripeSize": 17179869184,
    "blockSize": 131072,
    "paddingSize": 4096,
    "totalSize": 17179869184,
    "extentSize": 17179877376,
    "accessType": "write",
    "accessPattern": "random",
    "granularity": "page",
    "nonTemporal": false,
    "noflush": false,
    "set-affinity": true
  },
  "results": {
    "success": true,
    "time": 5340.150044,
    "byte_per_sec": 3217113572.174378,
    "MiB_per_sec": 3068.078586744669,
    "IOPS": 24544.62869395735,
    "MIOPS": 0.024544628693957352,
    "addr": 139240692252672
  }
}
