{
  "params": {
    "version": "0.2.0",
    "source": "devdax",
    "path": "/dev/dax0.1",
    "nthreads": 4,
    "nsegments": 1,
    "stripeSize": 34359738368,
    "blockSize": 131072,
    "paddingSize": 4096,
    "totalSize": 34359738368,
    "extentSize": 34359754752,
    "accessType": "write",
    "accessPattern": "random",
    "granularity": "page",
    "nonTemporal": true,
    "noflush": false,
    "set-affinity": true
  },
  "results": {
    "success": true,
    "time": 2956.4295349999998,
    "byte_per_sec": 11622038665.63659,
    "MiB_per_sec": 11083.63977969798,
    "IOPS": 88669.11823758384,
    "MIOPS": 0.08866911823758385,
    "addr": 140240345890816
  }
}
