{
  "params": {
    "version": "0.2.0",
    "source": "devdax",
    "path": "/dev/dax0.1",
    "nthreads": 8,
    "nsegments": 1,
    "stripeSize": 68719476736,
    "blockSize": 524288,
    "paddingSize": 4096,
    "totalSize": 68719476736,
    "extentSize": 68719509504,
    "accessType": "write",
    "accessPattern": "random",
    "granularity": "page",
    "nonTemporal": true,
    "noflush": false,
    "set-affinity": true
  },
  "results": {
    "success": true,
    "time": 5800.549711000001,
    "byte_per_sec": 11847062806.078932,
    "MiB_per_sec": 11298.239523009235,
    "IOPS": 22596.47904601847,
    "MIOPS": 0.02259647904601847,
    "addr": 139968689209344
  }
}
