{
  "params": {
    "version": "0.2.0",
    "source": "devdax",
    "path": "/dev/dax0.1",
    "nthreads": 4,
    "nsegments": 1,
    "stripeSize": 34359738368,
    "blockSize": 64,
    "paddingSize": 4096,
    "totalSize": 34359738368,
    "extentSize": 34359754752,
    "accessType": "write",
    "accessPattern": "random",
    "granularity": "page",
    "nonTemporal": true,
    "noflush": false,
    "set-affinity": true
  },
  "results": {
    "success": true,
    "time": 15204.5887,
    "byte_per_sec": 2259826888.1814604,
    "MiB_per_sec": 2155.1388627829174,
    "IOPS": 35309795.12783532,
    "MIOPS": 35.309795127835315,
    "addr": 139523086352384
  }
}
