{
  "params": {
    "version": "0.2.0",
    "source": "devdax",
    "path": "/dev/dax0.1",
    "nthreads": 1,
    "nsegments": 1,
    "stripeSize": 8589934592,
    "blockSize": 131072,
    "paddingSize": 4096,
    "totalSize": 8589934592,
    "extentSize": 8589938688,
    "accessType": "write",
    "accessPattern": "random",
    "granularity": "page",
    "nonTemporal": false,
    "noflush": false,
    "set-affinity": true
  },
  "results": {
    "success": true,
    "time": 5212.409841000001,
    "byte_per_sec": 1647977586.956597,
    "MiB_per_sec": 1571.6338986936541,
    "IOPS": 12573.071189549233,
    "MIOPS": 0.012573071189549234,
    "addr": 139807627935744
  }
}
