{
  "params": {
    "version": "0.2.0",
    "source": "devdax",
    "path": "/dev/dax0.1",
    "nthreads": 2,
    "nsegments": 1,
    "stripeSize": 17179869184,
    "blockSize": 2048,
    "paddingSize": 4096,
    "totalSize": 17179869184,
    "extentSize": 17179877376,
    "accessType": "write",
    "accessPattern": "random",
    "granularity": "page",
    "nonTemporal": true,
    "noflush": false,
    "set-affinity": true
  },
  "results": {
    "success": true,
    "time": 1944.048964,
    "byte_per_sec": 8837158683.828295,
    "MiB_per_sec": 8427.771266773505,
    "IOPS": 4315018.888588035,
    "MIOPS": 4.3150188885880345,
    "addr": 139264314572800
  }
}
