{
  "params": {
    "version": "0.2.0",
    "source": "devdax",
    "path": "/dev/dax0.1",
    "nthreads": 1,
    "nsegments": 1,
    "stripeSize": 8589934592,
    "blockSize": 32768,
    "paddingSize": 4096,
    "totalSize": 8589934592,
    "extentSize": 8589938688,
    "accessType": "write",
    "accessPattern": "random",
    "granularity": "page",
    "nonTemporal": false,
    "noflush": false,
    "set-affinity": true
  },
  "results": {
    "success": true,
    "time": 5026.006920999999,
    "byte_per_sec": 1709097246.9832778,
    "MiB_per_sec": 1629.9221486885813,
    "IOPS": 52157.5087580346,
    "MIOPS": 0.0521575087580346,
    "addr": 139943993147392
  }
}
