{
  "params": {
    "version": "0.2.0",
    "source": "devdax",
    "path": "/dev/dax0.1",
    "nthreads": 4,
    "nsegments": 1,
    "stripeSize": 34359738368,
    "blockSize": 64,
    "paddingSize": 4096,
    "totalSize": 34359738368,
    "extentSize": 34359754752,
    "accessType": "write",
    "accessPattern": "random",
    "granularity": "page",
    "nonTemporal": false,
    "noflush": false,
    "set-affinity": true
  },
  "results": {
    "success": true,
    "time": 33998.881811,
    "byte_per_sec": 1010613777.2120273,
    "MiB_per_sec": 963.7964031334184,
    "IOPS": 15790840.268937927,
    "MIOPS": 15.790840268937927,
    "addr": 140281148080128
  }
}
