{
  "params": {
    "version": "0.2.0",
    "source": "devdax",
    "path": "/dev/dax0.1",
    "nthreads": 8,
    "nsegments": 1,
    "stripeSize": 68719476736,
    "blockSize": 32768,
    "paddingSize": 4096,
    "totalSize": 68719476736,
    "extentSize": 68719509504,
    "accessType": "write",
    "accessPattern": "random",
    "granularity": "page",
    "nonTemporal": true,
    "noflush": false,
    "set-affinity": true
  },
  "results": {
    "success": true,
    "time": 6117.424767,
    "byte_per_sec": 11233399568.1814,
    "MiB_per_sec": 10713.00465410366,
    "IOPS": 342816.14893131715,
    "MIOPS": 0.3428161489313171,
    "addr": 139682000142336
  }
}
