{
  "params": {
    "version": "0.2.0",
    "source": "devdax",
    "path": "/dev/dax0.1",
    "nthreads": 8,
    "nsegments": 1,
    "stripeSize": 68719476736,
    "blockSize": 131072,
    "paddingSize": 4096,
    "totalSize": 68719476736,
    "extentSize": 68719509504,
    "accessType": "write",
    "accessPattern": "random",
    "granularity": "page",
    "nonTemporal": false,
    "noflush": false,
    "set-affinity": true
  },
  "results": {
    "success": true,
    "time": 8023.257436,
    "byte_per_sec": 8565034499.2868805,
    "MiB_per_sec": 8168.2534211033635,
    "IOPS": 65346.02736882691,
    "MIOPS": 0.06534602736882691,
    "addr": 139823734063104
  }
}
