{
  "params": {
    "version": "0.2.0",
    "source": "devdax",
    "path": "/dev/dax0.1",
    "nthreads": 8,
    "nsegments": 1,
    "stripeSize": 68719476736,
    "blockSize": 4096,
    "paddingSize": 4096,
    "totalSize": 68719476736,
    "extentSize": 68719509504,
    "accessType": "write",
    "accessPattern": "random",
    "granularity": "page",
    "nonTemporal": true,
    "noflush": false,
    "set-affinity": true
  },
  "results": {
    "success": true,
    "time": 7300.81632,
    "byte_per_sec": 9412574392.22906,
    "MiB_per_sec": 8976.530449132022,
    "IOPS": 2297991.7949777977,
    "MIOPS": 2.2979917949777975,
    "addr": 140119013064704
  }
}
