{
  "params": {
    "version": "0.2.0",
    "source": "devdax",
    "path": "/dev/dax0.1",
    "nthreads": 8,
    "nsegments": 1,
    "stripeSize": 68719476736,
    "blockSize": 2048,
    "paddingSize": 4096,
    "totalSize": 68719476736,
    "extentSize": 68719509504,
    "accessType": "write",
    "accessPattern": "random",
    "granularity": "page",
    "nonTemporal": false,
    "noflush": false,
    "set-affinity": true
  },
  "results": {
    "success": true,
    "time": 9305.234493,
    "byte_per_sec": 7385034389.804495,
    "MiB_per_sec": 7042.917623333449,
    "IOPS": 3605973.823146726,
    "MIOPS": 3.605973823146726,
    "addr": 139831250255872
  }
}
