{
  "params": {
    "version": "0.2.0",
    "source": "devdax",
    "path": "/dev/dax0.1",
    "nthreads": 1,
    "nsegments": 1,
    "stripeSize": 8589934592,
    "blockSize": 65536,
    "paddingSize": 4096,
    "totalSize": 8589934592,
    "extentSize": 8589938688,
    "accessType": "write",
    "accessPattern": "random",
    "granularity": "page",
    "nonTemporal": true,
    "noflush": false,
    "set-affinity": true
  },
  "results": {
    "success": true,
    "time": 1283.408191,
    "byte_per_sec": 6693065115.399439,
    "MiB_per_sec": 6383.004298591079,
    "IOPS": 102128.06877745726,
    "MIOPS": 0.10212806877745725,
    "addr": 139619723116544
  }
}
