{
  "params": {
    "version": "0.2.0",
    "source": "devdax",
    "path": "/dev/dax0.1",
    "nthreads": 16,
    "nsegments": 1,
    "stripeSize": 137438953472,
    "blockSize": 524288,
    "paddingSize": 4096,
    "totalSize": 137438953472,
    "extentSize": 137439019008,
    "accessType": "write",
    "accessPattern": "random",
    "granularity": "page",
    "nonTemporal": false,
    "noflush": false,
    "set-affinity": true
  },
  "results": {
    "success": true,
    "time": 14883.017994,
    "byte_per_sec": 9234615823.713154,
    "MiB_per_sec": 8806.815932953981,
    "IOPS": 17613.631865907962,
    "MIOPS": 0.01761363186590796,
    "addr": 139266462056448
  }
}
