{
  "params": {
    "version": "0.2.0",
    "source": "devdax",
    "path": "/dev/dax0.1",
    "nthreads": 1,
    "nsegments": 1,
    "stripeSize": 8589934592,
    "blockSize": 128,
    "paddingSize": 4096,
    "totalSize": 8589934592,
    "extentSize": 8589938688,
    "accessType": "write",
    "accessPattern": "random",
    "granularity": "page",
    "nonTemporal": true,
    "noflush": false,
    "set-affinity": true
  },
  "results": {
    "success": true,
    "time": 7419.272016,
    "byte_per_sec": 1157786717.2783816,
    "MiB_per_sec": 1104.1514561446968,
    "IOPS": 9045208.728737356,
    "MIOPS": 9.045208728737355,
    "addr": 139868831219712
  }
}
