{
  "params": {
    "version": "0.2.0",
    "source": "devdax",
    "path": "/dev/dax0.1",
    "nthreads": 4,
    "nsegments": 1,
    "stripeSize": 34359738368,
    "blockSize": 1048576,
    "paddingSize": 4096,
    "totalSize": 34359738368,
    "extentSize": 34359754752,
    "accessType": "write",
    "accessPattern": "random",
    "granularity": "page",
    "nonTemporal": true,
    "noflush": false,
    "set-affinity": true
  },
  "results": {
    "success": true,
    "time": 2906.7127140000002,
    "byte_per_sec": 11820823641.259237,
    "MiB_per_sec": 11273.215905436742,
    "IOPS": 11273.215905436742,
    "MIOPS": 0.011273215905436743,
    "addr": 139915002118144
  }
}
