{
  "params": {
    "version": "0.2.0",
    "source": "devdax",
    "path": "/dev/dax0.1",
    "nthreads": 8,
    "nsegments": 1,
    "stripeSize": 68719476736,
    "blockSize": 256,
    "paddingSize": 4096,
    "totalSize": 68719476736,
    "extentSize": 68719509504,
    "accessType": "write",
    "accessPattern": "random",
    "granularity": "page",
    "nonTemporal": false,
    "noflush": false,
    "set-affinity": true
  },
  "results": {
    "success": true,
    "time": 13022.377218000001,
    "byte_per_sec": 5277030114.057321,
    "MiB_per_sec": 5032.568086678811,
    "IOPS": 20613398.88303641,
    "MIOPS": 20.61339888303641,
    "addr": 139984795336704
  }
}
