{
  "params": {
    "version": "0.2.0",
    "source": "devdax",
    "path": "/dev/dax0.1",
    "nthreads": 2,
    "nsegments": 1,
    "stripeSize": 17179869184,
    "blockSize": 128,
    "paddingSize": 4096,
    "totalSize": 17179869184,
    "extentSize": 17179877376,
    "accessType": "write",
    "accessPattern": "random",
    "granularity": "page",
    "nonTemporal": false,
    "noflush": false,
    "set-affinity": true
  },
  "results": {
    "success": true,
    "time": 16668.454339,
    "byte_per_sec": 1030681599.7811757,
    "MiB_per_sec": 982.9345701038129,
    "IOPS": 8052199.998290435,
    "MIOPS": 8.052199998290435,
    "addr": 139266462056448
  }
}
