{
  "params": {
    "version": "0.2.0",
    "source": "devdax",
    "path": "/dev/dax0.1",
    "nthreads": 8,
    "nsegments": 1,
    "stripeSize": 68719476736,
    "blockSize": 64,
    "paddingSize": 4096,
    "totalSize": 68719476736,
    "extentSize": 68719509504,
    "accessType": "write",
    "accessPattern": "random",
    "granularity": "page",
    "nonTemporal": true,
    "noflush": false,
    "set-affinity": true
  },
  "results": {
    "success": true,
    "time": 25365.587614,
    "byte_per_sec": 2709161631.961238,
    "MiB_per_sec": 2583.657867394674,
    "IOPS": 42330650.49939434,
    "MIOPS": 42.330650499394345,
    "addr": 139316927922176
  }
}
