{
  "params": {
    "version": "0.2.0",
    "source": "devdax",
    "path": "/dev/dax0.1",
    "nthreads": 16,
    "nsegments": 1,
    "stripeSize": 137438953472,
    "blockSize": 262144,
    "paddingSize": 4096,
    "totalSize": 137438953472,
    "extentSize": 137439019008,
    "accessType": "write",
    "accessPattern": "sequential",
    "granularity": "page",
    "nonTemporal": true,
    "noflush": false,
    "set-affinity": true
  },
  "results": {
    "success": true,
    "time": 15539.522081,
    "byte_per_sec": 8844477504.23709,
    "MiB_per_sec": 8434.751037823762,
    "IOPS": 33739.00415129505,
    "MIOPS": 0.03373900415129505,
    "addr": 139861315026944
  }
}
