{
  "params": {
    "version": "0.2.0",
    "source": "devdax",
    "path": "/dev/dax0.1",
    "nthreads": 1,
    "nsegments": 1,
    "stripeSize": 8589934592,
    "blockSize": 524288,
    "paddingSize": 4096,
    "totalSize": 8589934592,
    "extentSize": 8589938688,
    "accessType": "write",
    "accessPattern": "sequential",
    "granularity": "page",
    "nonTemporal": false,
    "noflush": false,
    "set-affinity": true
  },
  "results": {
    "success": true,
    "time": 5212.628213,
    "byte_per_sec": 1647908548.4319,
    "MiB_per_sec": 1571.568058425808,
    "IOPS": 3143.136116851616,
    "MIOPS": 0.003143136116851616,
    "addr": 140239272148992
  }
}
