{
  "params": {
    "version": "0.2.0",
    "source": "devdax",
    "path": "/dev/dax0.1",
    "nthreads": 4,
    "nsegments": 1,
    "stripeSize": 34359738368,
    "blockSize": 256,
    "paddingSize": 4096,
    "totalSize": 34359738368,
    "extentSize": 34359754752,
    "accessType": "write",
    "accessPattern": "sequential",
    "granularity": "page",
    "nonTemporal": false,
    "noflush": false,
    "set-affinity": true
  },
  "results": {
    "success": true,
    "time": 5747.498104,
    "byte_per_sec": 5978207864.755478,
    "MiB_per_sec": 5701.263298755148,
    "IOPS": 23352374.471701086,
    "MIOPS": 23.352374471701086,
    "addr": 139916075859968
  }
}
