{
  "params": {
    "version": "0.2.0",
    "source": "devdax",
    "path": "/dev/dax0.1",
    "nthreads": 2,
    "nsegments": 1,
    "stripeSize": 17179869184,
    "blockSize": 131072,
    "paddingSize": 4096,
    "totalSize": 17179869184,
    "extentSize": 17179877376,
    "accessType": "write",
    "accessPattern": "sequential",
    "granularity": "page",
    "nonTemporal": true,
    "noflush": false,
    "set-affinity": true
  },
  "results": {
    "success": true,
    "time": 1483.7972280000001,
    "byte_per_sec": 11578313303.062729,
    "MiB_per_sec": 11041.940024435738,
    "IOPS": 88335.52019548591,
    "MIOPS": 0.0883355201954859,
    "addr": 139505906483200
  }
}
