{
  "params": {
    "version": "0.2.0",
    "source": "devdax",
    "path": "/dev/dax0.1",
    "nthreads": 2,
    "nsegments": 1,
    "stripeSize": 17179869184,
    "blockSize": 1048576,
    "paddingSize": 4096,
    "totalSize": 17179869184,
    "extentSize": 17179877376,
    "accessType": "write",
    "accessPattern": "sequential",
    "granularity": "page",
    "nonTemporal": true,
    "noflush": false,
    "set-affinity": true
  },
  "results": {
    "success": true,
    "time": 1483.3645499999998,
    "byte_per_sec": 11581690545.321445,
    "MiB_per_sec": 11045.160813638158,
    "IOPS": 11045.160813638158,
    "MIOPS": 0.011045160813638159,
    "addr": 140261820727296
  }
}
