{
  "params": {
    "version": "0.2.0",
    "source": "devdax",
    "path": "/dev/dax0.1",
    "nthreads": 4,
    "nsegments": 1,
    "stripeSize": 34359738368,
    "blockSize": 1048576,
    "paddingSize": 4096,
    "totalSize": 34359738368,
    "extentSize": 34359754752,
    "accessType": "write",
    "accessPattern": "sequential",
    "granularity": "page",
    "nonTemporal": false,
    "noflush": false,
    "set-affinity": true
  },
  "results": {
    "success": true,
    "time": 5726.603801,
    "byte_per_sec": 6000020179.849002,
    "MiB_per_sec": 5722.065143441202,
    "IOPS": 5722.065143441202,
    "MIOPS": 0.005722065143441202,
    "addr": 139421080879104
  }
}
