{
  "params": {
    "version": "0.2.0",
    "source": "devdax",
    "path": "/dev/dax0.1",
    "nthreads": 2,
    "nsegments": 1,
    "stripeSize": 17179869184,
    "blockSize": 131072,
    "paddingSize": 4096,
    "totalSize": 17179869184,
    "extentSize": 17179877376,
    "accessType": "write",
    "accessPattern": "sequential",
    "granularity": "page",
    "nonTemporal": true,
    "noflush": false,
    "set-affinity": true
  },
  "results": {
    "success": true,
    "time": 1487.746351,
    "byte_per_sec": 11547579446.222416,
    "MiB_per_sec": 11012.629934523025,
    "IOPS": 88101.0394761842,
    "MIOPS": 0.08810103947618421,
    "addr": 139465104293888
  }
}
