{
  "params": {
    "version": "0.2.0",
    "source": "devdax",
    "path": "/dev/dax0.1",
    "nthreads": 8,
    "nsegments": 1,
    "stripeSize": 68719476736,
    "blockSize": 512,
    "paddingSize": 4096,
    "totalSize": 68719476736,
    "extentSize": 68719509504,
    "accessType": "write",
    "accessPattern": "sequential",
    "granularity": "page",
    "nonTemporal": true,
    "noflush": false,
    "set-affinity": true
  },
  "results": {
    "success": true,
    "time": 5899.748871,
    "byte_per_sec": 11647864720.78296,
    "MiB_per_sec": 11108.269425185166,
    "IOPS": 22749735.78277922,
    "MIOPS": 22.749735782779222,
    "addr": 139738908459008
  }
}
