{
  "params": {
    "version": "0.2.0",
    "source": "devdax",
    "path": "/dev/dax0.1",
    "nthreads": 16,
    "nsegments": 1,
    "stripeSize": 137438953472,
    "blockSize": 65536,
    "paddingSize": 4096,
    "totalSize": 137438953472,
    "extentSize": 137439019008,
    "accessType": "write",
    "accessPattern": "sequential",
    "granularity": "page",
    "nonTemporal": false,
    "noflush": false,
    "set-affinity": true
  },
  "results": {
    "success": true,
    "time": 14780.751067000001,
    "byte_per_sec": 9298509449.824293,
    "MiB_per_sec": 8867.749643158239,
    "IOPS": 141883.99429053182,
    "MIOPS": 0.1418839942905318,
    "addr": 139959025532928
  }
}
