{
  "params": {
    "version": "0.2.0",
    "source": "devdax",
    "path": "/dev/dax0.1",
    "nthreads": 1,
    "nsegments": 1,
    "stripeSize": 8589934592,
    "blockSize": 32768,
    "paddingSize": 4096,
    "totalSize": 8589934592,
    "extentSize": 8589938688,
    "accessType": "write",
    "accessPattern": "sequential",
    "granularity": "page",
    "nonTemporal": false,
    "noflush": false,
    "set-affinity": true
  },
  "results": {
    "success": true,
    "time": 5045.31492,
    "byte_per_sec": 1702556674.4999142,
    "MiB_per_sec": 1623.684572696604,
    "IOPS": 51957.906326291326,
    "MIOPS": 0.051957906326291325,
    "addr": 139397458558976
  }
}
