{
  "params": {
    "version": "0.2.0",
    "source": "devdax",
    "path": "/dev/dax0.1",
    "nthreads": 1,
    "nsegments": 1,
    "stripeSize": 8589934592,
    "blockSize": 128,
    "paddingSize": 4096,
    "totalSize": 8589934592,
    "extentSize": 8589938688,
    "accessType": "write",
    "accessPattern": "sequential",
    "granularity": "page",
    "nonTemporal": true,
    "noflush": false,
    "set-affinity": true
  },
  "results": {
    "success": true,
    "time": 7375.162724,
    "byte_per_sec": 1164711195.3268409,
    "MiB_per_sec": 1110.7551530140313,
    "IOPS": 9099306.213490944,
    "MIOPS": 9.099306213490944,
    "addr": 140272558145536
  }
}
