{
  "params": {
    "version": "0.2.0",
    "source": "devdax",
    "path": "/dev/dax0.1",
    "nthreads": 2,
    "nsegments": 1,
    "stripeSize": 17179869184,
    "blockSize": 256,
    "paddingSize": 4096,
    "totalSize": 17179869184,
    "extentSize": 17179877376,
    "accessType": "write",
    "accessPattern": "sequential",
    "granularity": "page",
    "nonTemporal": false,
    "noflush": false,
    "set-affinity": true
  },
  "results": {
    "success": true,
    "time": 5231.614637,
    "byte_per_sec": 3283856013.1125345,
    "MiB_per_sec": 3131.72913848165,
    "IOPS": 12827562.551220838,
    "MIOPS": 12.827562551220838,
    "addr": 139330886565888
  }
}
