{
  "params": {
    "version": "0.2.0",
    "source": "devdax",
    "path": "/dev/dax0.1",
    "nthreads": 4,
    "nsegments": 1,
    "stripeSize": 34359738368,
    "blockSize": 1024,
    "paddingSize": 4096,
    "totalSize": 34359738368,
    "extentSize": 34359754752,
    "accessType": "write",
    "accessPattern": "sequential",
    "granularity": "page",
    "nonTemporal": false,
    "noflush": false,
    "set-affinity": true
  },
  "results": {
    "success": true,
    "time": 5197.981516999999,
    "byte_per_sec": 6610207876.966562,
    "MiB_per_sec": 6303.985478369295,
    "IOPS": 6455281.1298501585,
    "MIOPS": 6.4552811298501585,
    "addr": 139942919405568
  }
}
