{
  "params": {
    "version": "0.2.0",
    "source": "devdax",
    "path": "/dev/dax0.1",
    "nthreads": 4,
    "nsegments": 1,
    "stripeSize": 34359738368,
    "blockSize": 128,
    "paddingSize": 4096,
    "totalSize": 34359738368,
    "extentSize": 34359754752,
    "accessType": "write",
    "accessPattern": "sequential",
    "granularity": "page",
    "nonTemporal": false,
    "noflush": false,
    "set-affinity": true
  },
  "results": {
    "success": true,
    "time": 8686.516303,
    "byte_per_sec": 3955525687.1081247,
    "MiB_per_sec": 3772.283255680203,
    "IOPS": 30902544.430532224,
    "MIOPS": 30.902544430532224,
    "addr": 139659451564032
  }
}
