{
  "params": {
    "version": "0.2.0",
    "source": "devdax",
    "path": "/dev/dax0.1",
    "nthreads": 16,
    "nsegments": 1,
    "stripeSize": 137438953472,
    "blockSize": 1024,
    "paddingSize": 4096,
    "totalSize": 137438953472,
    "extentSize": 137439019008,
    "accessType": "write",
    "accessPattern": "sequential",
    "granularity": "page",
    "nonTemporal": true,
    "noflush": false,
    "set-affinity": true
  },
  "results": {
    "success": true,
    "time": 11961.384263,
    "byte_per_sec": 11490221403.315184,
    "MiB_per_sec": 10957.92904216307,
    "IOPS": 11220919.339174984,
    "MIOPS": 11.220919339174984,
    "addr": 139762530779136
  }
}
