{
  "params": {
    "version": "0.2.0",
    "source": "devdax",
    "path": "/dev/dax0.1",
    "nthreads": 16,
    "nsegments": 1,
    "stripeSize": 137438953472,
    "blockSize": 65536,
    "paddingSize": 4096,
    "totalSize": 137438953472,
    "extentSize": 137439019008,
    "accessType": "write",
    "accessPattern": "sequential",
    "granularity": "page",
    "nonTemporal": false,
    "noflush": false,
    "set-affinity": true
  },
  "results": {
    "success": true,
    "time": 14800.154602999999,
    "byte_per_sec": 9286318768.868877,
    "MiB_per_sec": 8856.123703831556,
    "IOPS": 141697.9792613049,
    "MIOPS": 0.1416979792613049,
    "addr": 140032039976960
  }
}
