{
  "params": {
    "version": "0.2.0",
    "source": "devdax",
    "path": "/dev/dax0.1",
    "nthreads": 8,
    "nsegments": 1,
    "stripeSize": 68719476736,
    "blockSize": 2048,
    "paddingSize": 4096,
    "totalSize": 68719476736,
    "extentSize": 68719509504,
    "accessType": "write",
    "accessPattern": "sequential",
    "granularity": "page",
    "nonTemporal": false,
    "noflush": false,
    "set-affinity": true
  },
  "results": {
    "success": true,
    "time": 7770.807718999999,
    "byte_per_sec": 8843286209.228619,
    "MiB_per_sec": 8433.61493037092,
    "IOPS": 4318010.844349911,
    "MIOPS": 4.318010844349911,
    "addr": 139812996644864
  }
}
