{
  "params": {
    "version": "0.2.0",
    "source": "devdax",
    "path": "/dev/dax0.1",
    "nthreads": 16,
    "nsegments": 1,
    "stripeSize": 137438953472,
    "blockSize": 4096,
    "paddingSize": 4096,
    "totalSize": 137438953472,
    "extentSize": 137439019008,
    "accessType": "write",
    "accessPattern": "sequential",
    "granularity": "page",
    "nonTemporal": false,
    "noflush": false,
    "set-affinity": true
  },
  "results": {
    "success": true,
    "time": 14867.605967,
    "byte_per_sec": 9244188592.101393,
    "MiB_per_sec": 8815.94523630275,
    "IOPS": 2256881.980493504,
    "MIOPS": 2.256881980493504,
    "addr": 140201691185152
  }
}
