{
  "params": {
    "version": "0.2.0",
    "source": "devdax",
    "path": "/dev/dax0.1",
    "nthreads": 8,
    "nsegments": 1,
    "stripeSize": 68719476736,
    "blockSize": 128,
    "paddingSize": 4096,
    "totalSize": 68719476736,
    "extentSize": 68719509504,
    "accessType": "write",
    "accessPattern": "sequential",
    "granularity": "page",
    "nonTemporal": false,
    "noflush": false,
    "set-affinity": true
  },
  "results": {
    "success": true,
    "time": 9504.071999,
    "byte_per_sec": 7230529897.419814,
    "MiB_per_sec": 6895.570657176794,
    "IOPS": 56488514.8235923,
    "MIOPS": 56.4885148235923,
    "addr": 139299748052992
  }
}
