{
  "params": {
    "version": "0.2.0",
    "source": "devdax",
    "path": "/dev/dax0.1",
    "nthreads": 16,
    "nsegments": 1,
    "stripeSize": 137438953472,
    "blockSize": 65536,
    "paddingSize": 4096,
    "totalSize": 137438953472,
    "extentSize": 137439019008,
    "accessType": "write",
    "accessPattern": "sequential",
    "granularity": "page",
    "nonTemporal": true,
    "noflush": false,
    "set-affinity": true
  },
  "results": {
    "success": true,
    "time": 15464.933299,
    "byte_per_sec": 8887135224.882421,
    "MiB_per_sec": 8475.432610399648,
    "IOPS": 135606.92176639437,
    "MIOPS": 0.13560692176639438,
    "addr": 140246788341760
  }
}
