{
  "params": {
    "version": "0.2.0",
    "source": "devdax",
    "path": "/dev/dax0.1",
    "nthreads": 16,
    "nsegments": 1,
    "stripeSize": 137438953472,
    "blockSize": 1048576,
    "paddingSize": 4096,
    "totalSize": 137438953472,
    "extentSize": 137439019008,
    "accessType": "write",
    "accessPattern": "sequential",
    "granularity": "page",
    "nonTemporal": true,
    "noflush": false,
    "set-affinity": true
  },
  "results": {
    "success": true,
    "time": 14752.445247000001,
    "byte_per_sec": 9316350691.079435,
    "MiB_per_sec": 8884.764376716075,
    "IOPS": 8884.764376716075,
    "MIOPS": 0.008884764376716075,
    "addr": 139977279143936
  }
}
