{
  "params": {
    "version": "0.2.0",
    "source": "devdax",
    "path": "/dev/dax0.1",
    "nthreads": 4,
    "nsegments": 1,
    "stripeSize": 34359738368,
    "blockSize": 131072,
    "paddingSize": 4096,
    "totalSize": 34359738368,
    "extentSize": 34359754752,
    "accessType": "write",
    "accessPattern": "sequential",
    "granularity": "page",
    "nonTemporal": true,
    "noflush": false,
    "set-affinity": true
  },
  "results": {
    "success": true,
    "time": 2907.611512,
    "byte_per_sec": 11817169599.925564,
    "MiB_per_sec": 11269.73114006573,
    "IOPS": 90157.84912052585,
    "MIOPS": 0.09015784912052585,
    "addr": 139407122235392
  }
}
