{
  "params": {
    "version": "0.2.0",
    "source": "devdax",
    "path": "/dev/dax0.1",
    "nthreads": 8,
    "nsegments": 1,
    "stripeSize": 68719476736,
    "blockSize": 262144,
    "paddingSize": 4096,
    "totalSize": 68719476736,
    "extentSize": 68719509504,
    "accessType": "write",
    "accessPattern": "sequential",
    "granularity": "page",
    "nonTemporal": false,
    "noflush": false,
    "set-affinity": true
  },
  "results": {
    "success": true,
    "time": 8008.834596,
    "byte_per_sec": 8580458980.926119,
    "MiB_per_sec": 8182.963353086585,
    "IOPS": 32731.85341234634,
    "MIOPS": 0.03273185341234634,
    "addr": 140192027508736
  }
}
