{
  "params": {
    "version": "0.2.0",
    "source": "devdax",
    "path": "/dev/dax0.1",
    "nthreads": 2,
    "nsegments": 1,
    "stripeSize": 17179869184,
    "blockSize": 256,
    "paddingSize": 4096,
    "totalSize": 17179869184,
    "extentSize": 17179877376,
    "accessType": "write",
    "accessPattern": "sequential",
    "granularity": "page",
    "nonTemporal": true,
    "noflush": false,
    "set-affinity": true
  },
  "results": {
    "success": true,
    "time": 3937.5108280000004,
    "byte_per_sec": 4363129381.596205,
    "MiB_per_sec": 4161.004430385785,
    "IOPS": 17043474.146860175,
    "MIOPS": 17.043474146860174,
    "addr": 140024523784192
  }
}
