{
  "params": {
    "version": "0.2.0",
    "source": "devdax",
    "path": "/dev/dax0.1",
    "nthreads": 1,
    "nsegments": 1,
    "stripeSize": 8589934592,
    "blockSize": 524288,
    "paddingSize": 4096,
    "totalSize": 8589934592,
    "extentSize": 8589938688,
    "accessType": "write",
    "accessPattern": "sequential",
    "granularity": "page",
    "nonTemporal": true,
    "noflush": false,
    "set-affinity": true
  },
  "results": {
    "success": true,
    "time": 1280.567295,
    "byte_per_sec": 6707913457.995974,
    "MiB_per_sec": 6397.164781566595,
    "IOPS": 12794.32956313319,
    "MIOPS": 0.01279432956313319,
    "addr": 139351287660544
  }
}
