{
  "params": {
    "version": "0.2.0",
    "source": "devdax",
    "path": "/dev/dax0.1",
    "nthreads": 1,
    "nsegments": 1,
    "stripeSize": 8589934592,
    "blockSize": 256,
    "paddingSize": 4096,
    "totalSize": 8589934592,
    "extentSize": 8589938688,
    "accessType": "write",
    "accessPattern": "sequential",
    "granularity": "page",
    "nonTemporal": true,
    "noflush": false,
    "set-affinity": true
  },
  "results": {
    "success": true,
    "time": 3894.232794,
    "byte_per_sec": 2205809217.4753537,
    "MiB_per_sec": 2103.623597598413,
    "IOPS": 8616442.2557631,
    "MIOPS": 8.6164422557631,
    "addr": 139633681760256
  }
}
