{
  "params": {
    "version": "0.2.0",
    "source": "devdax",
    "path": "/dev/dax0.1",
    "nthreads": 2,
    "nsegments": 1,
    "stripeSize": 17179869184,
    "blockSize": 8192,
    "paddingSize": 4096,
    "totalSize": 17179869184,
    "extentSize": 17179877376,
    "accessType": "write",
    "accessPattern": "sequential",
    "granularity": "page",
    "nonTemporal": false,
    "noflush": false,
    "set-affinity": true
  },
  "results": {
    "success": true,
    "time": 4631.270443,
    "byte_per_sec": 3709537025.626901,
    "MiB_per_sec": 3537.690187098409,
    "IOPS": 452824.34394859633,
    "MIOPS": 0.45282434394859633,
    "addr": 139319075405824
  }
}
