{
  "params": {
    "version": "0.2.0",
    "source": "devdax",
    "path": "/dev/dax0.1",
    "nthreads": 16,
    "nsegments": 1,
    "stripeSize": 137438953472,
    "blockSize": 262144,
    "paddingSize": 4096,
    "totalSize": 137438953472,
    "extentSize": 137439019008,
    "accessType": "write",
    "accessPattern": "sequential",
    "granularity": "page",
    "nonTemporal": false,
    "noflush": false,
    "set-affinity": true
  },
  "results": {
    "success": true,
    "time": 14794.203402000001,
    "byte_per_sec": 9290054336.647818,
    "MiB_per_sec": 8859.686218879526,
    "IOPS": 35438.7448755181,
    "MIOPS": 0.035438744875518104,
    "addr": 140091095777280
  }
}
