{
  "params": {
    "version": "0.2.0",
    "source": "devdax",
    "path": "/dev/dax0.1",
    "nthreads": 8,
    "nsegments": 1,
    "stripeSize": 68719476736,
    "blockSize": 64,
    "paddingSize": 4096,
    "totalSize": 68719476736,
    "extentSize": 68719509504,
    "accessType": "write",
    "accessPattern": "sequential",
    "granularity": "page",
    "nonTemporal": true,
    "noflush": false,
    "set-affinity": true
  },
  "results": {
    "success": true,
    "time": 14630.654792,
    "byte_per_sec": 4696951552.269254,
    "MiB_per_sec": 4479.362060803655,
    "IOPS": 73389868.00420709,
    "MIOPS": 73.38986800420709,
    "addr": 139765752004608
  }
}
