{
  "params": {
    "version": "0.2.0",
    "source": "devdax",
    "path": "/dev/dax0.1",
    "nthreads": 4,
    "nsegments": 1,
    "stripeSize": 34359738368,
    "blockSize": 512,
    "paddingSize": 4096,
    "totalSize": 34359738368,
    "extentSize": 34359754752,
    "accessType": "write",
    "accessPattern": "sequential",
    "granularity": "page",
    "nonTemporal": false,
    "noflush": false,
    "set-affinity": true
  },
  "results": {
    "success": true,
    "time": 4981.760295,
    "byte_per_sec": 6897107916.349476,
    "MiB_per_sec": 6577.594677304722,
    "IOPS": 13470913.89912007,
    "MIOPS": 13.47091389912007,
    "addr": 139930034503680
  }
}
