{
  "params": {
    "version": "0.2.0",
    "source": "devdax",
    "path": "/dev/dax0.1",
    "nthreads": 16,
    "nsegments": 1,
    "stripeSize": 137438953472,
    "blockSize": 64,
    "paddingSize": 4096,
    "totalSize": 137438953472,
    "extentSize": 137439019008,
    "accessType": "write",
    "accessPattern": "sequential",
    "granularity": "page",
    "nonTemporal": false,
    "noflush": false,
    "set-affinity": true
  },
  "results": {
    "success": true,
    "time": 17757.420004,
    "byte_per_sec": 7739804174.313655,
    "MiB_per_sec": 7381.252455056815,
    "IOPS": 120934440.22365086,
    "MIOPS": 120.93444022365085,
    "addr": 140144782868480
  }
}
