{
  "params": {
    "version": "0.2.0",
    "source": "devdax",
    "path": "/dev/dax0.0",
    "nthreads": 2,
    "nsegments": 1,
    "stripeSize": 17179869184,
    "blockSize": 8192,
    "paddingSize": 4096,
    "totalSize": 17179869184,
    "extentSize": 17179877376,
    "accessType": "read",
    "accessPattern": "random",
    "granularity": "page",
    "nonTemporal": true,
    "noflush": false,
    "set-affinity": true
  },
  "results": {
    "success": true,
    "time": 2585.38143,
    "byte_per_sec": 6645003706.087577,
    "MiB_per_sec": 6337.169366920068,
    "IOPS": 811157.6789657687,
    "MIOPS": 0.8111576789657686,
    "addr": 20278688088064
  }
}
