{
  "params": {
    "version": "0.2.0",
    "source": "devdax",
    "path": "/dev/dax0.0",
    "nthreads": 2,
    "nsegments": 1,
    "stripeSize": 17179869184,
    "blockSize": 262144,
    "paddingSize": 4096,
    "totalSize": 17179869184,
    "extentSize": 17179877376,
    "accessType": "read",
    "accessPattern": "random",
    "granularity": "page",
    "nonTemporal": true,
    "noflush": false,
    "set-affinity": true
  },
  "results": {
    "success": true,
    "time": 2362.219928,
    "byte_per_sec": 7272764479.023563,
    "MiB_per_sec": 6935.848692916454,
    "IOPS": 27743.394771665815,
    "MIOPS": 0.027743394771665816,
    "addr": 20673825079296
  }
}
