{
  "params": {
    "version": "0.2.0",
    "source": "devdax",
    "path": "/dev/dax0.0",
    "nthreads": 32,
    "nsegments": 1,
    "stripeSize": 274877906944,
    "blockSize": 256,
    "paddingSize": 4096,
    "totalSize": 274877906944,
    "extentSize": 274878038016,
    "accessType": "read",
    "accessPattern": "random",
    "granularity": "page",
    "nonTemporal": true,
    "noflush": false,
    "set-affinity": true
  },
  "results": {
    "success": true,
    "time": 8930.001534,
    "byte_per_sec": 30781395265.99548,
    "MiB_per_sec": 29355.42608832882,
    "IOPS": 120239825.25779484,
    "MIOPS": 120.23982525779485,
    "addr": 20441896845312
  }
}
