{
  "params": {
    "version": "0.2.0",
    "source": "devdax",
    "path": "/dev/dax0.0",
    "nthreads": 2,
    "nsegments": 1,
    "stripeSize": 17179869184,
    "blockSize": 2048,
    "paddingSize": 4096,
    "totalSize": 17179869184,
    "extentSize": 17179877376,
    "accessType": "read",
    "accessPattern": "random",
    "granularity": "page",
    "nonTemporal": true,
    "noflush": false,
    "set-affinity": true
  },
  "results": {
    "success": true,
    "time": 3411.653794,
    "byte_per_sec": 5035642600.7275,
    "MiB_per_sec": 4802.363014914989,
    "IOPS": 2458809.8636364746,
    "MIOPS": 2.458809863636475,
    "addr": 21204253540352
  }
}
