{
  "params": {
    "version": "0.2.0",
    "source": "devdax",
    "path": "/dev/dax0.0",
    "nthreads": 8,
    "nsegments": 1,
    "stripeSize": 68719476736,
    "blockSize": 512,
    "paddingSize": 4096,
    "totalSize": 68719476736,
    "extentSize": 68719509504,
    "accessType": "read",
    "accessPattern": "random",
    "granularity": "page",
    "nonTemporal": true,
    "noflush": false,
    "set-affinity": true
  },
  "results": {
    "success": true,
    "time": 5815.8456830000005,
    "byte_per_sec": 11815904424.161455,
    "MiB_per_sec": 11268.52457443376,
    "IOPS": 23077938.328440342,
    "MIOPS": 23.077938328440343,
    "addr": 20903605829632
  }
}
