{
  "params": {
    "version": "0.2.0",
    "source": "devdax",
    "path": "/dev/dax0.0",
    "nthreads": 2,
    "nsegments": 1,
    "stripeSize": 17179869184,
    "blockSize": 65536,
    "paddingSize": 4096,
    "totalSize": 17179869184,
    "extentSize": 17179877376,
    "accessType": "read",
    "accessPattern": "random",
    "granularity": "page",
    "nonTemporal": true,
    "noflush": false,
    "set-affinity": true
  },
  "results": {
    "success": true,
    "time": 2373.224552,
    "byte_per_sec": 7239040726.054313,
    "MiB_per_sec": 6903.68721585685,
    "IOPS": 110458.9954537096,
    "MIOPS": 0.1104589954537096,
    "addr": 20304457891840
  }
}
