{
  "params": {
    "version": "0.2.0",
    "source": "devdax",
    "path": "/dev/dax0.0",
    "nthreads": 8,
    "nsegments": 1,
    "stripeSize": 68719476736,
    "blockSize": 65536,
    "paddingSize": 4096,
    "totalSize": 68719476736,
    "extentSize": 68719509504,
    "accessType": "read",
    "accessPattern": "random",
    "granularity": "page",
    "nonTemporal": true,
    "noflush": false,
    "set-affinity": true
  },
  "results": {
    "success": true,
    "time": 2737.916756,
    "byte_per_sec": 25099184109.74508,
    "MiB_per_sec": 23936.44724821575,
    "IOPS": 382983.155971452,
    "MIOPS": 0.382983155971452,
    "addr": 20262581960704
  }
}
