{
  "params": {
    "version": "0.2.0",
    "source": "devdax",
    "path": "/dev/dax0.0",
    "nthreads": 16,
    "nsegments": 1,
    "stripeSize": 137438953472,
    "blockSize": 1048576,
    "paddingSize": 4096,
    "totalSize": 137438953472,
    "extentSize": 137439019008,
    "accessType": "read",
    "accessPattern": "random",
    "granularity": "page",
    "nonTemporal": true,
    "noflush": false,
    "set-affinity": true
  },
  "results": {
    "success": true,
    "time": 3126.623425,
    "byte_per_sec": 43957629298.449974,
    "MiB_per_sec": 41921.262072038626,
    "IOPS": 41921.262072038626,
    "MIOPS": 0.041921262072038626,
    "addr": 20652350242816
  }
}
