{
  "params": {
    "version": "0.2.0",
    "source": "devdax",
    "path": "/dev/dax0.0",
    "nthreads": 48,
    "nsegments": 1,
    "stripeSize": 412316860416,
    "blockSize": 262144,
    "paddingSize": 4096,
    "totalSize": 412316860416,
    "extentSize": 412317057024,
    "accessType": "read",
    "accessPattern": "random",
    "granularity": "page",
    "nonTemporal": true,
    "noflush": false,
    "set-affinity": true
  },
  "results": {
    "success": true,
    "time": 5457.730858,
    "byte_per_sec": 75547305490.8198,
    "MiB_per_sec": 72047.5249202917,
    "IOPS": 288190.0996811668,
    "MIOPS": 0.2881900996811668,
    "addr": 20621211729920
  }
}
