{
  "params": {
    "version": "0.2.0",
    "source": "devdax",
    "path": "/dev/dax0.0",
    "nthreads": 1,
    "nsegments": 1,
    "stripeSize": 8589934592,
    "blockSize": 262144,
    "paddingSize": 4096,
    "totalSize": 8589934592,
    "extentSize": 8589938688,
    "accessType": "read",
    "accessPattern": "random",
    "granularity": "page",
    "nonTemporal": true,
    "noflush": false,
    "set-affinity": true
  },
  "results": {
    "success": true,
    "time": 2279.388524,
    "byte_per_sec": 3768525857.507564,
    "MiB_per_sec": 3593.9463210178033,
    "IOPS": 14375.785284071213,
    "MIOPS": 0.014375785284071213,
    "addr": 21145197740032
  }
}
