{
  "params": {
    "version": "0.2.0",
    "source": "devdax",
    "path": "/dev/dax0.0",
    "nthreads": 48,
    "nsegments": 1,
    "stripeSize": 412316860416,
    "blockSize": 262144,
    "paddingSize": 4096,
    "totalSize": 412316860416,
    "extentSize": 412317057024,
    "accessType": "read",
    "accessPattern": "random",
    "granularity": "page",
    "nonTemporal": true,
    "noflush": false,
    "set-affinity": true
  },
  "results": {
    "success": true,
    "time": 5457.951332000001,
    "byte_per_sec": 75544253756.64012,
    "MiB_per_sec": 72044.61455978405,
    "IOPS": 288178.4582391362,
    "MIOPS": 0.2881784582391362,
    "addr": 20825222676480
  }
}
