{
  "params": {
    "version": "0.2.0",
    "source": "devdax",
    "path": "/dev/dax0.0",
    "nthreads": 2,
    "nsegments": 1,
    "stripeSize": 17179869184,
    "blockSize": 4096,
    "paddingSize": 4096,
    "totalSize": 17179869184,
    "extentSize": 17179877376,
    "accessType": "read",
    "accessPattern": "random",
    "granularity": "page",
    "nonTemporal": true,
    "noflush": false,
    "set-affinity": true
  },
  "results": {
    "success": true,
    "time": 2863.1996169999998,
    "byte_per_sec": 6000234521.545761,
    "MiB_per_sec": 5722.269555612336,
    "IOPS": 1464901.006236758,
    "MIOPS": 1.464901006236758,
    "addr": 20829517643776
  }
}
