{
  "params": {
    "version": "0.2.0",
    "source": "devdax",
    "path": "/dev/dax0.0",
    "nthreads": 8,
    "nsegments": 1,
    "stripeSize": 68719476736,
    "blockSize": 1024,
    "paddingSize": 4096,
    "totalSize": 68719476736,
    "extentSize": 68719509504,
    "accessType": "read",
    "accessPattern": "random",
    "granularity": "page",
    "nonTemporal": true,
    "noflush": false,
    "set-affinity": true
  },
  "results": {
    "success": true,
    "time": 5038.295144,
    "byte_per_sec": 13639430555.75785,
    "MiB_per_sec": 13007.574611432887,
    "IOPS": 13319756.402107276,
    "MIOPS": 13.319756402107275,
    "addr": 21129091612672
  }
}
