{
  "params": {
    "version": "0.2.0",
    "source": "devdax",
    "path": "/dev/dax0.0",
    "nthreads": 48,
    "nsegments": 1,
    "stripeSize": 412316860416,
    "blockSize": 32768,
    "paddingSize": 4096,
    "totalSize": 412316860416,
    "extentSize": 412317057024,
    "accessType": "read",
    "accessPattern": "random",
    "granularity": "page",
    "nonTemporal": true,
    "noflush": false,
    "set-affinity": true
  },
  "results": {
    "success": true,
    "time": 5560.54924,
    "byte_per_sec": 74150383823.5951,
    "MiB_per_sec": 70715.31660422811,
    "IOPS": 2262890.1313352995,
    "MIOPS": 2.2628901313352996,
    "addr": 20857434931200
  }
}
