{
  "params": {
    "version": "0.2.0",
    "source": "devdax",
    "path": "/dev/dax0.0",
    "nthreads": 4,
    "nsegments": 1,
    "stripeSize": 34359738368,
    "blockSize": 4096,
    "paddingSize": 4096,
    "totalSize": 34359738368,
    "extentSize": 34359754752,
    "accessType": "read",
    "accessPattern": "random",
    "granularity": "page",
    "nonTemporal": true,
    "noflush": false,
    "set-affinity": true
  },
  "results": {
    "success": true,
    "time": 2974.95277,
    "byte_per_sec": 11549675246.777111,
    "MiB_per_sec": 11014.628645684348,
    "IOPS": 2819744.933295193,
    "MIOPS": 2.819744933295193,
    "addr": 21096879357952
  }
}
