{
  "params": {
    "version": "0.2.0",
    "source": "devdax",
    "path": "/dev/dax0.0",
    "nthreads": 16,
    "nsegments": 1,
    "stripeSize": 137438953472,
    "blockSize": 1024,
    "paddingSize": 4096,
    "totalSize": 137438953472,
    "extentSize": 137439019008,
    "accessType": "read",
    "accessPattern": "random",
    "granularity": "page",
    "nonTemporal": true,
    "noflush": false,
    "set-affinity": true
  },
  "results": {
    "success": true,
    "time": 5732.6402849999995,
    "byte_per_sec": 23974808576.70804,
    "MiB_per_sec": 22864.159180362738,
    "IOPS": 23412899.000691444,
    "MIOPS": 23.412899000691443,
    "addr": 20857434931200
  }
}
