{
  "params": {
    "version": "0.2.0",
    "source": "devdax",
    "path": "/dev/dax0.0",
    "nthreads": 4,
    "nsegments": 1,
    "stripeSize": 34359738368,
    "blockSize": 256,
    "paddingSize": 4096,
    "totalSize": 34359738368,
    "extentSize": 34359754752,
    "accessType": "read",
    "accessPattern": "random",
    "granularity": "page",
    "nonTemporal": true,
    "noflush": false,
    "set-affinity": true
  },
  "results": {
    "success": true,
    "time": 7214.946895,
    "byte_per_sec": 4762299552.310149,
    "MiB_per_sec": 4541.682770071172,
    "IOPS": 18602732.62621152,
    "MIOPS": 18.60273262621152,
    "addr": 21026012397568
  }
}
