{
  "params": {
    "version": "0.2.0",
    "source": "devdax",
    "path": "/dev/dax0.0",
    "nthreads": 4,
    "nsegments": 1,
    "stripeSize": 34359738368,
    "blockSize": 16384,
    "paddingSize": 4096,
    "totalSize": 34359738368,
    "extentSize": 34359754752,
    "accessType": "read",
    "accessPattern": "random",
    "granularity": "page",
    "nonTemporal": true,
    "noflush": false,
    "set-affinity": true
  },
  "results": {
    "success": true,
    "time": 2571.9907380000004,
    "byte_per_sec": 13359199883.7128,
    "MiB_per_sec": 12740.325816834258,
    "IOPS": 815380.8522773925,
    "MIOPS": 0.8153808522773925,
    "addr": 21001316335616
  }
}
