{
  "params": {
    "version": "0.2.0",
    "source": "devdax",
    "path": "/dev/dax0.0",
    "nthreads": 32,
    "nsegments": 1,
    "stripeSize": 274877906944,
    "blockSize": 512,
    "paddingSize": 4096,
    "totalSize": 274877906944,
    "extentSize": 274878038016,
    "accessType": "read",
    "accessPattern": "random",
    "granularity": "page",
    "nonTemporal": true,
    "noflush": false,
    "set-affinity": true
  },
  "results": {
    "success": true,
    "time": 7134.475044,
    "byte_per_sec": 38528119483.04013,
    "MiB_per_sec": 36743.27801040662,
    "IOPS": 75250233.36531276,
    "MIOPS": 75.25023336531275,
    "addr": 20222853513216
  }
}
