{
  "params": {
    "version": "0.2.0",
    "source": "devdax",
    "path": "/dev/dax0.0",
    "nthreads": 1,
    "nsegments": 1,
    "stripeSize": 8589934592,
    "blockSize": 8192,
    "paddingSize": 4096,
    "totalSize": 8589934592,
    "extentSize": 8589938688,
    "accessType": "read",
    "accessPattern": "sequential",
    "granularity": "page",
    "nonTemporal": true,
    "noflush": false,
    "set-affinity": true
  },
  "results": {
    "success": true,
    "time": 2342.293271,
    "byte_per_sec": 3667318135.757049,
    "MiB_per_sec": 3497.427116162347,
    "IOPS": 447670.6708687804,
    "MIOPS": 0.44767067086878043,
    "addr": 20316269051904
  }
}
