{
  "params": {
    "version": "0.2.0",
    "source": "devdax",
    "path": "/dev/dax0.0",
    "nthreads": 32,
    "nsegments": 1,
    "stripeSize": 274877906944,
    "blockSize": 16384,
    "paddingSize": 4096,
    "totalSize": 274877906944,
    "extentSize": 274878038016,
    "accessType": "read",
    "accessPattern": "sequential",
    "granularity": "page",
    "nonTemporal": true,
    "noflush": false,
    "set-affinity": true
  },
  "results": {
    "success": true,
    "time": 3890.269569,
    "byte_per_sec": 70657804573.3365,
    "MiB_per_sec": 67384.5334752431,
    "IOPS": 4312610.142415558,
    "MIOPS": 4.312610142415558,
    "addr": 20697447399424
  }
}
