{
  "params": {
    "version": "0.2.0",
    "source": "devdax",
    "path": "/dev/dax0.0",
    "nthreads": 4,
    "nsegments": 1,
    "stripeSize": 34359738368,
    "blockSize": 64,
    "paddingSize": 4096,
    "totalSize": 34359738368,
    "extentSize": 34359754752,
    "accessType": "read",
    "accessPattern": "sequential",
    "granularity": "page",
    "nonTemporal": true,
    "noflush": false,
    "set-affinity": true
  },
  "results": {
    "success": true,
    "time": 28946.865621,
    "byte_per_sec": 1186993397.415475,
    "MiB_per_sec": 1132.0051168589353,
    "IOPS": 18546771.834616795,
    "MIOPS": 18.546771834616795,
    "addr": 20775830552576
  }
}
