{
  "params": {
    "version": "0.2.0",
    "source": "devdax",
    "path": "/dev/dax0.0",
    "nthreads": 2,
    "nsegments": 1,
    "stripeSize": 17179869184,
    "blockSize": 65536,
    "paddingSize": 4096,
    "totalSize": 17179869184,
    "extentSize": 17179877376,
    "accessType": "read",
    "accessPattern": "sequential",
    "granularity": "page",
    "nonTemporal": true,
    "noflush": false,
    "set-affinity": true
  },
  "results": {
    "success": true,
    "time": 2377.403273,
    "byte_per_sec": 7226316788.199357,
    "MiB_per_sec": 6891.55272312103,
    "IOPS": 110264.84356993648,
    "MIOPS": 0.11026484356993647,
    "addr": 21000242593792
  }
}
