{
  "params": {
    "version": "0.2.0",
    "source": "devdax",
    "path": "/dev/dax0.0",
    "nthreads": 8,
    "nsegments": 1,
    "stripeSize": 68719476736,
    "blockSize": 16384,
    "paddingSize": 4096,
    "totalSize": 68719476736,
    "extentSize": 68719509504,
    "accessType": "read",
    "accessPattern": "sequential",
    "granularity": "page",
    "nonTemporal": true,
    "noflush": false,
    "set-affinity": true
  },
  "results": {
    "success": true,
    "time": 2725.404481,
    "byte_per_sec": 25214413939.315746,
    "MiB_per_sec": 24046.338977161166,
    "IOPS": 1538965.6945383146,
    "MIOPS": 1.5389656945383146,
    "addr": 20997021368320
  }
}
