{
  "params": {
    "version": "0.2.0",
    "source": "devdax",
    "path": "/dev/dax0.0",
    "nthreads": 48,
    "nsegments": 1,
    "stripeSize": 412316860416,
    "blockSize": 32768,
    "paddingSize": 4096,
    "totalSize": 412316860416,
    "extentSize": 412317057024,
    "accessType": "read",
    "accessPattern": "sequential",
    "granularity": "page",
    "nonTemporal": true,
    "noflush": false,
    "set-affinity": true
  },
  "results": {
    "success": true,
    "time": 5617.260362999999,
    "byte_per_sec": 73401771285.49454,
    "MiB_per_sec": 70001.38405370191,
    "IOPS": 2240044.289718461,
    "MIOPS": 2.2400442897184614,
    "addr": 21139829030912
  }
}
