{
  "params": {
    "version": "0.2.0",
    "source": "devdax",
    "path": "/dev/dax0.0",
    "nthreads": 48,
    "nsegments": 1,
    "stripeSize": 412316860416,
    "blockSize": 1024,
    "paddingSize": 4096,
    "totalSize": 412316860416,
    "extentSize": 412317057024,
    "accessType": "read",
    "accessPattern": "sequential",
    "granularity": "page",
    "nonTemporal": true,
    "noflush": false,
    "set-affinity": true
  },
  "results": {
    "success": true,
    "time": 6140.982296,
    "byte_per_sec": 67141841572.246086,
    "MiB_per_sec": 64031.449863668524,
    "IOPS": 65568204.66039657,
    "MIOPS": 65.56820466039657,
    "addr": 21239687020544
  }
}
