{
  "params": {
    "version": "0.2.0",
    "source": "devdax",
    "path": "/dev/dax0.0",
    "nthreads": 16,
    "nsegments": 1,
    "stripeSize": 137438953472,
    "blockSize": 32768,
    "paddingSize": 4096,
    "totalSize": 137438953472,
    "extentSize": 137439019008,
    "accessType": "read",
    "accessPattern": "sequential",
    "granularity": "page",
    "nonTemporal": true,
    "noflush": false,
    "set-affinity": true
  },
  "results": {
    "success": true,
    "time": 3169.229714,
    "byte_per_sec": 43366674515.53497,
    "MiB_per_sec": 41357.68367341516,
    "IOPS": 1323445.877549285,
    "MIOPS": 1.323445877549285,
    "addr": 20677046304768
  }
}
