{
  "params": {
    "version": "0.2.0",
    "source": "devdax",
    "path": "/dev/dax0.0",
    "nthreads": 16,
    "nsegments": 1,
    "stripeSize": 137438953472,
    "blockSize": 2048,
    "paddingSize": 4096,
    "totalSize": 137438953472,
    "extentSize": 137439019008,
    "accessType": "read",
    "accessPattern": "sequential",
    "granularity": "page",
    "nonTemporal": true,
    "noflush": false,
    "set-affinity": true
  },
  "results": {
    "success": true,
    "time": 3129.1651530000004,
    "byte_per_sec": 43921923820.55457,
    "MiB_per_sec": 41887.21067481477,
    "IOPS": 21446251.865505163,
    "MIOPS": 21.44625186550516,
    "addr": 20562155929600
  }
}
