{
  "params": {
    "version": "0.2.0",
    "source": "devdax",
    "path": "/dev/dax0.0",
    "nthreads": 32,
    "nsegments": 1,
    "stripeSize": 274877906944,
    "blockSize": 512,
    "paddingSize": 4096,
    "totalSize": 274877906944,
    "extentSize": 274878038016,
    "accessType": "read",
    "accessPattern": "sequential",
    "granularity": "page",
    "nonTemporal": true,
    "noflush": false,
    "set-affinity": true
  },
  "results": {
    "success": true,
    "time": 4239.788853,
    "byte_per_sec": 64832923637.10547,
    "MiB_per_sec": 61829.494130235165,
    "IOPS": 126626803.97872162,
    "MIOPS": 126.62680397872163,
    "addr": 21288005402624
  }
}
