{
  "params": {
    "version": "0.2.0",
    "source": "devdax",
    "path": "/dev/dax0.0",
    "nthreads": 8,
    "nsegments": 1,
    "stripeSize": 68719476736,
    "blockSize": 4096,
    "paddingSize": 4096,
    "totalSize": 68719476736,
    "extentSize": 68719509504,
    "accessType": "read",
    "accessPattern": "sequential",
    "granularity": "page",
    "nonTemporal": true,
    "noflush": false,
    "set-affinity": true
  },
  "results": {
    "success": true,
    "time": 2999.402691,
    "byte_per_sec": 22911053904.898964,
    "MiB_per_sec": 21849.683670901264,
    "IOPS": 5593519.019750724,
    "MIOPS": 5.593519019750723,
    "addr": 20736102105088
  }
}
