{
  "params": {
    "version": "0.2.0",
    "source": "devdax",
    "path": "/dev/dax0.0",
    "nthreads": 4,
    "nsegments": 1,
    "stripeSize": 34359738368,
    "blockSize": 1024,
    "paddingSize": 4096,
    "totalSize": 34359738368,
    "extentSize": 34359754752,
    "accessType": "read",
    "accessPattern": "sequential",
    "granularity": "page",
    "nonTemporal": true,
    "noflush": false,
    "set-affinity": true
  },
  "results": {
    "success": true,
    "time": 2677.260456,
    "byte_per_sec": 12833916958.283419,
    "MiB_per_sec": 12239.376982005519,
    "IOPS": 12533122.029573651,
    "MIOPS": 12.53312202957365,
    "addr": 21240760762368
  }
}
