{
  "params": {
    "version": "0.2.0",
    "source": "devdax",
    "path": "/dev/dax0.0",
    "nthreads": 8,
    "nsegments": 1,
    "stripeSize": 68719476736,
    "blockSize": 2048,
    "paddingSize": 4096,
    "totalSize": 68719476736,
    "extentSize": 68719509504,
    "accessType": "read",
    "accessPattern": "sequential",
    "granularity": "page",
    "nonTemporal": true,
    "noflush": false,
    "set-affinity": true
  },
  "results": {
    "success": true,
    "time": 2824.7168810000003,
    "byte_per_sec": 24327916612.893284,
    "MiB_per_sec": 23200.909245389255,
    "IOPS": 11878865.533639299,
    "MIOPS": 11.8788655336393,
    "addr": 20454781747200
  }
}
