{
  "params": {
    "version": "0.2.0",
    "source": "devdax",
    "path": "/dev/dax0.0",
    "nthreads": 48,
    "nsegments": 1,
    "stripeSize": 412316860416,
    "blockSize": 512,
    "paddingSize": 4096,
    "totalSize": 412316860416,
    "extentSize": 412317057024,
    "accessType": "read",
    "accessPattern": "sequential",
    "granularity": "page",
    "nonTemporal": true,
    "noflush": false,
    "set-affinity": true
  },
  "results": {
    "success": true,
    "time": 5764.600112,
    "byte_per_sec": 71525665684.54454,
    "MiB_per_sec": 68212.19032720999,
    "IOPS": 139698565.79012606,
    "MIOPS": 139.69856579012605,
    "addr": 20745765781504
  }
}
