{
  "params": {
    "version": "0.2.0",
    "source": "devdax",
    "path": "/dev/dax0.0",
    "nthreads": 8,
    "nsegments": 1,
    "stripeSize": 68719476736,
    "blockSize": 8192,
    "paddingSize": 4096,
    "totalSize": 68719476736,
    "extentSize": 68719509504,
    "accessType": "read",
    "accessPattern": "sequential",
    "granularity": "page",
    "nonTemporal": true,
    "noflush": false,
    "set-affinity": true
  },
  "results": {
    "success": true,
    "time": 2804.8441629999998,
    "byte_per_sec": 24500283346.401375,
    "MiB_per_sec": 23365.290972138762,
    "IOPS": 2990757.2444337616,
    "MIOPS": 2.9907572444337616,
    "addr": 20592220700672
  }
}
