{
  "params": {
    "version": "0.2.0",
    "source": "devdax",
    "path": "/dev/dax0.0",
    "nthreads": 16,
    "nsegments": 1,
    "stripeSize": 137438953472,
    "blockSize": 64,
    "paddingSize": 4096,
    "totalSize": 137438953472,
    "extentSize": 137439019008,
    "accessType": "read",
    "accessPattern": "sequential",
    "granularity": "page",
    "nonTemporal": true,
    "noflush": false,
    "set-affinity": true
  },
  "results": {
    "success": true,
    "time": 28178.47147,
    "byte_per_sec": 4877445308.498133,
    "MiB_per_sec": 4651.494320390828,
    "IOPS": 76210082.94528332,
    "MIOPS": 76.21008294528332,
    "addr": 21128017870848
  }
}
