{
  "params": {
    "version": "0.2.0",
    "source": "devdax",
    "path": "/dev/dax0.0",
    "nthreads": 32,
    "nsegments": 1,
    "stripeSize": 274877906944,
    "blockSize": 1024,
    "paddingSize": 4096,
    "totalSize": 274877906944,
    "extentSize": 274878038016,
    "accessType": "read",
    "accessPattern": "sequential",
    "granularity": "page",
    "nonTemporal": true,
    "noflush": false,
    "set-affinity": true
  },
  "results": {
    "success": true,
    "time": 4045.6124769999997,
    "byte_per_sec": 67944695273.3926,
    "MiB_per_sec": 64797.110818283654,
    "IOPS": 66352241.47792246,
    "MIOPS": 66.35224147792246,
    "addr": 20757576941568
  }
}
