{
  "params": {
    "version": "0.2.0",
    "source": "devdax",
    "path": "/dev/dax0.0",
    "nthreads": 8,
    "nsegments": 1,
    "stripeSize": 68719476736,
    "blockSize": 64,
    "paddingSize": 4096,
    "totalSize": 68719476736,
    "extentSize": 68719509504,
    "accessType": "read",
    "accessPattern": "sequential",
    "granularity": "page",
    "nonTemporal": true,
    "noflush": false,
    "set-affinity": true
  },
  "results": {
    "success": true,
    "time": 29305.490014,
    "byte_per_sec": 2344935256.2666893,
    "MiB_per_sec": 2236.3045275370496,
    "IOPS": 36639613.37916702,
    "MIOPS": 36.639613379167024,
    "addr": 20731807137792
  }
}
