{
  "params": {
    "version": "0.2.0",
    "source": "devdax",
    "path": "/dev/dax0.0",
    "nthreads": 1,
    "nsegments": 1,
    "stripeSize": 8589934592,
    "blockSize": 1048576,
    "paddingSize": 4096,
    "totalSize": 8589934592,
    "extentSize": 8589938688,
    "accessType": "read",
    "accessPattern": "sequential",
    "granularity": "page",
    "nonTemporal": true,
    "noflush": false,
    "set-affinity": true
  },
  "results": {
    "success": true,
    "time": 2293.622956,
    "byte_per_sec": 3745138044.3891926,
    "MiB_per_sec": 3571.641964329903,
    "IOPS": 3571.641964329903,
    "MIOPS": 0.0035716419643299032,
    "addr": 20796231647232
  }
}
