{
  "params": {
    "version": "0.2.0",
    "source": "devdax",
    "path": "/dev/dax0.0",
    "nthreads": 2,
    "nsegments": 1,
    "stripeSize": 17179869184,
    "blockSize": 128,
    "paddingSize": 4096,
    "totalSize": 17179869184,
    "extentSize": 17179877376,
    "accessType": "read",
    "accessPattern": "sequential",
    "granularity": "page",
    "nonTemporal": true,
    "noflush": false,
    "set-affinity": true
  },
  "results": {
    "success": true,
    "time": 12380.087995,
    "byte_per_sec": 1387701702.1961806,
    "MiB_per_sec": 1323.415472217732,
    "IOPS": 10841419.54840766,
    "MIOPS": 10.84141954840766,
    "addr": 20748987006976
  }
}
