{
  "params": {
    "version": "0.2.0",
    "source": "devdax",
    "path": "/dev/dax0.0",
    "nthreads": 32,
    "nsegments": 1,
    "stripeSize": 274877906944,
    "blockSize": 128,
    "paddingSize": 4096,
    "totalSize": 274877906944,
    "extentSize": 274878038016,
    "accessType": "read",
    "accessPattern": "sequential",
    "granularity": "page",
    "nonTemporal": true,
    "noflush": false,
    "set-affinity": true
  },
  "results": {
    "success": true,
    "time": 15118.007777,
    "byte_per_sec": 18182151444.72868,
    "MiB_per_sec": 17339.850849846534,
    "IOPS": 142048058.1619428,
    "MIOPS": 142.0480581619428,
    "addr": 20342038855680
  }
}
