{
  "params": {
    "version": "0.2.0",
    "source": "devdax",
    "path": "/dev/dax0.0",
    "nthreads": 1,
    "nsegments": 1,
    "stripeSize": 8589934592,
    "blockSize": 32768,
    "paddingSize": 4096,
    "totalSize": 8589934592,
    "extentSize": 8589938688,
    "accessType": "read",
    "accessPattern": "sequential",
    "granularity": "page",
    "nonTemporal": true,
    "noflush": false,
    "set-affinity": true
  },
  "results": {
    "success": true,
    "time": 2304.291938,
    "byte_per_sec": 3727797875.9304237,
    "MiB_per_sec": 3555.1050910286176,
    "IOPS": 113763.36291291576,
    "MIOPS": 0.11376336291291576,
    "addr": 20852066222080
  }
}
