{
  "params": {
    "version": "0.2.0",
    "source": "devdax",
    "path": "/dev/dax0.0",
    "nthreads": 4,
    "nsegments": 1,
    "stripeSize": 34359738368,
    "blockSize": 131072,
    "paddingSize": 4096,
    "totalSize": 34359738368,
    "extentSize": 34359754752,
    "accessType": "read",
    "accessPattern": "sequential",
    "granularity": "page",
    "nonTemporal": true,
    "noflush": false,
    "set-affinity": true
  },
  "results": {
    "success": true,
    "time": 2497.3265229999997,
    "byte_per_sec": 13758608676.739706,
    "MiB_per_sec": 13121.231724490839,
    "IOPS": 104969.85379592671,
    "MIOPS": 0.10496985379592672,
    "addr": 21106543034368
  }
}
