{
  "params": {
    "version": "0.2.0",
    "source": "devdax",
    "path": "/dev/dax0.0",
    "nthreads": 32,
    "nsegments": 1,
    "stripeSize": 274877906944,
    "blockSize": 1048576,
    "paddingSize": 4096,
    "totalSize": 274877906944,
    "extentSize": 274878038016,
    "accessType": "read",
    "accessPattern": "sequential",
    "granularity": "page",
    "nonTemporal": true,
    "noflush": false,
    "set-affinity": true
  },
  "results": {
    "success": true,
    "time": 3895.628223,
    "byte_per_sec": 70560610820.38217,
    "MiB_per_sec": 67291.84228933541,
    "IOPS": 67291.84228933541,
    "MIOPS": 0.06729184228933542,
    "addr": 21088289423360
  }
}
