{
  "params": {
    "version": "0.2.0",
    "source": "devdax",
    "path": "/dev/dax0.0",
    "nthreads": 1,
    "nsegments": 1,
    "stripeSize": 8589934592,
    "blockSize": 256,
    "paddingSize": 4096,
    "totalSize": 8589934592,
    "extentSize": 8589938688,
    "accessType": "read",
    "accessPattern": "sequential",
    "granularity": "page",
    "nonTemporal": true,
    "noflush": false,
    "set-affinity": true
  },
  "results": {
    "success": true,
    "time": 6013.391262,
    "byte_per_sec": 1428467601.348638,
    "MiB_per_sec": 1362.292863224638,
    "IOPS": 5579951.567768117,
    "MIOPS": 5.579951567768117,
    "addr": 20481625292800
  }
}
