{
  "params": {
    "version": "0.2.0",
    "source": "devdax",
    "path": "/dev/dax0.0",
    "nthreads": 1,
    "nsegments": 1,
    "stripeSize": 8589934592,
    "blockSize": 16384,
    "paddingSize": 4096,
    "totalSize": 8589934592,
    "extentSize": 8589938688,
    "accessType": "read",
    "accessPattern": "sequential",
    "granularity": "page",
    "nonTemporal": true,
    "noflush": false,
    "set-affinity": true
  },
  "results": {
    "success": true,
    "time": 2307.6743770000003,
    "byte_per_sec": 3722333912.277087,
    "MiB_per_sec": 3549.8942492266533,
    "IOPS": 227193.2319505058,
    "MIOPS": 0.2271932319505058,
    "addr": 20864951123968
  }
}
