{
  "params": {
    "version": "0.2.0",
    "source": "devdax",
    "path": "/dev/dax0.0",
    "nthreads": 32,
    "nsegments": 1,
    "stripeSize": 274877906944,
    "blockSize": 4096,
    "paddingSize": 4096,
    "totalSize": 274877906944,
    "extentSize": 274878038016,
    "accessType": "read",
    "accessPattern": "sequential",
    "granularity": "page",
    "nonTemporal": true,
    "noflush": false,
    "set-affinity": true
  },
  "results": {
    "success": true,
    "time": 3977.4812979999997,
    "byte_per_sec": 69108535364.38174,
    "MiB_per_sec": 65907.03522146391,
    "IOPS": 16872201.01669476,
    "MIOPS": 16.872201016694763,
    "addr": 20964809113600
  }
}
