{
  "params": {
    "version": "0.2.0",
    "source": "devdax",
    "path": "/dev/dax0.0",
    "nthreads": 4,
    "nsegments": 1,
    "stripeSize": 34359738368,
    "blockSize": 131072,
    "paddingSize": 4096,
    "totalSize": 34359738368,
    "extentSize": 34359754752,
    "accessType": "write",
    "accessPattern": "random",
    "granularity": "page",
    "nonTemporal": true,
    "noflush": false,
    "set-affinity": true
  },
  "results": {
    "success": true,
    "time": 1303.857577,
    "byte_per_sec": 26352370821.86316,
    "MiB_per_sec": 25131.579229224357,
    "IOPS": 201052.63383379485,
    "MIOPS": 0.20105263383379485,
    "addr": 20842402545664
  }
}
