{
  "params": {
    "version": "0.2.0",
    "source": "devdax",
    "path": "/dev/dax0.0",
    "nthreads": 8,
    "nsegments": 1,
    "stripeSize": 68719476736,
    "blockSize": 2048,
    "paddingSize": 4096,
    "totalSize": 68719476736,
    "extentSize": 68719509504,
    "accessType": "write",
    "accessPattern": "random",
    "granularity": "page",
    "nonTemporal": true,
    "noflush": false,
    "set-affinity": true
  },
  "results": {
    "success": true,
    "time": 2707.401781,
    "byte_per_sec": 25382075618.868034,
    "MiB_per_sec": 24206.233614795718,
    "IOPS": 12393591.610775407,
    "MIOPS": 12.393591610775408,
    "addr": 21267604307968
  }
}
