{
  "params": {
    "version": "0.2.0",
    "source": "devdax",
    "path": "/dev/dax0.0",
    "nthreads": 48,
    "nsegments": 1,
    "stripeSize": 412316860416,
    "blockSize": 131072,
    "paddingSize": 4096,
    "totalSize": 412316860416,
    "extentSize": 412317057024,
    "accessType": "write",
    "accessPattern": "random",
    "granularity": "page",
    "nonTemporal": true,
    "noflush": false,
    "set-affinity": true
  },
  "results": {
    "success": true,
    "time": 16442.894926,
    "byte_per_sec": 25075685411.33424,
    "MiB_per_sec": 23914.037143072357,
    "IOPS": 191312.29714457886,
    "MIOPS": 0.19131229714457887,
    "addr": 20470887874560
  }
}
