{
  "params": {
    "version": "0.2.0",
    "source": "devdax",
    "path": "/dev/dax0.0",
    "nthreads": 2,
    "nsegments": 1,
    "stripeSize": 17179869184,
    "blockSize": 1024,
    "paddingSize": 4096,
    "totalSize": 17179869184,
    "extentSize": 17179877376,
    "accessType": "write",
    "accessPattern": "random",
    "granularity": "page",
    "nonTemporal": true,
    "noflush": false,
    "set-affinity": true
  },
  "results": {
    "success": true,
    "time": 2426.019185,
    "byte_per_sec": 7081505904.908992,
    "MiB_per_sec": 6753.450302990906,
    "IOPS": 6915533.110262687,
    "MIOPS": 6.915533110262687,
    "addr": 21027086139392
  }
}
