{
  "params": {
    "version": "0.2.0",
    "source": "devdax",
    "path": "/dev/dax0.0",
    "nthreads": 16,
    "nsegments": 1,
    "stripeSize": 137438953472,
    "blockSize": 128,
    "paddingSize": 4096,
    "totalSize": 137438953472,
    "extentSize": 137439019008,
    "accessType": "write",
    "accessPattern": "random",
    "granularity": "page",
    "nonTemporal": true,
    "noflush": false,
    "set-affinity": true
  },
  "results": {
    "success": true,
    "time": 16859.944471,
    "byte_per_sec": 8151803448.012673,
    "MiB_per_sec": 7774.165580761598,
    "IOPS": 63685964.43759901,
    "MIOPS": 63.68596443759901,
    "addr": 21107616776192
  }
}
