{
  "params": {
    "version": "0.2.0",
    "source": "devdax",
    "path": "/dev/dax0.0",
    "nthreads": 2,
    "nsegments": 1,
    "stripeSize": 17179869184,
    "blockSize": 1024,
    "paddingSize": 4096,
    "totalSize": 17179869184,
    "extentSize": 17179877376,
    "accessType": "write",
    "accessPattern": "random",
    "granularity": "page",
    "nonTemporal": true,
    "noflush": false,
    "set-affinity": true
  },
  "results": {
    "success": true,
    "time": 2431.65331,
    "byte_per_sec": 7065098101.505267,
    "MiB_per_sec": 6737.80260229613,
    "IOPS": 6899509.864751237,
    "MIOPS": 6.899509864751238,
    "addr": 20468740390912
  }
}
