{
  "params": {
    "version": "0.2.0",
    "source": "devdax",
    "path": "/dev/dax0.0",
    "nthreads": 8,
    "nsegments": 1,
    "stripeSize": 68719476736,
    "blockSize": 32768,
    "paddingSize": 4096,
    "totalSize": 68719476736,
    "extentSize": 68719509504,
    "accessType": "write",
    "accessPattern": "random",
    "granularity": "page",
    "nonTemporal": true,
    "noflush": false,
    "set-affinity": true
  },
  "results": {
    "success": true,
    "time": 2827.043894,
    "byte_per_sec": 24307891675.0629,
    "MiB_per_sec": 23181.811976492787,
    "IOPS": 741817.9832477692,
    "MIOPS": 0.7418179832477692,
    "addr": 20698521141248
  }
}
