{
  "params": {
    "version": "0.2.0",
    "source": "devdax",
    "path": "/dev/dax0.0",
    "nthreads": 4,
    "nsegments": 1,
    "stripeSize": 34359738368,
    "blockSize": 16384,
    "paddingSize": 4096,
    "totalSize": 34359738368,
    "extentSize": 34359754752,
    "accessType": "write",
    "accessPattern": "random",
    "granularity": "page",
    "nonTemporal": true,
    "noflush": false,
    "set-affinity": true
  },
  "results": {
    "success": true,
    "time": 1334.758037,
    "byte_per_sec": 25742297416.86133,
    "MiB_per_sec": 24549.767891751602,
    "IOPS": 1571185.1450721025,
    "MIOPS": 1.5711851450721026,
    "addr": 20849918738432
  }
}
