{
  "params": {
    "version": "0.2.0",
    "source": "devdax",
    "path": "/dev/dax0.0",
    "nthreads": 2,
    "nsegments": 1,
    "stripeSize": 17179869184,
    "blockSize": 32768,
    "paddingSize": 4096,
    "totalSize": 17179869184,
    "extentSize": 17179877376,
    "accessType": "write",
    "accessPattern": "random",
    "granularity": "page",
    "nonTemporal": true,
    "noflush": false,
    "set-affinity": true
  },
  "results": {
    "success": true,
    "time": 689.746596,
    "byte_per_sec": 24907508472.865303,
    "MiB_per_sec": 23753.651116242698,
    "IOPS": 760116.8357197663,
    "MIOPS": 0.7601168357197663,
    "addr": 21257940631552
  }
}
