{
  "params": {
    "version": "0.2.0",
    "source": "devdax",
    "path": "/dev/dax0.0",
    "nthreads": 2,
    "nsegments": 1,
    "stripeSize": 17179869184,
    "blockSize": 128,
    "paddingSize": 4096,
    "totalSize": 17179869184,
    "extentSize": 17179877376,
    "accessType": "write",
    "accessPattern": "random",
    "granularity": "page",
    "nonTemporal": true,
    "noflush": false,
    "set-affinity": true
  },
  "results": {
    "success": true,
    "time": 16509.07019,
    "byte_per_sec": 1040632148.6479791,
    "MiB_per_sec": 992.4241529922286,
    "IOPS": 8129938.661312337,
    "MIOPS": 8.129938661312337,
    "addr": 20657718951936
  }
}
