{
  "params": {
    "version": "0.2.0",
    "source": "devdax",
    "path": "/dev/dax0.0",
    "nthreads": 2,
    "nsegments": 1,
    "stripeSize": 17179869184,
    "blockSize": 262144,
    "paddingSize": 4096,
    "totalSize": 17179869184,
    "extentSize": 17179877376,
    "accessType": "write",
    "accessPattern": "random",
    "granularity": "page",
    "nonTemporal": true,
    "noflush": false,
    "set-affinity": true
  },
  "results": {
    "success": true,
    "time": 666.798079,
    "byte_per_sec": 25764725072.040886,
    "MiB_per_sec": 24571.156570473562,
    "IOPS": 98284.62628189425,
    "MIOPS": 0.09828462628189424,
    "addr": 20342038855680
  }
}
