{
  "params": {
    "version": "0.2.0",
    "source": "devdax",
    "path": "/dev/dax0.0",
    "nthreads": 1,
    "nsegments": 1,
    "stripeSize": 8589934592,
    "blockSize": 16384,
    "paddingSize": 4096,
    "totalSize": 8589934592,
    "extentSize": 8589938688,
    "accessType": "write",
    "accessPattern": "random",
    "granularity": "page",
    "nonTemporal": true,
    "noflush": false,
    "set-affinity": true
  },
  "results": {
    "success": true,
    "time": 585.424905,
    "byte_per_sec": 14672991392.465614,
    "MiB_per_sec": 13993.255035844435,
    "IOPS": 895568.3222940438,
    "MIOPS": 0.8955683222940438,
    "addr": 20273319378944
  }
}
