{
  "params": {
    "version": "0.2.0",
    "source": "devdax",
    "path": "/dev/dax0.0",
    "nthreads": 8,
    "nsegments": 1,
    "stripeSize": 68719476736,
    "blockSize": 65536,
    "paddingSize": 4096,
    "totalSize": 68719476736,
    "extentSize": 68719509504,
    "accessType": "write",
    "accessPattern": "random",
    "granularity": "page",
    "nonTemporal": true,
    "noflush": false,
    "set-affinity": true
  },
  "results": {
    "success": true,
    "time": 2955.757694,
    "byte_per_sec": 23249360688.630253,
    "MiB_per_sec": 22172.318161611798,
    "IOPS": 354757.09058578877,
    "MIOPS": 0.35475709058578875,
    "addr": 20238959640576
  }
}
