{
  "params": {
    "version": "0.2.0",
    "source": "devdax",
    "path": "/dev/dax0.0",
    "nthreads": 4,
    "nsegments": 1,
    "stripeSize": 34359738368,
    "blockSize": 262144,
    "paddingSize": 4096,
    "totalSize": 34359738368,
    "extentSize": 34359754752,
    "accessType": "write",
    "accessPattern": "random",
    "granularity": "page",
    "nonTemporal": true,
    "noflush": false,
    "set-affinity": true
  },
  "results": {
    "success": true,
    "time": 1307.381822,
    "byte_per_sec": 26281334029.4401,
    "MiB_per_sec": 25063.833264770605,
    "IOPS": 100255.33305908242,
    "MIOPS": 0.10025533305908242,
    "addr": 20484846518272
  }
}
