{
  "params": {
    "version": "0.2.0",
    "source": "devdax",
    "path": "/dev/dax0.0",
    "nthreads": 4,
    "nsegments": 1,
    "stripeSize": 34359738368,
    "blockSize": 131072,
    "paddingSize": 4096,
    "totalSize": 34359738368,
    "extentSize": 34359754752,
    "accessType": "write",
    "accessPattern": "random",
    "granularity": "page",
    "nonTemporal": true,
    "noflush": false,
    "set-affinity": true
  },
  "results": {
    "success": true,
    "time": 1304.006846,
    "byte_per_sec": 26349354279.386963,
    "MiB_per_sec": 25128.70243014046,
    "IOPS": 201029.61944112368,
    "MIOPS": 0.20102961944112369,
    "addr": 21087215681536
  }
}
