{
  "params": {
    "version": "0.2.0",
    "source": "devdax",
    "path": "/dev/dax0.0",
    "nthreads": 8,
    "nsegments": 1,
    "stripeSize": 68719476736,
    "blockSize": 524288,
    "paddingSize": 4096,
    "totalSize": 68719476736,
    "extentSize": 68719509504,
    "accessType": "write",
    "accessPattern": "random",
    "granularity": "page",
    "nonTemporal": true,
    "noflush": false,
    "set-affinity": true
  },
  "results": {
    "success": true,
    "time": 2713.080055,
    "byte_per_sec": 25328952829.591312,
    "MiB_per_sec": 24155.571775046647,
    "IOPS": 48311.14355009329,
    "MIOPS": 0.04831114355009329,
    "addr": 20400020914176
  }
}
