{
  "params": {
    "version": "0.2.0",
    "source": "devdax",
    "path": "/dev/dax0.0",
    "nthreads": 2,
    "nsegments": 1,
    "stripeSize": 17179869184,
    "blockSize": 512,
    "paddingSize": 4096,
    "totalSize": 17179869184,
    "extentSize": 17179877376,
    "accessType": "write",
    "accessPattern": "random",
    "granularity": "page",
    "nonTemporal": true,
    "noflush": false,
    "set-affinity": true
  },
  "results": {
    "success": true,
    "time": 4412.9015899999995,
    "byte_per_sec": 3893100454.116404,
    "MiB_per_sec": 3712.749914280323,
    "IOPS": 7603711.824446102,
    "MIOPS": 7.603711824446101,
    "addr": 20941186793472
  }
}
