{
  "params": {
    "version": "0.2.0",
    "source": "devdax",
    "path": "/dev/dax0.0",
    "nthreads": 48,
    "nsegments": 1,
    "stripeSize": 412316860416,
    "blockSize": 512,
    "paddingSize": 4096,
    "totalSize": 412316860416,
    "extentSize": 412317057024,
    "accessType": "write",
    "accessPattern": "random",
    "granularity": "page",
    "nonTemporal": true,
    "noflush": false,
    "set-affinity": true
  },
  "results": {
    "success": true,
    "time": 16048.376910999998,
    "byte_per_sec": 25692122181.73831,
    "MiB_per_sec": 24501.917058695137,
    "IOPS": 50179926.13620764,
    "MIOPS": 50.17992613620764,
    "addr": 20883204734976
  }
}
