{
  "params": {
    "version": "0.2.0",
    "source": "devdax",
    "path": "/dev/dax0.0",
    "nthreads": 16,
    "nsegments": 1,
    "stripeSize": 137438953472,
    "blockSize": 4096,
    "paddingSize": 4096,
    "totalSize": 137438953472,
    "extentSize": 137439019008,
    "accessType": "write",
    "accessPattern": "random",
    "granularity": "page",
    "nonTemporal": true,
    "noflush": false,
    "set-affinity": true
  },
  "results": {
    "success": true,
    "time": 5209.345014,
    "byte_per_sec": 26383154331.80867,
    "MiB_per_sec": 25160.936672028227,
    "IOPS": 6441199.788039226,
    "MIOPS": 6.441199788039226,
    "addr": 21160230125568
  }
}
