{
  "params": {
    "version": "0.2.0",
    "source": "devdax",
    "path": "/dev/dax0.0",
    "nthreads": 2,
    "nsegments": 1,
    "stripeSize": 17179869184,
    "blockSize": 8192,
    "paddingSize": 4096,
    "totalSize": 17179869184,
    "extentSize": 17179877376,
    "accessType": "write",
    "accessPattern": "random",
    "granularity": "page",
    "nonTemporal": true,
    "noflush": false,
    "set-affinity": true
  },
  "results": {
    "success": true,
    "time": 851.6793809999999,
    "byte_per_sec": 20171756610.83663,
    "MiB_per_sec": 19237.28619655288,
    "IOPS": 2462372.6331587685,
    "MIOPS": 2.4623726331587683,
    "addr": 21034602332160
  }
}
