{
  "params": {
    "version": "0.2.0",
    "source": "devdax",
    "path": "/dev/dax0.0",
    "nthreads": 32,
    "nsegments": 1,
    "stripeSize": 274877906944,
    "blockSize": 524288,
    "paddingSize": 4096,
    "totalSize": 274877906944,
    "extentSize": 274878038016,
    "accessType": "write",
    "accessPattern": "random",
    "granularity": "page",
    "nonTemporal": true,
    "noflush": false,
    "set-affinity": true
  },
  "results": {
    "success": true,
    "time": 11042.068552,
    "byte_per_sec": 24893696833.11852,
    "MiB_per_sec": 23740.479310148734,
    "IOPS": 47480.95862029747,
    "MIOPS": 0.04748095862029747,
    "addr": 20762945650688
  }
}
