{
  "params": {
    "version": "0.2.0",
    "source": "devdax",
    "path": "/dev/dax0.0",
    "nthreads": 2,
    "nsegments": 1,
    "stripeSize": 17179869184,
    "blockSize": 8192,
    "paddingSize": 4096,
    "totalSize": 17179869184,
    "extentSize": 17179877376,
    "accessType": "write",
    "accessPattern": "random",
    "granularity": "page",
    "nonTemporal": true,
    "noflush": false,
    "set-affinity": true
  },
  "results": {
    "success": true,
    "time": 849.5825550000001,
    "byte_per_sec": 20221541841.804886,
    "MiB_per_sec": 19284.765092663656,
    "IOPS": 2468449.931860948,
    "MIOPS": 2.468449931860948,
    "addr": 20786567970816
  }
}
