{
  "params": {
    "version": "0.2.0",
    "source": "devdax",
    "path": "/dev/dax0.0",
    "nthreads": 48,
    "nsegments": 1,
    "stripeSize": 412316860416,
    "blockSize": 65536,
    "paddingSize": 4096,
    "totalSize": 412316860416,
    "extentSize": 412317057024,
    "accessType": "write",
    "accessPattern": "random",
    "granularity": "page",
    "nonTemporal": true,
    "noflush": false,
    "set-affinity": true
  },
  "results": {
    "success": true,
    "time": 16953.929001999997,
    "byte_per_sec": 24319841162.916298,
    "MiB_per_sec": 23193.20789615278,
    "IOPS": 371091.3263384445,
    "MIOPS": 0.3710913263384445,
    "addr": 21064667103232
  }
}
