{
  "params": {
    "version": "0.2.0",
    "source": "devdax",
    "path": "/dev/dax0.0",
    "nthreads": 4,
    "nsegments": 1,
    "stripeSize": 34359738368,
    "blockSize": 2048,
    "paddingSize": 4096,
    "totalSize": 34359738368,
    "extentSize": 34359754752,
    "accessType": "write",
    "accessPattern": "random",
    "granularity": "page",
    "nonTemporal": true,
    "noflush": false,
    "set-affinity": true
  },
  "results": {
    "success": true,
    "time": 1797.971784,
    "byte_per_sec": 19110276742.807884,
    "MiB_per_sec": 18224.980109031567,
    "IOPS": 9331189.815824162,
    "MIOPS": 9.331189815824162,
    "addr": 21187073671168
  }
}
