{
  "params": {
    "version": "0.2.0",
    "source": "devdax",
    "path": "/dev/dax0.0",
    "nthreads": 8,
    "nsegments": 1,
    "stripeSize": 68719476736,
    "blockSize": 262144,
    "paddingSize": 4096,
    "totalSize": 68719476736,
    "extentSize": 68719509504,
    "accessType": "write",
    "accessPattern": "random",
    "granularity": "page",
    "nonTemporal": true,
    "noflush": false,
    "set-affinity": true
  },
  "results": {
    "success": true,
    "time": 2649.048302,
    "byte_per_sec": 25941194308.959034,
    "MiB_per_sec": 24739.45074935821,
    "IOPS": 98957.80299743284,
    "MIOPS": 0.09895780299743284,
    "addr": 21293374111744
  }
}
