{
  "params": {
    "version": "0.2.0",
    "source": "devdax",
    "path": "/dev/dax0.0",
    "nthreads": 4,
    "nsegments": 1,
    "stripeSize": 34359738368,
    "blockSize": 65536,
    "paddingSize": 4096,
    "totalSize": 34359738368,
    "extentSize": 34359754752,
    "accessType": "write",
    "accessPattern": "sequential",
    "granularity": "page",
    "nonTemporal": true,
    "noflush": false,
    "set-affinity": true
  },
  "results": {
    "success": true,
    "time": 1373.599566,
    "byte_per_sec": 25014377711.298725,
    "MiB_per_sec": 23855.569564150548,
    "IOPS": 381689.11302640877,
    "MIOPS": 0.3816891130264088,
    "addr": 20540681093120
  }
}
