{
  "params": {
    "version": "0.2.0",
    "source": "devdax",
    "path": "/dev/dax0.0",
    "nthreads": 1,
    "nsegments": 1,
    "stripeSize": 8589934592,
    "blockSize": 16384,
    "paddingSize": 4096,
    "totalSize": 8589934592,
    "extentSize": 8589938688,
    "accessType": "write",
    "accessPattern": "sequential",
    "granularity": "page",
    "nonTemporal": true,
    "noflush": false,
    "set-affinity": true
  },
  "results": {
    "success": true,
    "time": 591.31008,
    "byte_per_sec": 14526954439.87696,
    "MiB_per_sec": 13853.983344914399,
    "IOPS": 886654.9340745215,
    "MIOPS": 0.8866549340745216,
    "addr": 20626580439040
  }
}
