{
  "params": {
    "version": "0.2.0",
    "source": "devdax",
    "path": "/dev/dax0.0",
    "nthreads": 16,
    "nsegments": 1,
    "stripeSize": 137438953472,
    "blockSize": 524288,
    "paddingSize": 4096,
    "totalSize": 137438953472,
    "extentSize": 137439019008,
    "accessType": "write",
    "accessPattern": "sequential",
    "granularity": "page",
    "nonTemporal": true,
    "noflush": false,
    "set-affinity": true
  },
  "results": {
    "success": true,
    "time": 5361.975321,
    "byte_per_sec": 25632149579.973793,
    "MiB_per_sec": 24444.722728704255,
    "IOPS": 48889.44545740851,
    "MIOPS": 0.04888944545740851,
    "addr": 20573967089664
  }
}
