{
  "params": {
    "version": "0.2.0",
    "source": "devdax",
    "path": "/dev/dax0.0",
    "nthreads": 4,
    "nsegments": 1,
    "stripeSize": 34359738368,
    "blockSize": 65536,
    "paddingSize": 4096,
    "totalSize": 34359738368,
    "extentSize": 34359754752,
    "accessType": "write",
    "accessPattern": "sequential",
    "granularity": "page",
    "nonTemporal": true,
    "noflush": false,
    "set-affinity": true
  },
  "results": {
    "success": true,
    "time": 1365.3269859999998,
    "byte_per_sec": 25165940994.5919,
    "MiB_per_sec": 24000.111574737453,
    "IOPS": 384001.78519579925,
    "MIOPS": 0.38400178519579925,
    "addr": 20949776728064
  }
}
