{
  "params": {
    "version": "0.2.0",
    "source": "devdax",
    "path": "/dev/dax0.0",
    "nthreads": 4,
    "nsegments": 1,
    "stripeSize": 34359738368,
    "blockSize": 524288,
    "paddingSize": 4096,
    "totalSize": 34359738368,
    "extentSize": 34359754752,
    "accessType": "write",
    "accessPattern": "sequential",
    "granularity": "page",
    "nonTemporal": true,
    "noflush": false,
    "set-affinity": true
  },
  "results": {
    "success": true,
    "time": 1307.898004,
    "byte_per_sec": 26270961698.019382,
    "MiB_per_sec": 25053.94143869341,
    "IOPS": 50107.88287738682,
    "MIOPS": 0.05010788287738682,
    "addr": 20777978036224
  }
}
