{
  "params": {
    "version": "0.2.0",
    "source": "devdax",
    "path": "/dev/dax0.0",
    "nthreads": 1,
    "nsegments": 1,
    "stripeSize": 8589934592,
    "blockSize": 64,
    "paddingSize": 4096,
    "totalSize": 8589934592,
    "extentSize": 8589938688,
    "accessType": "write",
    "accessPattern": "sequential",
    "granularity": "page",
    "nonTemporal": true,
    "noflush": false,
    "set-affinity": true
  },
  "results": {
    "success": true,
    "time": 32458.842773,
    "byte_per_sec": 264640814.5870592,
    "MiB_per_sec": 252.38114794450684,
    "IOPS": 4135012.7279228,
    "MIOPS": 4.1350127279228,
    "addr": 20903605829632
  }
}
