{
  "params": {
    "version": "0.2.0",
    "source": "devdax",
    "path": "/dev/dax0.0",
    "nthreads": 4,
    "nsegments": 1,
    "stripeSize": 34359738368,
    "blockSize": 1024,
    "paddingSize": 4096,
    "totalSize": 34359738368,
    "extentSize": 34359754752,
    "accessType": "write",
    "accessPattern": "sequential",
    "granularity": "page",
    "nonTemporal": true,
    "noflush": false,
    "set-affinity": true
  },
  "results": {
    "success": true,
    "time": 2494.647398,
    "byte_per_sec": 13773384725.852146,
    "MiB_per_sec": 13135.32326302733,
    "IOPS": 13450571.021339986,
    "MIOPS": 13.450571021339986,
    "addr": 21037823557632
  }
}
