{
  "params": {
    "version": "0.2.0",
    "source": "devdax",
    "path": "/dev/dax0.0",
    "nthreads": 4,
    "nsegments": 1,
    "stripeSize": 34359738368,
    "blockSize": 32768,
    "paddingSize": 4096,
    "totalSize": 34359738368,
    "extentSize": 34359754752,
    "accessType": "write",
    "accessPattern": "sequential",
    "granularity": "page",
    "nonTemporal": true,
    "noflush": false,
    "set-affinity": true
  },
  "results": {
    "success": true,
    "time": 1313.795707,
    "byte_per_sec": 26153029869.81065,
    "MiB_per_sec": 24941.47288304391,
    "IOPS": 798127.1322574051,
    "MIOPS": 0.7981271322574051,
    "addr": 20825222676480
  }
}
