{
  "params": {
    "version": "0.2.0",
    "source": "devdax",
    "path": "/dev/dax0.0",
    "nthreads": 48,
    "nsegments": 1,
    "stripeSize": 412316860416,
    "blockSize": 128,
    "paddingSize": 4096,
    "totalSize": 412316860416,
    "extentSize": 412317057024,
    "accessType": "write",
    "accessPattern": "sequential",
    "granularity": "page",
    "nonTemporal": true,
    "noflush": false,
    "set-affinity": true
  },
  "results": {
    "success": true,
    "time": 18933.320802000002,
    "byte_per_sec": 21777313379.30139,
    "MiB_per_sec": 20768.464450169937,
    "IOPS": 170135260.77579212,
    "MIOPS": 170.13526077579212,
    "addr": 20810190290944
  }
}
