{
  "params": {
    "version": "0.2.0",
    "source": "devdax",
    "path": "/dev/dax0.0",
    "nthreads": 32,
    "nsegments": 1,
    "stripeSize": 274877906944,
    "blockSize": 524288,
    "paddingSize": 4096,
    "totalSize": 274877906944,
    "extentSize": 274878038016,
    "accessType": "write",
    "accessPattern": "sequential",
    "granularity": "page",
    "nonTemporal": true,
    "noflush": false,
    "set-affinity": true
  },
  "results": {
    "success": true,
    "time": 10867.013954,
    "byte_per_sec": 25294704516.581684,
    "MiB_per_sec": 24122.910038549122,
    "IOPS": 48245.820077098244,
    "MIOPS": 0.048245820077098246,
    "addr": 20508468838400
  }
}
