{
  "params": {
    "version": "0.2.0",
    "source": "devdax",
    "path": "/dev/dax0.0",
    "nthreads": 8,
    "nsegments": 1,
    "stripeSize": 68719476736,
    "blockSize": 512,
    "paddingSize": 4096,
    "totalSize": 68719476736,
    "extentSize": 68719509504,
    "accessType": "write",
    "accessPattern": "sequential",
    "granularity": "page",
    "nonTemporal": true,
    "noflush": false,
    "set-affinity": true
  },
  "results": {
    "success": true,
    "time": 4634.374484,
    "byte_per_sec": 14828209712.71341,
    "MiB_per_sec": 14141.282761300477,
    "IOPS": 28961347.095143378,
    "MIOPS": 28.961347095143378,
    "addr": 20503100129280
  }
}
