{
  "params": {
    "version": "0.2.0",
    "source": "devdax",
    "path": "/dev/dax0.0",
    "nthreads": 2,
    "nsegments": 1,
    "stripeSize": 17179869184,
    "blockSize": 1024,
    "paddingSize": 4096,
    "totalSize": 17179869184,
    "extentSize": 17179877376,
    "accessType": "write",
    "accessPattern": "sequential",
    "granularity": "page",
    "nonTemporal": true,
    "noflush": false,
    "set-affinity": true
  },
  "results": {
    "success": true,
    "time": 2401.466076,
    "byte_per_sec": 7153908754.195535,
    "MiB_per_sec": 6822.499040790114,
    "IOPS": 6986239.017769077,
    "MIOPS": 6.986239017769077,
    "addr": 20499878903808
  }
}
