{
  "params": {
    "version": "0.2.0",
    "source": "devdax",
    "path": "/dev/dax0.0",
    "nthreads": 48,
    "nsegments": 1,
    "stripeSize": 412316860416,
    "blockSize": 524288,
    "paddingSize": 4096,
    "totalSize": 412316860416,
    "extentSize": 412317057024,
    "accessType": "write",
    "accessPattern": "sequential",
    "granularity": "page",
    "nonTemporal": true,
    "noflush": false,
    "set-affinity": true
  },
  "results": {
    "success": true,
    "time": 16626.873036,
    "byte_per_sec": 24798220298.1441,
    "MiB_per_sec": 23649.425790924168,
    "IOPS": 47298.851581848336,
    "MIOPS": 0.047298851581848336,
    "addr": 20664161402880
  }
}
