{
  "params": {
    "version": "0.2.0",
    "source": "devdax",
    "path": "/dev/dax0.0",
    "nthreads": 48,
    "nsegments": 1,
    "stripeSize": 412316860416,
    "blockSize": 1024,
    "paddingSize": 4096,
    "totalSize": 412316860416,
    "extentSize": 412317057024,
    "accessType": "write",
    "accessPattern": "sequential",
    "granularity": "page",
    "nonTemporal": true,
    "noflush": false,
    "set-affinity": true
  },
  "results": {
    "success": true,
    "time": 15854.96462,
    "byte_per_sec": 26005536454.864697,
    "MiB_per_sec": 24800.812201370903,
    "IOPS": 25396031.694203805,
    "MIOPS": 25.396031694203806,
    "addr": 20490215227392
  }
}
