{
  "params": {
    "version": "0.2.0",
    "source": "devdax",
    "path": "/dev/dax0.0",
    "nthreads": 8,
    "nsegments": 1,
    "stripeSize": 68719476736,
    "blockSize": 256,
    "paddingSize": 4096,
    "totalSize": 68719476736,
    "extentSize": 68719509504,
    "accessType": "write",
    "accessPattern": "sequential",
    "granularity": "page",
    "nonTemporal": true,
    "noflush": false,
    "set-affinity": true
  },
  "results": {
    "success": true,
    "time": 8348.394232,
    "byte_per_sec": 8231460425.3586,
    "MiB_per_sec": 7850.132394178962,
    "IOPS": 32154142.28655703,
    "MIOPS": 32.15414228655703,
    "addr": 20759724425216
  }
}
