{
  "params": {
    "version": "0.2.0",
    "source": "devdax",
    "path": "/dev/dax0.0",
    "nthreads": 2,
    "nsegments": 1,
    "stripeSize": 17179869184,
    "blockSize": 1024,
    "paddingSize": 4096,
    "totalSize": 17179869184,
    "extentSize": 17179877376,
    "accessType": "write",
    "accessPattern": "sequential",
    "granularity": "page",
    "nonTemporal": true,
    "noflush": false,
    "set-affinity": true
  },
  "results": {
    "success": true,
    "time": 2403.318954,
    "byte_per_sec": 7148393331.399657,
    "MiB_per_sec": 6817.239123725564,
    "IOPS": 6980852.862694978,
    "MIOPS": 6.980852862694978,
    "addr": 20352776273920
  }
}
