{
  "params": {
    "version": "0.2.0",
    "source": "devdax",
    "path": "/dev/dax0.0",
    "nthreads": 8,
    "nsegments": 1,
    "stripeSize": 68719476736,
    "blockSize": 524288,
    "paddingSize": 4096,
    "totalSize": 68719476736,
    "extentSize": 68719509504,
    "accessType": "write",
    "accessPattern": "sequential",
    "granularity": "page",
    "nonTemporal": true,
    "noflush": false,
    "set-affinity": true
  },
  "results": {
    "success": true,
    "time": 2708.811695,
    "byte_per_sec": 25368864459.21816,
    "MiB_per_sec": 24193.63447114769,
    "IOPS": 48387.26894229538,
    "MIOPS": 0.04838726894229538,
    "addr": 21177409994752
  }
}
