{
  "params": {
    "version": "0.2.0",
    "source": "devdax",
    "path": "/dev/dax0.0",
    "nthreads": 1,
    "nsegments": 1,
    "stripeSize": 8589934592,
    "blockSize": 524288,
    "paddingSize": 4096,
    "totalSize": 8589934592,
    "extentSize": 8589938688,
    "accessType": "write",
    "accessPattern": "sequential",
    "granularity": "page",
    "nonTemporal": true,
    "noflush": false,
    "set-affinity": true
  },
  "results": {
    "success": true,
    "time": 500.31056399999994,
    "byte_per_sec": 17169204910.092606,
    "MiB_per_sec": 16373.829755871397,
    "IOPS": 32747.659511742793,
    "MIOPS": 0.03274765951174279,
    "addr": 20243254607872
  }
}
