{
  "params": {
    "version": "0.2.0",
    "source": "devdax",
    "path": "/dev/dax0.0",
    "nthreads": 32,
    "nsegments": 1,
    "stripeSize": 274877906944,
    "blockSize": 131072,
    "paddingSize": 4096,
    "totalSize": 274877906944,
    "extentSize": 274878038016,
    "accessType": "write",
    "accessPattern": "sequential",
    "granularity": "page",
    "nonTemporal": true,
    "noflush": false,
    "set-affinity": true
  },
  "results": {
    "success": true,
    "time": 10887.167857999999,
    "byte_per_sec": 25247879938.033375,
    "MiB_per_sec": 24078.254640611052,
    "IOPS": 192626.03712488842,
    "MIOPS": 0.1926260371248884,
    "addr": 21117280452608
  }
}
