{
  "params": {
    "version": "0.2.0",
    "source": "devdax",
    "path": "/dev/dax0.0",
    "nthreads": 48,
    "nsegments": 1,
    "stripeSize": 412316860416,
    "blockSize": 512,
    "paddingSize": 4096,
    "totalSize": 412316860416,
    "extentSize": 412317057024,
    "accessType": "write",
    "accessPattern": "sequential",
    "granularity": "page",
    "nonTemporal": true,
    "noflush": false,
    "set-affinity": true
  },
  "results": {
    "success": true,
    "time": 15634.880981,
    "byte_per_sec": 26371602119.457157,
    "MiB_per_sec": 25149.919623810918,
    "IOPS": 51507035.38956476,
    "MIOPS": 51.50703538956476,
    "addr": 20613695537152
  }
}
