{
  "params": {
    "version": "0.2.0",
    "source": "devdax",
    "path": "/dev/dax0.0",
    "nthreads": 4,
    "nsegments": 1,
    "stripeSize": 34359738368,
    "blockSize": 2048,
    "paddingSize": 4096,
    "totalSize": 34359738368,
    "extentSize": 34359754752,
    "accessType": "write",
    "accessPattern": "sequential",
    "granularity": "page",
    "nonTemporal": true,
    "noflush": false,
    "set-affinity": true
  },
  "results": {
    "success": true,
    "time": 1569.805525,
    "byte_per_sec": 21887894914.881256,
    "MiB_per_sec": 20873.923220521217,
    "IOPS": 10687448.688906863,
    "MIOPS": 10.687448688906864,
    "addr": 21226802118656
  }
}
