{
  "params": {
    "version": "0.2.0",
    "source": "devdax",
    "path": "/dev/dax0.0",
    "nthreads": 32,
    "nsegments": 1,
    "stripeSize": 274877906944,
    "blockSize": 1048576,
    "paddingSize": 4096,
    "totalSize": 274877906944,
    "extentSize": 274878038016,
    "accessType": "write",
    "accessPattern": "sequential",
    "granularity": "page",
    "nonTemporal": true,
    "noflush": false,
    "set-affinity": true
  },
  "results": {
    "success": true,
    "time": 10869.927281,
    "byte_per_sec": 25287925101.80547,
    "MiB_per_sec": 24116.44468479678,
    "IOPS": 24116.44468479678,
    "MIOPS": 0.024116444684796783,
    "addr": 20543902318592
  }
}
