{
  "params": {
    "version": "0.2.0",
    "source": "devdax",
    "path": "/dev/dax0.0",
    "nthreads": 32,
    "nsegments": 1,
    "stripeSize": 274877906944,
    "blockSize": 2048,
    "paddingSize": 4096,
    "totalSize": 274877906944,
    "extentSize": 274878038016,
    "accessType": "write",
    "accessPattern": "sequential",
    "granularity": "page",
    "nonTemporal": true,
    "noflush": false,
    "set-affinity": true
  },
  "results": {
    "success": true,
    "time": 10336.280347,
    "byte_per_sec": 26593503437.992615,
    "MiB_per_sec": 25361.541212074866,
    "IOPS": 12985109.100582331,
    "MIOPS": 12.985109100582331,
    "addr": 20677046304768
  }
}
