{
  "params": {
    "version": "0.2.0",
    "source": "devdax",
    "path": "/dev/dax0.0",
    "nthreads": 32,
    "nsegments": 1,
    "stripeSize": 274877906944,
    "blockSize": 524288,
    "paddingSize": 2097152,
    "totalSize": 274877906944,
    "extentSize": 274945015808,
    "accessType": "read",
    "accessPattern": "random",
    "granularity": "page",
    "nonTemporal": true,
    "noflush": false,
    "set-affinity": true
  },
  "results": {
    "success": true,
    "time": 3873.480467,
    "byte_per_sec": 70964061723.25227,
    "MiB_per_sec": 67676.60305333354,
    "IOPS": 135353.2061066671,
    "MIOPS": 0.1353532061066671,
    "addr": 20826296418304
  }
}
