{
  "params": {
    "version": "0.2.0",
    "source": "devdax",
    "path": "/dev/dax0.0",
    "nthreads": 4,
    "nsegments": 1,
    "stripeSize": 34359738368,
    "blockSize": 65536,
    "paddingSize": 2097152,
    "totalSize": 34359738368,
    "extentSize": 34368126976,
    "accessType": "read",
    "accessPattern": "random",
    "granularity": "page",
    "nonTemporal": false,
    "noflush": true,
    "set-affinity": true
  },
  "results": {
    "success": true,
    "time": 2047.1097060000002,
    "byte_per_sec": 16784512460.320482,
    "MiB_per_sec": 16006.958446808321,
    "IOPS": 256111.33514893314,
    "MIOPS": 0.25611133514893314,
    "addr": 21298742820864
  }
}
