{
  "params": {
    "version": "0.2.0",
    "source": "devdax",
    "path": "/dev/dax0.0",
    "nthreads": 1,
    "nsegments": 1,
    "stripeSize": 8589934592,
    "blockSize": 4096,
    "paddingSize": 2097152,
    "totalSize": 8589934592,
    "extentSize": 8592031744,
    "accessType": "read",
    "accessPattern": "random",
    "granularity": "page",
    "nonTemporal": false,
    "noflush": true,
    "set-affinity": true
  },
  "results": {
    "success": true,
    "time": 2100.788128,
    "byte_per_sec": 4088910479.60073,
    "MiB_per_sec": 3899.488906479578,
    "IOPS": 998269.160058772,
    "MIOPS": 0.998269160058772,
    "addr": 20456929230848
  }
}
