{
  "params": {
    "version": "0.2.0",
    "source": "devdax",
    "path": "/dev/dax0.0",
    "nthreads": 1,
    "nsegments": 1,
    "stripeSize": 8589934592,
    "blockSize": 524288,
    "paddingSize": 2097152,
    "totalSize": 8589934592,
    "extentSize": 8592031744,
    "accessType": "read",
    "accessPattern": "random",
    "granularity": "page",
    "nonTemporal": true,
    "noflush": false,
    "set-affinity": true
  },
  "results": {
    "success": true,
    "time": 2290.701881,
    "byte_per_sec": 3749913798.582156,
    "MiB_per_sec": 3576.196478445202,
    "IOPS": 7152.392956890404,
    "MIOPS": 0.007152392956890404,
    "addr": 20951924211712
  }
}
