{
  "params": {
    "version": "0.2.0",
    "source": "devdax",
    "path": "/dev/dax0.0",
    "nthreads": 8,
    "nsegments": 1,
    "stripeSize": 68719476736,
    "blockSize": 32768,
    "paddingSize": 2097152,
    "totalSize": 68719476736,
    "extentSize": 68736253952,
    "accessType": "read",
    "accessPattern": "random",
    "granularity": "page",
    "nonTemporal": true,
    "noflush": false,
    "set-affinity": true
  },
  "results": {
    "success": true,
    "time": 2750.960917,
    "byte_per_sec": 24980171950.585365,
    "MiB_per_sec": 23822.94840868508,
    "IOPS": 762334.3490779225,
    "MIOPS": 0.7623343490779225,
    "addr": 20914343247872
  }
}
