{
  "params": {
    "version": "0.2.0",
    "source": "devdax",
    "path": "/dev/dax0.0",
    "nthreads": 32,
    "nsegments": 1,
    "stripeSize": 274877906944,
    "blockSize": 131072,
    "paddingSize": 2097152,
    "totalSize": 274877906944,
    "extentSize": 274945015808,
    "accessType": "read",
    "accessPattern": "random",
    "granularity": "page",
    "nonTemporal": false,
    "noflush": true,
    "set-affinity": true
  },
  "results": {
    "success": true,
    "time": 3456.145982,
    "byte_per_sec": 79533071917.56232,
    "MiB_per_sec": 75848.64799267036,
    "IOPS": 606789.1839413629,
    "MIOPS": 0.6067891839413629,
    "addr": 21076478263296
  }
}
