{
  "params": {
    "version": "0.2.0",
    "source": "devdax",
    "path": "/dev/dax0.0",
    "nthreads": 32,
    "nsegments": 1,
    "stripeSize": 274877906944,
    "blockSize": 512,
    "paddingSize": 2097152,
    "totalSize": 274877906944,
    "extentSize": 274945015808,
    "accessType": "read",
    "accessPattern": "random",
    "granularity": "page",
    "nonTemporal": true,
    "noflush": false,
    "set-affinity": true
  },
  "results": {
    "success": true,
    "time": 7137.269138,
    "byte_per_sec": 38513036517.076904,
    "MiB_per_sec": 36728.89377315226,
    "IOPS": 75220774.44741583,
    "MIOPS": 75.22077444741583,
    "addr": 20376398594048
  }
}
