{
  "params": {
    "version": "0.2.0",
    "source": "devdax",
    "path": "/dev/dax0.0",
    "nthreads": 48,
    "nsegments": 1,
    "stripeSize": 412316860416,
    "blockSize": 1024,
    "paddingSize": 2097152,
    "totalSize": 412316860416,
    "extentSize": 412417523712,
    "accessType": "read",
    "accessPattern": "random",
    "granularity": "page",
    "nonTemporal": true,
    "noflush": false,
    "set-affinity": true
  },
  "results": {
    "success": true,
    "time": 8260.203249,
    "byte_per_sec": 49916067194.34126,
    "MiB_per_sec": 47603.671259251845,
    "IOPS": 48746159.36947389,
    "MIOPS": 48.74615936947389,
    "addr": 20951924211712
  }
}
