{
  "params": {
    "version": "0.2.0",
    "source": "devdax",
    "path": "/dev/dax0.0",
    "nthreads": 8,
    "nsegments": 1,
    "stripeSize": 68719476736,
    "blockSize": 16384,
    "paddingSize": 2097152,
    "totalSize": 68719476736,
    "extentSize": 68736253952,
    "accessType": "read",
    "accessPattern": "random",
    "granularity": "page",
    "nonTemporal": true,
    "noflush": false,
    "set-affinity": true
  },
  "results": {
    "success": true,
    "time": 2772.46138,
    "byte_per_sec": 24786450491.873035,
    "MiB_per_sec": 23638.201228974376,
    "IOPS": 1512844.87865436,
    "MIOPS": 1.51284487865436,
    "addr": 21123722903552
  }
}
