{
  "params": {
    "version": "0.2.0",
    "source": "devdax",
    "path": "/dev/dax0.0",
    "nthreads": 2,
    "nsegments": 1,
    "stripeSize": 17179869184,
    "blockSize": 256,
    "paddingSize": 2097152,
    "totalSize": 17179869184,
    "extentSize": 17184063488,
    "accessType": "read",
    "accessPattern": "random",
    "granularity": "page",
    "nonTemporal": false,
    "noflush": true,
    "set-affinity": true
  },
  "results": {
    "success": true,
    "time": 5353.390724999999,
    "byte_per_sec": 3209156601.2118425,
    "MiB_per_sec": 3060.4902279013086,
    "IOPS": 12535767.97348376,
    "MIOPS": 12.53576797348376,
    "addr": 20523501223936
  }
}
