{
  "params": {
    "version": "0.2.0",
    "source": "devdax",
    "path": "/dev/dax0.0",
    "nthreads": 48,
    "nsegments": 1,
    "stripeSize": 412316860416,
    "blockSize": 131072,
    "paddingSize": 2097152,
    "totalSize": 412316860416,
    "extentSize": 412417523712,
    "accessType": "read",
    "accessPattern": "random",
    "granularity": "page",
    "nonTemporal": true,
    "noflush": false,
    "set-affinity": true
  },
  "results": {
    "success": true,
    "time": 5555.427522999999,
    "byte_per_sec": 74218745309.69379,
    "MiB_per_sec": 70780.5111977518,
    "IOPS": 566244.0895820144,
    "MIOPS": 0.5662440895820143,
    "addr": 21105469292544
  }
}
