{
  "params": {
    "version": "0.2.0",
    "source": "devdax",
    "path": "/dev/dax0.0",
    "nthreads": 2,
    "nsegments": 1,
    "stripeSize": 17179869184,
    "blockSize": 2048,
    "paddingSize": 2097152,
    "totalSize": 17179869184,
    "extentSize": 17184063488,
    "accessType": "read",
    "accessPattern": "random",
    "granularity": "page",
    "nonTemporal": false,
    "noflush": true,
    "set-affinity": true
  },
  "results": {
    "success": true,
    "time": 2596.6367520000003,
    "byte_per_sec": 6616200425.711297,
    "MiB_per_sec": 6309.700418196961,
    "IOPS": 3230566.6141168443,
    "MIOPS": 3.230566614116844,
    "addr": 20980915240960
  }
}
