{
  "params": {
    "version": "0.2.0",
    "source": "devdax",
    "path": "/dev/dax0.0",
    "nthreads": 4,
    "nsegments": 1,
    "stripeSize": 34359738368,
    "blockSize": 32768,
    "paddingSize": 2097152,
    "totalSize": 34359738368,
    "extentSize": 34368126976,
    "accessType": "read",
    "accessPattern": "random",
    "granularity": "page",
    "nonTemporal": false,
    "noflush": true,
    "set-affinity": true
  },
  "results": {
    "success": true,
    "time": 2044.9363740000001,
    "byte_per_sec": 16802350823.654524,
    "MiB_per_sec": 16023.97043576672,
    "IOPS": 512767.05394453503,
    "MIOPS": 0.512767053944535,
    "addr": 20895015895040
  }
}
