{
  "params": {
    "version": "0.2.0",
    "source": "devdax",
    "path": "/dev/dax0.0",
    "nthreads": 32,
    "nsegments": 1,
    "stripeSize": 274877906944,
    "blockSize": 1048576,
    "paddingSize": 2097152,
    "totalSize": 274877906944,
    "extentSize": 274945015808,
    "accessType": "read",
    "accessPattern": "random",
    "granularity": "page",
    "nonTemporal": true,
    "noflush": false,
    "set-affinity": true
  },
  "results": {
    "success": true,
    "time": 3937.7081359999997,
    "byte_per_sec": 69806572110.0463,
    "MiB_per_sec": 66572.734937712,
    "IOPS": 66572.734937712,
    "MIOPS": 0.066572734937712,
    "addr": 20818780225536
  }
}
