{
  "params": {
    "version": "0.2.0",
    "source": "devdax",
    "path": "/dev/dax0.0",
    "nthreads": 8,
    "nsegments": 1,
    "stripeSize": 68719476736,
    "blockSize": 2048,
    "paddingSize": 2097152,
    "totalSize": 68719476736,
    "extentSize": 68736253952,
    "accessType": "read",
    "accessPattern": "random",
    "granularity": "page",
    "nonTemporal": false,
    "noflush": true,
    "set-affinity": true
  },
  "results": {
    "success": true,
    "time": 2872.65874,
    "byte_per_sec": 23921907527.38002,
    "MiB_per_sec": 22813.708808307667,
    "IOPS": 11680618.909853525,
    "MIOPS": 11.680618909853525,
    "addr": 21222507151360
  }
}
