{
  "params": {
    "version": "0.2.0",
    "source": "devdax",
    "path": "/dev/dax0.0",
    "nthreads": 48,
    "nsegments": 1,
    "stripeSize": 412316860416,
    "blockSize": 16384,
    "paddingSize": 2097152,
    "totalSize": 412316860416,
    "extentSize": 412417523712,
    "accessType": "read",
    "accessPattern": "random",
    "granularity": "page",
    "nonTemporal": false,
    "noflush": true,
    "set-affinity": true
  },
  "results": {
    "success": true,
    "time": 4968.490372,
    "byte_per_sec": 82986345860.62956,
    "MiB_per_sec": 79141.94665968853,
    "IOPS": 5065084.586220066,
    "MIOPS": 5.065084586220066,
    "addr": 20604031860736
  }
}
