{
  "params": {
    "version": "0.2.0",
    "source": "devdax",
    "path": "/dev/dax0.0",
    "nthreads": 32,
    "nsegments": 1,
    "stripeSize": 274877906944,
    "blockSize": 128,
    "paddingSize": 2097152,
    "totalSize": 274877906944,
    "extentSize": 274945015808,
    "accessType": "read",
    "accessPattern": "random",
    "granularity": "page",
    "nonTemporal": true,
    "noflush": false,
    "set-affinity": true
  },
  "results": {
    "success": true,
    "time": 15492.222785999998,
    "byte_per_sec": 17742961145.149647,
    "MiB_per_sec": 16921.006341123244,
    "IOPS": 138616883.94648162,
    "MIOPS": 138.6168839464816,
    "addr": 20643760308224
  }
}
