{
  "params": {
    "version": "0.2.0",
    "source": "devdax",
    "path": "/dev/dax0.0",
    "nthreads": 8,
    "nsegments": 1,
    "stripeSize": 68719476736,
    "blockSize": 1048576,
    "paddingSize": 2097152,
    "totalSize": 68719476736,
    "extentSize": 68736253952,
    "accessType": "read",
    "accessPattern": "random",
    "granularity": "page",
    "nonTemporal": true,
    "noflush": false,
    "set-affinity": true
  },
  "results": {
    "success": true,
    "time": 2728.6416830000003,
    "byte_per_sec": 25184500099.128624,
    "MiB_per_sec": 24017.810916069626,
    "IOPS": 24017.810916069626,
    "MIOPS": 0.024017810916069627,
    "addr": 20333448921088
  }
}
