{
  "params": {
    "version": "0.2.0",
    "source": "devdax",
    "path": "/dev/dax0.0",
    "nthreads": 8,
    "nsegments": 1,
    "stripeSize": 68719476736,
    "blockSize": 262144,
    "paddingSize": 2097152,
    "totalSize": 68719476736,
    "extentSize": 68736253952,
    "accessType": "read",
    "accessPattern": "random",
    "granularity": "page",
    "nonTemporal": false,
    "noflush": true,
    "set-affinity": true
  },
  "results": {
    "success": true,
    "time": 2132.272704,
    "byte_per_sec": 32228277652.800644,
    "MiB_per_sec": 30735.280659485477,
    "IOPS": 122941.12263794191,
    "MIOPS": 0.12294112263794191,
    "addr": 21097953099776
  }
}
