{
  "params": {
    "version": "0.2.0",
    "source": "devdax",
    "path": "/dev/dax0.0",
    "nthreads": 8,
    "nsegments": 1,
    "stripeSize": 68719476736,
    "blockSize": 262144,
    "paddingSize": 2097152,
    "totalSize": 68719476736,
    "extentSize": 68736253952,
    "accessType": "read",
    "accessPattern": "random",
    "granularity": "page",
    "nonTemporal": false,
    "noflush": true,
    "set-affinity": true
  },
  "results": {
    "success": true,
    "time": 2131.775129,
    "byte_per_sec": 32235800015.28388,
    "MiB_per_sec": 30742.454543384436,
    "IOPS": 122969.81817353774,
    "MIOPS": 0.12296981817353775,
    "addr": 20304457891840
  }
}
