{
  "params": {
    "version": "0.2.0",
    "source": "devdax",
    "path": "/dev/dax0.0",
    "nthreads": 16,
    "nsegments": 1,
    "stripeSize": 137438953472,
    "blockSize": 4096,
    "paddingSize": 2097152,
    "totalSize": 137438953472,
    "extentSize": 137472507904,
    "accessType": "read",
    "accessPattern": "random",
    "granularity": "page",
    "nonTemporal": false,
    "noflush": true,
    "set-affinity": true
  },
  "results": {
    "success": true,
    "time": 2532.41582,
    "byte_per_sec": 54271874463.33359,
    "MiB_per_sec": 51757.692778905475,
    "IOPS": 13249969.351399802,
    "MIOPS": 13.249969351399802,
    "addr": 20293720473600
  }
}
