{
  "params": {
    "version": "0.2.0",
    "source": "devdax",
    "path": "/dev/dax0.0",
    "nthreads": 4,
    "nsegments": 1,
    "stripeSize": 34359738368,
    "blockSize": 128,
    "paddingSize": 2097152,
    "totalSize": 34359738368,
    "extentSize": 34368126976,
    "accessType": "read",
    "accessPattern": "random",
    "granularity": "page",
    "nonTemporal": true,
    "noflush": false,
    "set-affinity": true
  },
  "results": {
    "success": true,
    "time": 12712.775879,
    "byte_per_sec": 2702772289.4696994,
    "MiB_per_sec": 2577.564515561771,
    "IOPS": 21115408.511482026,
    "MIOPS": 21.115408511482027,
    "addr": 20451560521728
  }
}
