{
  "params": {
    "version": "0.2.0",
    "source": "devdax",
    "path": "/dev/dax0.0",
    "nthreads": 4,
    "nsegments": 1,
    "stripeSize": 34359738368,
    "blockSize": 524288,
    "paddingSize": 2097152,
    "totalSize": 34359738368,
    "extentSize": 34368126976,
    "accessType": "read",
    "accessPattern": "random",
    "granularity": "page",
    "nonTemporal": false,
    "noflush": true,
    "set-affinity": true
  },
  "results": {
    "success": true,
    "time": 2069.603585,
    "byte_per_sec": 16602086803.980871,
    "MiB_per_sec": 15832.983783703681,
    "IOPS": 31665.967567407362,
    "MIOPS": 0.03166596756740736,
    "addr": 20442970587136
  }
}
