{
  "params": {
    "version": "0.2.0",
    "source": "devdax",
    "path": "/dev/dax0.0",
    "nthreads": 32,
    "nsegments": 1,
    "stripeSize": 274877906944,
    "blockSize": 524288,
    "paddingSize": 2097152,
    "totalSize": 274877906944,
    "extentSize": 274945015808,
    "accessType": "read",
    "accessPattern": "random",
    "granularity": "page",
    "nonTemporal": true,
    "noflush": false,
    "set-affinity": true
  },
  "results": {
    "success": true,
    "time": 3879.622688,
    "byte_per_sec": 70851711377.55756,
    "MiB_per_sec": 67569.45741420513,
    "IOPS": 135138.91482841026,
    "MIOPS": 0.13513891482841026,
    "addr": 20350628790272
  }
}
