{
  "params": {
    "version": "0.2.0",
    "source": "devdax",
    "path": "/dev/dax0.0",
    "nthreads": 8,
    "nsegments": 1,
    "stripeSize": 68719476736,
    "blockSize": 4096,
    "paddingSize": 2097152,
    "totalSize": 68719476736,
    "extentSize": 68736253952,
    "accessType": "read",
    "accessPattern": "random",
    "granularity": "page",
    "nonTemporal": false,
    "noflush": true,
    "set-affinity": true
  },
  "results": {
    "success": true,
    "time": 2287.885393,
    "byte_per_sec": 30036240865.14722,
    "MiB_per_sec": 28644.791474482747,
    "IOPS": 7333066.617467583,
    "MIOPS": 7.333066617467583,
    "addr": 20770461843456
  }
}
