{
  "params": {
    "version": "0.2.0",
    "source": "devdax",
    "path": "/dev/dax0.0",
    "nthreads": 16,
    "nsegments": 1,
    "stripeSize": 137438953472,
    "blockSize": 8192,
    "paddingSize": 2097152,
    "totalSize": 137438953472,
    "extentSize": 137472507904,
    "accessType": "read",
    "accessPattern": "random",
    "granularity": "page",
    "nonTemporal": true,
    "noflush": false,
    "set-affinity": true
  },
  "results": {
    "success": true,
    "time": 3348.4108969999997,
    "byte_per_sec": 41046023830.33041,
    "MiB_per_sec": 39144.538717585,
    "IOPS": 5010500.95585088,
    "MIOPS": 5.01050095585088,
    "addr": 21206401024000
  }
}
