{
  "params": {
    "version": "0.2.0",
    "source": "devdax",
    "path": "/dev/dax0.0",
    "nthreads": 4,
    "nsegments": 1,
    "stripeSize": 34359738368,
    "blockSize": 262144,
    "paddingSize": 2097152,
    "totalSize": 34359738368,
    "extentSize": 34368126976,
    "accessType": "read",
    "accessPattern": "random",
    "granularity": "page",
    "nonTemporal": true,
    "noflush": false,
    "set-affinity": true
  },
  "results": {
    "success": true,
    "time": 2495.393678,
    "byte_per_sec": 13769265615.651688,
    "MiB_per_sec": 13131.394973422706,
    "IOPS": 52525.579893690825,
    "MIOPS": 0.052525579893690826,
    "addr": 20570745864192
  }
}
