{
  "params": {
    "version": "0.2.0",
    "source": "devdax",
    "path": "/dev/dax0.0",
    "nthreads": 4,
    "nsegments": 1,
    "stripeSize": 34359738368,
    "blockSize": 1024,
    "paddingSize": 2097152,
    "totalSize": 34359738368,
    "extentSize": 34368126976,
    "accessType": "read",
    "accessPattern": "random",
    "granularity": "page",
    "nonTemporal": false,
    "noflush": true,
    "set-affinity": true
  },
  "results": {
    "success": true,
    "time": 3351.845249,
    "byte_per_sec": 10250991861.348906,
    "MiB_per_sec": 9776.10765585795,
    "IOPS": 10010734.23959854,
    "MIOPS": 10.010734239598541,
    "addr": 21143050256384
  }
}
