{
  "params": {
    "version": "0.2.0",
    "source": "devdax",
    "path": "/dev/dax0.0",
    "nthreads": 2,
    "nsegments": 1,
    "stripeSize": 17179869184,
    "blockSize": 262144,
    "paddingSize": 2097152,
    "totalSize": 17179869184,
    "extentSize": 17184063488,
    "accessType": "read",
    "accessPattern": "random",
    "granularity": "page",
    "nonTemporal": true,
    "noflush": false,
    "set-affinity": true
  },
  "results": {
    "success": true,
    "time": 2362.082552,
    "byte_per_sec": 7273187454.627115,
    "MiB_per_sec": 6936.252073886028,
    "IOPS": 27745.00829554411,
    "MIOPS": 0.02774500829554411,
    "addr": 20702816108544
  }
}
