{
  "params": {
    "version": "0.2.0",
    "source": "devdax",
    "path": "/dev/dax0.0",
    "nthreads": 8,
    "nsegments": 1,
    "stripeSize": 68719476736,
    "blockSize": 1048576,
    "paddingSize": 2097152,
    "totalSize": 68719476736,
    "extentSize": 68736253952,
    "accessType": "read",
    "accessPattern": "random",
    "granularity": "page",
    "nonTemporal": true,
    "noflush": false,
    "set-affinity": true
  },
  "results": {
    "success": true,
    "time": 2728.148795,
    "byte_per_sec": 25189050121.439583,
    "MiB_per_sec": 24022.150155486663,
    "IOPS": 24022.150155486663,
    "MIOPS": 0.024022150155486664,
    "addr": 20434380652544
  }
}
