{
  "params": {
    "version": "0.2.0",
    "source": "devdax",
    "path": "/dev/dax0.0",
    "nthreads": 16,
    "nsegments": 1,
    "stripeSize": 137438953472,
    "blockSize": 131072,
    "paddingSize": 2097152,
    "totalSize": 137438953472,
    "extentSize": 137472507904,
    "accessType": "read",
    "accessPattern": "random",
    "granularity": "page",
    "nonTemporal": true,
    "noflush": false,
    "set-affinity": true
  },
  "results": {
    "success": true,
    "time": 3145.670503,
    "byte_per_sec": 43691465250.70747,
    "MiB_per_sec": 41667.428255755876,
    "IOPS": 333339.426046047,
    "MIOPS": 0.333339426046047,
    "addr": 21177409994752
  }
}
