{
  "params": {
    "version": "0.2.0",
    "source": "devdax",
    "path": "/dev/dax0.0",
    "nthreads": 2,
    "nsegments": 1,
    "stripeSize": 17179869184,
    "blockSize": 8192,
    "paddingSize": 2097152,
    "totalSize": 17179869184,
    "extentSize": 17184063488,
    "accessType": "read",
    "accessPattern": "random",
    "granularity": "page",
    "nonTemporal": false,
    "noflush": true,
    "set-affinity": true
  },
  "results": {
    "success": true,
    "time": 2029.6751949999998,
    "byte_per_sec": 8464344061.71082,
    "MiB_per_sec": 8072.227536879368,
    "IOPS": 1033245.1247205591,
    "MIOPS": 1.0332451247205592,
    "addr": 20701742366720
  }
}
