{
  "params": {
    "version": "0.2.0",
    "source": "devdax",
    "path": "/dev/dax0.0",
    "nthreads": 16,
    "nsegments": 1,
    "stripeSize": 137438953472,
    "blockSize": 65536,
    "paddingSize": 2097152,
    "totalSize": 137438953472,
    "extentSize": 137472507904,
    "accessType": "read",
    "accessPattern": "random",
    "granularity": "page",
    "nonTemporal": true,
    "noflush": false,
    "set-affinity": true
  },
  "results": {
    "success": true,
    "time": 3165.073789,
    "byte_per_sec": 43423617468.148705,
    "MiB_per_sec": 41411.98870482321,
    "IOPS": 662591.8192771714,
    "MIOPS": 0.6625918192771714,
    "addr": 20219632287744
  }
}
