{
  "params": {
    "version": "0.2.0",
    "source": "devdax",
    "path": "/dev/dax0.0",
    "nthreads": 2,
    "nsegments": 1,
    "stripeSize": 17179869184,
    "blockSize": 256,
    "paddingSize": 2097152,
    "totalSize": 17179869184,
    "extentSize": 17184063488,
    "accessType": "read",
    "accessPattern": "random",
    "granularity": "page",
    "nonTemporal": true,
    "noflush": false,
    "set-affinity": true
  },
  "results": {
    "success": true,
    "time": 7628.233482,
    "byte_per_sec": 2252142547.096725,
    "MiB_per_sec": 2147.8105040519,
    "IOPS": 8797431.824596582,
    "MIOPS": 8.797431824596583,
    "addr": 20419348267008
  }
}
