{
  "params": {
    "version": "0.2.0",
    "source": "devdax",
    "path": "/dev/dax0.0",
    "nthreads": 32,
    "nsegments": 1,
    "stripeSize": 274877906944,
    "blockSize": 512,
    "paddingSize": 2097152,
    "totalSize": 274877906944,
    "extentSize": 274945015808,
    "accessType": "read",
    "accessPattern": "random",
    "granularity": "page",
    "nonTemporal": true,
    "noflush": false,
    "set-affinity": true
  },
  "results": {
    "success": true,
    "time": 7156.407774,
    "byte_per_sec": 38410039732.875626,
    "MiB_per_sec": 36630.66838538706,
    "IOPS": 75019608.8532727,
    "MIOPS": 75.0196088532727,
    "addr": 20811264032768
  }
}
