{
  "params": {
    "version": "0.2.0",
    "source": "devdax",
    "path": "/dev/dax0.0",
    "nthreads": 8,
    "nsegments": 1,
    "stripeSize": 68719476736,
    "blockSize": 262144,
    "paddingSize": 2097152,
    "totalSize": 68719476736,
    "extentSize": 68736253952,
    "accessType": "read",
    "accessPattern": "random",
    "granularity": "page",
    "nonTemporal": true,
    "noflush": false,
    "set-affinity": true
  },
  "results": {
    "success": true,
    "time": 2721.5305179999996,
    "byte_per_sec": 25250305400.396767,
    "MiB_per_sec": 24080.56774177243,
    "IOPS": 96322.27096708972,
    "MIOPS": 0.09632227096708972,
    "addr": 20999168851968
  }
}
