{
  "params": {
    "version": "0.2.0",
    "source": "devdax",
    "path": "/dev/dax0.0",
    "nthreads": 48,
    "nsegments": 1,
    "stripeSize": 412316860416,
    "blockSize": 16384,
    "paddingSize": 2097152,
    "totalSize": 412316860416,
    "extentSize": 412417523712,
    "accessType": "read",
    "accessPattern": "random",
    "granularity": "page",
    "nonTemporal": false,
    "noflush": true,
    "set-affinity": true
  },
  "results": {
    "success": true,
    "time": 4900.328214,
    "byte_per_sec": 84140662096.47565,
    "MiB_per_sec": 80242.78840682568,
    "IOPS": 5135538.458036844,
    "MIOPS": 5.1355384580368435,
    "addr": 20856361189376
  }
}
