{
  "params": {
    "version": "0.2.0",
    "source": "devdax",
    "path": "/dev/dax0.0",
    "nthreads": 1,
    "nsegments": 1,
    "stripeSize": 8589934592,
    "blockSize": 1024,
    "paddingSize": 2097152,
    "totalSize": 8589934592,
    "extentSize": 8592031744,
    "accessType": "read",
    "accessPattern": "random",
    "granularity": "page",
    "nonTemporal": false,
    "noflush": true,
    "set-affinity": true
  },
  "results": {
    "success": true,
    "time": 3133.970781,
    "byte_per_sec": 2740910873.859229,
    "MiB_per_sec": 2613.9363039581576,
    "IOPS": 2676670.7752531534,
    "MIOPS": 2.6766707752531533,
    "addr": 20918638215168
  }
}
