{
  "params": {
    "version": "0.2.0",
    "source": "devdax",
    "path": "/dev/dax0.0",
    "nthreads": 48,
    "nsegments": 1,
    "stripeSize": 412316860416,
    "blockSize": 131072,
    "paddingSize": 2097152,
    "totalSize": 412316860416,
    "extentSize": 412417523712,
    "accessType": "read",
    "accessPattern": "random",
    "granularity": "page",
    "nonTemporal": true,
    "noflush": false,
    "set-affinity": true
  },
  "results": {
    "success": true,
    "time": 5583.1609770000005,
    "byte_per_sec": 73850075631.80638,
    "MiB_per_sec": 70428.92039471281,
    "IOPS": 563431.3631577025,
    "MIOPS": 0.5634313631577025,
    "addr": 20704963592192
  }
}
