{
  "params": {
    "version": "0.2.0",
    "source": "devdax",
    "path": "/dev/dax0.0",
    "nthreads": 1,
    "nsegments": 1,
    "stripeSize": 8589934592,
    "blockSize": 524288,
    "paddingSize": 2097152,
    "totalSize": 8589934592,
    "extentSize": 8592031744,
    "accessType": "read",
    "accessPattern": "random",
    "granularity": "page",
    "nonTemporal": false,
    "noflush": true,
    "set-affinity": true
  },
  "results": {
    "success": true,
    "time": 1997.822214,
    "byte_per_sec": 4299649153.866101,
    "MiB_per_sec": 4100.464967599965,
    "IOPS": 8200.92993519993,
    "MIOPS": 0.00820092993519993,
    "addr": 20593294442496
  }
}
