{
  "params": {
    "version": "0.2.0",
    "source": "devdax",
    "path": "/dev/dax0.0",
    "nthreads": 1,
    "nsegments": 1,
    "stripeSize": 8589934592,
    "blockSize": 32768,
    "paddingSize": 2097152,
    "totalSize": 8589934592,
    "extentSize": 8592031744,
    "accessType": "read",
    "accessPattern": "random",
    "granularity": "page",
    "nonTemporal": false,
    "noflush": true,
    "set-affinity": true
  },
  "results": {
    "success": true,
    "time": 1981.52458,
    "byte_per_sec": 4335012887.904726,
    "MiB_per_sec": 4134.190452484823,
    "IOPS": 132294.09447951434,
    "MIOPS": 0.13229409447951435,
    "addr": 20808042807296
  }
}
