{
  "params": {
    "version": "0.2.0",
    "source": "devdax",
    "path": "/dev/dax0.0",
    "nthreads": 16,
    "nsegments": 1,
    "stripeSize": 137438953472,
    "blockSize": 8192,
    "paddingSize": 2097152,
    "totalSize": 137438953472,
    "extentSize": 137472507904,
    "accessType": "read",
    "accessPattern": "random",
    "granularity": "page",
    "nonTemporal": false,
    "noflush": true,
    "set-affinity": true
  },
  "results": {
    "success": true,
    "time": 2389.4438400000004,
    "byte_per_sec": 57519223164.50007,
    "MiB_per_sec": 54854.60583162314,
    "IOPS": 7021389.546447762,
    "MIOPS": 7.021389546447763,
    "addr": 20818780225536
  }
}
