{
  "params": {
    "version": "0.2.0",
    "source": "devdax",
    "path": "/dev/dax0.0",
    "nthreads": 4,
    "nsegments": 1,
    "stripeSize": 34359738368,
    "blockSize": 65536,
    "paddingSize": 2097152,
    "totalSize": 34359738368,
    "extentSize": 34368126976,
    "accessType": "read",
    "accessPattern": "random",
    "granularity": "page",
    "nonTemporal": true,
    "noflush": false,
    "set-affinity": true
  },
  "results": {
    "success": true,
    "time": 2505.229868,
    "byte_per_sec": 13715203864.877441,
    "MiB_per_sec": 13079.837670209352,
    "IOPS": 209277.40272334963,
    "MIOPS": 0.20927740272334963,
    "addr": 20477330325504
  }
}
