{
  "params": {
    "version": "0.2.0",
    "source": "devdax",
    "path": "/dev/dax0.0",
    "nthreads": 8,
    "nsegments": 1,
    "stripeSize": 68719476736,
    "blockSize": 16384,
    "paddingSize": 2097152,
    "totalSize": 68719476736,
    "extentSize": 68736253952,
    "accessType": "read",
    "accessPattern": "random",
    "granularity": "page",
    "nonTemporal": false,
    "noflush": true,
    "set-affinity": true
  },
  "results": {
    "success": true,
    "time": 2085.149537,
    "byte_per_sec": 32956617986.6744,
    "MiB_per_sec": 31429.880129503632,
    "IOPS": 2011512.3282882324,
    "MIOPS": 2.0115123282882323,
    "addr": 20280835571712
  }
}
