{
  "params": {
    "version": "0.2.0",
    "source": "devdax",
    "path": "/dev/dax0.0",
    "nthreads": 1,
    "nsegments": 1,
    "stripeSize": 8589934592,
    "blockSize": 256,
    "paddingSize": 2097152,
    "totalSize": 8589934592,
    "extentSize": 8592031744,
    "accessType": "read",
    "accessPattern": "random",
    "granularity": "page",
    "nonTemporal": false,
    "noflush": true,
    "set-affinity": true
  },
  "results": {
    "success": true,
    "time": 5301.6235639999995,
    "byte_per_sec": 1620246041.293625,
    "MiB_per_sec": 1545.1870358406306,
    "IOPS": 6329086.098803223,
    "MIOPS": 6.329086098803223,
    "addr": 20337743888384
  }
}
