{
  "params": {
    "version": "0.2.0",
    "source": "devdax",
    "path": "/dev/dax0.0",
    "nthreads": 8,
    "nsegments": 1,
    "stripeSize": 68719476736,
    "blockSize": 8192,
    "paddingSize": 2097152,
    "totalSize": 68719476736,
    "extentSize": 68736253952,
    "accessType": "read",
    "accessPattern": "random",
    "granularity": "page",
    "nonTemporal": true,
    "noflush": false,
    "set-affinity": true
  },
  "results": {
    "success": true,
    "time": 2929.796534,
    "byte_per_sec": 23455375121.964016,
    "MiB_per_sec": 22368.788835491196,
    "IOPS": 2863204.970942873,
    "MIOPS": 2.863204970942873,
    "addr": 20379619819520
  }
}
