{
  "params": {
    "version": "0.2.0",
    "source": "devdax",
    "path": "/dev/dax0.0",
    "nthreads": 32,
    "nsegments": 1,
    "stripeSize": 274877906944,
    "blockSize": 131072,
    "paddingSize": 2097152,
    "totalSize": 274877906944,
    "extentSize": 274945015808,
    "accessType": "read",
    "accessPattern": "random",
    "granularity": "page",
    "nonTemporal": true,
    "noflush": false,
    "set-affinity": true
  },
  "results": {
    "success": true,
    "time": 3899.261182,
    "byte_per_sec": 70494869185.1953,
    "MiB_per_sec": 67229.14618033914,
    "IOPS": 537833.1694427131,
    "MIOPS": 0.5378331694427132,
    "addr": 20765093134336
  }
}
