{
  "params": {
    "version": "0.2.0",
    "source": "devdax",
    "path": "/dev/dax0.0",
    "nthreads": 48,
    "nsegments": 1,
    "stripeSize": 412316860416,
    "blockSize": 262144,
    "paddingSize": 2097152,
    "totalSize": 412316860416,
    "extentSize": 412417523712,
    "accessType": "read",
    "accessPattern": "random",
    "granularity": "page",
    "nonTemporal": true,
    "noflush": false,
    "set-affinity": true
  },
  "results": {
    "success": true,
    "time": 5588.295067999999,
    "byte_per_sec": 73782227924.40422,
    "MiB_per_sec": 70364.21577873632,
    "IOPS": 281456.8631149453,
    "MIOPS": 0.2814568631149453,
    "addr": 20645907791872
  }
}
