{
  "params": {
    "version": "0.2.0",
    "source": "devdax",
    "path": "/dev/dax0.0",
    "nthreads": 4,
    "nsegments": 1,
    "stripeSize": 34359738368,
    "blockSize": 1024,
    "paddingSize": 2097152,
    "totalSize": 34359738368,
    "extentSize": 34368126976,
    "accessType": "read",
    "accessPattern": "random",
    "granularity": "page",
    "nonTemporal": false,
    "noflush": true,
    "set-affinity": true
  },
  "results": {
    "success": true,
    "time": 3350.218295,
    "byte_per_sec": 10255970012.24662,
    "MiB_per_sec": 9780.855190512295,
    "IOPS": 10015595.71508459,
    "MIOPS": 10.01559571508459,
    "addr": 20317342793728
  }
}
