{
  "params": {
    "version": "0.2.0",
    "source": "devdax",
    "path": "/dev/dax0.0",
    "nthreads": 4,
    "nsegments": 1,
    "stripeSize": 34359738368,
    "blockSize": 4096,
    "paddingSize": 2097152,
    "totalSize": 34359738368,
    "extentSize": 34368126976,
    "accessType": "read",
    "accessPattern": "sequential",
    "granularity": "page",
    "nonTemporal": false,
    "noflush": true,
    "set-affinity": true
  },
  "results": {
    "success": true,
    "time": 1958.7342700000002,
    "byte_per_sec": 17541806917.995056,
    "MiB_per_sec": 16729.170721049362,
    "IOPS": 4282667.704588637,
    "MIOPS": 4.282667704588636,
    "addr": 20691004948480
  }
}
