{
  "params": {
    "version": "0.2.0",
    "source": "devdax",
    "path": "/dev/dax0.0",
    "nthreads": 32,
    "nsegments": 1,
    "stripeSize": 274877906944,
    "blockSize": 32768,
    "paddingSize": 2097152,
    "totalSize": 274877906944,
    "extentSize": 274945015808,
    "accessType": "read",
    "accessPattern": "sequential",
    "granularity": "page",
    "nonTemporal": false,
    "noflush": true,
    "set-affinity": true
  },
  "results": {
    "success": true,
    "time": 3472.822666,
    "byte_per_sec": 79151149765.04245,
    "MiB_per_sec": 75484.41864494557,
    "IOPS": 2415501.3966382584,
    "MIOPS": 2.4155013966382586,
    "addr": 20633022889984
  }
}
