{
  "params": {
    "version": "0.2.0",
    "source": "devdax",
    "path": "/dev/dax0.0",
    "nthreads": 4,
    "nsegments": 1,
    "stripeSize": 34359738368,
    "blockSize": 8192,
    "paddingSize": 2097152,
    "totalSize": 34359738368,
    "extentSize": 34368126976,
    "accessType": "read",
    "accessPattern": "sequential",
    "granularity": "page",
    "nonTemporal": true,
    "noflush": false,
    "set-affinity": true
  },
  "results": {
    "success": true,
    "time": 2573.505556,
    "byte_per_sec": 13351336385.457563,
    "MiB_per_sec": 12732.826600511135,
    "IOPS": 1629801.8048654252,
    "MIOPS": 1.6298018048654253,
    "addr": 20702816108544
  }
}
