{
  "params": {
    "version": "0.2.0",
    "source": "devdax",
    "path": "/dev/dax0.0",
    "nthreads": 48,
    "nsegments": 1,
    "stripeSize": 412316860416,
    "blockSize": 256,
    "paddingSize": 2097152,
    "totalSize": 412316860416,
    "extentSize": 412417523712,
    "accessType": "read",
    "accessPattern": "sequential",
    "granularity": "page",
    "nonTemporal": true,
    "noflush": false,
    "set-affinity": true
  },
  "results": {
    "success": true,
    "time": 7727.404009,
    "byte_per_sec": 53357746008.333496,
    "MiB_per_sec": 50885.91194947576,
    "IOPS": 208428695.34505272,
    "MIOPS": 208.42869534505272,
    "addr": 20584704507904
  }
}
