{
  "params": {
    "version": "0.2.0",
    "source": "devdax",
    "path": "/dev/dax0.0",
    "nthreads": 4,
    "nsegments": 1,
    "stripeSize": 34359738368,
    "blockSize": 128,
    "paddingSize": 2097152,
    "totalSize": 34359738368,
    "extentSize": 34368126976,
    "accessType": "read",
    "accessPattern": "sequential",
    "granularity": "page",
    "nonTemporal": true,
    "noflush": false,
    "set-affinity": true
  },
  "results": {
    "success": true,
    "time": 14675.272857,
    "byte_per_sec": 2341335571.938661,
    "MiB_per_sec": 2232.871601046239,
    "IOPS": 18291684.15577079,
    "MIOPS": 18.29168415577079,
    "addr": 21148418965504
  }
}
