{
  "params": {
    "version": "0.2.0",
    "source": "devdax",
    "path": "/dev/dax0.0",
    "nthreads": 1,
    "nsegments": 1,
    "stripeSize": 8589934592,
    "blockSize": 65536,
    "paddingSize": 2097152,
    "totalSize": 8589934592,
    "extentSize": 8592031744,
    "accessType": "read",
    "accessPattern": "sequential",
    "granularity": "page",
    "nonTemporal": false,
    "noflush": true,
    "set-affinity": true
  },
  "results": {
    "success": true,
    "time": 1982.71145,
    "byte_per_sec": 4332417907.810035,
    "MiB_per_sec": 4131.715686616931,
    "IOPS": 66107.45098587089,
    "MIOPS": 0.0661074509858709,
    "addr": 20393578463232
  }
}
