{
  "params": {
    "version": "0.2.0",
    "source": "devdax",
    "path": "/dev/dax0.0",
    "nthreads": 16,
    "nsegments": 1,
    "stripeSize": 137438953472,
    "blockSize": 1048576,
    "paddingSize": 2097152,
    "totalSize": 137438953472,
    "extentSize": 137472507904,
    "accessType": "read",
    "accessPattern": "sequential",
    "granularity": "page",
    "nonTemporal": false,
    "noflush": true,
    "set-affinity": true
  },
  "results": {
    "success": true,
    "time": 2400.5728510000004,
    "byte_per_sec": 57252565117.84153,
    "MiB_per_sec": 54600.300901261835,
    "IOPS": 54600.300901261835,
    "MIOPS": 0.05460030090126183,
    "addr": 20814485258240
  }
}
