{
  "params": {
    "version": "0.2.0",
    "source": "devdax",
    "path": "/dev/dax0.0",
    "nthreads": 16,
    "nsegments": 1,
    "stripeSize": 137438953472,
    "blockSize": 1024,
    "paddingSize": 2097152,
    "totalSize": 137438953472,
    "extentSize": 137472507904,
    "accessType": "read",
    "accessPattern": "sequential",
    "granularity": "page",
    "nonTemporal": true,
    "noflush": false,
    "set-affinity": true
  },
  "results": {
    "success": true,
    "time": 3348.892707,
    "byte_per_sec": 41040118479.97375,
    "MiB_per_sec": 39138.90693662047,
    "IOPS": 40078240.70309936,
    "MIOPS": 40.07824070309936,
    "addr": 20373177368576
  }
}
