{
  "params": {
    "version": "0.2.0",
    "source": "devdax",
    "path": "/dev/dax0.0",
    "nthreads": 1,
    "nsegments": 1,
    "stripeSize": 8589934592,
    "blockSize": 524288,
    "paddingSize": 2097152,
    "totalSize": 8589934592,
    "extentSize": 8592031744,
    "accessType": "read",
    "accessPattern": "sequential",
    "granularity": "page",
    "nonTemporal": true,
    "noflush": false,
    "set-affinity": true
  },
  "results": {
    "success": true,
    "time": 2290.501066,
    "byte_per_sec": 3750242564.6109695,
    "MiB_per_sec": 3576.5100141629882,
    "IOPS": 7153.0200283259765,
    "MIOPS": 0.0071530200283259765,
    "addr": 20461224198144
  }
}
