{
  "params": {
    "version": "0.2.0",
    "source": "devdax",
    "path": "/dev/dax0.0",
    "nthreads": 32,
    "nsegments": 1,
    "stripeSize": 274877906944,
    "blockSize": 16384,
    "paddingSize": 2097152,
    "totalSize": 274877906944,
    "extentSize": 274945015808,
    "accessType": "read",
    "accessPattern": "sequential",
    "granularity": "page",
    "nonTemporal": true,
    "noflush": false,
    "set-affinity": true
  },
  "results": {
    "success": true,
    "time": 3961.115171,
    "byte_per_sec": 69394070880.95496,
    "MiB_per_sec": 66179.34311004158,
    "IOPS": 4235477.959042661,
    "MIOPS": 4.235477959042661,
    "addr": 20488067743744
  }
}
