{
  "params": {
    "version": "0.2.0",
    "source": "devdax",
    "path": "/dev/dax0.0",
    "nthreads": 8,
    "nsegments": 1,
    "stripeSize": 68719476736,
    "blockSize": 128,
    "paddingSize": 2097152,
    "totalSize": 68719476736,
    "extentSize": 68736253952,
    "accessType": "read",
    "accessPattern": "sequential",
    "granularity": "page",
    "nonTemporal": false,
    "noflush": true,
    "set-affinity": true
  },
  "results": {
    "success": true,
    "time": 2763.0643090000003,
    "byte_per_sec": 24870748216.812492,
    "MiB_per_sec": 23718.593804180615,
    "IOPS": 194302720.4438476,
    "MIOPS": 194.3027204438476,
    "addr": 20952997953536
  }
}
