{
  "params": {
    "version": "0.2.0",
    "source": "devdax",
    "path": "/dev/dax0.0",
    "nthreads": 16,
    "nsegments": 1,
    "stripeSize": 137438953472,
    "blockSize": 16384,
    "paddingSize": 2097152,
    "totalSize": 137438953472,
    "extentSize": 137472507904,
    "accessType": "read",
    "accessPattern": "sequential",
    "granularity": "page",
    "nonTemporal": false,
    "noflush": true,
    "set-affinity": true
  },
  "results": {
    "success": true,
    "time": 2252.382895,
    "byte_per_sec": 61019355890.642204,
    "MiB_per_sec": 58192.59251655789,
    "IOPS": 3724325.921059705,
    "MIOPS": 3.724325921059705,
    "addr": 20267950669824
  }
}
