{
  "params": {
    "version": "0.2.0",
    "source": "devdax",
    "path": "/dev/dax0.0",
    "nthreads": 1,
    "nsegments": 1,
    "stripeSize": 8589934592,
    "blockSize": 65536,
    "paddingSize": 2097152,
    "totalSize": 8589934592,
    "extentSize": 8592031744,
    "accessType": "read",
    "accessPattern": "sequential",
    "granularity": "page",
    "nonTemporal": true,
    "noflush": false,
    "set-affinity": true
  },
  "results": {
    "success": true,
    "time": 2304.1652400000003,
    "byte_per_sec": 3728002854.5174994,
    "MiB_per_sec": 3555.300573842525,
    "IOPS": 56884.8091814804,
    "MIOPS": 0.0568848091814804,
    "addr": 20402168397824
  }
}
