{
  "params": {
    "version": "0.2.0",
    "source": "devdax",
    "path": "/dev/dax0.0",
    "nthreads": 4,
    "nsegments": 1,
    "stripeSize": 34359738368,
    "blockSize": 524288,
    "paddingSize": 2097152,
    "totalSize": 34359738368,
    "extentSize": 34368126976,
    "accessType": "read",
    "accessPattern": "sequential",
    "granularity": "page",
    "nonTemporal": true,
    "noflush": false,
    "set-affinity": true
  },
  "results": {
    "success": true,
    "time": 2491.3548699999997,
    "byte_per_sec": 13791587373.500107,
    "MiB_per_sec": 13152.682660579783,
    "IOPS": 26305.365321159567,
    "MIOPS": 0.026305365321159565,
    "addr": 20824148934656
  }
}
