{
  "params": {
    "version": "0.2.0",
    "source": "devdax",
    "path": "/dev/dax0.0",
    "nthreads": 32,
    "nsegments": 1,
    "stripeSize": 274877906944,
    "blockSize": 65536,
    "paddingSize": 2097152,
    "totalSize": 274877906944,
    "extentSize": 274945015808,
    "accessType": "read",
    "accessPattern": "sequential",
    "granularity": "page",
    "nonTemporal": true,
    "noflush": false,
    "set-affinity": true
  },
  "results": {
    "success": true,
    "time": 3875.442536,
    "byte_per_sec": 70928133855.8338,
    "MiB_per_sec": 67642.3395689333,
    "IOPS": 1082277.4331029328,
    "MIOPS": 1.0822774331029328,
    "addr": 20246475833344
  }
}
