{
  "params": {
    "version": "0.2.0",
    "source": "devdax",
    "path": "/dev/dax0.0",
    "nthreads": 4,
    "nsegments": 1,
    "stripeSize": 34359738368,
    "blockSize": 128,
    "paddingSize": 2097152,
    "totalSize": 34359738368,
    "extentSize": 34368126976,
    "accessType": "read",
    "accessPattern": "sequential",
    "granularity": "page",
    "nonTemporal": false,
    "noflush": true,
    "set-affinity": true
  },
  "results": {
    "success": true,
    "time": 2595.916341,
    "byte_per_sec": 13236073068.04191,
    "MiB_per_sec": 12622.902935068045,
    "IOPS": 103406820.84407742,
    "MIOPS": 103.40682084407743,
    "addr": 21013127495680
  }
}
