{
  "params": {
    "version": "0.2.0",
    "source": "devdax",
    "path": "/dev/dax0.0",
    "nthreads": 2,
    "nsegments": 1,
    "stripeSize": 17179869184,
    "blockSize": 131072,
    "paddingSize": 2097152,
    "totalSize": 17179869184,
    "extentSize": 17184063488,
    "accessType": "read",
    "accessPattern": "sequential",
    "granularity": "page",
    "nonTemporal": false,
    "noflush": true,
    "set-affinity": true
  },
  "results": {
    "success": true,
    "time": 2008.9845569999998,
    "byte_per_sec": 8551518788.006294,
    "MiB_per_sec": 8155.363834387106,
    "IOPS": 65242.91067509685,
    "MIOPS": 0.06524291067509685,
    "addr": 20887499702272
  }
}
