{
  "params": {
    "version": "0.2.0",
    "source": "devdax",
    "path": "/dev/dax0.0",
    "nthreads": 32,
    "nsegments": 1,
    "stripeSize": 274877906944,
    "blockSize": 2048,
    "paddingSize": 2097152,
    "totalSize": 274877906944,
    "extentSize": 274945015808,
    "accessType": "read",
    "accessPattern": "sequential",
    "granularity": "page",
    "nonTemporal": true,
    "noflush": false,
    "set-affinity": true
  },
  "results": {
    "success": true,
    "time": 4015.102584,
    "byte_per_sec": 68460992264.40088,
    "MiB_per_sec": 65289.48999824608,
    "IOPS": 33428218.87910199,
    "MIOPS": 33.42821887910199,
    "addr": 20657718951936
  }
}
