{
  "params": {
    "version": "0.2.0",
    "source": "devdax",
    "path": "/dev/dax0.0",
    "nthreads": 1,
    "nsegments": 1,
    "stripeSize": 8589934592,
    "blockSize": 2048,
    "paddingSize": 2097152,
    "totalSize": 8589934592,
    "extentSize": 8592031744,
    "accessType": "read",
    "accessPattern": "sequential",
    "granularity": "page",
    "nonTemporal": true,
    "noflush": false,
    "set-affinity": true
  },
  "results": {
    "success": true,
    "time": 2492.724988,
    "byte_per_sec": 3446001718.3411813,
    "MiB_per_sec": 3286.363333073789,
    "IOPS": 1682618.02653378,
    "MIOPS": 1.68261802653378,
    "addr": 20491288969216
  }
}
