{
  "params": {
    "version": "0.2.0",
    "source": "devdax",
    "path": "/dev/dax0.0",
    "nthreads": 4,
    "nsegments": 1,
    "stripeSize": 34359738368,
    "blockSize": 64,
    "paddingSize": 2097152,
    "totalSize": 34359738368,
    "extentSize": 34368126976,
    "accessType": "read",
    "accessPattern": "sequential",
    "granularity": "page",
    "nonTemporal": true,
    "noflush": false,
    "set-affinity": true
  },
  "results": {
    "success": true,
    "time": 29259.555904,
    "byte_per_sec": 1174308266.3569329,
    "MiB_per_sec": 1119.9076331681565,
    "IOPS": 18348566.661827076,
    "MIOPS": 18.348566661827075,
    "addr": 21117280452608
  }
}
