{
  "params": {
    "version": "0.2.0",
    "source": "devdax",
    "path": "/dev/dax0.0",
    "nthreads": 48,
    "nsegments": 1,
    "stripeSize": 412316860416,
    "blockSize": 64,
    "paddingSize": 2097152,
    "totalSize": 412316860416,
    "extentSize": 412417523712,
    "accessType": "read",
    "accessPattern": "sequential",
    "granularity": "page",
    "nonTemporal": false,
    "noflush": true,
    "set-affinity": true
  },
  "results": {
    "success": true,
    "time": 6021.2521639999995,
    "byte_per_sec": 68476929579.72587,
    "MiB_per_sec": 65304.68900654399,
    "IOPS": 1069952024.6832167,
    "MIOPS": 1069.9520246832167,
    "addr": 20733954621440
  }
}
