{
  "params": {
    "version": "0.2.0",
    "source": "devdax",
    "path": "/dev/dax0.0",
    "nthreads": 4,
    "nsegments": 1,
    "stripeSize": 34359738368,
    "blockSize": 4096,
    "paddingSize": 2097152,
    "totalSize": 34359738368,
    "extentSize": 34368126976,
    "accessType": "read",
    "accessPattern": "sequential",
    "granularity": "page",
    "nonTemporal": true,
    "noflush": false,
    "set-affinity": true
  },
  "results": {
    "success": true,
    "time": 2869.910402,
    "byte_per_sec": 11972408038.960096,
    "MiB_per_sec": 11417.778052291962,
    "IOPS": 2922951.1813867423,
    "MIOPS": 2.9229511813867424,
    "addr": 21166672576512
  }
}
