{
  "params": {
    "version": "0.2.0",
    "source": "devdax",
    "path": "/dev/dax0.0",
    "nthreads": 32,
    "nsegments": 1,
    "stripeSize": 274877906944,
    "blockSize": 1024,
    "paddingSize": 2097152,
    "totalSize": 274877906944,
    "extentSize": 274945015808,
    "accessType": "read",
    "accessPattern": "sequential",
    "granularity": "page",
    "nonTemporal": false,
    "noflush": true,
    "set-affinity": true
  },
  "results": {
    "success": true,
    "time": 3533.639805,
    "byte_per_sec": 77788886845.5284,
    "MiB_per_sec": 74185.26348641243,
    "IOPS": 75965709.81008632,
    "MIOPS": 75.96570981008632,
    "addr": 20742544556032
  }
}
