{
  "params": {
    "version": "0.2.0",
    "source": "devdax",
    "path": "/dev/dax0.0",
    "nthreads": 32,
    "nsegments": 1,
    "stripeSize": 274877906944,
    "blockSize": 8192,
    "paddingSize": 2097152,
    "totalSize": 274877906944,
    "extentSize": 274945015808,
    "accessType": "read",
    "accessPattern": "sequential",
    "granularity": "page",
    "nonTemporal": true,
    "noflush": false,
    "set-affinity": true
  },
  "results": {
    "success": true,
    "time": 4091.363316,
    "byte_per_sec": 67184917523.467384,
    "MiB_per_sec": 64072.530292003044,
    "IOPS": 8201283.87737639,
    "MIOPS": 8.20128387737639,
    "addr": 20231443447808
  }
}
