{
  "params": {
    "version": "0.2.0",
    "source": "devdax",
    "path": "/dev/dax0.0",
    "nthreads": 8,
    "nsegments": 1,
    "stripeSize": 68719476736,
    "blockSize": 262144,
    "paddingSize": 2097152,
    "totalSize": 68719476736,
    "extentSize": 68736253952,
    "accessType": "read",
    "accessPattern": "sequential",
    "granularity": "page",
    "nonTemporal": false,
    "noflush": true,
    "set-affinity": true
  },
  "results": {
    "success": true,
    "time": 2136.395592,
    "byte_per_sec": 32166082439.660828,
    "MiB_per_sec": 30675.966682110622,
    "IOPS": 122703.86672844249,
    "MIOPS": 0.12270386672844248,
    "addr": 21184926187520
  }
}
