{
  "params": {
    "version": "0.2.0",
    "source": "devdax",
    "path": "/dev/dax0.0",
    "nthreads": 2,
    "nsegments": 1,
    "stripeSize": 17179869184,
    "blockSize": 65536,
    "paddingSize": 2097152,
    "totalSize": 17179869184,
    "extentSize": 17184063488,
    "accessType": "read",
    "accessPattern": "sequential",
    "granularity": "page",
    "nonTemporal": false,
    "noflush": true,
    "set-affinity": true
  },
  "results": {
    "success": true,
    "time": 2007.3343619999998,
    "byte_per_sec": 8558548844.290646,
    "MiB_per_sec": 8162.068218508382,
    "IOPS": 130593.09149613412,
    "MIOPS": 0.13059309149613413,
    "addr": 20727512170496
  }
}
