{
  "params": {
    "version": "0.2.0",
    "source": "devdax",
    "path": "/dev/dax0.0",
    "nthreads": 16,
    "nsegments": 1,
    "stripeSize": 137438953472,
    "blockSize": 8192,
    "paddingSize": 2097152,
    "totalSize": 137438953472,
    "extentSize": 137472507904,
    "accessType": "read",
    "accessPattern": "sequential",
    "granularity": "page",
    "nonTemporal": true,
    "noflush": false,
    "set-affinity": true
  },
  "results": {
    "success": true,
    "time": 3201.229831,
    "byte_per_sec": 42933172789.11737,
    "MiB_per_sec": 40944.26421081292,
    "IOPS": 5240865.818984054,
    "MIOPS": 5.240865818984054,
    "addr": 20382841044992
  }
}
