{
  "params": {
    "version": "0.2.0",
    "source": "devdax",
    "path": "/dev/dax0.0",
    "nthreads": 48,
    "nsegments": 1,
    "stripeSize": 412316860416,
    "blockSize": 16384,
    "paddingSize": 2097152,
    "totalSize": 412316860416,
    "extentSize": 412417523712,
    "accessType": "read",
    "accessPattern": "sequential",
    "granularity": "page",
    "nonTemporal": false,
    "noflush": true,
    "set-affinity": true
  },
  "results": {
    "success": true,
    "time": 4966.052927,
    "byte_per_sec": 83027077334.24847,
    "MiB_per_sec": 79180.79121994827,
    "IOPS": 5067570.638076689,
    "MIOPS": 5.067570638076689,
    "addr": 20448339296256
  }
}
