{
  "params": {
    "version": "0.2.0",
    "source": "devdax",
    "path": "/dev/dax0.0",
    "nthreads": 8,
    "nsegments": 1,
    "stripeSize": 68719476736,
    "blockSize": 2048,
    "paddingSize": 2097152,
    "totalSize": 68719476736,
    "extentSize": 68736253952,
    "accessType": "read",
    "accessPattern": "sequential",
    "granularity": "page",
    "nonTemporal": true,
    "noflush": false,
    "set-affinity": true
  },
  "results": {
    "success": true,
    "time": 2786.513417,
    "byte_per_sec": 24661455536.784878,
    "MiB_per_sec": 23518.996750626447,
    "IOPS": 12041726.336320741,
    "MIOPS": 12.04172633632074,
    "addr": 20271171895296
  }
}
