{
  "params": {
    "version": "0.2.0",
    "source": "devdax",
    "path": "/dev/dax0.0",
    "nthreads": 1,
    "nsegments": 1,
    "stripeSize": 8589934592,
    "blockSize": 8192,
    "paddingSize": 2097152,
    "totalSize": 8589934592,
    "extentSize": 8592031744,
    "accessType": "read",
    "accessPattern": "sequential",
    "granularity": "page",
    "nonTemporal": false,
    "noflush": true,
    "set-affinity": true
  },
  "results": {
    "success": true,
    "time": 1861.507228,
    "byte_per_sec": 4614505097.156679,
    "MiB_per_sec": 4400.734994084052,
    "IOPS": 563294.0792427587,
    "MIOPS": 0.5632940792427586,
    "addr": 21227875860480
  }
}
