{
  "params": {
    "version": "0.2.0",
    "source": "devdax",
    "path": "/dev/dax0.0",
    "nthreads": 32,
    "nsegments": 1,
    "stripeSize": 274877906944,
    "blockSize": 131072,
    "paddingSize": 2097152,
    "totalSize": 274877906944,
    "extentSize": 274945015808,
    "accessType": "read",
    "accessPattern": "sequential",
    "granularity": "page",
    "nonTemporal": true,
    "noflush": false,
    "set-affinity": true
  },
  "results": {
    "success": true,
    "time": 3848.9519649999997,
    "byte_per_sec": 71416299668.99315,
    "MiB_per_sec": 68107.89076709094,
    "IOPS": 544863.1261367275,
    "MIOPS": 0.5448631261367275,
    "addr": 20619064246272
  }
}
