{
  "params": {
    "version": "0.2.0",
    "source": "devdax",
    "path": "/dev/dax0.0",
    "nthreads": 4,
    "nsegments": 1,
    "stripeSize": 34359738368,
    "blockSize": 1048576,
    "paddingSize": 2097152,
    "totalSize": 34359738368,
    "extentSize": 34368126976,
    "accessType": "read",
    "accessPattern": "sequential",
    "granularity": "page",
    "nonTemporal": false,
    "noflush": true,
    "set-affinity": true
  },
  "results": {
    "success": true,
    "time": 2137.9389810000002,
    "byte_per_sec": 16071430790.755575,
    "MiB_per_sec": 15326.910773044181,
    "IOPS": 15326.910773044181,
    "MIOPS": 0.015326910773044182,
    "addr": 21138755289088
  }
}
