{
  "params": {
    "version": "0.2.0",
    "source": "devdax",
    "path": "/dev/dax0.0",
    "nthreads": 16,
    "nsegments": 1,
    "stripeSize": 137438953472,
    "blockSize": 131072,
    "paddingSize": 2097152,
    "totalSize": 137438953472,
    "extentSize": 137472507904,
    "accessType": "read",
    "accessPattern": "sequential",
    "granularity": "page",
    "nonTemporal": false,
    "noflush": true,
    "set-affinity": true
  },
  "results": {
    "success": true,
    "time": 2324.4913309999997,
    "byte_per_sec": 59126464202.7611,
    "MiB_per_sec": 56387.390330086804,
    "IOPS": 451099.12264069443,
    "MIOPS": 0.45109912264069446,
    "addr": 21253645664256
  }
}
