{
  "params": {
    "version": "0.2.0",
    "source": "devdax",
    "path": "/dev/dax0.0",
    "nthreads": 2,
    "nsegments": 1,
    "stripeSize": 17179869184,
    "blockSize": 256,
    "paddingSize": 2097152,
    "totalSize": 17179869184,
    "extentSize": 17184063488,
    "accessType": "read",
    "accessPattern": "sequential",
    "granularity": "page",
    "nonTemporal": true,
    "noflush": false,
    "set-affinity": true
  },
  "results": {
    "success": true,
    "time": 7351.099411,
    "byte_per_sec": 2337047592.9481344,
    "MiB_per_sec": 2228.782265613684,
    "IOPS": 9129092.15995365,
    "MIOPS": 9.12909215995365,
    "addr": 20411832074240
  }
}
