{
  "params": {
    "version": "0.2.0",
    "source": "devdax",
    "path": "/dev/dax0.0",
    "nthreads": 48,
    "nsegments": 1,
    "stripeSize": 412316860416,
    "blockSize": 1024,
    "paddingSize": 2097152,
    "totalSize": 412316860416,
    "extentSize": 412417523712,
    "accessType": "read",
    "accessPattern": "sequential",
    "granularity": "page",
    "nonTemporal": true,
    "noflush": false,
    "set-affinity": true
  },
  "results": {
    "success": true,
    "time": 6258.993348,
    "byte_per_sec": 65875906474.281815,
    "MiB_per_sec": 62824.16007450277,
    "IOPS": 64331939.916290835,
    "MIOPS": 64.33193991629084,
    "addr": 20327006470144
  }
}
