{
  "params": {
    "version": "0.2.0",
    "source": "devdax",
    "path": "/dev/dax0.0",
    "nthreads": 32,
    "nsegments": 1,
    "stripeSize": 274877906944,
    "blockSize": 131072,
    "paddingSize": 2097152,
    "totalSize": 274877906944,
    "extentSize": 274945015808,
    "accessType": "read",
    "accessPattern": "sequential",
    "granularity": "page",
    "nonTemporal": true,
    "noflush": false,
    "set-affinity": true
  },
  "results": {
    "success": true,
    "time": 3846.117726,
    "byte_per_sec": 71468926987.28587,
    "MiB_per_sec": 68158.08008888805,
    "IOPS": 545264.6407111044,
    "MIOPS": 0.5452646407111044,
    "addr": 21206401024000
  }
}
