{
  "params": {
    "version": "0.2.0",
    "source": "devdax",
    "path": "/dev/dax0.0",
    "nthreads": 32,
    "nsegments": 1,
    "stripeSize": 274877906944,
    "blockSize": 524288,
    "paddingSize": 2097152,
    "totalSize": 274877906944,
    "extentSize": 274945015808,
    "accessType": "read",
    "accessPattern": "sequential",
    "granularity": "page",
    "nonTemporal": false,
    "noflush": true,
    "set-affinity": true
  },
  "results": {
    "success": true,
    "time": 3460.3534250000002,
    "byte_per_sec": 79436367672.18365,
    "MiB_per_sec": 75756.42363756528,
    "IOPS": 151512.84727513057,
    "MIOPS": 0.15151284727513056,
    "addr": 20580409540608
  }
}
