{
  "params": {
    "version": "0.2.0",
    "source": "devdax",
    "path": "/dev/dax0.0",
    "nthreads": 4,
    "nsegments": 1,
    "stripeSize": 34359738368,
    "blockSize": 512,
    "paddingSize": 2097152,
    "totalSize": 34359738368,
    "extentSize": 34368126976,
    "accessType": "read",
    "accessPattern": "sequential",
    "granularity": "page",
    "nonTemporal": true,
    "noflush": false,
    "set-affinity": true
  },
  "results": {
    "success": true,
    "time": 3707.707529,
    "byte_per_sec": 9267111307.797007,
    "MiB_per_sec": 8837.80604152394,
    "IOPS": 18099826.77304103,
    "MIOPS": 18.099826773041027,
    "addr": 20489141485568
  }
}
