{
  "params": {
    "version": "0.2.0",
    "source": "devdax",
    "path": "/dev/dax0.0",
    "nthreads": 48,
    "nsegments": 1,
    "stripeSize": 412316860416,
    "blockSize": 131072,
    "paddingSize": 2097152,
    "totalSize": 412316860416,
    "extentSize": 412417523712,
    "accessType": "read",
    "accessPattern": "sequential",
    "granularity": "page",
    "nonTemporal": true,
    "noflush": false,
    "set-affinity": true
  },
  "results": {
    "success": true,
    "time": 5556.703106,
    "byte_per_sec": 74201707838.37448,
    "MiB_per_sec": 70764.26299893807,
    "IOPS": 566114.1039915045,
    "MIOPS": 0.5661141039915045,
    "addr": 21255793147904
  }
}
