{
  "params": {
    "version": "0.2.0",
    "source": "devdax",
    "path": "/dev/dax0.0",
    "nthreads": 48,
    "nsegments": 1,
    "stripeSize": 412316860416,
    "blockSize": 128,
    "paddingSize": 2097152,
    "totalSize": 412316860416,
    "extentSize": 412417523712,
    "accessType": "read",
    "accessPattern": "sequential",
    "granularity": "page",
    "nonTemporal": true,
    "noflush": false,
    "set-affinity": true
  },
  "results": {
    "success": true,
    "time": 14623.445774,
    "byte_per_sec": 28195602239.595654,
    "MiB_per_sec": 26889.421691508916,
    "IOPS": 220278142.49684104,
    "MIOPS": 220.27814249684104,
    "addr": 21022791172096
  }
}
