{
  "params": {
    "version": "0.2.0",
    "source": "devdax",
    "path": "/dev/dax0.0",
    "nthreads": 8,
    "nsegments": 1,
    "stripeSize": 68719476736,
    "blockSize": 2048,
    "paddingSize": 2097152,
    "totalSize": 68719476736,
    "extentSize": 68736253952,
    "accessType": "read",
    "accessPattern": "sequential",
    "granularity": "page",
    "nonTemporal": false,
    "noflush": true,
    "set-affinity": true
  },
  "results": {
    "success": true,
    "time": 2063.8521729999998,
    "byte_per_sec": 33296704887.59371,
    "MiB_per_sec": 31754.212272256576,
    "IOPS": 16258156.683395367,
    "MIOPS": 16.258156683395367,
    "addr": 20601884377088
  }
}
