{
  "params": {
    "version": "0.2.0",
    "source": "devdax",
    "path": "/dev/dax0.0",
    "nthreads": 2,
    "nsegments": 1,
    "stripeSize": 17179869184,
    "blockSize": 1024,
    "paddingSize": 2097152,
    "totalSize": 17179869184,
    "extentSize": 17184063488,
    "accessType": "read",
    "accessPattern": "sequential",
    "granularity": "page",
    "nonTemporal": true,
    "noflush": false,
    "set-affinity": true
  },
  "results": {
    "success": true,
    "time": 2572.647324,
    "byte_per_sec": 6677895187.471098,
    "MiB_per_sec": 6368.537127944086,
    "IOPS": 6521382.019014744,
    "MIOPS": 6.5213820190147445,
    "addr": 20664161402880
  }
}
