{
  "params": {
    "version": "0.2.0",
    "source": "devdax",
    "path": "/dev/dax0.0",
    "nthreads": 8,
    "nsegments": 1,
    "stripeSize": 68719476736,
    "blockSize": 16384,
    "paddingSize": 2097152,
    "totalSize": 68719476736,
    "extentSize": 68736253952,
    "accessType": "read",
    "accessPattern": "sequential",
    "granularity": "page",
    "nonTemporal": true,
    "noflush": false,
    "set-affinity": true
  },
  "results": {
    "success": true,
    "time": 2729.283546,
    "byte_per_sec": 25178577299.78782,
    "MiB_per_sec": 24012.162494457072,
    "IOPS": 1536778.3996452526,
    "MIOPS": 1.5367783996452526,
    "addr": 20891794669568
  }
}
