{
  "params": {
    "version": "0.2.0",
    "source": "devdax",
    "path": "/dev/dax0.0",
    "nthreads": 4,
    "nsegments": 1,
    "stripeSize": 34359738368,
    "blockSize": 1048576,
    "paddingSize": 2097152,
    "totalSize": 34359738368,
    "extentSize": 34368126976,
    "accessType": "read",
    "accessPattern": "sequential",
    "granularity": "page",
    "nonTemporal": true,
    "noflush": false,
    "set-affinity": true
  },
  "results": {
    "success": true,
    "time": 2489.4934829999997,
    "byte_per_sec": 13801899303.063972,
    "MiB_per_sec": 13162.516882957432,
    "IOPS": 13162.516882957432,
    "MIOPS": 0.013162516882957432,
    "addr": 20898237120512
  }
}
