{
  "params": {
    "version": "0.2.0",
    "source": "devdax",
    "path": "/dev/dax0.0",
    "nthreads": 4,
    "nsegments": 1,
    "stripeSize": 34359738368,
    "blockSize": 524288,
    "paddingSize": 2097152,
    "totalSize": 34359738368,
    "extentSize": 34368126976,
    "accessType": "read",
    "accessPattern": "sequential",
    "granularity": "page",
    "nonTemporal": true,
    "noflush": false,
    "set-affinity": true
  },
  "results": {
    "success": true,
    "time": 2491.044062,
    "byte_per_sec": 13793308152.250582,
    "MiB_per_sec": 13154.323723078329,
    "IOPS": 26308.647446156658,
    "MIOPS": 0.026308647446156658,
    "addr": 20738249588736
  }
}
