{
  "params": {
    "version": "0.2.0",
    "source": "devdax",
    "path": "/dev/dax0.0",
    "nthreads": 32,
    "nsegments": 1,
    "stripeSize": 274877906944,
    "blockSize": 512,
    "paddingSize": 2097152,
    "totalSize": 274877906944,
    "extentSize": 274945015808,
    "accessType": "read",
    "accessPattern": "sequential",
    "granularity": "page",
    "nonTemporal": false,
    "noflush": true,
    "set-affinity": true
  },
  "results": {
    "success": true,
    "time": 3752.9228350000003,
    "byte_per_sec": 73243687394.92082,
    "MiB_per_sec": 69850.62350742418,
    "IOPS": 143054076.94320473,
    "MIOPS": 143.05407694320473,
    "addr": 20991652659200
  }
}
