{
  "params": {
    "version": "0.2.0",
    "source": "devdax",
    "path": "/dev/dax0.0",
    "nthreads": 2,
    "nsegments": 1,
    "stripeSize": 17179869184,
    "blockSize": 524288,
    "paddingSize": 2097152,
    "totalSize": 17179869184,
    "extentSize": 17184063488,
    "accessType": "read",
    "accessPattern": "sequential",
    "granularity": "page",
    "nonTemporal": false,
    "noflush": true,
    "set-affinity": true
  },
  "results": {
    "success": true,
    "time": 2033.2239109999998,
    "byte_per_sec": 8449570699.545054,
    "MiB_per_sec": 8058.138560814909,
    "IOPS": 16116.277121629819,
    "MIOPS": 0.01611627712162982,
    "addr": 21293374111744
  }
}
