{
  "params": {
    "version": "0.2.0",
    "source": "devdax",
    "path": "/dev/dax0.0",
    "nthreads": 16,
    "nsegments": 1,
    "stripeSize": 137438953472,
    "blockSize": 128,
    "paddingSize": 2097152,
    "totalSize": 137438953472,
    "extentSize": 137472507904,
    "accessType": "write",
    "accessPattern": "random",
    "granularity": "page",
    "nonTemporal": true,
    "noflush": false,
    "set-affinity": true
  },
  "results": {
    "success": true,
    "time": 16849.477584,
    "byte_per_sec": 8156867344.214273,
    "MiB_per_sec": 7778.994888510011,
    "IOPS": 63725526.12667401,
    "MIOPS": 63.72552612667401,
    "addr": 20994873884672
  }
}
