{
  "params": {
    "version": "0.2.0",
    "source": "devdax",
    "path": "/dev/dax0.0",
    "nthreads": 1,
    "nsegments": 1,
    "stripeSize": 8589934592,
    "blockSize": 524288,
    "paddingSize": 2097152,
    "totalSize": 8589934592,
    "extentSize": 8592031744,
    "accessType": "write",
    "accessPattern": "random",
    "granularity": "page",
    "nonTemporal": true,
    "noflush": false,
    "set-affinity": true
  },
  "results": {
    "success": true,
    "time": 500.81875399999996,
    "byte_per_sec": 17151783002.119766,
    "MiB_per_sec": 16357.214929694906,
    "IOPS": 32714.429859389813,
    "MIOPS": 0.03271442985938981,
    "addr": 20494510194688
  }
}
