{
  "params": {
    "version": "0.2.0",
    "source": "devdax",
    "path": "/dev/dax0.0",
    "nthreads": 32,
    "nsegments": 1,
    "stripeSize": 274877906944,
    "blockSize": 1024,
    "paddingSize": 2097152,
    "totalSize": 274877906944,
    "extentSize": 274945015808,
    "accessType": "write",
    "accessPattern": "random",
    "granularity": "page",
    "nonTemporal": true,
    "noflush": false,
    "set-affinity": true
  },
  "results": {
    "success": true,
    "time": 10659.56185,
    "byte_per_sec": 25786979878.915005,
    "MiB_per_sec": 24592.38040820599,
    "IOPS": 25182597.538002934,
    "MIOPS": 25.182597538002934,
    "addr": 20511690063872
  }
}
