{
  "params": {
    "version": "0.2.0",
    "source": "devdax",
    "path": "/dev/dax0.0",
    "nthreads": 2,
    "nsegments": 1,
    "stripeSize": 17179869184,
    "blockSize": 1024,
    "paddingSize": 2097152,
    "totalSize": 17179869184,
    "extentSize": 17184063488,
    "accessType": "write",
    "accessPattern": "random",
    "granularity": "page",
    "nonTemporal": false,
    "noflush": false,
    "set-affinity": true
  },
  "results": {
    "success": true,
    "time": 7446.019687,
    "byte_per_sec": 2307255407.07263,
    "MiB_per_sec": 2200.3702231146144,
    "IOPS": 2253179.108469365,
    "MIOPS": 2.2531791084693653,
    "addr": 20881057251328
  }
}
