{
  "params": {
    "version": "0.2.0",
    "source": "devdax",
    "path": "/dev/dax0.0",
    "nthreads": 8,
    "nsegments": 1,
    "stripeSize": 68719476736,
    "blockSize": 128,
    "paddingSize": 2097152,
    "totalSize": 68719476736,
    "extentSize": 68736253952,
    "accessType": "write",
    "accessPattern": "random",
    "granularity": "page",
    "nonTemporal": false,
    "noflush": false,
    "set-affinity": true
  },
  "results": {
    "success": true,
    "time": 52819.584698,
    "byte_per_sec": 1301022662.879855,
    "MiB_per_sec": 1240.7518986509847,
    "IOPS": 10164239.553748867,
    "MIOPS": 10.164239553748866,
    "addr": 20431159427072
  }
}
