{
  "params": {
    "version": "0.2.0",
    "source": "devdax",
    "path": "/dev/dax0.0",
    "nthreads": 48,
    "nsegments": 1,
    "stripeSize": 412316860416,
    "blockSize": 4096,
    "paddingSize": 2097152,
    "totalSize": 412316860416,
    "extentSize": 412417523712,
    "accessType": "write",
    "accessPattern": "random",
    "granularity": "page",
    "nonTemporal": true,
    "noflush": false,
    "set-affinity": true
  },
  "results": {
    "success": true,
    "time": 15900.509881,
    "byte_per_sec": 25931046457.113297,
    "MiB_per_sec": 24729.773003686234,
    "IOPS": 6330821.888943676,
    "MIOPS": 6.330821888943676,
    "addr": 20714627268608
  }
}
