{
  "params": {
    "version": "0.2.0",
    "source": "devdax",
    "path": "/dev/dax0.0",
    "nthreads": 16,
    "nsegments": 1,
    "stripeSize": 137438953472,
    "blockSize": 128,
    "paddingSize": 2097152,
    "totalSize": 137438953472,
    "extentSize": 137472507904,
    "accessType": "write",
    "accessPattern": "random",
    "granularity": "page",
    "nonTemporal": true,
    "noflush": false,
    "set-affinity": true
  },
  "results": {
    "success": true,
    "time": 16906.138511999998,
    "byte_per_sec": 8129529601.005319,
    "MiB_per_sec": 7752.923584943122,
    "IOPS": 63511950.00785405,
    "MIOPS": 63.511950007854054,
    "addr": 20656645210112
  }
}
