{
  "params": {
    "version": "0.2.0",
    "source": "devdax",
    "path": "/dev/dax0.0",
    "nthreads": 16,
    "nsegments": 1,
    "stripeSize": 137438953472,
    "blockSize": 256,
    "paddingSize": 2097152,
    "totalSize": 137438953472,
    "extentSize": 137472507904,
    "accessType": "write",
    "accessPattern": "random",
    "granularity": "page",
    "nonTemporal": false,
    "noflush": false,
    "set-affinity": true
  },
  "results": {
    "success": true,
    "time": 30768.097902,
    "byte_per_sec": 4466930452.111768,
    "MiB_per_sec": 4259.996845351951,
    "IOPS": 17448947.078561593,
    "MIOPS": 17.44894707856159,
    "addr": 20350628790272
  }
}
