{
  "params": {
    "version": "0.2.0",
    "source": "devdax",
    "path": "/dev/dax0.0",
    "nthreads": 48,
    "nsegments": 1,
    "stripeSize": 412316860416,
    "blockSize": 1024,
    "paddingSize": 2097152,
    "totalSize": 412316860416,
    "extentSize": 412417523712,
    "accessType": "write",
    "accessPattern": "random",
    "granularity": "page",
    "nonTemporal": false,
    "noflush": false,
    "set-affinity": true
  },
  "results": {
    "success": true,
    "time": 25806.384054,
    "byte_per_sec": 15977320168.266298,
    "MiB_per_sec": 15237.159889475153,
    "IOPS": 15602851.726822557,
    "MIOPS": 15.602851726822557,
    "addr": 20284056797184
  }
}
