{
  "params": {
    "version": "0.2.0",
    "source": "devdax",
    "path": "/dev/dax0.0",
    "nthreads": 48,
    "nsegments": 1,
    "stripeSize": 412316860416,
    "blockSize": 2048,
    "paddingSize": 2097152,
    "totalSize": 412316860416,
    "extentSize": 412417523712,
    "accessType": "write",
    "accessPattern": "random",
    "granularity": "page",
    "nonTemporal": false,
    "noflush": false,
    "set-affinity": true
  },
  "results": {
    "success": true,
    "time": 22490.114929,
    "byte_per_sec": 18333248261.187664,
    "MiB_per_sec": 17483.948002994217,
    "IOPS": 8951781.37753304,
    "MIOPS": 8.95178137753304,
    "addr": 21009906270208
  }
}
