{
  "params": {
    "version": "0.2.0",
    "source": "devdax",
    "path": "/dev/dax0.0",
    "nthreads": 16,
    "nsegments": 1,
    "stripeSize": 137438953472,
    "blockSize": 65536,
    "paddingSize": 2097152,
    "totalSize": 137438953472,
    "extentSize": 137472507904,
    "accessType": "write",
    "accessPattern": "random",
    "granularity": "page",
    "nonTemporal": true,
    "noflush": false,
    "set-affinity": true
  },
  "results": {
    "success": true,
    "time": 5354.122299000001,
    "byte_per_sec": 25669744880.06554,
    "MiB_per_sec": 24480.57640081934,
    "IOPS": 391689.22241310944,
    "MIOPS": 0.39168922241310944,
    "addr": 21018496204800
  }
}
