{
  "params": {
    "version": "0.2.0",
    "source": "devdax",
    "path": "/dev/dax0.0",
    "nthreads": 4,
    "nsegments": 1,
    "stripeSize": 34359738368,
    "blockSize": 2048,
    "paddingSize": 2097152,
    "totalSize": 34359738368,
    "extentSize": 34368126976,
    "accessType": "write",
    "accessPattern": "random",
    "granularity": "page",
    "nonTemporal": true,
    "noflush": false,
    "set-affinity": true
  },
  "results": {
    "success": true,
    "time": 1771.477847,
    "byte_per_sec": 19396086959.92911,
    "MiB_per_sec": 18497.549972466575,
    "IOPS": 9470745.585902886,
    "MIOPS": 9.470745585902886,
    "addr": 20554639736832
  }
}
