{
  "params": {
    "version": "0.2.0",
    "source": "devdax",
    "path": "/dev/dax0.0",
    "nthreads": 48,
    "nsegments": 1,
    "stripeSize": 412316860416,
    "blockSize": 1024,
    "paddingSize": 2097152,
    "totalSize": 412316860416,
    "extentSize": 412417523712,
    "accessType": "write",
    "accessPattern": "random",
    "granularity": "page",
    "nonTemporal": true,
    "noflush": false,
    "set-affinity": true
  },
  "results": {
    "success": true,
    "time": 16086.185524,
    "byte_per_sec": 25631735988.674152,
    "MiB_per_sec": 24444.3282973043,
    "IOPS": 25030992.176439602,
    "MIOPS": 25.0309921764396,
    "addr": 20852066222080
  }
}
