{
  "params": {
    "version": "0.2.0",
    "source": "devdax",
    "path": "/dev/dax0.0",
    "nthreads": 2,
    "nsegments": 1,
    "stripeSize": 17179869184,
    "blockSize": 262144,
    "paddingSize": 2097152,
    "totalSize": 17179869184,
    "extentSize": 17184063488,
    "accessType": "write",
    "accessPattern": "random",
    "granularity": "page",
    "nonTemporal": true,
    "noflush": false,
    "set-affinity": true
  },
  "results": {
    "success": true,
    "time": 694.735602,
    "byte_per_sec": 24728643723.65935,
    "MiB_per_sec": 23583.072398814536,
    "IOPS": 94332.28959525815,
    "MIOPS": 0.09433228959525815,
    "addr": 20847771254784
  }
}
