{
  "params": {
    "version": "0.2.0",
    "source": "devdax",
    "path": "/dev/dax0.0",
    "nthreads": 4,
    "nsegments": 1,
    "stripeSize": 34359738368,
    "blockSize": 64,
    "paddingSize": 2097152,
    "totalSize": 34359738368,
    "extentSize": 34368126976,
    "accessType": "write",
    "accessPattern": "random",
    "granularity": "page",
    "nonTemporal": false,
    "noflush": false,
    "set-affinity": true
  },
  "results": {
    "success": true,
    "time": 99752.507255,
    "byte_per_sec": 344449872.12366784,
    "MiB_per_sec": 328.49299633375915,
    "IOPS": 5382029.25193231,
    "MIOPS": 5.38202925193231,
    "addr": 21023864913920
  }
}
