{
  "params": {
    "version": "0.2.0",
    "source": "devdax",
    "path": "/dev/dax0.0",
    "nthreads": 48,
    "nsegments": 1,
    "stripeSize": 412316860416,
    "blockSize": 256,
    "paddingSize": 2097152,
    "totalSize": 412316860416,
    "extentSize": 412417523712,
    "accessType": "write",
    "accessPattern": "random",
    "granularity": "page",
    "nonTemporal": true,
    "noflush": false,
    "set-affinity": true
  },
  "results": {
    "success": true,
    "time": 16834.999112999998,
    "byte_per_sec": 24491647290.768707,
    "MiB_per_sec": 23357.05498768683,
    "IOPS": 95670497.22956526,
    "MIOPS": 95.67049722956526,
    "addr": 20743618297856
  }
}
