{
  "params": {
    "version": "0.2.0",
    "source": "devdax",
    "path": "/dev/dax0.0",
    "nthreads": 1,
    "nsegments": 1,
    "stripeSize": 8589934592,
    "blockSize": 4096,
    "paddingSize": 2097152,
    "totalSize": 8589934592,
    "extentSize": 8592031744,
    "accessType": "write",
    "accessPattern": "random",
    "granularity": "page",
    "nonTemporal": false,
    "noflush": false,
    "set-affinity": true
  },
  "results": {
    "success": true,
    "time": 3726.400314,
    "byte_per_sec": 2305156147.5367565,
    "MiB_per_sec": 2198.368213211781,
    "IOPS": 562782.262582216,
    "MIOPS": 0.562782262582216,
    "addr": 21197811089408
  }
}
