{
  "params": {
    "version": "0.2.0",
    "source": "devdax",
    "path": "/dev/dax0.0",
    "nthreads": 4,
    "nsegments": 1,
    "stripeSize": 34359738368,
    "blockSize": 512,
    "paddingSize": 2097152,
    "totalSize": 34359738368,
    "extentSize": 34368126976,
    "accessType": "write",
    "accessPattern": "random",
    "granularity": "page",
    "nonTemporal": true,
    "noflush": false,
    "set-affinity": true
  },
  "results": {
    "success": true,
    "time": 4514.386953,
    "byte_per_sec": 7611163758.385069,
    "MiB_per_sec": 7258.571394333905,
    "IOPS": 14865554.215595838,
    "MIOPS": 14.865554215595838,
    "addr": 21094731874304
  }
}
