{
  "params": {
    "version": "0.2.0",
    "source": "devdax",
    "path": "/dev/dax0.0",
    "nthreads": 4,
    "nsegments": 1,
    "stripeSize": 34359738368,
    "blockSize": 256,
    "paddingSize": 2097152,
    "totalSize": 34359738368,
    "extentSize": 34368126976,
    "accessType": "write",
    "accessPattern": "random",
    "granularity": "page",
    "nonTemporal": false,
    "noflush": false,
    "set-affinity": true
  },
  "results": {
    "success": true,
    "time": 28582.152508,
    "byte_per_sec": 1202139634.4583523,
    "MiB_per_sec": 1146.4496941169284,
    "IOPS": 4695857.947102939,
    "MIOPS": 4.6958579471029385,
    "addr": 20872467316736
  }
}
