{
  "params": {
    "version": "0.2.0",
    "source": "devdax",
    "path": "/dev/dax0.0",
    "nthreads": 2,
    "nsegments": 1,
    "stripeSize": 17179869184,
    "blockSize": 65536,
    "paddingSize": 2097152,
    "totalSize": 17179869184,
    "extentSize": 17184063488,
    "accessType": "write",
    "accessPattern": "random",
    "granularity": "page",
    "nonTemporal": false,
    "noflush": false,
    "set-affinity": true
  },
  "results": {
    "success": true,
    "time": 3271.636575,
    "byte_per_sec": 5251154518.591356,
    "MiB_per_sec": 5007.8911958612025,
    "IOPS": 80126.25913377924,
    "MIOPS": 0.08012625913377924,
    "addr": 20926154407936
  }
}
