{
  "params": {
    "version": "0.2.0",
    "source": "devdax",
    "path": "/dev/dax0.0",
    "nthreads": 4,
    "nsegments": 1,
    "stripeSize": 34359738368,
    "blockSize": 524288,
    "paddingSize": 2097152,
    "totalSize": 34359738368,
    "extentSize": 34368126976,
    "accessType": "write",
    "accessPattern": "random",
    "granularity": "page",
    "nonTemporal": false,
    "noflush": false,
    "set-affinity": true
  },
  "results": {
    "success": true,
    "time": 3732.3376599999997,
    "byte_per_sec": 9205956560.746973,
    "MiB_per_sec": 8779.484329936002,
    "IOPS": 17558.968659872004,
    "MIOPS": 0.017558968659872002,
    "addr": 20737175846912
  }
}
