{
  "params": {
    "version": "0.2.0",
    "source": "devdax",
    "path": "/dev/dax0.0",
    "nthreads": 48,
    "nsegments": 1,
    "stripeSize": 412316860416,
    "blockSize": 128,
    "paddingSize": 2097152,
    "totalSize": 412316860416,
    "extentSize": 412417523712,
    "accessType": "write",
    "accessPattern": "random",
    "granularity": "page",
    "nonTemporal": true,
    "noflush": false,
    "set-affinity": true
  },
  "results": {
    "success": true,
    "time": 20469.005316,
    "byte_per_sec": 20143473219.663704,
    "MiB_per_sec": 19210.313052810387,
    "IOPS": 157370884.5286227,
    "MIOPS": 157.3708845286227,
    "addr": 21100100583424
  }
}
