{
  "params": {
    "version": "0.2.0",
    "source": "devdax",
    "path": "/dev/dax0.0",
    "nthreads": 16,
    "nsegments": 1,
    "stripeSize": 137438953472,
    "blockSize": 1048576,
    "paddingSize": 2097152,
    "totalSize": 137438953472,
    "extentSize": 137472507904,
    "accessType": "write",
    "accessPattern": "random",
    "granularity": "page",
    "nonTemporal": true,
    "noflush": false,
    "set-affinity": true
  },
  "results": {
    "success": true,
    "time": 5511.340913999999,
    "byte_per_sec": 24937479937.572956,
    "MiB_per_sec": 23782.234132359463,
    "IOPS": 23782.234132359463,
    "MIOPS": 0.023782234132359463,
    "addr": 20394652205056
  }
}
