{
  "params": {
    "version": "0.2.0",
    "source": "devdax",
    "path": "/dev/dax0.0",
    "nthreads": 8,
    "nsegments": 1,
    "stripeSize": 68719476736,
    "blockSize": 4096,
    "paddingSize": 2097152,
    "totalSize": 68719476736,
    "extentSize": 68736253952,
    "accessType": "write",
    "accessPattern": "random",
    "granularity": "page",
    "nonTemporal": false,
    "noflush": false,
    "set-affinity": true
  },
  "results": {
    "success": true,
    "time": 5353.0186459999995,
    "byte_per_sec": 12837518656.38467,
    "MiB_per_sec": 12242.811828980131,
    "IOPS": 3134159.8282189136,
    "MIOPS": 3.134159828218914,
    "addr": 20753281974272
  }
}
