{
  "params": {
    "version": "0.2.0",
    "source": "devdax",
    "path": "/dev/dax0.0",
    "nthreads": 8,
    "nsegments": 1,
    "stripeSize": 68719476736,
    "blockSize": 32768,
    "paddingSize": 2097152,
    "totalSize": 68719476736,
    "extentSize": 68736253952,
    "accessType": "write",
    "accessPattern": "random",
    "granularity": "page",
    "nonTemporal": false,
    "noflush": false,
    "set-affinity": true
  },
  "results": {
    "success": true,
    "time": 4666.972864,
    "byte_per_sec": 14724636019.653532,
    "MiB_per_sec": 14042.507190373928,
    "IOPS": 449360.2300919657,
    "MIOPS": 0.4493602300919657,
    "addr": 21181704962048
  }
}
