{
  "params": {
    "version": "0.2.0",
    "source": "devdax",
    "path": "/dev/dax0.0",
    "nthreads": 8,
    "nsegments": 1,
    "stripeSize": 68719476736,
    "blockSize": 524288,
    "paddingSize": 2097152,
    "totalSize": 68719476736,
    "extentSize": 68736253952,
    "accessType": "write",
    "accessPattern": "random",
    "granularity": "page",
    "nonTemporal": false,
    "noflush": false,
    "set-affinity": true
  },
  "results": {
    "success": true,
    "time": 5104.969831,
    "byte_per_sec": 13461289490.625395,
    "MiB_per_sec": 12837.68605291881,
    "IOPS": 25675.37210583762,
    "MIOPS": 0.025675372105837622,
    "addr": 20748987006976
  }
}
