{
  "params": {
    "version": "0.2.0",
    "source": "devdax",
    "path": "/dev/dax0.0",
    "nthreads": 16,
    "nsegments": 1,
    "stripeSize": 137438953472,
    "blockSize": 64,
    "paddingSize": 2097152,
    "totalSize": 137438953472,
    "extentSize": 137472507904,
    "accessType": "write",
    "accessPattern": "random",
    "granularity": "page",
    "nonTemporal": true,
    "noflush": false,
    "set-affinity": true
  },
  "results": {
    "success": true,
    "time": 32868.559822999996,
    "byte_per_sec": 4181471722.890218,
    "MiB_per_sec": 3987.762186899393,
    "IOPS": 65335495.67015965,
    "MIOPS": 65.33549567015966,
    "addr": 20386062270464
  }
}
