{
  "params": {
    "version": "0.2.0",
    "source": "devdax",
    "path": "/dev/dax0.0",
    "nthreads": 48,
    "nsegments": 1,
    "stripeSize": 412316860416,
    "blockSize": 64,
    "paddingSize": 2097152,
    "totalSize": 412316860416,
    "extentSize": 412417523712,
    "accessType": "write",
    "accessPattern": "random",
    "granularity": "page",
    "nonTemporal": true,
    "noflush": false,
    "set-affinity": true
  },
  "results": {
    "success": true,
    "time": 34155.19475,
    "byte_per_sec": 12071863838.984552,
    "MiB_per_sec": 11512.626494392922,
    "IOPS": 188622872.48413363,
    "MIOPS": 188.62287248413364,
    "addr": 21193516122112
  }
}
