{
  "params": {
    "version": "0.2.0",
    "source": "devdax",
    "path": "/dev/dax0.0",
    "nthreads": 2,
    "nsegments": 1,
    "stripeSize": 17179869184,
    "blockSize": 64,
    "paddingSize": 2097152,
    "totalSize": 17179869184,
    "extentSize": 17184063488,
    "accessType": "write",
    "accessPattern": "random",
    "granularity": "page",
    "nonTemporal": false,
    "noflush": false,
    "set-affinity": true
  },
  "results": {
    "success": true,
    "time": 98949.18813699999,
    "byte_per_sec": 173623144.43867522,
    "MiB_per_sec": 165.5799335848572,
    "IOPS": 2712861.6318543004,
    "MIOPS": 2.7128616318543,
    "addr": 20901458345984
  }
}
