{
  "params": {
    "version": "0.2.0",
    "source": "devdax",
    "path": "/dev/dax0.0",
    "nthreads": 32,
    "nsegments": 1,
    "stripeSize": 274877906944,
    "blockSize": 16384,
    "paddingSize": 2097152,
    "totalSize": 274877906944,
    "extentSize": 274945015808,
    "accessType": "write",
    "accessPattern": "random",
    "granularity": "page",
    "nonTemporal": false,
    "noflush": false,
    "set-affinity": true
  },
  "results": {
    "success": true,
    "time": 11619.534768,
    "byte_per_sec": 23656532936.327972,
    "MiB_per_sec": 22560.627876594517,
    "IOPS": 1443880.184102049,
    "MIOPS": 1.443880184102049,
    "addr": 20421495750656
  }
}
