{
  "params": {
    "version": "0.2.0",
    "source": "devdax",
    "path": "/dev/dax0.0",
    "nthreads": 32,
    "nsegments": 1,
    "stripeSize": 274877906944,
    "blockSize": 128,
    "paddingSize": 2097152,
    "totalSize": 274877906944,
    "extentSize": 274945015808,
    "accessType": "write",
    "accessPattern": "random",
    "granularity": "page",
    "nonTemporal": false,
    "noflush": false,
    "set-affinity": true
  },
  "results": {
    "success": true,
    "time": 57119.412623000004,
    "byte_per_sec": 4812337773.11842,
    "MiB_per_sec": 4589.402936094684,
    "IOPS": 37596388.85248765,
    "MIOPS": 37.59638885248766,
    "addr": 20260434477056
  }
}
