{
  "params": {
    "version": "0.2.0",
    "source": "devdax",
    "path": "/dev/dax0.0",
    "nthreads": 32,
    "nsegments": 1,
    "stripeSize": 274877906944,
    "blockSize": 524288,
    "paddingSize": 2097152,
    "totalSize": 274877906944,
    "extentSize": 274945015808,
    "accessType": "write",
    "accessPattern": "random",
    "granularity": "page",
    "nonTemporal": true,
    "noflush": false,
    "set-affinity": true
  },
  "results": {
    "success": true,
    "time": 10871.776017,
    "byte_per_sec": 25283624912.266254,
    "MiB_per_sec": 24112.343704477553,
    "IOPS": 48224.687408955106,
    "MIOPS": 0.04822468740895511,
    "addr": 20327006470144
  }
}
