{
  "params": {
    "version": "0.2.0",
    "source": "devdax",
    "path": "/dev/dax0.0",
    "nthreads": 4,
    "nsegments": 1,
    "stripeSize": 34359738368,
    "blockSize": 1048576,
    "paddingSize": 2097152,
    "totalSize": 34359738368,
    "extentSize": 34368126976,
    "accessType": "write",
    "accessPattern": "random",
    "granularity": "page",
    "nonTemporal": true,
    "noflush": false,
    "set-affinity": true
  },
  "results": {
    "success": true,
    "time": 1359.685794,
    "byte_per_sec": 25270351811.883385,
    "MiB_per_sec": 24099.685489543328,
    "IOPS": 24099.685489543328,
    "MIOPS": 0.02409968548954333,
    "addr": 21065740845056
  }
}
