{
  "params": {
    "version": "0.2.0",
    "source": "devdax",
    "path": "/dev/dax0.0",
    "nthreads": 16,
    "nsegments": 1,
    "stripeSize": 137438953472,
    "blockSize": 65536,
    "paddingSize": 2097152,
    "totalSize": 137438953472,
    "extentSize": 137472507904,
    "accessType": "write",
    "accessPattern": "random",
    "granularity": "page",
    "nonTemporal": true,
    "noflush": false,
    "set-affinity": true
  },
  "results": {
    "success": true,
    "time": 5352.787009,
    "byte_per_sec": 25676148376.708183,
    "MiB_per_sec": 24486.683251102622,
    "IOPS": 391786.93201764196,
    "MIOPS": 0.391786932017642,
    "addr": 20768314359808
  }
}
