{
  "params": {
    "version": "0.2.0",
    "source": "devdax",
    "path": "/dev/dax0.0",
    "nthreads": 1,
    "nsegments": 1,
    "stripeSize": 8589934592,
    "blockSize": 65536,
    "paddingSize": 2097152,
    "totalSize": 8589934592,
    "extentSize": 8592031744,
    "accessType": "write",
    "accessPattern": "random",
    "granularity": "page",
    "nonTemporal": true,
    "noflush": false,
    "set-affinity": true
  },
  "results": {
    "success": true,
    "time": 528.544306,
    "byte_per_sec": 16252061548.081457,
    "MiB_per_sec": 15499.173687058885,
    "IOPS": 247986.77899294216,
    "MIOPS": 0.24798677899294216,
    "addr": 20527796191232
  }
}
