{
  "params": {
    "version": "0.2.0",
    "source": "devdax",
    "path": "/dev/dax0.0",
    "nthreads": 1,
    "nsegments": 1,
    "stripeSize": 8589934592,
    "blockSize": 512,
    "paddingSize": 2097152,
    "totalSize": 8589934592,
    "extentSize": 8592031744,
    "accessType": "write",
    "accessPattern": "random",
    "granularity": "page",
    "nonTemporal": false,
    "noflush": false,
    "set-affinity": true
  },
  "results": {
    "success": true,
    "time": 15131.293075,
    "byte_per_sec": 567693359.0158486,
    "MiB_per_sec": 541.3945760878073,
    "IOPS": 1108776.0918278294,
    "MIOPS": 1.1087760918278293,
    "addr": 20365661175808
  }
}
