{
  "params": {
    "version": "0.2.0",
    "source": "devdax",
    "path": "/dev/dax0.0",
    "nthreads": 16,
    "nsegments": 1,
    "stripeSize": 137438953472,
    "blockSize": 2048,
    "paddingSize": 2097152,
    "totalSize": 137438953472,
    "extentSize": 137472507904,
    "accessType": "write",
    "accessPattern": "random",
    "granularity": "page",
    "nonTemporal": false,
    "noflush": false,
    "set-affinity": true
  },
  "results": {
    "success": true,
    "time": 9700.193653999999,
    "byte_per_sec": 14168681407.2341,
    "MiB_per_sec": 13512.307555421925,
    "IOPS": 6918301.468376026,
    "MIOPS": 6.9183014683760256,
    "addr": 20721069719552
  }
}
