{
  "params": {
    "version": "0.2.0",
    "source": "devdax",
    "path": "/dev/dax0.0",
    "nthreads": 4,
    "nsegments": 1,
    "stripeSize": 34359738368,
    "blockSize": 1048576,
    "paddingSize": 2097152,
    "totalSize": 34359738368,
    "extentSize": 34368126976,
    "accessType": "write",
    "accessPattern": "sequential",
    "granularity": "page",
    "nonTemporal": false,
    "noflush": false,
    "set-affinity": true
  },
  "results": {
    "success": true,
    "time": 3676.6054,
    "byte_per_sec": 9345506147.600174,
    "MiB_per_sec": 8912.569186783003,
    "IOPS": 8912.569186783003,
    "MIOPS": 0.008912569186783003,
    "addr": 20495583936512
  }
}
