{
  "params": {
    "version": "0.2.0",
    "source": "devdax",
    "path": "/dev/dax0.0",
    "nthreads": 8,
    "nsegments": 1,
    "stripeSize": 68719476736,
    "blockSize": 128,
    "paddingSize": 2097152,
    "totalSize": 68719476736,
    "extentSize": 68736253952,
    "accessType": "write",
    "accessPattern": "sequential",
    "granularity": "page",
    "nonTemporal": true,
    "noflush": false,
    "set-affinity": true
  },
  "results": {
    "success": true,
    "time": 16573.269013,
    "byte_per_sec": 4146404471.0851393,
    "MiB_per_sec": 3954.319449505939,
    "IOPS": 32393784.93035265,
    "MIOPS": 32.39378493035265,
    "addr": 20566450896896
  }
}
