{
  "params": {
    "version": "0.2.0",
    "source": "devdax",
    "path": "/dev/dax0.0",
    "nthreads": 1,
    "nsegments": 1,
    "stripeSize": 8589934592,
    "blockSize": 1024,
    "paddingSize": 2097152,
    "totalSize": 8589934592,
    "extentSize": 8592031744,
    "accessType": "write",
    "accessPattern": "sequential",
    "granularity": "page",
    "nonTemporal": true,
    "noflush": false,
    "set-affinity": true
  },
  "results": {
    "success": true,
    "time": 2399.57786,
    "byte_per_sec": 3579769064.880437,
    "MiB_per_sec": 3413.9338158420915,
    "IOPS": 3495868.2274223017,
    "MIOPS": 3.4958682274223016,
    "addr": 20420422008832
  }
}
