{
  "params": {
    "version": "0.2.0",
    "source": "devdax",
    "path": "/dev/dax0.0",
    "nthreads": 8,
    "nsegments": 1,
    "stripeSize": 68719476736,
    "blockSize": 2048,
    "paddingSize": 2097152,
    "totalSize": 68719476736,
    "extentSize": 68736253952,
    "accessType": "write",
    "accessPattern": "sequential",
    "granularity": "page",
    "nonTemporal": true,
    "noflush": false,
    "set-affinity": true
  },
  "results": {
    "success": true,
    "time": 2495.513273,
    "byte_per_sec": 27537211474.490925,
    "MiB_per_sec": 26261.531328669476,
    "IOPS": 13445904.040278772,
    "MIOPS": 13.445904040278771,
    "addr": 20660940177408
  }
}
