{
  "params": {
    "version": "0.2.0",
    "source": "devdax",
    "path": "/dev/dax0.0",
    "nthreads": 32,
    "nsegments": 1,
    "stripeSize": 274877906944,
    "blockSize": 128,
    "paddingSize": 2097152,
    "totalSize": 274877906944,
    "extentSize": 274945015808,
    "accessType": "write",
    "accessPattern": "sequential",
    "granularity": "page",
    "nonTemporal": false,
    "noflush": false,
    "set-affinity": true
  },
  "results": {
    "success": true,
    "time": 21714.1001,
    "byte_per_sec": 12658959186.80047,
    "MiB_per_sec": 12072.524248886557,
    "IOPS": 98898118.64687867,
    "MIOPS": 98.89811864687867,
    "addr": 20271171895296
  }
}
