{
  "params": {
    "version": "0.2.0",
    "source": "devdax",
    "path": "/dev/dax0.0",
    "nthreads": 1,
    "nsegments": 1,
    "stripeSize": 8589934592,
    "blockSize": 4096,
    "paddingSize": 2097152,
    "totalSize": 8589934592,
    "extentSize": 8592031744,
    "accessType": "write",
    "accessPattern": "sequential",
    "granularity": "page",
    "nonTemporal": true,
    "noflush": false,
    "set-affinity": true
  },
  "results": {
    "success": true,
    "time": 932.734721,
    "byte_per_sec": 9209407989.86296,
    "MiB_per_sec": 8782.775869238816,
    "IOPS": 2248390.622525137,
    "MIOPS": 2.248390622525137,
    "addr": 20958366662656
  }
}
