{
  "params": {
    "version": "0.2.0",
    "source": "devdax",
    "path": "/dev/dax0.0",
    "nthreads": 32,
    "nsegments": 1,
    "stripeSize": 274877906944,
    "blockSize": 524288,
    "paddingSize": 2097152,
    "totalSize": 274877906944,
    "extentSize": 274945015808,
    "accessType": "write",
    "accessPattern": "sequential",
    "granularity": "page",
    "nonTemporal": true,
    "noflush": false,
    "set-affinity": true
  },
  "results": {
    "success": true,
    "time": 10915.353320999999,
    "byte_per_sec": 25182685237.972427,
    "MiB_per_sec": 24016.080129597118,
    "IOPS": 48032.160259194236,
    "MIOPS": 0.04803216025919423,
    "addr": 20339891372032
  }
}
