{
  "params": {
    "version": "0.2.0",
    "source": "devdax",
    "path": "/dev/dax0.0",
    "nthreads": 4,
    "nsegments": 1,
    "stripeSize": 34359738368,
    "blockSize": 16384,
    "paddingSize": 2097152,
    "totalSize": 34359738368,
    "extentSize": 34368126976,
    "accessType": "write",
    "accessPattern": "sequential",
    "granularity": "page",
    "nonTemporal": true,
    "noflush": false,
    "set-affinity": true
  },
  "results": {
    "success": true,
    "time": 1302.398535,
    "byte_per_sec": 26381892673.12098,
    "MiB_per_sec": 25159.733460541705,
    "IOPS": 1610222.9414746691,
    "MIOPS": 1.6102229414746692,
    "addr": 20537459867648
  }
}
