{
  "params": {
    "version": "0.2.0",
    "source": "devdax",
    "path": "/dev/dax0.0",
    "nthreads": 2,
    "nsegments": 1,
    "stripeSize": 17179869184,
    "blockSize": 65536,
    "paddingSize": 2097152,
    "totalSize": 17179869184,
    "extentSize": 17184063488,
    "accessType": "write",
    "accessPattern": "sequential",
    "granularity": "page",
    "nonTemporal": true,
    "noflush": false,
    "set-affinity": true
  },
  "results": {
    "success": true,
    "time": 663.0319770000001,
    "byte_per_sec": 25911071833.568592,
    "MiB_per_sec": 24710.723718231766,
    "IOPS": 395371.57949170825,
    "MIOPS": 0.39537157949170826,
    "addr": 20282983055360
  }
}
