{
  "params": {
    "version": "0.2.0",
    "source": "devdax",
    "path": "/dev/dax0.0",
    "nthreads": 8,
    "nsegments": 1,
    "stripeSize": 68719476736,
    "blockSize": 1024,
    "paddingSize": 2097152,
    "totalSize": 68719476736,
    "extentSize": 68736253952,
    "accessType": "write",
    "accessPattern": "sequential",
    "granularity": "page",
    "nonTemporal": true,
    "noflush": false,
    "set-affinity": true
  },
  "results": {
    "success": true,
    "time": 3380.1899710000002,
    "byte_per_sec": 20330063495.12064,
    "MiB_per_sec": 19388.259406204834,
    "IOPS": 19853577.63195375,
    "MIOPS": 19.85357763195375,
    "addr": 20439749361664
  }
}
