{
  "params": {
    "version": "0.2.0",
    "source": "devdax",
    "path": "/dev/dax0.0",
    "nthreads": 4,
    "nsegments": 1,
    "stripeSize": 34359738368,
    "blockSize": 524288,
    "paddingSize": 2097152,
    "totalSize": 34359738368,
    "extentSize": 34368126976,
    "accessType": "write",
    "accessPattern": "sequential",
    "granularity": "page",
    "nonTemporal": false,
    "noflush": false,
    "set-affinity": true
  },
  "results": {
    "success": true,
    "time": 3638.963847,
    "byte_per_sec": 9442176348.17299,
    "MiB_per_sec": 9004.761074231139,
    "IOPS": 18009.522148462278,
    "MIOPS": 0.018009522148462277,
    "addr": 21071109554176
  }
}
