{
  "params": {
    "version": "0.2.0",
    "source": "devdax",
    "path": "/dev/dax0.0",
    "nthreads": 16,
    "nsegments": 1,
    "stripeSize": 137438953472,
    "blockSize": 16384,
    "paddingSize": 2097152,
    "totalSize": 137438953472,
    "extentSize": 137472507904,
    "accessType": "write",
    "accessPattern": "sequential",
    "granularity": "page",
    "nonTemporal": true,
    "noflush": false,
    "set-affinity": true
  },
  "results": {
    "success": true,
    "time": 5351.047488,
    "byte_per_sec": 25684495190.93485,
    "MiB_per_sec": 24494.643393454407,
    "IOPS": 1567657.177181082,
    "MIOPS": 1.567657177181082,
    "addr": 21110838001664
  }
}
