{
  "params": {
    "version": "0.2.0",
    "source": "devdax",
    "path": "/dev/dax0.0",
    "nthreads": 4,
    "nsegments": 1,
    "stripeSize": 34359738368,
    "blockSize": 512,
    "paddingSize": 2097152,
    "totalSize": 34359738368,
    "extentSize": 34368126976,
    "accessType": "write",
    "accessPattern": "sequential",
    "granularity": "page",
    "nonTemporal": false,
    "noflush": false,
    "set-affinity": true
  },
  "results": {
    "success": true,
    "time": 7270.846775,
    "byte_per_sec": 4725685938.829319,
    "MiB_per_sec": 4506.765307263679,
    "IOPS": 9229855.349276014,
    "MIOPS": 9.229855349276013,
    "addr": 20393578463232
  }
}
