{
  "params": {
    "version": "0.2.0",
    "source": "devdax",
    "path": "/dev/dax0.0",
    "nthreads": 16,
    "nsegments": 1,
    "stripeSize": 137438953472,
    "blockSize": 2048,
    "paddingSize": 2097152,
    "totalSize": 137438953472,
    "extentSize": 137472507904,
    "accessType": "write",
    "accessPattern": "sequential",
    "granularity": "page",
    "nonTemporal": false,
    "noflush": false,
    "set-affinity": true
  },
  "results": {
    "success": true,
    "time": 7975.741473,
    "byte_per_sec": 17232122422.38133,
    "MiB_per_sec": 16433.832571393326,
    "IOPS": 8414122.276553383,
    "MIOPS": 8.414122276553384,
    "addr": 20259360735232
  }
}
