{
  "params": {
    "version": "0.2.0",
    "source": "devdax",
    "path": "/dev/dax0.0",
    "nthreads": 4,
    "nsegments": 1,
    "stripeSize": 34359738368,
    "blockSize": 16384,
    "paddingSize": 2097152,
    "totalSize": 34359738368,
    "extentSize": 34368126976,
    "accessType": "write",
    "accessPattern": "sequential",
    "granularity": "page",
    "nonTemporal": false,
    "noflush": false,
    "set-affinity": true
  },
  "results": {
    "success": true,
    "time": 3775.158537,
    "byte_per_sec": 9101535215.340813,
    "MiB_per_sec": 8679.900374737561,
    "IOPS": 555513.6239832039,
    "MIOPS": 0.5555136239832039,
    "addr": 21038897299456
  }
}
