{
  "params": {
    "version": "0.2.0",
    "source": "devdax",
    "path": "/dev/dax0.0",
    "nthreads": 8,
    "nsegments": 1,
    "stripeSize": 68719476736,
    "blockSize": 524288,
    "paddingSize": 2097152,
    "totalSize": 68719476736,
    "extentSize": 68736253952,
    "accessType": "write",
    "accessPattern": "sequential",
    "granularity": "page",
    "nonTemporal": false,
    "noflush": false,
    "set-affinity": true
  },
  "results": {
    "success": true,
    "time": 4730.550233,
    "byte_per_sec": 14526740728.09069,
    "MiB_per_sec": 13853.77953347272,
    "IOPS": 27707.55906694544,
    "MIOPS": 0.02770755906694544,
    "addr": 21139829030912
  }
}
