{
  "params": {
    "version": "0.2.0",
    "source": "devdax",
    "path": "/dev/dax0.0",
    "nthreads": 1,
    "nsegments": 1,
    "stripeSize": 8589934592,
    "blockSize": 128,
    "paddingSize": 2097152,
    "totalSize": 8589934592,
    "extentSize": 8592031744,
    "accessType": "write",
    "accessPattern": "sequential",
    "granularity": "page",
    "nonTemporal": false,
    "noflush": false,
    "set-affinity": true
  },
  "results": {
    "success": true,
    "time": 18716.672022000002,
    "byte_per_sec": 458945617.1430047,
    "MiB_per_sec": 437.68464769649955,
    "IOPS": 3585512.6339297243,
    "MIOPS": 3.5855126339297243,
    "addr": 20948702986240
  }
}
