{
  "params": {
    "version": "0.2.0",
    "source": "devdax",
    "path": "/dev/dax0.0",
    "nthreads": 1,
    "nsegments": 1,
    "stripeSize": 8589934592,
    "blockSize": 1048576,
    "paddingSize": 2097152,
    "totalSize": 8589934592,
    "extentSize": 8592031744,
    "accessType": "write",
    "accessPattern": "sequential",
    "granularity": "page",
    "nonTemporal": true,
    "noflush": false,
    "set-affinity": true
  },
  "results": {
    "success": true,
    "time": 495.837523,
    "byte_per_sec": 17324091448.39972,
    "MiB_per_sec": 16521.541069411964,
    "IOPS": 16521.541069411964,
    "MIOPS": 0.016521541069411963,
    "addr": 20704963592192
  }
}
