{
  "params": {
    "version": "0.2.0",
    "source": "devdax",
    "path": "/dev/dax0.0",
    "nthreads": 8,
    "nsegments": 1,
    "stripeSize": 68719476736,
    "blockSize": 131072,
    "paddingSize": 2097152,
    "totalSize": 68719476736,
    "extentSize": 68736253952,
    "accessType": "write",
    "accessPattern": "sequential",
    "granularity": "page",
    "nonTemporal": false,
    "noflush": false,
    "set-affinity": true
  },
  "results": {
    "success": true,
    "time": 4726.917792,
    "byte_per_sec": 14537903928.074068,
    "MiB_per_sec": 13864.425590585774,
    "IOPS": 110915.40472468619,
    "MIOPS": 0.1109154047246862,
    "addr": 20852066222080
  }
}
