{
  "params": {
    "version": "0.2.0",
    "source": "devdax",
    "path": "/dev/dax0.0",
    "nthreads": 2,
    "nsegments": 1,
    "stripeSize": 17179869184,
    "blockSize": 8192,
    "paddingSize": 2097152,
    "totalSize": 17179869184,
    "extentSize": 17184063488,
    "accessType": "write",
    "accessPattern": "sequential",
    "granularity": "page",
    "nonTemporal": false,
    "noflush": false,
    "set-affinity": true
  },
  "results": {
    "success": true,
    "time": 3513.065974,
    "byte_per_sec": 4890277982.5791,
    "MiB_per_sec": 4663.732512072658,
    "IOPS": 596957.7615453003,
    "MIOPS": 0.5969577615453002,
    "addr": 20746839523328
  }
}
