{
  "params": {
    "version": "0.2.0",
    "source": "devdax",
    "path": "/dev/dax0.0",
    "nthreads": 8,
    "nsegments": 1,
    "stripeSize": 68719476736,
    "blockSize": 4096,
    "paddingSize": 2097152,
    "totalSize": 68719476736,
    "extentSize": 68736253952,
    "accessType": "write",
    "accessPattern": "sequential",
    "granularity": "page",
    "nonTemporal": true,
    "noflush": false,
    "set-affinity": true
  },
  "results": {
    "success": true,
    "time": 2478.000125,
    "byte_per_sec": 27731829406.58649,
    "MiB_per_sec": 26447.133452021113,
    "IOPS": 6770466.163717405,
    "MIOPS": 6.770466163717405,
    "addr": 20964809113600
  }
}
