{
  "params": {
    "version": "0.2.0",
    "source": "devdax",
    "path": "/dev/dax0.0",
    "nthreads": 32,
    "nsegments": 1,
    "stripeSize": 274877906944,
    "blockSize": 1048576,
    "paddingSize": 2097152,
    "totalSize": 274877906944,
    "extentSize": 274945015808,
    "accessType": "write",
    "accessPattern": "sequential",
    "granularity": "page",
    "nonTemporal": false,
    "noflush": false,
    "set-affinity": true
  },
  "results": {
    "success": true,
    "time": 11360.049433,
    "byte_per_sec": 24196893558.007107,
    "MiB_per_sec": 23075.955923087222,
    "IOPS": 23075.955923087222,
    "MIOPS": 0.023075955923087223,
    "addr": 21012053753856
  }
}
