{
  "params": {
    "version": "0.2.0",
    "source": "devdax",
    "path": "/dev/dax0.0",
    "nthreads": 2,
    "nsegments": 1,
    "stripeSize": 17179869184,
    "blockSize": 2048,
    "paddingSize": 2097152,
    "totalSize": 17179869184,
    "extentSize": 17184063488,
    "accessType": "write",
    "accessPattern": "sequential",
    "granularity": "page",
    "nonTemporal": true,
    "noflush": false,
    "set-affinity": true
  },
  "results": {
    "success": true,
    "time": 1431.3886739999998,
    "byte_per_sec": 12002239151.432604,
    "MiB_per_sec": 11446.227218086819,
    "IOPS": 5860468.335660451,
    "MIOPS": 5.8604683356604514,
    "addr": 20622285471744
  }
}
