{
  "params": {
    "version": "0.2.0",
    "source": "devdax",
    "path": "/dev/dax0.0",
    "nthreads": 1,
    "nsegments": 1,
    "stripeSize": 8589934592,
    "blockSize": 1024,
    "paddingSize": 2097152,
    "totalSize": 8589934592,
    "extentSize": 8592031744,
    "accessType": "write",
    "accessPattern": "sequential",
    "granularity": "page",
    "nonTemporal": true,
    "noflush": false,
    "set-affinity": true
  },
  "results": {
    "success": true,
    "time": 2406.8516529999997,
    "byte_per_sec": 3568950575.451191,
    "MiB_per_sec": 3403.616500331107,
    "IOPS": 3485303.2963390537,
    "MIOPS": 3.485303296339054,
    "addr": 20718922235904
  }
}
