{
  "params": {
    "version": "0.2.0",
    "source": "devdax",
    "path": "/dev/dax0.0",
    "nthreads": 8,
    "nsegments": 1,
    "stripeSize": 68719476736,
    "blockSize": 512,
    "paddingSize": 2097152,
    "totalSize": 68719476736,
    "extentSize": 68736253952,
    "accessType": "write",
    "accessPattern": "sequential",
    "granularity": "page",
    "nonTemporal": true,
    "noflush": false,
    "set-affinity": true
  },
  "results": {
    "success": true,
    "time": 4634.650168,
    "byte_per_sec": 14827327682.782722,
    "MiB_per_sec": 14140.44159200928,
    "IOPS": 28959624.380435005,
    "MIOPS": 28.959624380435006,
    "addr": 20366734917632
  }
}
