{
  "params": {
    "version": "0.2.0",
    "source": "devdax",
    "path": "/dev/dax0.0",
    "nthreads": 32,
    "nsegments": 1,
    "stripeSize": 274877906944,
    "blockSize": 1048576,
    "paddingSize": 2097152,
    "totalSize": 274877906944,
    "extentSize": 274945015808,
    "accessType": "write",
    "accessPattern": "sequential",
    "granularity": "page",
    "nonTemporal": false,
    "noflush": false,
    "set-affinity": true
  },
  "results": {
    "success": true,
    "time": 11190.603822,
    "byte_per_sec": 24563277488.53086,
    "MiB_per_sec": 23425.366867571698,
    "IOPS": 23425.366867571698,
    "MIOPS": 0.023425366867571698,
    "addr": 20747913265152
  }
}
