{
  "params": {
    "version": "0.2.0",
    "source": "devdax",
    "path": "/dev/dax0.0",
    "nthreads": 48,
    "nsegments": 1,
    "stripeSize": 412316860416,
    "blockSize": 256,
    "paddingSize": 2097152,
    "totalSize": 412316860416,
    "extentSize": 412417523712,
    "accessType": "write",
    "accessPattern": "sequential",
    "granularity": "page",
    "nonTemporal": false,
    "noflush": false,
    "set-affinity": true
  },
  "results": {
    "success": true,
    "time": 21116.302340000002,
    "byte_per_sec": 19525997202.406033,
    "MiB_per_sec": 18621.442034154923,
    "IOPS": 76273426.57189856,
    "MIOPS": 76.27342657189857,
    "addr": 21124796645376
  }
}
