{
  "params": {
    "version": "0.2.0",
    "source": "devdax",
    "path": "/dev/dax0.0",
    "nthreads": 2,
    "nsegments": 1,
    "stripeSize": 17179869184,
    "blockSize": 256,
    "paddingSize": 2097152,
    "totalSize": 17179869184,
    "extentSize": 17184063488,
    "accessType": "write",
    "accessPattern": "sequential",
    "granularity": "page",
    "nonTemporal": true,
    "noflush": false,
    "set-affinity": true
  },
  "results": {
    "success": true,
    "time": 8284.527368,
    "byte_per_sec": 2073729546.7644114,
    "MiB_per_sec": 1977.6626079219927,
    "IOPS": 8100506.042048482,
    "MIOPS": 8.100506042048481,
    "addr": 20418274525184
  }
}
