{
  "params": {
    "version": "0.2.0",
    "source": "devdax",
    "path": "/dev/dax0.0",
    "nthreads": 8,
    "nsegments": 1,
    "stripeSize": 68719476736,
    "blockSize": 256,
    "paddingSize": 2097152,
    "totalSize": 68719476736,
    "extentSize": 68736253952,
    "accessType": "write",
    "accessPattern": "sequential",
    "granularity": "page",
    "nonTemporal": true,
    "noflush": false,
    "set-affinity": true
  },
  "results": {
    "success": true,
    "time": 8353.008000000002,
    "byte_per_sec": 8226913793.929085,
    "MiB_per_sec": 7845.796388558469,
    "IOPS": 32136382.007535487,
    "MIOPS": 32.13638200753549,
    "addr": 21182778703872
  }
}
