{
  "params": {
    "version": "0.2.0",
    "source": "devdax",
    "path": "/dev/dax0.0",
    "nthreads": 48,
    "nsegments": 1,
    "stripeSize": 412316860416,
    "blockSize": 1024,
    "paddingSize": 2097152,
    "totalSize": 412316860416,
    "extentSize": 412417523712,
    "accessType": "write",
    "accessPattern": "sequential",
    "granularity": "page",
    "nonTemporal": false,
    "noflush": false,
    "set-affinity": true
  },
  "results": {
    "success": true,
    "time": 20091.703956,
    "byte_per_sec": 20521746752.737194,
    "MiB_per_sec": 19571.062805878824,
    "IOPS": 20040768.313219916,
    "MIOPS": 20.040768313219917,
    "addr": 20441896845312
  }
}
