{
  "params": {
    "version": "0.2.0",
    "source": "devdax",
    "path": "/dev/dax0.0",
    "nthreads": 32,
    "nsegments": 1,
    "stripeSize": 274877906944,
    "blockSize": 1048576,
    "paddingSize": 2097152,
    "totalSize": 274877906944,
    "extentSize": 274945015808,
    "accessType": "write",
    "accessPattern": "sequential",
    "granularity": "page",
    "nonTemporal": true,
    "noflush": false,
    "set-affinity": true
  },
  "results": {
    "success": true,
    "time": 11043.84148,
    "byte_per_sec": 24889700512.434376,
    "MiB_per_sec": 23736.668121752144,
    "IOPS": 23736.668121752144,
    "MIOPS": 0.023736668121752142,
    "addr": 20988431433728
  }
}
