{
  "params": {
    "version": "0.2.0",
    "source": "devdax",
    "path": "/dev/dax0.0",
    "nthreads": 32,
    "nsegments": 1,
    "stripeSize": 274877906944,
    "blockSize": 65536,
    "paddingSize": 2097152,
    "totalSize": 274877906944,
    "extentSize": 274945015808,
    "accessType": "write",
    "accessPattern": "sequential",
    "granularity": "page",
    "nonTemporal": true,
    "noflush": false,
    "set-affinity": true
  },
  "results": {
    "success": true,
    "time": 10856.778907,
    "byte_per_sec": 25318550676.828293,
    "MiB_per_sec": 24145.65150912122,
    "IOPS": 386330.4241459395,
    "MIOPS": 0.38633042414593954,
    "addr": 20698521141248
  }
}
