{
  "params": {
    "version": "0.2.0",
    "source": "devdax",
    "path": "/dev/dax0.0",
    "nthreads": 4,
    "nsegments": 1,
    "stripeSize": 34359738368,
    "blockSize": 32768,
    "paddingSize": 2097152,
    "totalSize": 34359738368,
    "extentSize": 34368126976,
    "accessType": "write",
    "accessPattern": "sequential",
    "granularity": "page",
    "nonTemporal": true,
    "noflush": false,
    "set-affinity": true
  },
  "results": {
    "success": true,
    "time": 1365.3172060000002,
    "byte_per_sec": 25166121262.519268,
    "MiB_per_sec": 24000.283491629856,
    "IOPS": 768009.0717321554,
    "MIOPS": 0.7680090717321554,
    "addr": 20896089636864
  }
}
