{
  "params": {
    "version": "0.2.0",
    "source": "devdax",
    "path": "/dev/dax0.0",
    "nthreads": 8,
    "nsegments": 1,
    "stripeSize": 68719476736,
    "blockSize": 2048,
    "paddingSize": 2097152,
    "totalSize": 68719476736,
    "extentSize": 68736253952,
    "accessType": "write",
    "accessPattern": "sequential",
    "granularity": "page",
    "nonTemporal": false,
    "noflush": false,
    "set-affinity": true
  },
  "results": {
    "success": true,
    "time": 5543.584244,
    "byte_per_sec": 12396217629.483543,
    "MiB_per_sec": 11821.954373820823,
    "IOPS": 6052840.639396261,
    "MIOPS": 6.052840639396261,
    "addr": 20255065767936
  }
}
