{
  "params": {
    "version": "0.2.0",
    "source": "devdax",
    "path": "/dev/dax0.0",
    "nthreads": 48,
    "nsegments": 1,
    "stripeSize": 412316860416,
    "blockSize": 1048576,
    "paddingSize": 2097152,
    "totalSize": 412316860416,
    "extentSize": 412417523712,
    "accessType": "write",
    "accessPattern": "sequential",
    "granularity": "page",
    "nonTemporal": true,
    "noflush": false,
    "set-affinity": true
  },
  "results": {
    "success": true,
    "time": 16607.107974000002,
    "byte_per_sec": 24827734067.93772,
    "MiB_per_sec": 23677.57231515667,
    "IOPS": 23677.57231515667,
    "MIOPS": 0.023677572315156672,
    "addr": 20899310862336
  }
}
