{
  "params": {
    "version": "0.2.0",
    "source": "devdax",
    "path": "/dev/dax0.0",
    "nthreads": 2,
    "nsegments": 1,
    "stripeSize": 17179869184,
    "blockSize": 1024,
    "paddingSize": 2097152,
    "totalSize": 17179869184,
    "extentSize": 17184063488,
    "accessType": "write",
    "accessPattern": "sequential",
    "granularity": "page",
    "nonTemporal": true,
    "noflush": false,
    "set-affinity": true
  },
  "results": {
    "success": true,
    "time": 2418.607136,
    "byte_per_sec": 7103207845.658155,
    "MiB_per_sec": 6774.146886499553,
    "IOPS": 6936726.411775542,
    "MIOPS": 6.936726411775543,
    "addr": 20940113051648
  }
}
