{
  "params": {
    "version": "0.2.0",
    "source": "devdax",
    "path": "/dev/dax0.0",
    "nthreads": 48,
    "nsegments": 1,
    "stripeSize": 412316860416,
    "blockSize": 8192,
    "paddingSize": 2097152,
    "totalSize": 412316860416,
    "extentSize": 412417523712,
    "accessType": "write",
    "accessPattern": "sequential",
    "granularity": "page",
    "nonTemporal": true,
    "noflush": false,
    "set-affinity": true
  },
  "results": {
    "success": true,
    "time": 16539.241649,
    "byte_per_sec": 24929610992.22645,
    "MiB_per_sec": 23774.729721285297,
    "IOPS": 3043165.404324518,
    "MIOPS": 3.043165404324518,
    "addr": 20710332301312
  }
}
