{
  "params": {
    "version": "0.2.0",
    "source": "devdax",
    "path": "/dev/dax0.0",
    "nthreads": 1,
    "nsegments": 1,
    "stripeSize": 8589934592,
    "blockSize": 32768,
    "paddingSize": 2097152,
    "totalSize": 8589934592,
    "extentSize": 8592031744,
    "accessType": "write",
    "accessPattern": "sequential",
    "granularity": "page",
    "nonTemporal": false,
    "noflush": false,
    "set-affinity": true
  },
  "results": {
    "success": true,
    "time": 3007.736082,
    "byte_per_sec": 2855946917.4862266,
    "MiB_per_sec": 2723.643224226214,
    "IOPS": 87156.58317523885,
    "MIOPS": 0.08715658317523885,
    "addr": 20780125519872
  }
}
