{
  "params": {
    "version": "0.2.0",
    "source": "devdax",
    "path": "/dev/dax0.0",
    "nthreads": 16,
    "nsegments": 1,
    "stripeSize": 137438953472,
    "blockSize": 4096,
    "paddingSize": 2097152,
    "totalSize": 137438953472,
    "extentSize": 137472507904,
    "accessType": "write",
    "accessPattern": "sequential",
    "granularity": "page",
    "nonTemporal": false,
    "noflush": false,
    "set-affinity": true
  },
  "results": {
    "success": true,
    "time": 7768.965784999999,
    "byte_per_sec": 17690765704.923233,
    "MiB_per_sec": 16871.228890345796,
    "IOPS": 4319034.595928524,
    "MIOPS": 4.319034595928524,
    "addr": 21086141939712
  }
}
