{
  "params": {
    "version": "0.2.0",
    "source": "devdax",
    "path": "/dev/dax0.0",
    "nthreads": 8,
    "nsegments": 1,
    "stripeSize": 68719476736,
    "blockSize": 16384,
    "paddingSize": 2097152,
    "totalSize": 68719476736,
    "extentSize": 68736253952,
    "accessType": "write",
    "accessPattern": "sequential",
    "granularity": "page",
    "nonTemporal": false,
    "noflush": false,
    "set-affinity": true
  },
  "results": {
    "success": true,
    "time": 4750.677072,
    "byte_per_sec": 14465196369.802843,
    "MiB_per_sec": 13795.086259653895,
    "IOPS": 882885.5206178493,
    "MIOPS": 0.8828855206178493,
    "addr": 20318416535552
  }
}
