{
  "params": {
    "version": "0.2.0",
    "source": "devdax",
    "path": "/dev/dax0.0",
    "nthreads": 8,
    "nsegments": 1,
    "stripeSize": 68719476736,
    "blockSize": 32768,
    "paddingSize": 2097152,
    "totalSize": 68719476736,
    "extentSize": 68736253952,
    "accessType": "write",
    "accessPattern": "sequential",
    "granularity": "page",
    "nonTemporal": false,
    "noflush": false,
    "set-affinity": true
  },
  "results": {
    "success": true,
    "time": 4804.251615,
    "byte_per_sec": 14303887939.890924,
    "MiB_per_sec": 13641.250553027081,
    "IOPS": 436520.0176968666,
    "MIOPS": 0.4365200176968666,
    "addr": 20608326828032
  }
}
