{
  "params": {
    "version": "0.2.0",
    "source": "devdax",
    "path": "/dev/dax0.0",
    "nthreads": 48,
    "nsegments": 1,
    "stripeSize": 412316860416,
    "blockSize": 262144,
    "paddingSize": 2097152,
    "totalSize": 412316860416,
    "extentSize": 412417523712,
    "accessType": "write",
    "accessPattern": "sequential",
    "granularity": "page",
    "nonTemporal": true,
    "noflush": false,
    "set-affinity": true
  },
  "results": {
    "success": true,
    "time": 16479.846146,
    "byte_per_sec": 25019460543.694324,
    "MiB_per_sec": 23860.41693086083,
    "IOPS": 95441.66772344332,
    "MIOPS": 0.09544166772344331,
    "addr": 21299816562688
  }
}
