{
  "params": {
    "version": "0.2.0",
    "source": "devdax",
    "path": "/dev/dax0.0",
    "nthreads": 8,
    "nsegments": 1,
    "stripeSize": 68719476736,
    "blockSize": 2048,
    "paddingSize": 2097152,
    "totalSize": 68719476736,
    "extentSize": 68736253952,
    "accessType": "write",
    "accessPattern": "sequential",
    "granularity": "page",
    "nonTemporal": false,
    "noflush": false,
    "set-affinity": true
  },
  "results": {
    "success": true,
    "time": 5571.205699,
    "byte_per_sec": 12334758479.360178,
    "MiB_per_sec": 11763.342360840013,
    "IOPS": 6022831.288750087,
    "MIOPS": 6.022831288750087,
    "addr": 20758650683392
  }
}
